2026-08-14 17:22:09 [INFO    ] conftest.py:406 — ==================================================
2026-08-14 17:22:09 [INFO    ] conftest.py:407 — PYTEST SESSION START
2026-08-14 17:22:09 [INFO    ] conftest.py:408 — ==================================================
2026-08-14 17:22:09 [INFO    ] conftest.py:270 — ==================================================
2026-08-14 17:22:09 [INFO    ] conftest.py:271 — DRIVER SETUP START
2026-08-14 17:22:09 [INFO    ] conftest.py:272 — ==================================================
2026-08-14 17:22:09 [INFO    ] conftest.py:158 — Driver creation attempt 1/3
2026-08-14 17:22:10 [INFO    ] driver_factory.py:53 — ========== DRIVER CREATION START ==========
2026-08-14 17:22:10 [INFO    ] driver_factory.py:70 — Device: emulator | Env: qa | Platform: Android
2026-08-14 17:22:10 [INFO    ] driver_factory.py:136 — Device Name: Android Emulator
2026-08-14 17:22:10 [INFO    ] driver_factory.py:137 — UDID: emulator-5554
2026-08-14 17:22:10 [INFO    ] driver_factory.py:151 — App Package: com.zee5.hipi (noReset=true, activity not set)
2026-08-14 17:22:17 [INFO    ] driver_factory.py:112 — App launched by driver. Waiting for stabilization...
2026-08-14 17:22:19 [INFO    ] driver_factory.py:115 — ========== DRIVER CREATED SUCCESSFULLY ==========
2026-08-14 17:22:19 [INFO    ] conftest.py:281 — Driver created successfully.
2026-08-14 17:22:22 [INFO    ] popup_handler.py:122 — Checking for 'Get Started' screen...
2026-08-14 17:22:25 [INFO    ] popup_handler.py:134 — 'Get Started' screen not present — skipping.
2026-08-14 17:22:26 [INFO    ] conftest.py:196 — App readiness probe: HiPi is in foreground (com.zee5.hipi).
2026-08-14 17:22:26 [INFO    ] conftest.py:294 — DRIVER SETUP COMPLETE
2026-08-14 17:22:26 [INFO    ] base_test.py:20 — BaseTest setup completed.
2026-08-14 17:22:26 [INFO    ] base_test.py:58 — login_and_reach_feed: START
2026-08-14 17:22:26 [INFO    ] base_test.py:30 — Logging in as default test user.
2026-08-14 17:22:26 [INFO    ] login_page.py:591 — ========== LOGIN FLOW START ==========
2026-08-14 17:22:27 [INFO    ] login_page.py:43 — Opening profile tab
2026-08-14 17:22:28 [INFO    ] login_page.py:53 — Profile tab open attempt 1/2
2026-08-14 17:22:29 [INFO    ] base_page.py:110 — Clicked: ('xpath', "//android.view.View[@clickable='true'][.//android.widget.TextView[@text='Profile']]")
2026-08-14 17:26:38 [ERROR   ] base_page.py:92 — None of the candidate locators became visible within 6s. Candidates: [('-android uiautomator', 'new UiSelector().textContains("Continue")'), ('class name', 'android.widget.EditText')]. Last error: Message: Could not proxy command to the remote server. Original error: socket hang up
Stacktrace:
UnknownError: Could not proxy command to the remote server. Original error: socket hang up
    at ProxyRequestError.getActualError (/opt/homebrew/lib/node_modules/appium/node_modules/@appium/base-driver/build/lib/protocol/errors.js:692:16)
    at UIA2Proxy.command (/opt/homebrew/lib/node_modules/appium/node_modules/@appium/base-driver/build/lib/jsonwp-proxy/proxy.js:270:27)
    at process.processTicksAndRejections (node:internal/process/task_queues:104:5)
    at async AndroidUiautomator2Driver.doFindElementOrEls (/Users/vc.rajdeep.kumar/.appium/node_modules/appium-uiautomator2-driver/build/lib/commands/find.js:24:13)
    at async doFind (/Users/vc.rajdeep.kumar/.appium/node_modules/appium-uiautomator2-driver/node_modules/appium-android-driver/build/lib/commands/find.js:24:23)
    at async wrappedCondFn (/opt/homebrew/lib/node_modules/appium/node_modules/@appium/base-driver/build/lib/basedriver/commands/timeout.js:97:20)
    at async spin (/opt/homebrew/lib/node_modules/appium/node_modules/asyncbox/build/lib/asyncbox.js:174:24)
    at async waitForCondition (/opt/homebrew/lib/node_modules/appium/node_modules/asyncbox/build/lib/asyncbox.js:192:12)
    at async AndroidUiautomator2Driver.implicitWaitForCondition (/opt/homebrew/lib/node_modules/appium/node_modules/@appium/base-driver/build/lib/basedriver/commands/timeout.js:99:16)
    at async AndroidUiautomator2Driver.findElOrEls (/Users/vc.rajdeep.kumar/.appium/node_modules/appium-uiautomator2-driver/node_modules/appium-android-driver/build/lib/commands/find.js:45:9)
    at async AndroidUiautomator2Driver.findElOrElsWithProcessing (/opt/homebrew/lib/node_modules/appium/node_modules/@appium/base-driver/build/lib/basedriver/commands/find.js:12:16)
    at async AndroidUiautomator2Driver.findElements (/opt/homebrew/lib/node_modules/appium/node_modules/@appium/base-driver/build/lib/basedriver/commands/find.js:30:16)
2026-08-14 17:26:38 [INFO    ] screenshot_utils.py:54 — Screenshot saved: reports/screenshots/wait_for_any_visible_failed_20260814_172638.png
2026-08-14 17:26:38 [INFO    ] screenshot_utils.py:77 — Page source saved: reports/screenshots/wait_for_any_visible_failed_20260814_172638.xml
2026-08-14 17:26:46 [ERROR   ] base_page.py:50 — Element not visible after 8s: ('-android uiautomator', 'new UiSelector().text("Edit Profile")')
2026-08-14 17:26:47 [INFO    ] screenshot_utils.py:54 — Screenshot saved: reports/screenshots/element_not_visible_new UiSelector().text("Edit Profile")_20260814_172646.png
2026-08-14 17:26:47 [INFO    ] screenshot_utils.py:77 — Page source saved: reports/screenshots/element_not_visible_new UiSelector().text("Edit Profile")_20260814_172647.xml
2026-08-14 17:26:50 [ERROR   ] base_page.py:50 — Element not visible after 3s: ('id', 'com.zee5.hipi:id/exo_content_frame')
2026-08-14 17:26:50 [INFO    ] screenshot_utils.py:54 — Screenshot saved: reports/screenshots/element_not_visible_com.zee5.hipi:id/exo_content_frame_20260814_172650.png
2026-08-14 17:26:50 [ERROR   ] screenshot_utils.py:81 — Page source save failed: [Errno 2] No such file or directory: 'reports/screenshots/element_not_visible_com.zee5.hipi:id/exo_content_frame_20260814_172650.xml'
2026-08-14 17:26:50 [INFO    ] gestures.py:29 — Tap performed at X:760 Y:2246
2026-08-14 17:26:57 [ERROR   ] base_page.py:92 — None of the candidate locators became visible within 6s. Candidates: [('-android uiautomator', 'new UiSelector().textContains("Continue")'), ('class name', 'android.widget.EditText')]. Last error: None
2026-08-14 17:26:57 [INFO    ] screenshot_utils.py:54 — Screenshot saved: reports/screenshots/wait_for_any_visible_failed_20260814_172657.png
2026-08-14 17:26:57 [INFO    ] screenshot_utils.py:77 — Page source saved: reports/screenshots/wait_for_any_visible_failed_20260814_172657.xml
2026-08-14 17:26:57 [WARNING ] login_page.py:158 — Attempt 1 did not reach the login sheet, recovering and retrying...
2026-08-14 17:26:57 [WARNING ] base_page.py:262 — Attempting to recover application state...
2026-08-14 17:27:00 [INFO    ] base_page.py:266 — App recovery attempt completed.
2026-08-14 17:27:02 [INFO    ] login_page.py:53 — Profile tab open attempt 2/2
2026-08-14 17:27:03 [INFO    ] base_page.py:110 — Clicked: ('xpath', "//android.view.View[@clickable='true'][.//android.widget.TextView[@text='Profile']]")
2026-08-14 17:27:10 [ERROR   ] base_page.py:92 — None of the candidate locators became visible within 6s. Candidates: [('-android uiautomator', 'new UiSelector().textContains("Continue")'), ('class name', 'android.widget.EditText')]. Last error: None
2026-08-14 17:27:10 [INFO    ] screenshot_utils.py:54 — Screenshot saved: reports/screenshots/wait_for_any_visible_failed_20260814_172710.png
2026-08-14 17:27:10 [INFO    ] screenshot_utils.py:77 — Page source saved: reports/screenshots/wait_for_any_visible_failed_20260814_172710.xml
2026-08-14 17:27:10 [INFO    ] login_page.py:200 — Already logged in — 'Edit Profile' visible. noReset=true preserved a previous session. Navigating to home feed.
2026-08-14 17:27:10 [INFO    ] base_page.py:110 — Clicked: ('xpath', "//android.view.View[@clickable='true'][.//android.widget.TextView[@text='Home']]")
2026-08-14 17:27:10 [INFO    ] login_page.py:211 — Navigated to home tab.
2026-08-14 17:27:10 [INFO    ] login_page.py:608 — ========== LOGIN SKIPPED (ALREADY LOGGED IN) ==========
2026-08-14 17:27:10 [INFO    ] login_page.py:548 — Validating home page
2026-08-14 17:27:13 [INFO    ] login_page.py:558 — Home page displayed (exo_content_frame visible)
2026-08-14 17:27:13 [INFO    ] base_test.py:63 — login_and_reach_feed: COMPLETE
2026-08-14 17:27:13 [INFO    ] feed_page.py:153 — Liking current video
2026-08-14 17:27:14 [INFO    ] base_page.py:110 — Clicked: ('-android uiautomator', 'new UiSelector().className("android.widget.Button").instance(0)')
2026-08-14 17:27:14 [INFO    ] feed_page.py:163 — Video liked
2026-08-14 17:27:14 [INFO    ] test_feed.py:99 — TEST PASSED: Like video
2026-08-14 17:27:14 [INFO    ] conftest.py:305 — Closing driver session.
2026-08-14 17:27:16 [INFO    ] conftest.py:270 — ==================================================
2026-08-14 17:27:16 [INFO    ] conftest.py:271 — DRIVER SETUP START
2026-08-14 17:27:16 [INFO    ] conftest.py:272 — ==================================================
2026-08-14 17:27:16 [INFO    ] conftest.py:158 — Driver creation attempt 1/3
2026-08-14 17:27:17 [INFO    ] driver_factory.py:53 — ========== DRIVER CREATION START ==========
2026-08-14 17:27:17 [INFO    ] driver_factory.py:70 — Device: emulator | Env: qa | Platform: Android
2026-08-14 17:27:17 [INFO    ] driver_factory.py:136 — Device Name: Android Emulator
2026-08-14 17:27:17 [INFO    ] driver_factory.py:137 — UDID: emulator-5554
2026-08-14 17:27:17 [INFO    ] driver_factory.py:151 — App Package: com.zee5.hipi (noReset=true, activity not set)
2026-08-14 17:27:31 [INFO    ] driver_factory.py:112 — App launched by driver. Waiting for stabilization...
2026-08-14 17:27:33 [INFO    ] driver_factory.py:115 — ========== DRIVER CREATED SUCCESSFULLY ==========
2026-08-14 17:27:33 [INFO    ] conftest.py:281 — Driver created successfully.
2026-08-14 17:27:37 [INFO    ] popup_handler.py:122 — Checking for 'Get Started' screen...
2026-08-14 17:27:40 [INFO    ] popup_handler.py:134 — 'Get Started' screen not present — skipping.
2026-08-14 17:27:41 [INFO    ] conftest.py:196 — App readiness probe: HiPi is in foreground (com.zee5.hipi).
2026-08-14 17:27:41 [INFO    ] conftest.py:294 — DRIVER SETUP COMPLETE
2026-08-14 17:27:41 [INFO    ] base_test.py:20 — BaseTest setup completed.
2026-08-14 17:27:41 [INFO    ] base_test.py:58 — login_and_reach_feed: START
2026-08-14 17:27:41 [INFO    ] base_test.py:30 — Logging in as default test user.
2026-08-14 17:27:41 [INFO    ] login_page.py:591 — ========== LOGIN FLOW START ==========
2026-08-14 17:27:42 [INFO    ] login_page.py:43 — Opening profile tab
2026-08-14 17:27:43 [INFO    ] login_page.py:53 — Profile tab open attempt 1/2
2026-08-14 17:27:47 [INFO    ] base_page.py:110 — Clicked: ('xpath', "//android.view.View[@clickable='true'][.//android.widget.TextView[@text='Profile']]")
2026-08-14 17:27:53 [ERROR   ] base_page.py:92 — None of the candidate locators became visible within 6s. Candidates: [('-android uiautomator', 'new UiSelector().textContains("Continue")'), ('class name', 'android.widget.EditText')]. Last error: None
2026-08-14 17:27:54 [INFO    ] screenshot_utils.py:54 — Screenshot saved: reports/screenshots/wait_for_any_visible_failed_20260814_172753.png
2026-08-14 17:27:55 [INFO    ] screenshot_utils.py:77 — Page source saved: reports/screenshots/wait_for_any_visible_failed_20260814_172754.xml
2026-08-14 17:27:55 [INFO    ] login_page.py:200 — Already logged in — 'Edit Profile' visible. noReset=true preserved a previous session. Navigating to home feed.
2026-08-14 17:27:56 [INFO    ] base_page.py:110 — Clicked: ('xpath', "//android.view.View[@clickable='true'][.//android.widget.TextView[@text='Home']]")
2026-08-14 17:27:56 [INFO    ] login_page.py:211 — Navigated to home tab.
2026-08-14 17:27:56 [INFO    ] login_page.py:608 — ========== LOGIN SKIPPED (ALREADY LOGGED IN) ==========
2026-08-14 17:27:56 [INFO    ] login_page.py:548 — Validating home page
2026-08-14 17:28:03 [INFO    ] login_page.py:558 — Home page displayed (exo_content_frame visible)
2026-08-14 17:28:03 [INFO    ] base_test.py:63 — login_and_reach_feed: COMPLETE
2026-08-14 17:28:03 [INFO    ] feed_page.py:153 — Liking current video
2026-08-14 17:28:03 [ERROR   ] base_page.py:257 — Failed to ensure app is in foreground: Message: Could not retrieve the currently focused package and activity. Original error: Error executing adbExec. Original error: 'Command '/Users/vc.rajdeep.kumar/Library/Android/sdk/platform-tools/adb -P 5037 -s emulator-5554 shell dumpsys window displays' exited with code 255'; Command output: <empty>
Stacktrace:
UnknownError: Could not retrieve the currently focused package and activity. Original error: Error executing adbExec. Original error: 'Command '/Users/vc.rajdeep.kumar/Library/Android/sdk/platform-tools/adb -P 5037 -s emulator-5554 shell dumpsys window displays' exited with code 255'; Command output: <empty>
    at getResponseForW3CError (/opt/homebrew/lib/node_modules/appium/node_modules/@appium/base-driver/build/lib/protocol/errors.js:824:36)
    at asyncHandler (/opt/homebrew/lib/node_modules/appium/node_modules/@appium/base-driver/build/lib/protocol/protocol.js:430:77)
The above error is caused by
Error: Could not retrieve the currently focused package and activity. Original error: Error executing adbExec. Original error: 'Command '/Users/vc.rajdeep.kumar/Library/Android/sdk/platform-tools/adb -P 5037 -s emulator-5554 shell dumpsys window displays' exited with code 255'; Command output: <empty>
    at ADB.getFocusedPackageAndActivity (/Users/vc.rajdeep.kumar/.appium/node_modules/appium-uiautomator2-driver/node_modules/appium-adb/build/lib/tools/app-commands.js:643:15)
    at process.processTicksAndRejections (node:internal/process/task_queues:104:5)
    at async AndroidUiautomator2Driver.getCurrentPackage (/Users/vc.rajdeep.kumar/.appium/node_modules/appium-uiautomator2-driver/node_modules/appium-android-driver/build/lib/commands/app-management.js:308:13)
    at async AndroidUiautomator2Driver.executeMethod (/opt/homebrew/lib/node_modules/appium/node_modules/@appium/base-driver/build/lib/basedriver/commands/execute.js:43:16)
    at async AndroidUiautomator2Driver.execute (/Users/vc.rajdeep.kumar/.appium/node_modules/appium-uiautomator2-driver/node_modules/appium-android-driver/build/lib/commands/execute.js:24:16)
2026-08-14 17:28:03 [ERROR   ] screenshot_utils.py:58 — Screenshot capture failed: Message: 'GET /screenshot' cannot be proxied to UiAutomator2 server because the instrumentation process is not running (probably crashed). Check the server log and/or the logcat output for more details
Stacktrace:
UnknownError: 'GET /screenshot' cannot be proxied to UiAutomator2 server because the instrumentation process is not running (probably crashed). Check the server log and/or the logcat output for more details
    at UIA2Proxy.command (/opt/homebrew/lib/node_modules/appium/node_modules/@appium/base-driver/build/lib/jsonwp-proxy/proxy.js:272:19)
    at process.processTicksAndRejections (node:internal/process/task_queues:104:5)
    at async AndroidUiautomator2Driver.getScreenshot (/Users/vc.rajdeep.kumar/.appium/node_modules/appium-uiautomator2-driver/build/lib/commands/screenshot.js:72:19)
2026-08-14 17:28:03 [ERROR   ] screenshot_utils.py:81 — Page source save failed: Message: 'GET /session/11335ae3-f81b-4f04-a604-b5abab1c1446/source' cannot be proxied to UiAutomator2 server because the instrumentation process is not running (probably crashed). Check the server log and/or the logcat output for more details
Stacktrace:
InvalidContextError: 'GET /session/11335ae3-f81b-4f04-a604-b5abab1c1446/source' cannot be proxied to UiAutomator2 server because the instrumentation process is not running (probably crashed). Check the server log and/or the logcat output for more details
    at UIA2Proxy.proxyCommand (/Users/vc.rajdeep.kumar/.appium/node_modules/appium-uiautomator2-driver/build/lib/uiautomator2.js:32:19)
    at UIA2Proxy.proxyReqRes (/opt/homebrew/lib/node_modules/appium/node_modules/@appium/base-driver/build/lib/jsonwp-proxy/proxy.js:325:49)
    at runCommandPromise (/opt/homebrew/lib/node_modules/appium/node_modules/@appium/base-driver/build/lib/basedriver/driver.js:121:30)
    at /opt/homebrew/lib/node_modules/appium/node_modules/async-lock/lib/index.js:171:12
    at AsyncLock._promiseTry (/opt/homebrew/lib/node_modules/appium/node_modules/async-lock/lib/index.js:306:31)
    at exec (/opt/homebrew/lib/node_modules/appium/node_modules/async-lock/lib/index.js:170:9)
    at AsyncLock.acquire (/opt/homebrew/lib/node_modules/appium/node_modules/async-lock/lib/index.js:189:3)
    at AndroidUiautomator2Driver.executeCommand (/opt/homebrew/lib/node_modules/appium/node_modules/@appium/base-driver/build/lib/basedriver/driver.js:161:45)
    at process.processTicksAndRejections (node:internal/process/task_queues:104:5)
    at async defaultBehavior (/opt/homebrew/lib/node_modules/appium/build/lib/appium.js:634:20)
    at async AppiumDriver.executeWrappedCommand (/opt/homebrew/lib/node_modules/appium/build/lib/appium.js:726:22)
    at async AppiumDriver.executeCommand (/opt/homebrew/lib/node_modules/appium/build/lib/appium.js:645:21)
    at async doJwpProxy (/opt/homebrew/lib/node_modules/appium/node_modules/@appium/base-driver/build/lib/protocol/protocol.js:476:9)
    at async asyncHandler (/opt/homebrew/lib/node_modules/appium/node_modules/@appium/base-driver/build/lib/protocol/protocol.js:307:21)
2026-08-14 17:28:03 [ERROR   ] base_page.py:118 — Click failed on attempt 1 for ('-android uiautomator', 'new UiSelector().className("android.widget.Button").instance(0)'): Message: 'POST /element' cannot be proxied to UiAutomator2 server because the instrumentation process is not running (probably crashed). Check the server log and/or the logcat output for more details
Stacktrace:
UnknownError: 'POST /element' cannot be proxied to UiAutomator2 server because the instrumentation process is not running (probably crashed). Check the server log and/or the logcat output for more details
    at UIA2Proxy.command (/opt/homebrew/lib/node_modules/appium/node_modules/@appium/base-driver/build/lib/jsonwp-proxy/proxy.js:272:19)
    at process.processTicksAndRejections (node:internal/process/task_queues:104:5)
    at async AndroidUiautomator2Driver.doFindElementOrEls (/Users/vc.rajdeep.kumar/.appium/node_modules/appium-uiautomator2-driver/build/lib/commands/find.js:24:13)
    at async doFind (/Users/vc.rajdeep.kumar/.appium/node_modules/appium-uiautomator2-driver/node_modules/appium-android-driver/build/lib/commands/find.js:24:23)
    at async wrappedCondFn (/opt/homebrew/lib/node_modules/appium/node_modules/@appium/base-driver/build/lib/basedriver/commands/timeout.js:97:20)
    at async spin (/opt/homebrew/lib/node_modules/appium/node_modules/asyncbox/build/lib/asyncbox.js:174:24)
    at async waitForCondition (/opt/homebrew/lib/node_modules/appium/node_modules/asyncbox/build/lib/asyncbox.js:192:12)
    at async AndroidUiautomator2Driver.implicitWaitForCondition (/opt/homebrew/lib/node_modules/appium/node_modules/@appium/base-driver/build/lib/basedriver/commands/timeout.js:99:16)
    at async AndroidUiautomator2Driver.findElOrEls (/Users/vc.rajdeep.kumar/.appium/node_modules/appium-uiautomator2-driver/node_modules/appium-android-driver/build/lib/commands/find.js:45:9)
    at async AndroidUiautomator2Driver.findElOrElsWithProcessing (/opt/homebrew/lib/node_modules/appium/node_modules/@appium/base-driver/build/lib/basedriver/commands/find.js:12:16)
    at async AndroidUiautomator2Driver.findElement (/opt/homebrew/lib/node_modules/appium/node_modules/@appium/base-driver/build/lib/basedriver/commands/find.js:27:16)
2026-08-14 17:28:03 [WARNING ] base_page.py:262 — Attempting to recover application state...
2026-08-14 17:28:03 [ERROR   ] base_page.py:257 — Failed to ensure app is in foreground: Message: Could not retrieve the currently focused package and activity. Original error: Error executing adbExec. Original error: 'Command '/Users/vc.rajdeep.kumar/Library/Android/sdk/platform-tools/adb -P 5037 -s emulator-5554 shell dumpsys window displays' exited with code 1'; Command output: adb: device offline

Stacktrace:
UnknownError: Could not retrieve the currently focused package and activity. Original error: Error executing adbExec. Original error: 'Command '/Users/vc.rajdeep.kumar/Library/Android/sdk/platform-tools/adb -P 5037 -s emulator-5554 shell dumpsys window displays' exited with code 1'; Command output: adb: device offline

    at getResponseForW3CError (/opt/homebrew/lib/node_modules/appium/node_modules/@appium/base-driver/build/lib/protocol/errors.js:824:36)
    at asyncHandler (/opt/homebrew/lib/node_modules/appium/node_modules/@appium/base-driver/build/lib/protocol/protocol.js:430:77)
The above error is caused by
Error: Could not retrieve the currently focused package and activity. Original error: Error executing adbExec. Original error: 'Command '/Users/vc.rajdeep.kumar/Library/Android/sdk/platform-tools/adb -P 5037 -s emulator-5554 shell dumpsys window displays' exited with code 1'; Command output: adb: device offline

    at ADB.getFocusedPackageAndActivity (/Users/vc.rajdeep.kumar/.appium/node_modules/appium-uiautomator2-driver/node_modules/appium-adb/build/lib/tools/app-commands.js:643:15)
    at process.processTicksAndRejections (node:internal/process/task_queues:104:5)
    at async AndroidUiautomator2Driver.getCurrentPackage (/Users/vc.rajdeep.kumar/.appium/node_modules/appium-uiautomator2-driver/node_modules/appium-android-driver/build/lib/commands/app-management.js:308:13)
    at async AndroidUiautomator2Driver.executeMethod (/opt/homebrew/lib/node_modules/appium/node_modules/@appium/base-driver/build/lib/basedriver/commands/execute.js:43:16)
    at async AndroidUiautomator2Driver.execute (/Users/vc.rajdeep.kumar/.appium/node_modules/appium-uiautomator2-driver/node_modules/appium-android-driver/build/lib/commands/execute.js:24:16)
2026-08-14 17:28:03 [ERROR   ] screenshot_utils.py:58 — Screenshot capture failed: Message: 'GET /screenshot' cannot be proxied to UiAutomator2 server because the instrumentation process is not running (probably crashed). Check the server log and/or the logcat output for more details
Stacktrace:
UnknownError: 'GET /screenshot' cannot be proxied to UiAutomator2 server because the instrumentation process is not running (probably crashed). Check the server log and/or the logcat output for more details
    at UIA2Proxy.command (/opt/homebrew/lib/node_modules/appium/node_modules/@appium/base-driver/build/lib/jsonwp-proxy/proxy.js:272:19)
    at process.processTicksAndRejections (node:internal/process/task_queues:104:5)
    at async AndroidUiautomator2Driver.getScreenshot (/Users/vc.rajdeep.kumar/.appium/node_modules/appium-uiautomator2-driver/build/lib/commands/screenshot.js:72:19)
2026-08-14 17:28:03 [ERROR   ] screenshot_utils.py:81 — Page source save failed: Message: 'GET /session/11335ae3-f81b-4f04-a604-b5abab1c1446/source' cannot be proxied to UiAutomator2 server because the instrumentation process is not running (probably crashed). Check the server log and/or the logcat output for more details
Stacktrace:
InvalidContextError: 'GET /session/11335ae3-f81b-4f04-a604-b5abab1c1446/source' cannot be proxied to UiAutomator2 server because the instrumentation process is not running (probably crashed). Check the server log and/or the logcat output for more details
    at UIA2Proxy.proxyCommand (/Users/vc.rajdeep.kumar/.appium/node_modules/appium-uiautomator2-driver/build/lib/uiautomator2.js:32:19)
    at UIA2Proxy.proxyReqRes (/opt/homebrew/lib/node_modules/appium/node_modules/@appium/base-driver/build/lib/jsonwp-proxy/proxy.js:325:49)
    at runCommandPromise (/opt/homebrew/lib/node_modules/appium/node_modules/@appium/base-driver/build/lib/basedriver/driver.js:121:30)
    at /opt/homebrew/lib/node_modules/appium/node_modules/async-lock/lib/index.js:171:12
    at AsyncLock._promiseTry (/opt/homebrew/lib/node_modules/appium/node_modules/async-lock/lib/index.js:306:31)
    at exec (/opt/homebrew/lib/node_modules/appium/node_modules/async-lock/lib/index.js:170:9)
    at AsyncLock.acquire (/opt/homebrew/lib/node_modules/appium/node_modules/async-lock/lib/index.js:189:3)
    at AndroidUiautomator2Driver.executeCommand (/opt/homebrew/lib/node_modules/appium/node_modules/@appium/base-driver/build/lib/basedriver/driver.js:161:45)
    at process.processTicksAndRejections (node:internal/process/task_queues:104:5)
    at async defaultBehavior (/opt/homebrew/lib/node_modules/appium/build/lib/appium.js:634:20)
    at async AppiumDriver.executeWrappedCommand (/opt/homebrew/lib/node_modules/appium/build/lib/appium.js:726:22)
    at async AppiumDriver.executeCommand (/opt/homebrew/lib/node_modules/appium/build/lib/appium.js:645:21)
    at async doJwpProxy (/opt/homebrew/lib/node_modules/appium/node_modules/@appium/base-driver/build/lib/protocol/protocol.js:476:9)
    at async asyncHandler (/opt/homebrew/lib/node_modules/appium/node_modules/@appium/base-driver/build/lib/protocol/protocol.js:307:21)
2026-08-14 17:28:06 [INFO    ] base_page.py:266 — App recovery attempt completed.
2026-08-14 17:28:06 [ERROR   ] base_page.py:118 — Click failed on attempt 2 for ('-android uiautomator', 'new UiSelector().className("android.widget.Button").instance(0)'): Message: 'POST /element' cannot be proxied to UiAutomator2 server because the instrumentation process is not running (probably crashed). Check the server log and/or the logcat output for more details
Stacktrace:
UnknownError: 'POST /element' cannot be proxied to UiAutomator2 server because the instrumentation process is not running (probably crashed). Check the server log and/or the logcat output for more details
    at UIA2Proxy.command (/opt/homebrew/lib/node_modules/appium/node_modules/@appium/base-driver/build/lib/jsonwp-proxy/proxy.js:272:19)
    at process.processTicksAndRejections (node:internal/process/task_queues:104:5)
    at async AndroidUiautomator2Driver.doFindElementOrEls (/Users/vc.rajdeep.kumar/.appium/node_modules/appium-uiautomator2-driver/build/lib/commands/find.js:24:13)
    at async doFind (/Users/vc.rajdeep.kumar/.appium/node_modules/appium-uiautomator2-driver/node_modules/appium-android-driver/build/lib/commands/find.js:24:23)
    at async wrappedCondFn (/opt/homebrew/lib/node_modules/appium/node_modules/@appium/base-driver/build/lib/basedriver/commands/timeout.js:97:20)
    at async spin (/opt/homebrew/lib/node_modules/appium/node_modules/asyncbox/build/lib/asyncbox.js:174:24)
    at async waitForCondition (/opt/homebrew/lib/node_modules/appium/node_modules/asyncbox/build/lib/asyncbox.js:192:12)
    at async AndroidUiautomator2Driver.implicitWaitForCondition (/opt/homebrew/lib/node_modules/appium/node_modules/@appium/base-driver/build/lib/basedriver/commands/timeout.js:99:16)
    at async AndroidUiautomator2Driver.findElOrEls (/Users/vc.rajdeep.kumar/.appium/node_modules/appium-uiautomator2-driver/node_modules/appium-android-driver/build/lib/commands/find.js:45:9)
    at async AndroidUiautomator2Driver.findElOrElsWithProcessing (/opt/homebrew/lib/node_modules/appium/node_modules/@appium/base-driver/build/lib/basedriver/commands/find.js:12:16)
    at async AndroidUiautomator2Driver.findElement (/opt/homebrew/lib/node_modules/appium/node_modules/@appium/base-driver/build/lib/basedriver/commands/find.js:27:16)
2026-08-14 17:28:06 [WARNING ] base_page.py:262 — Attempting to recover application state...
2026-08-14 17:28:06 [ERROR   ] base_page.py:257 — Failed to ensure app is in foreground: Message: Could not retrieve the currently focused package and activity. Original error: Error executing adbExec. Original error: 'Command '/Users/vc.rajdeep.kumar/Library/Android/sdk/platform-tools/adb -P 5037 -s emulator-5554 shell dumpsys window displays' exited with code 255'; Command output: <empty>
Stacktrace:
UnknownError: Could not retrieve the currently focused package and activity. Original error: Error executing adbExec. Original error: 'Command '/Users/vc.rajdeep.kumar/Library/Android/sdk/platform-tools/adb -P 5037 -s emulator-5554 shell dumpsys window displays' exited with code 255'; Command output: <empty>
    at getResponseForW3CError (/opt/homebrew/lib/node_modules/appium/node_modules/@appium/base-driver/build/lib/protocol/errors.js:824:36)
    at asyncHandler (/opt/homebrew/lib/node_modules/appium/node_modules/@appium/base-driver/build/lib/protocol/protocol.js:430:77)
The above error is caused by
Error: Could not retrieve the currently focused package and activity. Original error: Error executing adbExec. Original error: 'Command '/Users/vc.rajdeep.kumar/Library/Android/sdk/platform-tools/adb -P 5037 -s emulator-5554 shell dumpsys window displays' exited with code 255'; Command output: <empty>
    at ADB.getFocusedPackageAndActivity (/Users/vc.rajdeep.kumar/.appium/node_modules/appium-uiautomator2-driver/node_modules/appium-adb/build/lib/tools/app-commands.js:643:15)
    at async AndroidUiautomator2Driver.getCurrentPackage (/Users/vc.rajdeep.kumar/.appium/node_modules/appium-uiautomator2-driver/node_modules/appium-android-driver/build/lib/commands/app-management.js:308:13)
    at async AndroidUiautomator2Driver.executeMethod (/opt/homebrew/lib/node_modules/appium/node_modules/@appium/base-driver/build/lib/basedriver/commands/execute.js:43:16)
    at async AndroidUiautomator2Driver.execute (/Users/vc.rajdeep.kumar/.appium/node_modules/appium-uiautomator2-driver/node_modules/appium-android-driver/build/lib/commands/execute.js:24:16)
2026-08-14 17:28:06 [ERROR   ] screenshot_utils.py:58 — Screenshot capture failed: Message: 'GET /screenshot' cannot be proxied to UiAutomator2 server because the instrumentation process is not running (probably crashed). Check the server log and/or the logcat output for more details
Stacktrace:
UnknownError: 'GET /screenshot' cannot be proxied to UiAutomator2 server because the instrumentation process is not running (probably crashed). Check the server log and/or the logcat output for more details
    at UIA2Proxy.command (/opt/homebrew/lib/node_modules/appium/node_modules/@appium/base-driver/build/lib/jsonwp-proxy/proxy.js:272:19)
    at process.processTicksAndRejections (node:internal/process/task_queues:104:5)
    at async AndroidUiautomator2Driver.getScreenshot (/Users/vc.rajdeep.kumar/.appium/node_modules/appium-uiautomator2-driver/build/lib/commands/screenshot.js:72:19)
2026-08-14 17:28:06 [ERROR   ] screenshot_utils.py:81 — Page source save failed: Message: 'GET /session/11335ae3-f81b-4f04-a604-b5abab1c1446/source' cannot be proxied to UiAutomator2 server because the instrumentation process is not running (probably crashed). Check the server log and/or the logcat output for more details
Stacktrace:
InvalidContextError: 'GET /session/11335ae3-f81b-4f04-a604-b5abab1c1446/source' cannot be proxied to UiAutomator2 server because the instrumentation process is not running (probably crashed). Check the server log and/or the logcat output for more details
    at UIA2Proxy.proxyCommand (/Users/vc.rajdeep.kumar/.appium/node_modules/appium-uiautomator2-driver/build/lib/uiautomator2.js:32:19)
    at UIA2Proxy.proxyReqRes (/opt/homebrew/lib/node_modules/appium/node_modules/@appium/base-driver/build/lib/jsonwp-proxy/proxy.js:325:49)
    at runCommandPromise (/opt/homebrew/lib/node_modules/appium/node_modules/@appium/base-driver/build/lib/basedriver/driver.js:121:30)
    at /opt/homebrew/lib/node_modules/appium/node_modules/async-lock/lib/index.js:171:12
    at AsyncLock._promiseTry (/opt/homebrew/lib/node_modules/appium/node_modules/async-lock/lib/index.js:306:31)
    at exec (/opt/homebrew/lib/node_modules/appium/node_modules/async-lock/lib/index.js:170:9)
    at AsyncLock.acquire (/opt/homebrew/lib/node_modules/appium/node_modules/async-lock/lib/index.js:189:3)
    at AndroidUiautomator2Driver.executeCommand (/opt/homebrew/lib/node_modules/appium/node_modules/@appium/base-driver/build/lib/basedriver/driver.js:161:45)
    at process.processTicksAndRejections (node:internal/process/task_queues:104:5)
    at async defaultBehavior (/opt/homebrew/lib/node_modules/appium/build/lib/appium.js:634:20)
    at async AppiumDriver.executeWrappedCommand (/opt/homebrew/lib/node_modules/appium/build/lib/appium.js:726:22)
    at async AppiumDriver.executeCommand (/opt/homebrew/lib/node_modules/appium/build/lib/appium.js:645:21)
    at async doJwpProxy (/opt/homebrew/lib/node_modules/appium/node_modules/@appium/base-driver/build/lib/protocol/protocol.js:476:9)
    at async asyncHandler (/opt/homebrew/lib/node_modules/appium/node_modules/@appium/base-driver/build/lib/protocol/protocol.js:307:21)
2026-08-14 17:28:09 [INFO    ] base_page.py:266 — App recovery attempt completed.
2026-08-14 17:28:09 [ERROR   ] base_page.py:118 — Click failed on attempt 3 for ('-android uiautomator', 'new UiSelector().className("android.widget.Button").instance(0)'): Message: 'POST /element' cannot be proxied to UiAutomator2 server because the instrumentation process is not running (probably crashed). Check the server log and/or the logcat output for more details
Stacktrace:
UnknownError: 'POST /element' cannot be proxied to UiAutomator2 server because the instrumentation process is not running (probably crashed). Check the server log and/or the logcat output for more details
    at UIA2Proxy.command (/opt/homebrew/lib/node_modules/appium/node_modules/@appium/base-driver/build/lib/jsonwp-proxy/proxy.js:272:19)
    at process.processTicksAndRejections (node:internal/process/task_queues:104:5)
    at async AndroidUiautomator2Driver.doFindElementOrEls (/Users/vc.rajdeep.kumar/.appium/node_modules/appium-uiautomator2-driver/build/lib/commands/find.js:24:13)
    at async doFind (/Users/vc.rajdeep.kumar/.appium/node_modules/appium-uiautomator2-driver/node_modules/appium-android-driver/build/lib/commands/find.js:24:23)
    at async wrappedCondFn (/opt/homebrew/lib/node_modules/appium/node_modules/@appium/base-driver/build/lib/basedriver/commands/timeout.js:97:20)
    at async spin (/opt/homebrew/lib/node_modules/appium/node_modules/asyncbox/build/lib/asyncbox.js:174:24)
    at async waitForCondition (/opt/homebrew/lib/node_modules/appium/node_modules/asyncbox/build/lib/asyncbox.js:192:12)
    at async AndroidUiautomator2Driver.implicitWaitForCondition (/opt/homebrew/lib/node_modules/appium/node_modules/@appium/base-driver/build/lib/basedriver/commands/timeout.js:99:16)
    at async AndroidUiautomator2Driver.findElOrEls (/Users/vc.rajdeep.kumar/.appium/node_modules/appium-uiautomator2-driver/node_modules/appium-android-driver/build/lib/commands/find.js:45:9)
    at async AndroidUiautomator2Driver.findElOrElsWithProcessing (/opt/homebrew/lib/node_modules/appium/node_modules/@appium/base-driver/build/lib/basedriver/commands/find.js:12:16)
    at async AndroidUiautomator2Driver.findElement (/opt/homebrew/lib/node_modules/appium/node_modules/@appium/base-driver/build/lib/basedriver/commands/find.js:27:16)
2026-08-14 17:28:09 [WARNING ] base_page.py:262 — Attempting to recover application state...
2026-08-14 17:28:09 [ERROR   ] base_page.py:257 — Failed to ensure app is in foreground: Message: Could not retrieve the currently focused package and activity. Original error: Error executing adbExec. Original error: 'Command '/Users/vc.rajdeep.kumar/Library/Android/sdk/platform-tools/adb -P 5037 -s emulator-5554 shell dumpsys window displays' exited with code 1'; Command output: adb: device offline

Stacktrace:
UnknownError: Could not retrieve the currently focused package and activity. Original error: Error executing adbExec. Original error: 'Command '/Users/vc.rajdeep.kumar/Library/Android/sdk/platform-tools/adb -P 5037 -s emulator-5554 shell dumpsys window displays' exited with code 1'; Command output: adb: device offline

    at getResponseForW3CError (/opt/homebrew/lib/node_modules/appium/node_modules/@appium/base-driver/build/lib/protocol/errors.js:824:36)
    at asyncHandler (/opt/homebrew/lib/node_modules/appium/node_modules/@appium/base-driver/build/lib/protocol/protocol.js:430:77)
The above error is caused by
Error: Could not retrieve the currently focused package and activity. Original error: Error executing adbExec. Original error: 'Command '/Users/vc.rajdeep.kumar/Library/Android/sdk/platform-tools/adb -P 5037 -s emulator-5554 shell dumpsys window displays' exited with code 1'; Command output: adb: device offline

    at ADB.getFocusedPackageAndActivity (/Users/vc.rajdeep.kumar/.appium/node_modules/appium-uiautomator2-driver/node_modules/appium-adb/build/lib/tools/app-commands.js:643:15)
    at process.processTicksAndRejections (node:internal/process/task_queues:104:5)
    at async AndroidUiautomator2Driver.getCurrentPackage (/Users/vc.rajdeep.kumar/.appium/node_modules/appium-uiautomator2-driver/node_modules/appium-android-driver/build/lib/commands/app-management.js:308:13)
    at async AndroidUiautomator2Driver.executeMethod (/opt/homebrew/lib/node_modules/appium/node_modules/@appium/base-driver/build/lib/basedriver/commands/execute.js:43:16)
    at async AndroidUiautomator2Driver.execute (/Users/vc.rajdeep.kumar/.appium/node_modules/appium-uiautomator2-driver/node_modules/appium-android-driver/build/lib/commands/execute.js:24:16)
2026-08-14 17:28:09 [ERROR   ] screenshot_utils.py:58 — Screenshot capture failed: Message: 'GET /screenshot' cannot be proxied to UiAutomator2 server because the instrumentation process is not running (probably crashed). Check the server log and/or the logcat output for more details
Stacktrace:
UnknownError: 'GET /screenshot' cannot be proxied to UiAutomator2 server because the instrumentation process is not running (probably crashed). Check the server log and/or the logcat output for more details
    at UIA2Proxy.command (/opt/homebrew/lib/node_modules/appium/node_modules/@appium/base-driver/build/lib/jsonwp-proxy/proxy.js:272:19)
    at process.processTicksAndRejections (node:internal/process/task_queues:104:5)
    at async AndroidUiautomator2Driver.getScreenshot (/Users/vc.rajdeep.kumar/.appium/node_modules/appium-uiautomator2-driver/build/lib/commands/screenshot.js:72:19)
2026-08-14 17:28:09 [ERROR   ] screenshot_utils.py:81 — Page source save failed: Message: 'GET /session/11335ae3-f81b-4f04-a604-b5abab1c1446/source' cannot be proxied to UiAutomator2 server because the instrumentation process is not running (probably crashed). Check the server log and/or the logcat output for more details
Stacktrace:
InvalidContextError: 'GET /session/11335ae3-f81b-4f04-a604-b5abab1c1446/source' cannot be proxied to UiAutomator2 server because the instrumentation process is not running (probably crashed). Check the server log and/or the logcat output for more details
    at UIA2Proxy.proxyCommand (/Users/vc.rajdeep.kumar/.appium/node_modules/appium-uiautomator2-driver/build/lib/uiautomator2.js:32:19)
    at UIA2Proxy.proxyReqRes (/opt/homebrew/lib/node_modules/appium/node_modules/@appium/base-driver/build/lib/jsonwp-proxy/proxy.js:325:49)
    at runCommandPromise (/opt/homebrew/lib/node_modules/appium/node_modules/@appium/base-driver/build/lib/basedriver/driver.js:121:30)
    at /opt/homebrew/lib/node_modules/appium/node_modules/async-lock/lib/index.js:171:12
    at AsyncLock._promiseTry (/opt/homebrew/lib/node_modules/appium/node_modules/async-lock/lib/index.js:306:31)
    at exec (/opt/homebrew/lib/node_modules/appium/node_modules/async-lock/lib/index.js:170:9)
    at AsyncLock.acquire (/opt/homebrew/lib/node_modules/appium/node_modules/async-lock/lib/index.js:189:3)
    at AndroidUiautomator2Driver.executeCommand (/opt/homebrew/lib/node_modules/appium/node_modules/@appium/base-driver/build/lib/basedriver/driver.js:161:45)
    at process.processTicksAndRejections (node:internal/process/task_queues:104:5)
    at async defaultBehavior (/opt/homebrew/lib/node_modules/appium/build/lib/appium.js:634:20)
    at async AppiumDriver.executeWrappedCommand (/opt/homebrew/lib/node_modules/appium/build/lib/appium.js:726:22)
    at async AppiumDriver.executeCommand (/opt/homebrew/lib/node_modules/appium/build/lib/appium.js:645:21)
    at async doJwpProxy (/opt/homebrew/lib/node_modules/appium/node_modules/@appium/base-driver/build/lib/protocol/protocol.js:476:9)
    at async asyncHandler (/opt/homebrew/lib/node_modules/appium/node_modules/@appium/base-driver/build/lib/protocol/protocol.js:307:21)
2026-08-14 17:28:12 [INFO    ] base_page.py:266 — App recovery attempt completed.
2026-08-14 17:28:12 [ERROR   ] screenshot_utils.py:58 — Screenshot capture failed: Message: 'GET /screenshot' cannot be proxied to UiAutomator2 server because the instrumentation process is not running (probably crashed). Check the server log and/or the logcat output for more details
Stacktrace:
UnknownError: 'GET /screenshot' cannot be proxied to UiAutomator2 server because the instrumentation process is not running (probably crashed). Check the server log and/or the logcat output for more details
    at UIA2Proxy.command (/opt/homebrew/lib/node_modules/appium/node_modules/@appium/base-driver/build/lib/jsonwp-proxy/proxy.js:272:19)
    at process.processTicksAndRejections (node:internal/process/task_queues:104:5)
    at async AndroidUiautomator2Driver.getScreenshot (/Users/vc.rajdeep.kumar/.appium/node_modules/appium-uiautomator2-driver/build/lib/commands/screenshot.js:72:19)
2026-08-14 17:28:12 [ERROR   ] screenshot_utils.py:81 — Page source save failed: Message: 'GET /session/11335ae3-f81b-4f04-a604-b5abab1c1446/source' cannot be proxied to UiAutomator2 server because the instrumentation process is not running (probably crashed). Check the server log and/or the logcat output for more details
Stacktrace:
InvalidContextError: 'GET /session/11335ae3-f81b-4f04-a604-b5abab1c1446/source' cannot be proxied to UiAutomator2 server because the instrumentation process is not running (probably crashed). Check the server log and/or the logcat output for more details
    at UIA2Proxy.proxyCommand (/Users/vc.rajdeep.kumar/.appium/node_modules/appium-uiautomator2-driver/build/lib/uiautomator2.js:32:19)
    at UIA2Proxy.proxyReqRes (/opt/homebrew/lib/node_modules/appium/node_modules/@appium/base-driver/build/lib/jsonwp-proxy/proxy.js:325:49)
    at runCommandPromise (/opt/homebrew/lib/node_modules/appium/node_modules/@appium/base-driver/build/lib/basedriver/driver.js:121:30)
    at /opt/homebrew/lib/node_modules/appium/node_modules/async-lock/lib/index.js:171:12
    at AsyncLock._promiseTry (/opt/homebrew/lib/node_modules/appium/node_modules/async-lock/lib/index.js:306:31)
    at exec (/opt/homebrew/lib/node_modules/appium/node_modules/async-lock/lib/index.js:170:9)
    at AsyncLock.acquire (/opt/homebrew/lib/node_modules/appium/node_modules/async-lock/lib/index.js:189:3)
    at AndroidUiautomator2Driver.executeCommand (/opt/homebrew/lib/node_modules/appium/node_modules/@appium/base-driver/build/lib/basedriver/driver.js:161:45)
    at process.processTicksAndRejections (node:internal/process/task_queues:104:5)
    at async defaultBehavior (/opt/homebrew/lib/node_modules/appium/build/lib/appium.js:634:20)
    at async AppiumDriver.executeWrappedCommand (/opt/homebrew/lib/node_modules/appium/build/lib/appium.js:726:22)
    at async AppiumDriver.executeCommand (/opt/homebrew/lib/node_modules/appium/build/lib/appium.js:645:21)
    at async doJwpProxy (/opt/homebrew/lib/node_modules/appium/node_modules/@appium/base-driver/build/lib/protocol/protocol.js:476:9)
    at async asyncHandler (/opt/homebrew/lib/node_modules/appium/node_modules/@appium/base-driver/build/lib/protocol/protocol.js:307:21)
2026-08-14 17:28:12 [ERROR   ] feed_page.py:171 — Like video failed: Unable to click ('-android uiautomator', 'new UiSelector().className("android.widget.Button").instance(0)') after 3 retries. Last exception: Message: 'POST /element' cannot be proxied to UiAutomator2 server because the instrumentation process is not running (probably crashed). Check the server log and/or the logcat output for more details
Stacktrace:
UnknownError: 'POST /element' cannot be proxied to UiAutomator2 server because the instrumentation process is not running (probably crashed). Check the server log and/or the logcat output for more details
    at UIA2Proxy.command (/opt/homebrew/lib/node_modules/appium/node_modules/@appium/base-driver/build/lib/jsonwp-proxy/proxy.js:272:19)
    at process.processTicksAndRejections (node:internal/process/task_queues:104:5)
    at async AndroidUiautomator2Driver.doFindElementOrEls (/Users/vc.rajdeep.kumar/.appium/node_modules/appium-uiautomator2-driver/build/lib/commands/find.js:24:13)
    at async doFind (/Users/vc.rajdeep.kumar/.appium/node_modules/appium-uiautomator2-driver/node_modules/appium-android-driver/build/lib/commands/find.js:24:23)
    at async wrappedCondFn (/opt/homebrew/lib/node_modules/appium/node_modules/@appium/base-driver/build/lib/basedriver/commands/timeout.js:97:20)
    at async spin (/opt/homebrew/lib/node_modules/appium/node_modules/asyncbox/build/lib/asyncbox.js:174:24)
    at async waitForCondition (/opt/homebrew/lib/node_modules/appium/node_modules/asyncbox/build/lib/asyncbox.js:192:12)
    at async AndroidUiautomator2Driver.implicitWaitForCondition (/opt/homebrew/lib/node_modules/appium/node_modules/@appium/base-driver/build/lib/basedriver/commands/timeout.js:99:16)
    at async AndroidUiautomator2Driver.findElOrEls (/Users/vc.rajdeep.kumar/.appium/node_modules/appium-uiautomator2-driver/node_modules/appium-android-driver/build/lib/commands/find.js:45:9)
    at async AndroidUiautomator2Driver.findElOrElsWithProcessing (/opt/homebrew/lib/node_modules/appium/node_modules/@appium/base-driver/build/lib/basedriver/commands/find.js:12:16)
    at async AndroidUiautomator2Driver.findElement (/opt/homebrew/lib/node_modules/appium/node_modules/@appium/base-driver/build/lib/basedriver/commands/find.js:27:16)
2026-08-14 17:28:12 [ERROR   ] screenshot_utils.py:58 — Screenshot capture failed: Message: 'GET /screenshot' cannot be proxied to UiAutomator2 server because the instrumentation process is not running (probably crashed). Check the server log and/or the logcat output for more details
Stacktrace:
UnknownError: 'GET /screenshot' cannot be proxied to UiAutomator2 server because the instrumentation process is not running (probably crashed). Check the server log and/or the logcat output for more details
    at UIA2Proxy.command (/opt/homebrew/lib/node_modules/appium/node_modules/@appium/base-driver/build/lib/jsonwp-proxy/proxy.js:272:19)
    at process.processTicksAndRejections (node:internal/process/task_queues:104:5)
    at async AndroidUiautomator2Driver.getScreenshot (/Users/vc.rajdeep.kumar/.appium/node_modules/appium-uiautomator2-driver/build/lib/commands/screenshot.js:72:19)
2026-08-14 17:28:12 [ERROR   ] screenshot_utils.py:81 — Page source save failed: Message: 'GET /session/11335ae3-f81b-4f04-a604-b5abab1c1446/source' cannot be proxied to UiAutomator2 server because the instrumentation process is not running (probably crashed). Check the server log and/or the logcat output for more details
Stacktrace:
InvalidContextError: 'GET /session/11335ae3-f81b-4f04-a604-b5abab1c1446/source' cannot be proxied to UiAutomator2 server because the instrumentation process is not running (probably crashed). Check the server log and/or the logcat output for more details
    at UIA2Proxy.proxyCommand (/Users/vc.rajdeep.kumar/.appium/node_modules/appium-uiautomator2-driver/build/lib/uiautomator2.js:32:19)
    at UIA2Proxy.proxyReqRes (/opt/homebrew/lib/node_modules/appium/node_modules/@appium/base-driver/build/lib/jsonwp-proxy/proxy.js:325:49)
    at runCommandPromise (/opt/homebrew/lib/node_modules/appium/node_modules/@appium/base-driver/build/lib/basedriver/driver.js:121:30)
    at /opt/homebrew/lib/node_modules/appium/node_modules/async-lock/lib/index.js:171:12
    at AsyncLock._promiseTry (/opt/homebrew/lib/node_modules/appium/node_modules/async-lock/lib/index.js:306:31)
    at exec (/opt/homebrew/lib/node_modules/appium/node_modules/async-lock/lib/index.js:170:9)
    at AsyncLock.acquire (/opt/homebrew/lib/node_modules/appium/node_modules/async-lock/lib/index.js:189:3)
    at AndroidUiautomator2Driver.executeCommand (/opt/homebrew/lib/node_modules/appium/node_modules/@appium/base-driver/build/lib/basedriver/driver.js:161:45)
    at process.processTicksAndRejections (node:internal/process/task_queues:104:5)
    at async defaultBehavior (/opt/homebrew/lib/node_modules/appium/build/lib/appium.js:634:20)
    at async AppiumDriver.executeWrappedCommand (/opt/homebrew/lib/node_modules/appium/build/lib/appium.js:726:22)
    at async AppiumDriver.executeCommand (/opt/homebrew/lib/node_modules/appium/build/lib/appium.js:645:21)
    at async doJwpProxy (/opt/homebrew/lib/node_modules/appium/node_modules/@appium/base-driver/build/lib/protocol/protocol.js:476:9)
    at async asyncHandler (/opt/homebrew/lib/node_modules/appium/node_modules/@appium/base-driver/build/lib/protocol/protocol.js:307:21)
2026-08-14 17:28:12 [ERROR   ] screenshot_utils.py:58 — Screenshot capture failed: Message: 'GET /screenshot' cannot be proxied to UiAutomator2 server because the instrumentation process is not running (probably crashed). Check the server log and/or the logcat output for more details
Stacktrace:
UnknownError: 'GET /screenshot' cannot be proxied to UiAutomator2 server because the instrumentation process is not running (probably crashed). Check the server log and/or the logcat output for more details
    at UIA2Proxy.command (/opt/homebrew/lib/node_modules/appium/node_modules/@appium/base-driver/build/lib/jsonwp-proxy/proxy.js:272:19)
    at process.processTicksAndRejections (node:internal/process/task_queues:104:5)
    at async AndroidUiautomator2Driver.getScreenshot (/Users/vc.rajdeep.kumar/.appium/node_modules/appium-uiautomator2-driver/build/lib/commands/screenshot.js:72:19)
2026-08-14 17:28:12 [ERROR   ] screenshot_utils.py:81 — Page source save failed: Message: 'GET /session/11335ae3-f81b-4f04-a604-b5abab1c1446/source' cannot be proxied to UiAutomator2 server because the instrumentation process is not running (probably crashed). Check the server log and/or the logcat output for more details
Stacktrace:
InvalidContextError: 'GET /session/11335ae3-f81b-4f04-a604-b5abab1c1446/source' cannot be proxied to UiAutomator2 server because the instrumentation process is not running (probably crashed). Check the server log and/or the logcat output for more details
    at UIA2Proxy.proxyCommand (/Users/vc.rajdeep.kumar/.appium/node_modules/appium-uiautomator2-driver/build/lib/uiautomator2.js:32:19)
    at UIA2Proxy.proxyReqRes (/opt/homebrew/lib/node_modules/appium/node_modules/@appium/base-driver/build/lib/jsonwp-proxy/proxy.js:325:49)
    at runCommandPromise (/opt/homebrew/lib/node_modules/appium/node_modules/@appium/base-driver/build/lib/basedriver/driver.js:121:30)
    at /opt/homebrew/lib/node_modules/appium/node_modules/async-lock/lib/index.js:171:12
    at AsyncLock._promiseTry (/opt/homebrew/lib/node_modules/appium/node_modules/async-lock/lib/index.js:306:31)
    at exec (/opt/homebrew/lib/node_modules/appium/node_modules/async-lock/lib/index.js:170:9)
    at AsyncLock.acquire (/opt/homebrew/lib/node_modules/appium/node_modules/async-lock/lib/index.js:189:3)
    at AndroidUiautomator2Driver.executeCommand (/opt/homebrew/lib/node_modules/appium/node_modules/@appium/base-driver/build/lib/basedriver/driver.js:161:45)
    at process.processTicksAndRejections (node:internal/process/task_queues:104:5)
    at async defaultBehavior (/opt/homebrew/lib/node_modules/appium/build/lib/appium.js:634:20)
    at async AppiumDriver.executeWrappedCommand (/opt/homebrew/lib/node_modules/appium/build/lib/appium.js:726:22)
    at async AppiumDriver.executeCommand (/opt/homebrew/lib/node_modules/appium/build/lib/appium.js:645:21)
    at async doJwpProxy (/opt/homebrew/lib/node_modules/appium/node_modules/@appium/base-driver/build/lib/protocol/protocol.js:476:9)
    at async asyncHandler (/opt/homebrew/lib/node_modules/appium/node_modules/@appium/base-driver/build/lib/protocol/protocol.js:307:21)
2026-08-14 17:28:12 [ERROR   ] conftest.py:398 — Test FAILED: test_like_then_unlike_video
2026-08-14 17:28:12 [INFO    ] conftest.py:305 — Closing driver session.
2026-08-14 17:28:12 [INFO    ] conftest.py:270 — ==================================================
2026-08-14 17:28:12 [INFO    ] conftest.py:271 — DRIVER SETUP START
2026-08-14 17:28:12 [INFO    ] conftest.py:272 — ==================================================
2026-08-14 17:28:12 [INFO    ] conftest.py:158 — Driver creation attempt 1/3
2026-08-14 17:28:19 [INFO    ] driver_factory.py:53 — ========== DRIVER CREATION START ==========
2026-08-14 17:28:19 [INFO    ] driver_factory.py:70 — Device: emulator | Env: qa | Platform: Android
2026-08-14 17:28:19 [INFO    ] driver_factory.py:136 — Device Name: Android Emulator
2026-08-14 17:28:19 [INFO    ] driver_factory.py:137 — UDID: emulator-5554
2026-08-14 17:28:19 [INFO    ] driver_factory.py:151 — App Package: com.zee5.hipi (noReset=true, activity not set)
2026-08-14 17:29:23 [INFO    ] driver_factory.py:112 — App launched by driver. Waiting for stabilization...
2026-08-14 17:29:25 [INFO    ] driver_factory.py:115 — ========== DRIVER CREATED SUCCESSFULLY ==========
2026-08-14 17:29:25 [INFO    ] conftest.py:281 — Driver created successfully.
2026-08-14 17:29:29 [INFO    ] popup_handler.py:122 — Checking for 'Get Started' screen...
2026-08-14 17:29:37 [INFO    ] popup_handler.py:134 — 'Get Started' screen not present — skipping.
2026-08-14 17:29:38 [INFO    ] conftest.py:196 — App readiness probe: HiPi is in foreground (com.zee5.hipi).
2026-08-14 17:29:38 [INFO    ] conftest.py:294 — DRIVER SETUP COMPLETE
2026-08-14 17:29:38 [INFO    ] base_test.py:20 — BaseTest setup completed.
2026-08-14 17:29:38 [INFO    ] base_test.py:58 — login_and_reach_feed: START
2026-08-14 17:29:38 [INFO    ] base_test.py:30 — Logging in as default test user.
2026-08-14 17:29:38 [INFO    ] login_page.py:591 — ========== LOGIN FLOW START ==========
2026-08-14 17:29:39 [INFO    ] login_page.py:43 — Opening profile tab
2026-08-14 17:29:40 [INFO    ] login_page.py:53 — Profile tab open attempt 1/2
2026-08-14 17:29:44 [INFO    ] base_page.py:110 — Clicked: ('xpath', "//android.view.View[@clickable='true'][.//android.widget.TextView[@text='Profile']]")
2026-08-14 17:29:51 [ERROR   ] base_page.py:92 — None of the candidate locators became visible within 6s. Candidates: [('-android uiautomator', 'new UiSelector().textContains("Continue")'), ('class name', 'android.widget.EditText')]. Last error: None
2026-08-14 17:31:04 [INFO    ] screenshot_utils.py:54 — Screenshot saved: reports/screenshots/wait_for_any_visible_failed_20260814_172951.png
2026-08-14 17:31:06 [INFO    ] screenshot_utils.py:77 — Page source saved: reports/screenshots/wait_for_any_visible_failed_20260814_173104.xml
2026-08-14 17:31:07 [INFO    ] login_page.py:200 — Already logged in — 'Edit Profile' visible. noReset=true preserved a previous session. Navigating to home feed.
2026-08-14 17:31:08 [INFO    ] base_page.py:110 — Clicked: ('xpath', "//android.view.View[@clickable='true'][.//android.widget.TextView[@text='Home']]")
2026-08-14 17:31:08 [INFO    ] login_page.py:211 — Navigated to home tab.
2026-08-14 17:31:08 [INFO    ] login_page.py:608 — ========== LOGIN SKIPPED (ALREADY LOGGED IN) ==========
2026-08-14 17:31:08 [INFO    ] login_page.py:548 — Validating home page
2026-08-14 17:31:21 [WARNING ] base_page.py:172 — Error checking display status for ('id', 'com.zee5.hipi:id/exo_content_frame'): Message: Timed out after 10599ms waiting for the root AccessibilityNodeInfo in the active window. Make sure the active window is not constantly hogging the main UI thread (e.g. the application is being idle long enough), so the accessibility manager could do its work
Stacktrace:
io.appium.uiautomator2.common.exceptions.UiAutomator2Exception: Timed out after 10599ms waiting for the root AccessibilityNodeInfo in the active window. Make sure the active window is not constantly hogging the main UI thread (e.g. the application is being idle long enough), so the accessibility manager could do its work
	at io.appium.uiautomator2.utils.AXWindowHelpers.getActiveWindowRoot(AXWindowHelpers.java:107)
	at io.appium.uiautomator2.utils.AXWindowHelpers.retrieveWindowRoots(AXWindowHelpers.java:87)
	at io.appium.uiautomator2.utils.AXWindowHelpers.getCachedWindowRoots(AXWindowHelpers.java:68)
	at io.appium.uiautomator2.model.internal.CustomUiDevice.findObject(CustomUiDevice.java:145)
	at io.appium.uiautomator2.utils.ElementLocationHelpers.findElement(ElementLocationHelpers.java:145)
	at io.appium.uiautomator2.handler.FindElement.safeHandle(FindElement.java:60)
	at io.appium.uiautomator2.handler.request.SafeRequestHandler.handle(SafeRequestHandler.java:59)
	at io.appium.uiautomator2.server.AppiumServlet.handleRequest(AppiumServlet.java:267)
	at io.appium.uiautomator2.server.AppiumServlet.handleHttpRequest(AppiumServlet.java:261)
	at io.appium.uiautomator2.http.ServerHandler.channelRead(ServerHandler.java:77)
	at io.netty.channel.AbstractChannelHandlerContext.fireChannelRead(AbstractChannelHandlerContext.java:356)
	at io.netty.handler.codec.MessageToMessageDecoder.channelRead(MessageToMessageDecoder.java:107)
	at io.netty.channel.AbstractChannelHandlerContext.fireChannelRead(AbstractChannelHandlerContext.java:356)
	at io.netty.channel.CombinedChannelDuplexHandler$DelegatingChannelHandlerContext.fireChannelRead(CombinedChannelDuplexHandler.java:434)
	at io.netty.handler.codec.ByteToMessageDecoder.fireChannelRead(ByteToMessageDecoder.java:361)
	at io.netty.handler.codec.ByteToMessageDecoder.channelRead(ByteToMessageDecoder.java:325)
	at io.netty.channel.CombinedChannelDuplexHandler.channelRead(CombinedChannelDuplexHandler.java:249)
	at io.netty.channel.AbstractChannelHandlerContext.fireChannelRead(AbstractChannelHandlerContext.java:354)
	at io.netty.handler.timeout.IdleStateHandler.channelRead(IdleStateHandler.java:293)
	at io.netty.channel.AbstractChannelHandlerContext.fireChannelRead(AbstractChannelHandlerContext.java:354)
	at io.netty.channel.DefaultChannelPipeline$HeadContext.channelRead(DefaultChannelPipeline.java:1429)
	at io.netty.channel.DefaultChannelPipeline.fireChannelRead(DefaultChannelPipeline.java:918)
	at io.netty.channel.nio.AbstractNioByteChannel$NioByteUnsafe.read(AbstractNioByteChannel.java:172)
	at io.netty.channel.nio.AbstractNioChannel$AbstractNioUnsafe.handle(AbstractNioChannel.java:445)
	at io.netty.channel.nio.NioIoHandler$DefaultNioRegistration.handle(NioIoHandler.java:388)
	at io.netty.channel.nio.NioIoHandler.processSelectedKey(NioIoHandler.java:596)
	at io.netty.channel.nio.NioIoHandler.processSelectedKeysOptimized(NioIoHandler.java:571)
	at io.netty.channel.nio.NioIoHandler.processSelectedKeys(NioIoHandler.java:512)
	at io.netty.channel.nio.NioIoHandler.run(NioIoHandler.java:484)
	at io.netty.channel.SingleThreadIoEventLoop.runIo(SingleThreadIoEventLoop.java:225)
	at io.netty.channel.SingleThreadIoEventLoop.run(SingleThreadIoEventLoop.java:196)
	at io.netty.util.concurrent.SingleThreadEventExecutor$5.run(SingleThreadEventExecutor.java:1195)
	at io.netty.util.internal.ThreadExecutorMap$2.run(ThreadExecutorMap.java:74)
	at io.netty.util.concurrent.FastThreadLocalRunnable.run(FastThreadLocalRunnable.java:30)
	at java.lang.Thread.run(Thread.java:1012)

2026-08-14 17:31:21 [WARNING ] login_page.py:560 — Home page not displayed within timeout
2026-08-14 17:31:24 [INFO    ] screenshot_utils.py:54 — Screenshot saved: reports/screenshots/test_add_comment_20260814_173121.png
2026-08-14 17:31:28 [INFO    ] screenshot_utils.py:77 — Page source saved: reports/screenshots/test_add_comment_20260814_173124.xml
2026-08-14 17:31:28 [ERROR   ] conftest.py:398 — Test FAILED: test_add_comment
2026-08-14 17:31:28 [INFO    ] conftest.py:305 — Closing driver session.
2026-08-14 17:31:30 [INFO    ] conftest.py:270 — ==================================================
2026-08-14 17:31:30 [INFO    ] conftest.py:271 — DRIVER SETUP START
2026-08-14 17:31:30 [INFO    ] conftest.py:272 — ==================================================
2026-08-14 17:31:30 [INFO    ] conftest.py:158 — Driver creation attempt 1/3
2026-08-14 17:31:33 [INFO    ] driver_factory.py:53 — ========== DRIVER CREATION START ==========
2026-08-14 17:31:33 [INFO    ] driver_factory.py:70 — Device: emulator | Env: qa | Platform: Android
2026-08-14 17:31:33 [INFO    ] driver_factory.py:136 — Device Name: Android Emulator
2026-08-14 17:31:33 [INFO    ] driver_factory.py:137 — UDID: emulator-5554
2026-08-14 17:31:33 [INFO    ] driver_factory.py:151 — App Package: com.zee5.hipi (noReset=true, activity not set)
2026-08-14 17:35:45 [ERROR   ] conftest.py:166 — Attempt 1 failed: Message: Error executing adbExec. Original error: 'Command '/Users/vc.rajdeep.kumar/Library/Android/sdk/platform-tools/adb -P 5037 -s emulator-5554 shell ps' exited with code 1'; Command output: adb: device offline

Stacktrace:
UnknownError: Error executing adbExec. Original error: 'Command '/Users/vc.rajdeep.kumar/Library/Android/sdk/platform-tools/adb -P 5037 -s emulator-5554 shell ps' exited with code 1'; Command output: adb: device offline

    at getResponseForW3CError (/opt/homebrew/lib/node_modules/appium/node_modules/@appium/base-driver/build/lib/protocol/errors.js:824:36)
    at asyncHandler (/opt/homebrew/lib/node_modules/appium/node_modules/@appium/base-driver/build/lib/protocol/protocol.js:430:77)
The above error is caused by
Error: Error executing adbExec. Original error: 'Command '/Users/vc.rajdeep.kumar/Library/Android/sdk/platform-tools/adb -P 5037 -s emulator-5554 shell ps' exited with code 1'; Command output: adb: device offline

    at ChildProcess.<anonymous> (/Users/vc.rajdeep.kumar/.appium/node_modules/appium-uiautomator2-driver/node_modules/teen_process/build/lib/exec.js:119:43)
    at ChildProcess.emit (node:events:509:20)
    at maybeClose (node:internal/child_process:1108:16)
    at ChildProcess._handle.onexit (node:internal/child_process:305:5)
2026-08-14 17:35:45 [INFO    ] conftest.py:174 — Waiting 3s before retry...
2026-08-14 17:35:48 [INFO    ] conftest.py:158 — Driver creation attempt 2/3
2026-08-14 17:36:03 [INFO    ] driver_factory.py:53 — ========== DRIVER CREATION START ==========
2026-08-14 17:36:03 [INFO    ] driver_factory.py:70 — Device: emulator | Env: qa | Platform: Android
2026-08-14 17:36:03 [INFO    ] driver_factory.py:136 — Device Name: Android Emulator
2026-08-14 17:36:03 [INFO    ] driver_factory.py:137 — UDID: emulator-5554
2026-08-14 17:36:03 [INFO    ] driver_factory.py:151 — App Package: com.zee5.hipi (noReset=true, activity not set)
2026-08-14 17:39:17 [ERROR   ] conftest.py:166 — Attempt 2 failed: Message: Appium Settings app is not running after 30000ms
Stacktrace:
UnknownError: Appium Settings app is not running after 30000ms
    at getResponseForW3CError (/opt/homebrew/lib/node_modules/appium/node_modules/@appium/base-driver/build/lib/protocol/errors.js:824:36)
    at asyncHandler (/opt/homebrew/lib/node_modules/appium/node_modules/@appium/base-driver/build/lib/protocol/protocol.js:430:77)
The above error is caused by
Error: Appium Settings app is not running after 30000ms
    at SettingsApp.requireRunning (/Users/vc.rajdeep.kumar/.appium/node_modules/appium-uiautomator2-driver/node_modules/io.appium.settings/build/lib/client.js:76:19)
    at async AndroidUiautomator2Driver.pushSettingsApp (/Users/vc.rajdeep.kumar/.appium/node_modules/appium-uiautomator2-driver/node_modules/appium-android-driver/build/lib/commands/device/utils.js:189:9)
    at async AndroidUiautomator2Driver.initDevice (/Users/vc.rajdeep.kumar/.appium/node_modules/appium-uiautomator2-driver/node_modules/appium-android-driver/build/lib/commands/device/common.js:233:9)
2026-08-14 17:39:17 [INFO    ] conftest.py:174 — Waiting 3s before retry...
2026-08-14 17:39:20 [INFO    ] conftest.py:158 — Driver creation attempt 3/3
2026-08-14 17:39:35 [INFO    ] driver_factory.py:53 — ========== DRIVER CREATION START ==========
2026-08-14 17:39:35 [INFO    ] driver_factory.py:70 — Device: emulator | Env: qa | Platform: Android
2026-08-14 17:39:35 [INFO    ] driver_factory.py:136 — Device Name: Android Emulator
2026-08-14 17:39:35 [INFO    ] driver_factory.py:137 — UDID: emulator-5554
2026-08-14 17:39:35 [INFO    ] driver_factory.py:151 — App Package: com.zee5.hipi (noReset=true, activity not set)
2026-08-14 17:39:55 [ERROR   ] conftest.py:166 — Attempt 3 failed: Message: Could not find a connected Android device in 20000ms
Stacktrace:
UnknownError: Could not find a connected Android device in 20000ms
    at getResponseForW3CError (/opt/homebrew/lib/node_modules/appium/node_modules/@appium/base-driver/build/lib/protocol/errors.js:824:36)
    at asyncHandler (/opt/homebrew/lib/node_modules/appium/node_modules/@appium/base-driver/build/lib/protocol/protocol.js:430:77)
The above error is caused by
Error: Could not find a connected Android device in 20000ms
    at ADB.getDevicesWithRetry (/Users/vc.rajdeep.kumar/.appium/node_modules/appium-uiautomator2-driver/node_modules/appium-adb/build/lib/tools/system-calls.js:360:19)
    at async AndroidUiautomator2Driver.getDeviceInfoFromCaps (/Users/vc.rajdeep.kumar/.appium/node_modules/appium-uiautomator2-driver/node_modules/appium-android-driver/build/lib/commands/device/common.js:76:25)
    at async AndroidUiautomator2Driver.createSession (/Users/vc.rajdeep.kumar/.appium/node_modules/appium-uiautomator2-driver/build/lib/driver.js:211:38)
    at async AppiumDriver.createSession (/opt/homebrew/lib/node_modules/appium/build/lib/appium.js:324:43)
2026-08-14 17:39:55 [ERROR   ] conftest.py:298 — Driver fixture setup failed: Driver creation failed after 3 attempts: Message: Could not find a connected Android device in 20000ms
Stacktrace:
UnknownError: Could not find a connected Android device in 20000ms
    at getResponseForW3CError (/opt/homebrew/lib/node_modules/appium/node_modules/@appium/base-driver/build/lib/protocol/errors.js:824:36)
    at asyncHandler (/opt/homebrew/lib/node_modules/appium/node_modules/@appium/base-driver/build/lib/protocol/protocol.js:430:77)
The above error is caused by
Error: Could not find a connected Android device in 20000ms
    at ADB.getDevicesWithRetry (/Users/vc.rajdeep.kumar/.appium/node_modules/appium-uiautomator2-driver/node_modules/appium-adb/build/lib/tools/system-calls.js:360:19)
    at async AndroidUiautomator2Driver.getDeviceInfoFromCaps (/Users/vc.rajdeep.kumar/.appium/node_modules/appium-uiautomator2-driver/node_modules/appium-android-driver/build/lib/commands/device/common.js:76:25)
    at async AndroidUiautomator2Driver.createSession (/Users/vc.rajdeep.kumar/.appium/node_modules/appium-uiautomator2-driver/build/lib/driver.js:211:38)
    at async AppiumDriver.createSession (/opt/homebrew/lib/node_modules/appium/build/lib/appium.js:324:43)
2026-08-14 17:39:55 [INFO    ] conftest.py:270 — ==================================================
2026-08-14 17:39:55 [INFO    ] conftest.py:271 — DRIVER SETUP START
2026-08-14 17:39:55 [INFO    ] conftest.py:272 — ==================================================
2026-08-14 17:39:55 [INFO    ] conftest.py:158 — Driver creation attempt 1/3
2026-08-14 17:40:11 [INFO    ] driver_factory.py:53 — ========== DRIVER CREATION START ==========
2026-08-14 17:40:11 [INFO    ] driver_factory.py:70 — Device: emulator | Env: qa | Platform: Android
2026-08-14 17:40:11 [INFO    ] driver_factory.py:136 — Device Name: Android Emulator
2026-08-14 17:40:11 [INFO    ] driver_factory.py:137 — UDID: emulator-5554
2026-08-14 17:40:11 [INFO    ] driver_factory.py:151 — App Package: com.zee5.hipi (noReset=true, activity not set)
2026-08-14 17:40:31 [ERROR   ] conftest.py:166 — Attempt 1 failed: Message: Could not find a connected Android device in 20000ms
Stacktrace:
UnknownError: Could not find a connected Android device in 20000ms
    at getResponseForW3CError (/opt/homebrew/lib/node_modules/appium/node_modules/@appium/base-driver/build/lib/protocol/errors.js:824:36)
    at asyncHandler (/opt/homebrew/lib/node_modules/appium/node_modules/@appium/base-driver/build/lib/protocol/protocol.js:430:77)
The above error is caused by
Error: Could not find a connected Android device in 20000ms
    at ADB.getDevicesWithRetry (/Users/vc.rajdeep.kumar/.appium/node_modules/appium-uiautomator2-driver/node_modules/appium-adb/build/lib/tools/system-calls.js:360:19)
    at async AndroidUiautomator2Driver.getDeviceInfoFromCaps (/Users/vc.rajdeep.kumar/.appium/node_modules/appium-uiautomator2-driver/node_modules/appium-android-driver/build/lib/commands/device/common.js:76:25)
    at async AndroidUiautomator2Driver.createSession (/Users/vc.rajdeep.kumar/.appium/node_modules/appium-uiautomator2-driver/build/lib/driver.js:211:38)
    at async AppiumDriver.createSession (/opt/homebrew/lib/node_modules/appium/build/lib/appium.js:324:43)
2026-08-14 17:40:31 [INFO    ] conftest.py:174 — Waiting 3s before retry...
2026-08-14 17:40:34 [INFO    ] conftest.py:158 — Driver creation attempt 2/3
2026-08-14 17:40:49 [INFO    ] driver_factory.py:53 — ========== DRIVER CREATION START ==========
2026-08-14 17:40:49 [INFO    ] driver_factory.py:70 — Device: emulator | Env: qa | Platform: Android
2026-08-14 17:40:49 [INFO    ] driver_factory.py:136 — Device Name: Android Emulator
2026-08-14 17:40:49 [INFO    ] driver_factory.py:137 — UDID: emulator-5554
2026-08-14 17:40:49 [INFO    ] driver_factory.py:151 — App Package: com.zee5.hipi (noReset=true, activity not set)
2026-08-14 17:41:01 [ERROR   ] conftest.py:166 — Attempt 2 failed: Message: Error executing adbExec. Original error: 'Command '/Users/vc.rajdeep.kumar/Library/Android/sdk/platform-tools/adb -P 5037 -s emulator-5554 shell cmd package resolve-activity --brief com.zee5.hipi' exited with code 20'; Command output: cmd: Can't find service: package

Stacktrace:
UnknownError: Error executing adbExec. Original error: 'Command '/Users/vc.rajdeep.kumar/Library/Android/sdk/platform-tools/adb -P 5037 -s emulator-5554 shell cmd package resolve-activity --brief com.zee5.hipi' exited with code 20'; Command output: cmd: Can't find service: package

    at getResponseForW3CError (/opt/homebrew/lib/node_modules/appium/node_modules/@appium/base-driver/build/lib/protocol/errors.js:824:36)
    at asyncHandler (/opt/homebrew/lib/node_modules/appium/node_modules/@appium/base-driver/build/lib/protocol/protocol.js:430:77)
The above error is caused by
Error: Error executing adbExec. Original error: 'Command '/Users/vc.rajdeep.kumar/Library/Android/sdk/platform-tools/adb -P 5037 -s emulator-5554 shell cmd package resolve-activity --brief com.zee5.hipi' exited with code 20'; Command output: cmd: Can't find service: package

    at ChildProcess.<anonymous> (/Users/vc.rajdeep.kumar/.appium/node_modules/appium-uiautomator2-driver/node_modules/teen_process/build/lib/exec.js:119:43)
    at ChildProcess.emit (node:events:509:20)
    at maybeClose (node:internal/child_process:1108:16)
    at Socket.<anonymous> (node:internal/child_process:480:11)
    at Socket.emit (node:events:509:20)
    at Pipe.<anonymous> (node:net:350:12)
2026-08-14 17:41:01 [INFO    ] conftest.py:174 — Waiting 3s before retry...
2026-08-14 17:41:04 [INFO    ] conftest.py:158 — Driver creation attempt 3/3
2026-08-14 17:41:04 [INFO    ] driver_factory.py:53 — ========== DRIVER CREATION START ==========
2026-08-14 17:41:04 [INFO    ] driver_factory.py:70 — Device: emulator | Env: qa | Platform: Android
2026-08-14 17:41:04 [INFO    ] driver_factory.py:136 — Device Name: Android Emulator
2026-08-14 17:41:04 [INFO    ] driver_factory.py:137 — UDID: emulator-5554
2026-08-14 17:41:04 [INFO    ] driver_factory.py:151 — App Package: com.zee5.hipi (noReset=true, activity not set)
2026-08-14 17:41:05 [ERROR   ] conftest.py:166 — Attempt 3 failed: Message: Unable to resolve the launchable activity of 'com.zee5.hipi'. Original error: No activity found
Stacktrace:
UnknownError: Unable to resolve the launchable activity of 'com.zee5.hipi'. Original error: No activity found
    at getResponseForW3CError (/opt/homebrew/lib/node_modules/appium/node_modules/@appium/base-driver/build/lib/protocol/errors.js:824:36)
    at asyncHandler (/opt/homebrew/lib/node_modules/appium/node_modules/@appium/base-driver/build/lib/protocol/protocol.js:430:77)
The above error is caused by
Error: Unable to resolve the launchable activity of 'com.zee5.hipi'. Original error: No activity found
    at ADB.resolveLaunchableActivity (/Users/vc.rajdeep.kumar/.appium/node_modules/appium-uiautomator2-driver/node_modules/appium-adb/build/lib/tools/app-commands.js:119:11)
    at process.processTicksAndRejections (node:internal/process/task_queues:104:5)
    at async AndroidUiautomator2Driver.getLaunchInfo (/Users/vc.rajdeep.kumar/.appium/node_modules/appium-uiautomator2-driver/node_modules/appium-android-driver/build/lib/commands/device/common.js:190:23)
    at async /Users/vc.rajdeep.kumar/.appium/node_modules/appium-uiautomator2-driver/build/lib/driver.js:382:23
2026-08-14 17:41:05 [ERROR   ] conftest.py:298 — Driver fixture setup failed: Driver creation failed after 3 attempts: Message: Unable to resolve the launchable activity of 'com.zee5.hipi'. Original error: No activity found
Stacktrace:
UnknownError: Unable to resolve the launchable activity of 'com.zee5.hipi'. Original error: No activity found
    at getResponseForW3CError (/opt/homebrew/lib/node_modules/appium/node_modules/@appium/base-driver/build/lib/protocol/errors.js:824:36)
    at asyncHandler (/opt/homebrew/lib/node_modules/appium/node_modules/@appium/base-driver/build/lib/protocol/protocol.js:430:77)
The above error is caused by
Error: Unable to resolve the launchable activity of 'com.zee5.hipi'. Original error: No activity found
    at ADB.resolveLaunchableActivity (/Users/vc.rajdeep.kumar/.appium/node_modules/appium-uiautomator2-driver/node_modules/appium-adb/build/lib/tools/app-commands.js:119:11)
    at process.processTicksAndRejections (node:internal/process/task_queues:104:5)
    at async AndroidUiautomator2Driver.getLaunchInfo (/Users/vc.rajdeep.kumar/.appium/node_modules/appium-uiautomator2-driver/node_modules/appium-android-driver/build/lib/commands/device/common.js:190:23)
    at async /Users/vc.rajdeep.kumar/.appium/node_modules/appium-uiautomator2-driver/build/lib/driver.js:382:23
2026-08-14 17:41:05 [INFO    ] conftest.py:270 — ==================================================
2026-08-14 17:41:05 [INFO    ] conftest.py:271 — DRIVER SETUP START
2026-08-14 17:41:05 [INFO    ] conftest.py:272 — ==================================================
2026-08-14 17:41:05 [INFO    ] conftest.py:158 — Driver creation attempt 1/3
2026-08-14 17:41:06 [INFO    ] driver_factory.py:53 — ========== DRIVER CREATION START ==========
2026-08-14 17:41:06 [INFO    ] driver_factory.py:70 — Device: emulator | Env: qa | Platform: Android
2026-08-14 17:41:06 [INFO    ] driver_factory.py:136 — Device Name: Android Emulator
2026-08-14 17:41:06 [INFO    ] driver_factory.py:137 — UDID: emulator-5554
2026-08-14 17:41:06 [INFO    ] driver_factory.py:151 — App Package: com.zee5.hipi (noReset=true, activity not set)
2026-08-14 17:41:06 [ERROR   ] conftest.py:166 — Attempt 1 failed: Message: Unable to resolve the launchable activity of 'com.zee5.hipi'. Original error: No activity found
Stacktrace:
UnknownError: Unable to resolve the launchable activity of 'com.zee5.hipi'. Original error: No activity found
    at getResponseForW3CError (/opt/homebrew/lib/node_modules/appium/node_modules/@appium/base-driver/build/lib/protocol/errors.js:824:36)
    at asyncHandler (/opt/homebrew/lib/node_modules/appium/node_modules/@appium/base-driver/build/lib/protocol/protocol.js:430:77)
The above error is caused by
Error: Unable to resolve the launchable activity of 'com.zee5.hipi'. Original error: No activity found
    at ADB.resolveLaunchableActivity (/Users/vc.rajdeep.kumar/.appium/node_modules/appium-uiautomator2-driver/node_modules/appium-adb/build/lib/tools/app-commands.js:119:11)
    at process.processTicksAndRejections (node:internal/process/task_queues:104:5)
    at async AndroidUiautomator2Driver.getLaunchInfo (/Users/vc.rajdeep.kumar/.appium/node_modules/appium-uiautomator2-driver/node_modules/appium-android-driver/build/lib/commands/device/common.js:190:23)
    at async /Users/vc.rajdeep.kumar/.appium/node_modules/appium-uiautomator2-driver/build/lib/driver.js:382:23
2026-08-14 17:41:06 [INFO    ] conftest.py:174 — Waiting 3s before retry...
2026-08-14 17:41:09 [INFO    ] conftest.py:158 — Driver creation attempt 2/3
2026-08-14 17:41:10 [INFO    ] driver_factory.py:53 — ========== DRIVER CREATION START ==========
2026-08-14 17:41:10 [INFO    ] driver_factory.py:70 — Device: emulator | Env: qa | Platform: Android
2026-08-14 17:41:10 [INFO    ] driver_factory.py:136 — Device Name: Android Emulator
2026-08-14 17:41:10 [INFO    ] driver_factory.py:137 — UDID: emulator-5554
2026-08-14 17:41:10 [INFO    ] driver_factory.py:151 — App Package: com.zee5.hipi (noReset=true, activity not set)
2026-08-14 17:41:10 [ERROR   ] conftest.py:166 — Attempt 2 failed: Message: Unable to resolve the launchable activity of 'com.zee5.hipi'. Original error: No activity found
Stacktrace:
UnknownError: Unable to resolve the launchable activity of 'com.zee5.hipi'. Original error: No activity found
    at getResponseForW3CError (/opt/homebrew/lib/node_modules/appium/node_modules/@appium/base-driver/build/lib/protocol/errors.js:824:36)
    at asyncHandler (/opt/homebrew/lib/node_modules/appium/node_modules/@appium/base-driver/build/lib/protocol/protocol.js:430:77)
The above error is caused by
Error: Unable to resolve the launchable activity of 'com.zee5.hipi'. Original error: No activity found
    at ADB.resolveLaunchableActivity (/Users/vc.rajdeep.kumar/.appium/node_modules/appium-uiautomator2-driver/node_modules/appium-adb/build/lib/tools/app-commands.js:119:11)
    at async AndroidUiautomator2Driver.getLaunchInfo (/Users/vc.rajdeep.kumar/.appium/node_modules/appium-uiautomator2-driver/node_modules/appium-android-driver/build/lib/commands/device/common.js:190:23)
    at async /Users/vc.rajdeep.kumar/.appium/node_modules/appium-uiautomator2-driver/build/lib/driver.js:382:23
2026-08-14 17:41:10 [INFO    ] conftest.py:174 — Waiting 3s before retry...
2026-08-14 17:41:13 [INFO    ] conftest.py:158 — Driver creation attempt 3/3
2026-08-14 17:41:14 [INFO    ] driver_factory.py:53 — ========== DRIVER CREATION START ==========
2026-08-14 17:41:14 [INFO    ] driver_factory.py:70 — Device: emulator | Env: qa | Platform: Android
2026-08-14 17:41:14 [INFO    ] driver_factory.py:136 — Device Name: Android Emulator
2026-08-14 17:41:14 [INFO    ] driver_factory.py:137 — UDID: emulator-5554
2026-08-14 17:41:14 [INFO    ] driver_factory.py:151 — App Package: com.zee5.hipi (noReset=true, activity not set)
2026-08-14 17:41:14 [ERROR   ] conftest.py:166 — Attempt 3 failed: Message: Unable to resolve the launchable activity of 'com.zee5.hipi'. Original error: No activity found
Stacktrace:
UnknownError: Unable to resolve the launchable activity of 'com.zee5.hipi'. Original error: No activity found
    at getResponseForW3CError (/opt/homebrew/lib/node_modules/appium/node_modules/@appium/base-driver/build/lib/protocol/errors.js:824:36)
    at asyncHandler (/opt/homebrew/lib/node_modules/appium/node_modules/@appium/base-driver/build/lib/protocol/protocol.js:430:77)
The above error is caused by
Error: Unable to resolve the launchable activity of 'com.zee5.hipi'. Original error: No activity found
    at ADB.resolveLaunchableActivity (/Users/vc.rajdeep.kumar/.appium/node_modules/appium-uiautomator2-driver/node_modules/appium-adb/build/lib/tools/app-commands.js:119:11)
    at process.processTicksAndRejections (node:internal/process/task_queues:104:5)
    at async AndroidUiautomator2Driver.getLaunchInfo (/Users/vc.rajdeep.kumar/.appium/node_modules/appium-uiautomator2-driver/node_modules/appium-android-driver/build/lib/commands/device/common.js:190:23)
    at async /Users/vc.rajdeep.kumar/.appium/node_modules/appium-uiautomator2-driver/build/lib/driver.js:382:23
2026-08-14 17:41:14 [ERROR   ] conftest.py:298 — Driver fixture setup failed: Driver creation failed after 3 attempts: Message: Unable to resolve the launchable activity of 'com.zee5.hipi'. Original error: No activity found
Stacktrace:
UnknownError: Unable to resolve the launchable activity of 'com.zee5.hipi'. Original error: No activity found
    at getResponseForW3CError (/opt/homebrew/lib/node_modules/appium/node_modules/@appium/base-driver/build/lib/protocol/errors.js:824:36)
    at asyncHandler (/opt/homebrew/lib/node_modules/appium/node_modules/@appium/base-driver/build/lib/protocol/protocol.js:430:77)
The above error is caused by
Error: Unable to resolve the launchable activity of 'com.zee5.hipi'. Original error: No activity found
    at ADB.resolveLaunchableActivity (/Users/vc.rajdeep.kumar/.appium/node_modules/appium-uiautomator2-driver/node_modules/appium-adb/build/lib/tools/app-commands.js:119:11)
    at process.processTicksAndRejections (node:internal/process/task_queues:104:5)
    at async AndroidUiautomator2Driver.getLaunchInfo (/Users/vc.rajdeep.kumar/.appium/node_modules/appium-uiautomator2-driver/node_modules/appium-android-driver/build/lib/commands/device/common.js:190:23)
    at async /Users/vc.rajdeep.kumar/.appium/node_modules/appium-uiautomator2-driver/build/lib/driver.js:382:23
2026-08-14 17:41:14 [INFO    ] conftest.py:270 — ==================================================
2026-08-14 17:41:14 [INFO    ] conftest.py:271 — DRIVER SETUP START
2026-08-14 17:41:14 [INFO    ] conftest.py:272 — ==================================================
2026-08-14 17:41:14 [INFO    ] conftest.py:158 — Driver creation attempt 1/3
2026-08-14 17:41:15 [INFO    ] driver_factory.py:53 — ========== DRIVER CREATION START ==========
2026-08-14 17:41:15 [INFO    ] driver_factory.py:70 — Device: emulator | Env: qa | Platform: Android
2026-08-14 17:41:15 [INFO    ] driver_factory.py:136 — Device Name: Android Emulator
2026-08-14 17:41:15 [INFO    ] driver_factory.py:137 — UDID: emulator-5554
2026-08-14 17:41:15 [INFO    ] driver_factory.py:151 — App Package: com.zee5.hipi (noReset=true, activity not set)
2026-08-14 17:41:33 [INFO    ] driver_factory.py:112 — App launched by driver. Waiting for stabilization...
2026-08-14 17:41:35 [INFO    ] driver_factory.py:115 — ========== DRIVER CREATED SUCCESSFULLY ==========
2026-08-14 17:41:35 [INFO    ] conftest.py:281 — Driver created successfully.
2026-08-14 17:41:39 [INFO    ] popup_handler.py:122 — Checking for 'Get Started' screen...
2026-08-14 17:41:42 [INFO    ] popup_handler.py:134 — 'Get Started' screen not present — skipping.
2026-08-14 17:41:43 [INFO    ] conftest.py:196 — App readiness probe: HiPi is in foreground (com.zee5.hipi).
2026-08-14 17:41:43 [INFO    ] conftest.py:294 — DRIVER SETUP COMPLETE
2026-08-14 17:41:43 [INFO    ] base_test.py:20 — BaseTest setup completed.
2026-08-14 17:41:43 [INFO    ] base_test.py:58 — login_and_reach_feed: START
2026-08-14 17:41:43 [INFO    ] base_test.py:30 — Logging in as default test user.
2026-08-14 17:41:43 [INFO    ] login_page.py:591 — ========== LOGIN FLOW START ==========
2026-08-14 17:41:44 [INFO    ] login_page.py:43 — Opening profile tab
2026-08-14 17:41:45 [INFO    ] login_page.py:53 — Profile tab open attempt 1/2
2026-08-14 17:41:48 [INFO    ] base_page.py:110 — Clicked: ('xpath', "//android.view.View[@clickable='true'][.//android.widget.TextView[@text='Profile']]")
2026-08-14 17:41:54 [ERROR   ] base_page.py:92 — None of the candidate locators became visible within 6s. Candidates: [('-android uiautomator', 'new UiSelector().textContains("Continue")'), ('class name', 'android.widget.EditText')]. Last error: None
2026-08-14 17:41:55 [INFO    ] screenshot_utils.py:54 — Screenshot saved: reports/screenshots/wait_for_any_visible_failed_20260814_174154.png
2026-08-14 17:41:55 [INFO    ] screenshot_utils.py:77 — Page source saved: reports/screenshots/wait_for_any_visible_failed_20260814_174155.xml
2026-08-14 17:41:55 [INFO    ] login_page.py:200 — Already logged in — 'Edit Profile' visible. noReset=true preserved a previous session. Navigating to home feed.
2026-08-14 17:41:56 [INFO    ] base_page.py:110 — Clicked: ('xpath', "//android.view.View[@clickable='true'][.//android.widget.TextView[@text='Home']]")
2026-08-14 17:41:56 [INFO    ] login_page.py:211 — Navigated to home tab.
2026-08-14 17:41:56 [INFO    ] login_page.py:608 — ========== LOGIN SKIPPED (ALREADY LOGGED IN) ==========
2026-08-14 17:41:56 [INFO    ] login_page.py:548 — Validating home page
2026-08-14 17:41:57 [INFO    ] login_page.py:558 — Home page displayed (exo_content_frame visible)
2026-08-14 17:41:57 [INFO    ] base_test.py:63 — login_and_reach_feed: COMPLETE
2026-08-14 17:41:57 [INFO    ] feed_page.py:345 — Adding comment: Superb 🔥
2026-08-14 17:41:57 [INFO    ] feed_page.py:235 — Opening comment sheet
2026-08-14 17:41:57 [INFO    ] base_page.py:110 — Clicked: ('-android uiautomator', 'new UiSelector().className("android.widget.Button").instance(1)')
2026-08-14 17:42:04 [INFO    ] feed_page.py:249 — Comment sheet opened
2026-08-14 17:42:07 [INFO    ] base_page.py:136 — Entered text 'Superb 🔥' into ('xpath', "//*[@resource-id='com.zee5.hipi:id/etComment' or (@class='android.widget.EditText' and @package='com.zee5.hipi')]")
2026-08-14 17:42:08 [INFO    ] base_page.py:204 — Keyboard hidden.
2026-08-14 17:42:10 [INFO    ] base_page.py:110 — Clicked: ('xpath', "//*[@resource-id='com.zee5.hipi:id/ivSend' or (@content-desc='Send' and @package='com.zee5.hipi')]")
2026-08-14 17:42:14 [INFO    ] base_page.py:110 — Clicked: ('xpath', "//*[@resource-id='com.zee5.hipi:id/ivClose' or (@content-desc='Close' and @package='com.zee5.hipi')]")
2026-08-14 17:42:14 [INFO    ] feed_page.py:374 — Comment added
2026-08-14 17:42:14 [INFO    ] base_page.py:194 — Element ('xpath', "//*[@resource-id='com.zee5.hipi:id/etComment' or (@class='android.widget.EditText' and @package='com.zee5.hipi')]") disappeared.
2026-08-14 17:42:14 [INFO    ] test_feed.py:172 — TEST PASSED: Add comment variant — 'Superb 🔥'
2026-08-14 17:42:14 [INFO    ] conftest.py:305 — Closing driver session.
2026-08-14 17:42:17 [INFO    ] conftest.py:270 — ==================================================
2026-08-14 17:42:17 [INFO    ] conftest.py:271 — DRIVER SETUP START
2026-08-14 17:42:17 [INFO    ] conftest.py:272 — ==================================================
2026-08-14 17:42:17 [INFO    ] conftest.py:158 — Driver creation attempt 1/3
2026-08-14 17:42:18 [INFO    ] driver_factory.py:53 — ========== DRIVER CREATION START ==========
2026-08-14 17:42:18 [INFO    ] driver_factory.py:70 — Device: emulator | Env: qa | Platform: Android
2026-08-14 17:42:18 [INFO    ] driver_factory.py:136 — Device Name: Android Emulator
2026-08-14 17:42:18 [INFO    ] driver_factory.py:137 — UDID: emulator-5554
2026-08-14 17:42:18 [INFO    ] driver_factory.py:151 — App Package: com.zee5.hipi (noReset=true, activity not set)
2026-08-14 17:42:35 [INFO    ] driver_factory.py:112 — App launched by driver. Waiting for stabilization...
2026-08-14 17:42:37 [INFO    ] driver_factory.py:115 — ========== DRIVER CREATED SUCCESSFULLY ==========
2026-08-14 17:42:37 [INFO    ] conftest.py:281 — Driver created successfully.
2026-08-14 17:42:40 [INFO    ] popup_handler.py:122 — Checking for 'Get Started' screen...
2026-08-14 17:42:44 [INFO    ] popup_handler.py:134 — 'Get Started' screen not present — skipping.
2026-08-14 17:42:44 [INFO    ] conftest.py:196 — App readiness probe: HiPi is in foreground (com.zee5.hipi).
2026-08-14 17:42:44 [INFO    ] conftest.py:294 — DRIVER SETUP COMPLETE
2026-08-14 17:42:44 [INFO    ] base_test.py:20 — BaseTest setup completed.
2026-08-14 17:42:44 [INFO    ] base_test.py:58 — login_and_reach_feed: START
2026-08-14 17:42:44 [INFO    ] base_test.py:30 — Logging in as default test user.
2026-08-14 17:42:44 [INFO    ] login_page.py:591 — ========== LOGIN FLOW START ==========
2026-08-14 17:42:45 [INFO    ] login_page.py:43 — Opening profile tab
2026-08-14 17:42:46 [INFO    ] login_page.py:53 — Profile tab open attempt 1/2
2026-08-14 17:42:49 [INFO    ] base_page.py:110 — Clicked: ('xpath', "//android.view.View[@clickable='true'][.//android.widget.TextView[@text='Profile']]")
2026-08-14 17:42:55 [ERROR   ] base_page.py:92 — None of the candidate locators became visible within 6s. Candidates: [('-android uiautomator', 'new UiSelector().textContains("Continue")'), ('class name', 'android.widget.EditText')]. Last error: None
2026-08-14 17:42:55 [INFO    ] screenshot_utils.py:54 — Screenshot saved: reports/screenshots/wait_for_any_visible_failed_20260814_174255.png
2026-08-14 17:42:56 [INFO    ] screenshot_utils.py:77 — Page source saved: reports/screenshots/wait_for_any_visible_failed_20260814_174255.xml
2026-08-14 17:42:56 [INFO    ] login_page.py:200 — Already logged in — 'Edit Profile' visible. noReset=true preserved a previous session. Navigating to home feed.
2026-08-14 17:42:56 [INFO    ] base_page.py:110 — Clicked: ('xpath', "//android.view.View[@clickable='true'][.//android.widget.TextView[@text='Home']]")
2026-08-14 17:42:56 [INFO    ] login_page.py:211 — Navigated to home tab.
2026-08-14 17:42:56 [INFO    ] login_page.py:608 — ========== LOGIN SKIPPED (ALREADY LOGGED IN) ==========
2026-08-14 17:42:56 [INFO    ] login_page.py:548 — Validating home page
2026-08-14 17:42:58 [INFO    ] login_page.py:558 — Home page displayed (exo_content_frame visible)
2026-08-14 17:42:58 [INFO    ] base_test.py:63 — login_and_reach_feed: COMPLETE
2026-08-14 17:42:58 [INFO    ] feed_page.py:345 — Adding comment: Cool Video 😎
2026-08-14 17:42:58 [INFO    ] feed_page.py:235 — Opening comment sheet
2026-08-14 17:42:59 [INFO    ] base_page.py:110 — Clicked: ('-android uiautomator', 'new UiSelector().className("android.widget.Button").instance(1)')
2026-08-14 17:43:04 [INFO    ] feed_page.py:249 — Comment sheet opened
2026-08-14 17:43:06 [INFO    ] base_page.py:136 — Entered text 'Cool Video 😎' into ('xpath', "//*[@resource-id='com.zee5.hipi:id/etComment' or (@class='android.widget.EditText' and @package='com.zee5.hipi')]")
2026-08-14 17:43:06 [INFO    ] base_page.py:204 — Keyboard hidden.
2026-08-14 17:43:08 [INFO    ] base_page.py:110 — Clicked: ('xpath', "//*[@resource-id='com.zee5.hipi:id/ivSend' or (@content-desc='Send' and @package='com.zee5.hipi')]")
2026-08-14 17:43:12 [INFO    ] base_page.py:110 — Clicked: ('xpath', "//*[@resource-id='com.zee5.hipi:id/ivClose' or (@content-desc='Close' and @package='com.zee5.hipi')]")
2026-08-14 17:43:12 [INFO    ] feed_page.py:374 — Comment added
2026-08-14 17:43:13 [INFO    ] base_page.py:194 — Element ('xpath', "//*[@resource-id='com.zee5.hipi:id/etComment' or (@class='android.widget.EditText' and @package='com.zee5.hipi')]") disappeared.
2026-08-14 17:43:13 [INFO    ] test_feed.py:172 — TEST PASSED: Add comment variant — 'Cool Video 😎'
2026-08-14 17:43:13 [INFO    ] conftest.py:305 — Closing driver session.
2026-08-14 17:43:15 [INFO    ] conftest.py:270 — ==================================================
2026-08-14 17:43:15 [INFO    ] conftest.py:271 — DRIVER SETUP START
2026-08-14 17:43:15 [INFO    ] conftest.py:272 — ==================================================
2026-08-14 17:43:15 [INFO    ] conftest.py:158 — Driver creation attempt 1/3
2026-08-14 17:43:16 [INFO    ] driver_factory.py:53 — ========== DRIVER CREATION START ==========
2026-08-14 17:43:16 [INFO    ] driver_factory.py:70 — Device: emulator | Env: qa | Platform: Android
2026-08-14 17:43:16 [INFO    ] driver_factory.py:136 — Device Name: Android Emulator
2026-08-14 17:43:16 [INFO    ] driver_factory.py:137 — UDID: emulator-5554
2026-08-14 17:43:16 [INFO    ] driver_factory.py:151 — App Package: com.zee5.hipi (noReset=true, activity not set)
2026-08-14 17:43:30 [INFO    ] driver_factory.py:112 — App launched by driver. Waiting for stabilization...
2026-08-14 17:43:32 [INFO    ] driver_factory.py:115 — ========== DRIVER CREATED SUCCESSFULLY ==========
2026-08-14 17:43:32 [INFO    ] conftest.py:281 — Driver created successfully.
2026-08-14 17:43:35 [INFO    ] popup_handler.py:122 — Checking for 'Get Started' screen...
2026-08-14 17:43:39 [INFO    ] popup_handler.py:134 — 'Get Started' screen not present — skipping.
2026-08-14 17:43:39 [INFO    ] conftest.py:196 — App readiness probe: HiPi is in foreground (com.zee5.hipi).
2026-08-14 17:43:39 [INFO    ] conftest.py:294 — DRIVER SETUP COMPLETE
2026-08-14 17:43:39 [INFO    ] base_test.py:20 — BaseTest setup completed.
2026-08-14 17:43:39 [INFO    ] base_test.py:58 — login_and_reach_feed: START
2026-08-14 17:43:39 [INFO    ] base_test.py:30 — Logging in as default test user.
2026-08-14 17:43:39 [INFO    ] login_page.py:591 — ========== LOGIN FLOW START ==========
2026-08-14 17:43:40 [INFO    ] login_page.py:43 — Opening profile tab
2026-08-14 17:43:41 [INFO    ] login_page.py:53 — Profile tab open attempt 1/2
2026-08-14 17:43:43 [INFO    ] base_page.py:110 — Clicked: ('xpath', "//android.view.View[@clickable='true'][.//android.widget.TextView[@text='Profile']]")
2026-08-14 17:43:49 [ERROR   ] base_page.py:92 — None of the candidate locators became visible within 6s. Candidates: [('-android uiautomator', 'new UiSelector().textContains("Continue")'), ('class name', 'android.widget.EditText')]. Last error: None
2026-08-14 17:43:49 [INFO    ] screenshot_utils.py:54 — Screenshot saved: reports/screenshots/wait_for_any_visible_failed_20260814_174349.png
2026-08-14 17:43:50 [INFO    ] screenshot_utils.py:77 — Page source saved: reports/screenshots/wait_for_any_visible_failed_20260814_174349.xml
2026-08-14 17:43:50 [INFO    ] login_page.py:200 — Already logged in — 'Edit Profile' visible. noReset=true preserved a previous session. Navigating to home feed.
2026-08-14 17:43:50 [INFO    ] base_page.py:110 — Clicked: ('xpath', "//android.view.View[@clickable='true'][.//android.widget.TextView[@text='Home']]")
2026-08-14 17:43:50 [INFO    ] login_page.py:211 — Navigated to home tab.
2026-08-14 17:43:50 [INFO    ] login_page.py:608 — ========== LOGIN SKIPPED (ALREADY LOGGED IN) ==========
2026-08-14 17:43:50 [INFO    ] login_page.py:548 — Validating home page
2026-08-14 17:43:51 [INFO    ] login_page.py:558 — Home page displayed (exo_content_frame visible)
2026-08-14 17:43:51 [INFO    ] base_test.py:63 — login_and_reach_feed: COMPLETE
2026-08-14 17:43:51 [INFO    ] feed_page.py:345 — Adding comment: Great Reel 🚀
2026-08-14 17:43:51 [INFO    ] feed_page.py:235 — Opening comment sheet
2026-08-14 17:43:52 [INFO    ] base_page.py:110 — Clicked: ('-android uiautomator', 'new UiSelector().className("android.widget.Button").instance(1)')
2026-08-14 17:43:58 [INFO    ] feed_page.py:249 — Comment sheet opened
2026-08-14 17:44:00 [INFO    ] base_page.py:136 — Entered text 'Great Reel 🚀' into ('xpath', "//*[@resource-id='com.zee5.hipi:id/etComment' or (@class='android.widget.EditText' and @package='com.zee5.hipi')]")
2026-08-14 17:44:01 [INFO    ] base_page.py:204 — Keyboard hidden.
2026-08-14 17:44:03 [INFO    ] base_page.py:110 — Clicked: ('xpath', "//*[@resource-id='com.zee5.hipi:id/ivSend' or (@content-desc='Send' and @package='com.zee5.hipi')]")
2026-08-14 17:44:08 [INFO    ] base_page.py:110 — Clicked: ('xpath', "//*[@resource-id='com.zee5.hipi:id/ivClose' or (@content-desc='Close' and @package='com.zee5.hipi')]")
2026-08-14 17:44:08 [INFO    ] feed_page.py:374 — Comment added
2026-08-14 17:44:08 [INFO    ] base_page.py:194 — Element ('xpath', "//*[@resource-id='com.zee5.hipi:id/etComment' or (@class='android.widget.EditText' and @package='com.zee5.hipi')]") disappeared.
2026-08-14 17:44:08 [INFO    ] test_feed.py:172 — TEST PASSED: Add comment variant — 'Great Reel 🚀'
2026-08-14 17:44:08 [INFO    ] conftest.py:305 — Closing driver session.
2026-08-14 17:44:11 [INFO    ] conftest.py:270 — ==================================================
2026-08-14 17:44:11 [INFO    ] conftest.py:271 — DRIVER SETUP START
2026-08-14 17:44:11 [INFO    ] conftest.py:272 — ==================================================
2026-08-14 17:44:11 [INFO    ] conftest.py:158 — Driver creation attempt 1/3
2026-08-14 17:44:12 [INFO    ] driver_factory.py:53 — ========== DRIVER CREATION START ==========
2026-08-14 17:44:12 [INFO    ] driver_factory.py:70 — Device: emulator | Env: qa | Platform: Android
2026-08-14 17:44:12 [INFO    ] driver_factory.py:136 — Device Name: Android Emulator
2026-08-14 17:44:12 [INFO    ] driver_factory.py:137 — UDID: emulator-5554
2026-08-14 17:44:12 [INFO    ] driver_factory.py:151 — App Package: com.zee5.hipi (noReset=true, activity not set)
2026-08-14 17:44:27 [INFO    ] driver_factory.py:112 — App launched by driver. Waiting for stabilization...
2026-08-14 17:44:29 [INFO    ] driver_factory.py:115 — ========== DRIVER CREATED SUCCESSFULLY ==========
2026-08-14 17:44:29 [INFO    ] conftest.py:281 — Driver created successfully.
2026-08-14 17:44:32 [INFO    ] popup_handler.py:122 — Checking for 'Get Started' screen...
2026-08-14 17:44:36 [INFO    ] popup_handler.py:134 — 'Get Started' screen not present — skipping.
2026-08-14 17:44:36 [INFO    ] conftest.py:196 — App readiness probe: HiPi is in foreground (com.zee5.hipi).
2026-08-14 17:44:36 [INFO    ] conftest.py:294 — DRIVER SETUP COMPLETE
2026-08-14 17:44:36 [INFO    ] base_test.py:20 — BaseTest setup completed.
2026-08-14 17:44:36 [INFO    ] base_test.py:58 — login_and_reach_feed: START
2026-08-14 17:44:36 [INFO    ] base_test.py:30 — Logging in as default test user.
2026-08-14 17:44:36 [INFO    ] login_page.py:591 — ========== LOGIN FLOW START ==========
2026-08-14 17:44:37 [INFO    ] login_page.py:43 — Opening profile tab
2026-08-14 17:44:38 [INFO    ] login_page.py:53 — Profile tab open attempt 1/2
2026-08-14 17:44:39 [INFO    ] base_page.py:110 — Clicked: ('xpath', "//android.view.View[@clickable='true'][.//android.widget.TextView[@text='Profile']]")
2026-08-14 17:44:46 [ERROR   ] base_page.py:92 — None of the candidate locators became visible within 6s. Candidates: [('-android uiautomator', 'new UiSelector().textContains("Continue")'), ('class name', 'android.widget.EditText')]. Last error: None
2026-08-14 17:44:46 [INFO    ] screenshot_utils.py:54 — Screenshot saved: reports/screenshots/wait_for_any_visible_failed_20260814_174446.png
2026-08-14 17:44:46 [INFO    ] screenshot_utils.py:77 — Page source saved: reports/screenshots/wait_for_any_visible_failed_20260814_174446.xml
2026-08-14 17:44:46 [INFO    ] login_page.py:200 — Already logged in — 'Edit Profile' visible. noReset=true preserved a previous session. Navigating to home feed.
2026-08-14 17:44:47 [INFO    ] base_page.py:110 — Clicked: ('xpath', "//android.view.View[@clickable='true'][.//android.widget.TextView[@text='Home']]")
2026-08-14 17:44:47 [INFO    ] login_page.py:211 — Navigated to home tab.
2026-08-14 17:44:47 [INFO    ] login_page.py:608 — ========== LOGIN SKIPPED (ALREADY LOGGED IN) ==========
2026-08-14 17:44:47 [INFO    ] login_page.py:548 — Validating home page
2026-08-14 17:44:50 [INFO    ] login_page.py:558 — Home page displayed (exo_content_frame visible)
2026-08-14 17:44:50 [INFO    ] base_test.py:63 — login_and_reach_feed: COMPLETE
2026-08-14 17:44:50 [INFO    ] feed_page.py:443 — Saving current video
2026-08-14 17:44:51 [INFO    ] base_page.py:110 — Clicked: ('-android uiautomator', 'new UiSelector().className("android.widget.Button").instance(3)')
2026-08-14 17:44:51 [INFO    ] feed_page.py:453 — Video saved
2026-08-14 17:44:51 [INFO    ] test_feed.py:190 — TEST PASSED: Save video
2026-08-14 17:44:51 [INFO    ] conftest.py:305 — Closing driver session.
2026-08-14 17:44:53 [INFO    ] conftest.py:270 — ==================================================
2026-08-14 17:44:53 [INFO    ] conftest.py:271 — DRIVER SETUP START
2026-08-14 17:44:53 [INFO    ] conftest.py:272 — ==================================================
2026-08-14 17:44:53 [INFO    ] conftest.py:158 — Driver creation attempt 1/3
2026-08-14 17:44:53 [INFO    ] driver_factory.py:53 — ========== DRIVER CREATION START ==========
2026-08-14 17:44:53 [INFO    ] driver_factory.py:70 — Device: emulator | Env: qa | Platform: Android
2026-08-14 17:44:53 [INFO    ] driver_factory.py:136 — Device Name: Android Emulator
2026-08-14 17:44:53 [INFO    ] driver_factory.py:137 — UDID: emulator-5554
2026-08-14 17:44:53 [INFO    ] driver_factory.py:151 — App Package: com.zee5.hipi (noReset=true, activity not set)
2026-08-14 17:45:10 [INFO    ] driver_factory.py:112 — App launched by driver. Waiting for stabilization...
2026-08-14 17:45:12 [INFO    ] driver_factory.py:115 — ========== DRIVER CREATED SUCCESSFULLY ==========
2026-08-14 17:45:12 [INFO    ] conftest.py:281 — Driver created successfully.
2026-08-14 17:45:15 [INFO    ] popup_handler.py:122 — Checking for 'Get Started' screen...
2026-08-14 17:45:19 [INFO    ] popup_handler.py:134 — 'Get Started' screen not present — skipping.
2026-08-14 17:45:19 [INFO    ] conftest.py:196 — App readiness probe: HiPi is in foreground (com.zee5.hipi).
2026-08-14 17:45:19 [INFO    ] conftest.py:294 — DRIVER SETUP COMPLETE
2026-08-14 17:45:19 [INFO    ] base_test.py:20 — BaseTest setup completed.
2026-08-14 17:45:19 [INFO    ] base_test.py:58 — login_and_reach_feed: START
2026-08-14 17:45:19 [INFO    ] base_test.py:30 — Logging in as default test user.
2026-08-14 17:45:19 [INFO    ] login_page.py:591 — ========== LOGIN FLOW START ==========
2026-08-14 17:45:20 [INFO    ] login_page.py:43 — Opening profile tab
2026-08-14 17:45:21 [INFO    ] login_page.py:53 — Profile tab open attempt 1/2
2026-08-14 17:45:22 [INFO    ] base_page.py:110 — Clicked: ('xpath', "//android.view.View[@clickable='true'][.//android.widget.TextView[@text='Profile']]")
2026-08-14 17:45:28 [ERROR   ] base_page.py:92 — None of the candidate locators became visible within 6s. Candidates: [('-android uiautomator', 'new UiSelector().textContains("Continue")'), ('class name', 'android.widget.EditText')]. Last error: None
2026-08-14 17:45:29 [INFO    ] screenshot_utils.py:54 — Screenshot saved: reports/screenshots/wait_for_any_visible_failed_20260814_174528.png
2026-08-14 17:45:29 [INFO    ] screenshot_utils.py:77 — Page source saved: reports/screenshots/wait_for_any_visible_failed_20260814_174529.xml
2026-08-14 17:45:29 [INFO    ] login_page.py:200 — Already logged in — 'Edit Profile' visible. noReset=true preserved a previous session. Navigating to home feed.
2026-08-14 17:45:29 [INFO    ] base_page.py:110 — Clicked: ('xpath', "//android.view.View[@clickable='true'][.//android.widget.TextView[@text='Home']]")
2026-08-14 17:45:29 [INFO    ] login_page.py:211 — Navigated to home tab.
2026-08-14 17:45:29 [INFO    ] login_page.py:608 — ========== LOGIN SKIPPED (ALREADY LOGGED IN) ==========
2026-08-14 17:45:29 [INFO    ] login_page.py:548 — Validating home page
2026-08-14 17:45:31 [INFO    ] login_page.py:558 — Home page displayed (exo_content_frame visible)
2026-08-14 17:45:31 [INFO    ] base_test.py:63 — login_and_reach_feed: COMPLETE
2026-08-14 17:45:31 [INFO    ] feed_page.py:398 — Sharing current video
2026-08-14 17:45:33 [INFO    ] base_page.py:110 — Clicked: ('-android uiautomator', 'new UiSelector().className("android.widget.Button").instance(2)')
2026-08-14 17:45:37 [INFO    ] base_page.py:212 — Pressed back button.
2026-08-14 17:45:38 [WARNING ] base_page.py:253 — App moved to background (android). Activating com.zee5.hipi.
2026-08-14 17:45:42 [INFO    ] feed_page.py:419 — Share sheet dismissed
2026-08-14 17:45:52 [ERROR   ] base_page.py:50 — Element not visible after 10s: ('id', 'com.zee5.hipi:id/exo_content_frame')
2026-08-14 17:45:52 [INFO    ] screenshot_utils.py:54 — Screenshot saved: reports/screenshots/element_not_visible_com.zee5.hipi:id/exo_content_frame_20260814_174552.png
2026-08-14 17:45:52 [ERROR   ] screenshot_utils.py:81 — Page source save failed: [Errno 2] No such file or directory: 'reports/screenshots/element_not_visible_com.zee5.hipi:id/exo_content_frame_20260814_174552.xml'
2026-08-14 17:45:53 [INFO    ] screenshot_utils.py:54 — Screenshot saved: reports/screenshots/test_share_video_20260814_174552.png
2026-08-14 17:45:53 [INFO    ] screenshot_utils.py:77 — Page source saved: reports/screenshots/test_share_video_20260814_174553.xml
2026-08-14 17:45:53 [ERROR   ] conftest.py:398 — Test FAILED: test_share_video
2026-08-14 17:45:53 [INFO    ] conftest.py:305 — Closing driver session.
2026-08-14 17:45:54 [INFO    ] conftest.py:270 — ==================================================
2026-08-14 17:45:54 [INFO    ] conftest.py:271 — DRIVER SETUP START
2026-08-14 17:45:54 [INFO    ] conftest.py:272 — ==================================================
2026-08-14 17:45:54 [INFO    ] conftest.py:158 — Driver creation attempt 1/3
2026-08-14 17:45:54 [INFO    ] driver_factory.py:53 — ========== DRIVER CREATION START ==========
2026-08-14 17:45:54 [INFO    ] driver_factory.py:70 — Device: emulator | Env: qa | Platform: Android
2026-08-14 17:45:54 [INFO    ] driver_factory.py:136 — Device Name: Android Emulator
2026-08-14 17:45:54 [INFO    ] driver_factory.py:137 — UDID: emulator-5554
2026-08-14 17:45:54 [INFO    ] driver_factory.py:151 — App Package: com.zee5.hipi (noReset=true, activity not set)
2026-08-14 17:45:57 [INFO    ] driver_factory.py:112 — App launched by driver. Waiting for stabilization...
2026-08-14 17:45:59 [INFO    ] driver_factory.py:115 — ========== DRIVER CREATED SUCCESSFULLY ==========
2026-08-14 17:45:59 [INFO    ] conftest.py:281 — Driver created successfully.
2026-08-14 17:46:02 [INFO    ] popup_handler.py:122 — Checking for 'Get Started' screen...
2026-08-14 17:46:06 [INFO    ] popup_handler.py:134 — 'Get Started' screen not present — skipping.
2026-08-14 17:46:06 [WARNING ] conftest.py:200 — App readiness probe: unexpected package 'android' (expected 'com.zee5.hipi').
2026-08-14 17:46:06 [INFO    ] conftest.py:294 — DRIVER SETUP COMPLETE
2026-08-14 17:46:06 [INFO    ] base_test.py:20 — BaseTest setup completed.
2026-08-14 17:46:06 [INFO    ] base_test.py:58 — login_and_reach_feed: START
2026-08-14 17:46:06 [INFO    ] base_test.py:30 — Logging in as default test user.
2026-08-14 17:46:06 [INFO    ] login_page.py:591 — ========== LOGIN FLOW START ==========
2026-08-14 17:46:06 [WARNING ] base_page.py:253 — App moved to background (android). Activating com.zee5.hipi.
2026-08-14 17:46:10 [INFO    ] login_page.py:43 — Opening profile tab
2026-08-14 17:46:11 [INFO    ] login_page.py:53 — Profile tab open attempt 1/2
2026-08-14 17:46:11 [WARNING ] base_page.py:253 — App moved to background (android). Activating com.zee5.hipi.
2026-08-14 17:46:23 [ERROR   ] base_page.py:59 — Element not clickable after 8s: ('xpath', "//android.view.View[@clickable='true'][.//android.widget.TextView[@text='Profile']]")
2026-08-14 17:46:25 [INFO    ] screenshot_utils.py:54 — Screenshot saved: reports/screenshots/element_not_clickable_//android.view.View[@clickable='true'][.//android.widget.TextView[@text='Profile']]_20260814_174623.png
2026-08-14 17:46:25 [ERROR   ] screenshot_utils.py:81 — Page source save failed: [Errno 2] No such file or directory: "reports/screenshots/element_not_clickable_//android.view.View[@clickable='true'][.//android.widget.TextView[@text='Profile']]_20260814_174625.xml"
2026-08-14 17:46:25 [ERROR   ] base_page.py:118 — Click failed on attempt 1 for ('xpath', "//android.view.View[@clickable='true'][.//android.widget.TextView[@text='Profile']]"): Message: 
Stacktrace:
NoSuchElementError: An element could not be located on the page using the given search parameters.
    at AndroidUiautomator2Driver.findElOrEls (/Users/vc.rajdeep.kumar/.appium/node_modules/appium-uiautomator2-driver/node_modules/appium-android-driver/build/lib/commands/find.js:62:15)
    at process.processTicksAndRejections (node:internal/process/task_queues:104:5)
    at async AndroidUiautomator2Driver.findElOrElsWithProcessing (/opt/homebrew/lib/node_modules/appium/node_modules/@appium/base-driver/build/lib/basedriver/commands/find.js:12:16)
    at async AndroidUiautomator2Driver.findElement (/opt/homebrew/lib/node_modules/appium/node_modules/@appium/base-driver/build/lib/basedriver/commands/find.js:27:16)
2026-08-14 17:46:25 [WARNING ] base_page.py:262 — Attempting to recover application state...
2026-08-14 17:46:25 [WARNING ] base_page.py:253 — App moved to background (com.google.android.gm). Activating com.zee5.hipi.
2026-08-14 17:46:31 [INFO    ] base_page.py:266 — App recovery attempt completed.
2026-08-14 17:46:31 [INFO    ] screenshot_utils.py:54 — Screenshot saved: reports/screenshots/click_failed_20260814_174631.png
2026-08-14 17:46:31 [INFO    ] screenshot_utils.py:77 — Page source saved: reports/screenshots/click_failed_20260814_174631.xml
2026-08-14 17:46:31 [WARNING ] login_page.py:98 — Element-based click failed: Unable to click ('xpath', "//android.view.View[@clickable='true'][.//android.widget.TextView[@text='Profile']]") after 1 retries. Last exception: Message: 
Stacktrace:
NoSuchElementError: An element could not be located on the page using the given search parameters.
    at AndroidUiautomator2Driver.findElOrEls (/Users/vc.rajdeep.kumar/.appium/node_modules/appium-uiautomator2-driver/node_modules/appium-android-driver/build/lib/commands/find.js:62:15)
    at process.processTicksAndRejections (node:internal/process/task_queues:104:5)
    at async AndroidUiautomator2Driver.findElOrElsWithProcessing (/opt/homebrew/lib/node_modules/appium/node_modules/@appium/base-driver/build/lib/basedriver/commands/find.js:12:16)
    at async AndroidUiautomator2Driver.findElement (/opt/homebrew/lib/node_modules/appium/node_modules/@appium/base-driver/build/lib/basedriver/commands/find.js:27:16)
2026-08-14 17:46:40 [ERROR   ] base_page.py:50 — Element not visible after 8s: ('-android uiautomator', 'new UiSelector().text("Edit Profile")')
2026-08-14 17:46:45 [INFO    ] screenshot_utils.py:54 — Screenshot saved: reports/screenshots/element_not_visible_new UiSelector().text("Edit Profile")_20260814_174640.png
2026-08-14 17:46:45 [INFO    ] screenshot_utils.py:77 — Page source saved: reports/screenshots/element_not_visible_new UiSelector().text("Edit Profile")_20260814_174645.xml
2026-08-14 17:46:45 [INFO    ] login_page.py:224 — Already logged in — home feed visible (exo_content_frame). Skipping login flow.
2026-08-14 17:46:45 [INFO    ] login_page.py:608 — ========== LOGIN SKIPPED (ALREADY LOGGED IN) ==========
2026-08-14 17:46:45 [INFO    ] login_page.py:548 — Validating home page
2026-08-14 17:46:45 [INFO    ] login_page.py:558 — Home page displayed (exo_content_frame visible)
2026-08-14 17:46:45 [INFO    ] base_test.py:63 — login_and_reach_feed: COMPLETE
2026-08-14 17:46:45 [INFO    ] test_feed.py:240 — Pre-test follow state: Following
2026-08-14 17:46:45 [INFO    ] feed_page.py:488 — Following current user
2026-08-14 17:46:45 [INFO    ] feed_page.py:499 — User already followed - skipping
2026-08-14 17:46:45 [INFO    ] test_feed.py:252 — TEST PASSED: Follow user
2026-08-14 17:46:45 [INFO    ] conftest.py:305 — Closing driver session.
2026-08-14 17:46:46 [INFO    ] conftest.py:270 — ==================================================
2026-08-14 17:46:46 [INFO    ] conftest.py:271 — DRIVER SETUP START
2026-08-14 17:46:46 [INFO    ] conftest.py:272 — ==================================================
2026-08-14 17:46:46 [INFO    ] conftest.py:158 — Driver creation attempt 1/3
2026-08-14 17:46:46 [INFO    ] driver_factory.py:53 — ========== DRIVER CREATION START ==========
2026-08-14 17:46:46 [INFO    ] driver_factory.py:70 — Device: emulator | Env: qa | Platform: Android
2026-08-14 17:46:46 [INFO    ] driver_factory.py:136 — Device Name: Android Emulator
2026-08-14 17:46:46 [INFO    ] driver_factory.py:137 — UDID: emulator-5554
2026-08-14 17:46:46 [INFO    ] driver_factory.py:151 — App Package: com.zee5.hipi (noReset=true, activity not set)
2026-08-14 17:46:58 [INFO    ] driver_factory.py:112 — App launched by driver. Waiting for stabilization...
2026-08-14 17:47:00 [INFO    ] driver_factory.py:115 — ========== DRIVER CREATED SUCCESSFULLY ==========
2026-08-14 17:47:00 [INFO    ] conftest.py:281 — Driver created successfully.
2026-08-14 17:47:03 [INFO    ] popup_handler.py:122 — Checking for 'Get Started' screen...
2026-08-14 17:47:07 [INFO    ] popup_handler.py:134 — 'Get Started' screen not present — skipping.
2026-08-14 17:47:07 [INFO    ] conftest.py:196 — App readiness probe: HiPi is in foreground (com.zee5.hipi).
2026-08-14 17:47:07 [INFO    ] conftest.py:294 — DRIVER SETUP COMPLETE
2026-08-14 17:47:07 [INFO    ] base_test.py:20 — BaseTest setup completed.
2026-08-14 17:47:07 [INFO    ] base_test.py:58 — login_and_reach_feed: START
2026-08-14 17:47:07 [INFO    ] base_test.py:30 — Logging in as default test user.
2026-08-14 17:47:07 [INFO    ] login_page.py:591 — ========== LOGIN FLOW START ==========
2026-08-14 17:47:08 [INFO    ] login_page.py:43 — Opening profile tab
2026-08-14 17:47:09 [INFO    ] login_page.py:53 — Profile tab open attempt 1/2
2026-08-14 17:47:11 [INFO    ] base_page.py:110 — Clicked: ('xpath', "//android.view.View[@clickable='true'][.//android.widget.TextView[@text='Profile']]")
2026-08-14 17:47:17 [ERROR   ] base_page.py:92 — None of the candidate locators became visible within 6s. Candidates: [('-android uiautomator', 'new UiSelector().textContains("Continue")'), ('class name', 'android.widget.EditText')]. Last error: None
2026-08-14 17:47:18 [INFO    ] screenshot_utils.py:54 — Screenshot saved: reports/screenshots/wait_for_any_visible_failed_20260814_174717.png
2026-08-14 17:47:18 [INFO    ] screenshot_utils.py:77 — Page source saved: reports/screenshots/wait_for_any_visible_failed_20260814_174718.xml
2026-08-14 17:47:18 [INFO    ] login_page.py:200 — Already logged in — 'Edit Profile' visible. noReset=true preserved a previous session. Navigating to home feed.
2026-08-14 17:47:18 [INFO    ] base_page.py:110 — Clicked: ('xpath', "//android.view.View[@clickable='true'][.//android.widget.TextView[@text='Home']]")
2026-08-14 17:47:18 [INFO    ] login_page.py:211 — Navigated to home tab.
2026-08-14 17:47:18 [INFO    ] login_page.py:608 — ========== LOGIN SKIPPED (ALREADY LOGGED IN) ==========
2026-08-14 17:47:18 [INFO    ] login_page.py:548 — Validating home page
2026-08-14 17:47:21 [INFO    ] login_page.py:558 — Home page displayed (exo_content_frame visible)
2026-08-14 17:47:21 [INFO    ] base_test.py:63 — login_and_reach_feed: COMPLETE
2026-08-14 17:47:21 [INFO    ] feed_page.py:533 — Toggling mute on current video
2026-08-14 17:47:24 [INFO    ] base_page.py:110 — Clicked: ('-android uiautomator', 'new UiSelector().className("android.widget.Button").instance(5)')
2026-08-14 17:47:24 [INFO    ] feed_page.py:543 — Mute toggled
2026-08-14 17:47:24 [INFO    ] test_feed.py:279 — TEST PASSED: Mute video
2026-08-14 17:47:24 [INFO    ] conftest.py:305 — Closing driver session.
2026-08-14 17:47:26 [INFO    ] conftest.py:270 — ==================================================
2026-08-14 17:47:26 [INFO    ] conftest.py:271 — DRIVER SETUP START
2026-08-14 17:47:26 [INFO    ] conftest.py:272 — ==================================================
2026-08-14 17:47:26 [INFO    ] conftest.py:158 — Driver creation attempt 1/3
2026-08-14 17:47:27 [INFO    ] driver_factory.py:53 — ========== DRIVER CREATION START ==========
2026-08-14 17:47:27 [INFO    ] driver_factory.py:70 — Device: emulator | Env: qa | Platform: Android
2026-08-14 17:47:27 [INFO    ] driver_factory.py:136 — Device Name: Android Emulator
2026-08-14 17:47:27 [INFO    ] driver_factory.py:137 — UDID: emulator-5554
2026-08-14 17:47:27 [INFO    ] driver_factory.py:151 — App Package: com.zee5.hipi (noReset=true, activity not set)
2026-08-14 17:47:44 [INFO    ] driver_factory.py:112 — App launched by driver. Waiting for stabilization...
2026-08-14 17:47:46 [INFO    ] driver_factory.py:115 — ========== DRIVER CREATED SUCCESSFULLY ==========
2026-08-14 17:47:46 [INFO    ] conftest.py:281 — Driver created successfully.
2026-08-14 17:47:51 [INFO    ] popup_handler.py:122 — Checking for 'Get Started' screen...
2026-08-14 17:47:54 [INFO    ] popup_handler.py:134 — 'Get Started' screen not present — skipping.
2026-08-14 17:47:54 [INFO    ] conftest.py:196 — App readiness probe: HiPi is in foreground (com.zee5.hipi).
2026-08-14 17:47:54 [INFO    ] conftest.py:294 — DRIVER SETUP COMPLETE
2026-08-14 17:47:54 [INFO    ] base_test.py:20 — BaseTest setup completed.
2026-08-14 17:47:54 [INFO    ] base_test.py:58 — login_and_reach_feed: START
2026-08-14 17:47:54 [INFO    ] base_test.py:30 — Logging in as default test user.
2026-08-14 17:47:54 [INFO    ] login_page.py:591 — ========== LOGIN FLOW START ==========
2026-08-14 17:47:55 [INFO    ] login_page.py:43 — Opening profile tab
2026-08-14 17:47:56 [INFO    ] login_page.py:53 — Profile tab open attempt 1/2
2026-08-14 17:48:05 [ERROR   ] base_page.py:59 — Element not clickable after 8s: ('xpath', "//android.view.View[@clickable='true'][.//android.widget.TextView[@text='Profile']]")
2026-08-14 17:48:10 [INFO    ] screenshot_utils.py:54 — Screenshot saved: reports/screenshots/element_not_clickable_//android.view.View[@clickable='true'][.//android.widget.TextView[@text='Profile']]_20260814_174805.png
2026-08-14 17:48:10 [ERROR   ] screenshot_utils.py:81 — Page source save failed: [Errno 2] No such file or directory: "reports/screenshots/element_not_clickable_//android.view.View[@clickable='true'][.//android.widget.TextView[@text='Profile']]_20260814_174810.xml"
2026-08-14 17:48:10 [ERROR   ] base_page.py:118 — Click failed on attempt 1 for ('xpath', "//android.view.View[@clickable='true'][.//android.widget.TextView[@text='Profile']]"): Message: 
Stacktrace:
NoSuchElementError: An element could not be located on the page using the given search parameters.
    at AndroidUiautomator2Driver.findElOrEls (/Users/vc.rajdeep.kumar/.appium/node_modules/appium-uiautomator2-driver/node_modules/appium-android-driver/build/lib/commands/find.js:62:15)
    at process.processTicksAndRejections (node:internal/process/task_queues:104:5)
    at async AndroidUiautomator2Driver.findElOrElsWithProcessing (/opt/homebrew/lib/node_modules/appium/node_modules/@appium/base-driver/build/lib/basedriver/commands/find.js:12:16)
    at async AndroidUiautomator2Driver.findElement (/opt/homebrew/lib/node_modules/appium/node_modules/@appium/base-driver/build/lib/basedriver/commands/find.js:27:16)
2026-08-14 17:48:10 [WARNING ] base_page.py:262 — Attempting to recover application state...
2026-08-14 17:48:14 [INFO    ] base_page.py:266 — App recovery attempt completed.
2026-08-14 17:48:16 [INFO    ] screenshot_utils.py:54 — Screenshot saved: reports/screenshots/click_failed_20260814_174814.png
2026-08-14 17:48:16 [INFO    ] screenshot_utils.py:77 — Page source saved: reports/screenshots/click_failed_20260814_174816.xml
2026-08-14 17:48:16 [WARNING ] login_page.py:98 — Element-based click failed: Unable to click ('xpath', "//android.view.View[@clickable='true'][.//android.widget.TextView[@text='Profile']]") after 1 retries. Last exception: Message: 
Stacktrace:
NoSuchElementError: An element could not be located on the page using the given search parameters.
    at AndroidUiautomator2Driver.findElOrEls (/Users/vc.rajdeep.kumar/.appium/node_modules/appium-uiautomator2-driver/node_modules/appium-android-driver/build/lib/commands/find.js:62:15)
    at process.processTicksAndRejections (node:internal/process/task_queues:104:5)
    at async AndroidUiautomator2Driver.findElOrElsWithProcessing (/opt/homebrew/lib/node_modules/appium/node_modules/@appium/base-driver/build/lib/basedriver/commands/find.js:12:16)
    at async AndroidUiautomator2Driver.findElement (/opt/homebrew/lib/node_modules/appium/node_modules/@appium/base-driver/build/lib/basedriver/commands/find.js:27:16)
2026-08-14 17:48:24 [ERROR   ] base_page.py:50 — Element not visible after 8s: ('-android uiautomator', 'new UiSelector().text("Edit Profile")')
2026-08-14 17:48:27 [INFO    ] screenshot_utils.py:54 — Screenshot saved: reports/screenshots/element_not_visible_new UiSelector().text("Edit Profile")_20260814_174824.png
2026-08-14 17:48:27 [INFO    ] screenshot_utils.py:77 — Page source saved: reports/screenshots/element_not_visible_new UiSelector().text("Edit Profile")_20260814_174827.xml
2026-08-14 17:48:29 [INFO    ] login_page.py:224 — Already logged in — home feed visible (exo_content_frame). Skipping login flow.
2026-08-14 17:48:29 [INFO    ] login_page.py:608 — ========== LOGIN SKIPPED (ALREADY LOGGED IN) ==========
2026-08-14 17:48:29 [INFO    ] login_page.py:548 — Validating home page
2026-08-14 17:48:29 [INFO    ] login_page.py:558 — Home page displayed (exo_content_frame visible)
2026-08-14 17:48:29 [INFO    ] base_test.py:63 — login_and_reach_feed: COMPLETE
2026-08-14 17:48:29 [INFO    ] feed_page.py:533 — Toggling mute on current video
2026-08-14 17:48:30 [INFO    ] base_page.py:110 — Clicked: ('-android uiautomator', 'new UiSelector().className("android.widget.Button").instance(5)')
2026-08-14 17:48:30 [INFO    ] feed_page.py:543 — Mute toggled
2026-08-14 17:48:31 [INFO    ] feed_page.py:533 — Toggling mute on current video
2026-08-14 17:48:41 [ERROR   ] base_page.py:59 — Element not clickable after 10s: ('-android uiautomator', 'new UiSelector().className("android.widget.Button").instance(5)')
2026-08-14 17:48:47 [INFO    ] screenshot_utils.py:54 — Screenshot saved: reports/screenshots/element_not_clickable_new UiSelector().className("android.widget.Button").instance(5)_20260814_174841.png
2026-08-14 17:48:48 [INFO    ] screenshot_utils.py:77 — Page source saved: reports/screenshots/element_not_clickable_new UiSelector().className("android.widget.Button").instance(5)_20260814_174847.xml
2026-08-14 17:48:48 [ERROR   ] base_page.py:118 — Click failed on attempt 1 for ('-android uiautomator', 'new UiSelector().className("android.widget.Button").instance(5)'): Message: 
Stacktrace:
NoSuchElementError: An element could not be located on the page using the given search parameters.
    at AndroidUiautomator2Driver.findElOrEls (/Users/vc.rajdeep.kumar/.appium/node_modules/appium-uiautomator2-driver/node_modules/appium-android-driver/build/lib/commands/find.js:62:15)
    at process.processTicksAndRejections (node:internal/process/task_queues:104:5)
    at async AndroidUiautomator2Driver.findElOrElsWithProcessing (/opt/homebrew/lib/node_modules/appium/node_modules/@appium/base-driver/build/lib/basedriver/commands/find.js:12:16)
    at async AndroidUiautomator2Driver.findElement (/opt/homebrew/lib/node_modules/appium/node_modules/@appium/base-driver/build/lib/basedriver/commands/find.js:27:16)
2026-08-14 17:48:48 [WARNING ] base_page.py:262 — Attempting to recover application state...
2026-08-14 17:48:51 [INFO    ] base_page.py:266 — App recovery attempt completed.
2026-08-14 17:49:02 [ERROR   ] base_page.py:59 — Element not clickable after 10s: ('-android uiautomator', 'new UiSelector().className("android.widget.Button").instance(5)')
2026-08-14 17:49:04 [INFO    ] screenshot_utils.py:54 — Screenshot saved: reports/screenshots/element_not_clickable_new UiSelector().className("android.widget.Button").instance(5)_20260814_174902.png
2026-08-14 17:49:04 [INFO    ] screenshot_utils.py:77 — Page source saved: reports/screenshots/element_not_clickable_new UiSelector().className("android.widget.Button").instance(5)_20260814_174904.xml
2026-08-14 17:49:04 [ERROR   ] base_page.py:118 — Click failed on attempt 2 for ('-android uiautomator', 'new UiSelector().className("android.widget.Button").instance(5)'): Message: 
Stacktrace:
NoSuchElementError: An element could not be located on the page using the given search parameters.
    at AndroidUiautomator2Driver.findElOrEls (/Users/vc.rajdeep.kumar/.appium/node_modules/appium-uiautomator2-driver/node_modules/appium-android-driver/build/lib/commands/find.js:62:15)
    at process.processTicksAndRejections (node:internal/process/task_queues:104:5)
    at async AndroidUiautomator2Driver.findElOrElsWithProcessing (/opt/homebrew/lib/node_modules/appium/node_modules/@appium/base-driver/build/lib/basedriver/commands/find.js:12:16)
    at async AndroidUiautomator2Driver.findElement (/opt/homebrew/lib/node_modules/appium/node_modules/@appium/base-driver/build/lib/basedriver/commands/find.js:27:16)
2026-08-14 17:49:04 [WARNING ] base_page.py:262 — Attempting to recover application state...
2026-08-14 17:49:08 [INFO    ] base_page.py:266 — App recovery attempt completed.
2026-08-14 17:49:11 [INFO    ] base_page.py:110 — Clicked: ('-android uiautomator', 'new UiSelector().className("android.widget.Button").instance(5)')
2026-08-14 17:49:11 [INFO    ] feed_page.py:543 — Mute toggled
2026-08-14 17:49:11 [INFO    ] test_feed.py:302 — TEST PASSED: Mute/unmute toggle
2026-08-14 17:49:11 [INFO    ] conftest.py:305 — Closing driver session.
2026-08-14 17:49:14 [INFO    ] conftest.py:270 — ==================================================
2026-08-14 17:49:14 [INFO    ] conftest.py:271 — DRIVER SETUP START
2026-08-14 17:49:14 [INFO    ] conftest.py:272 — ==================================================
2026-08-14 17:49:14 [INFO    ] conftest.py:158 — Driver creation attempt 1/3
2026-08-14 17:49:15 [INFO    ] driver_factory.py:53 — ========== DRIVER CREATION START ==========
2026-08-14 17:49:15 [INFO    ] driver_factory.py:70 — Device: emulator | Env: qa | Platform: Android
2026-08-14 17:49:15 [INFO    ] driver_factory.py:136 — Device Name: Android Emulator
2026-08-14 17:49:15 [INFO    ] driver_factory.py:137 — UDID: emulator-5554
2026-08-14 17:49:15 [INFO    ] driver_factory.py:151 — App Package: com.zee5.hipi (noReset=true, activity not set)
2026-08-14 17:49:30 [INFO    ] driver_factory.py:112 — App launched by driver. Waiting for stabilization...
2026-08-14 17:49:32 [INFO    ] driver_factory.py:115 — ========== DRIVER CREATED SUCCESSFULLY ==========
2026-08-14 17:49:32 [INFO    ] conftest.py:281 — Driver created successfully.
2026-08-14 17:49:36 [INFO    ] popup_handler.py:122 — Checking for 'Get Started' screen...
2026-08-14 17:49:39 [INFO    ] popup_handler.py:134 — 'Get Started' screen not present — skipping.
2026-08-14 17:49:39 [INFO    ] conftest.py:196 — App readiness probe: HiPi is in foreground (com.zee5.hipi).
2026-08-14 17:49:39 [INFO    ] conftest.py:294 — DRIVER SETUP COMPLETE
2026-08-14 17:49:39 [INFO    ] base_test.py:20 — BaseTest setup completed.
2026-08-14 17:49:39 [INFO    ] base_test.py:58 — login_and_reach_feed: START
2026-08-14 17:49:39 [INFO    ] base_test.py:30 — Logging in as default test user.
2026-08-14 17:49:39 [INFO    ] login_page.py:591 — ========== LOGIN FLOW START ==========
2026-08-14 17:49:40 [INFO    ] login_page.py:43 — Opening profile tab
2026-08-14 17:49:41 [INFO    ] login_page.py:53 — Profile tab open attempt 1/2
2026-08-14 17:49:42 [INFO    ] base_page.py:110 — Clicked: ('xpath', "//android.view.View[@clickable='true'][.//android.widget.TextView[@text='Profile']]")
2026-08-14 17:49:49 [ERROR   ] base_page.py:92 — None of the candidate locators became visible within 6s. Candidates: [('-android uiautomator', 'new UiSelector().textContains("Continue")'), ('class name', 'android.widget.EditText')]. Last error: None
2026-08-14 17:49:49 [INFO    ] screenshot_utils.py:54 — Screenshot saved: reports/screenshots/wait_for_any_visible_failed_20260814_174949.png
2026-08-14 17:49:49 [INFO    ] screenshot_utils.py:77 — Page source saved: reports/screenshots/wait_for_any_visible_failed_20260814_174949.xml
2026-08-14 17:49:49 [INFO    ] login_page.py:200 — Already logged in — 'Edit Profile' visible. noReset=true preserved a previous session. Navigating to home feed.
2026-08-14 17:49:50 [INFO    ] base_page.py:110 — Clicked: ('xpath', "//android.view.View[@clickable='true'][.//android.widget.TextView[@text='Home']]")
2026-08-14 17:49:50 [INFO    ] login_page.py:211 — Navigated to home tab.
2026-08-14 17:49:50 [INFO    ] login_page.py:608 — ========== LOGIN SKIPPED (ALREADY LOGGED IN) ==========
2026-08-14 17:49:50 [INFO    ] login_page.py:548 — Validating home page
2026-08-14 17:49:52 [INFO    ] login_page.py:558 — Home page displayed (exo_content_frame visible)
2026-08-14 17:49:52 [INFO    ] base_test.py:63 — login_and_reach_feed: COMPLETE
2026-08-14 17:49:52 [INFO    ] feed_page.py:567 — Pausing current reel
2026-08-14 17:50:03 [ERROR   ] base_page.py:59 — Element not clickable after 10s: ('xpath', "//android.view.View[@clickable='true'][.//android.widget.FrameLayout[@resource-id='com.zee5.hipi:id/exo_content_frame']]")
2026-08-14 17:50:09 [INFO    ] screenshot_utils.py:54 — Screenshot saved: reports/screenshots/element_not_clickable_//android.view.View[@clickable='true'][.//android.widget.FrameLayout[@resource-id='com.zee5.hipi:id/exo_content_frame']]_20260814_175003.png
2026-08-14 17:50:09 [ERROR   ] screenshot_utils.py:81 — Page source save failed: [Errno 2] No such file or directory: "reports/screenshots/element_not_clickable_//android.view.View[@clickable='true'][.//android.widget.FrameLayout[@resource-id='com.zee5.hipi:id/exo_content_frame']]_20260814_175009.xml"
2026-08-14 17:50:09 [ERROR   ] base_page.py:118 — Click failed on attempt 1 for ('xpath', "//android.view.View[@clickable='true'][.//android.widget.FrameLayout[@resource-id='com.zee5.hipi:id/exo_content_frame']]"): Message: 
Stacktrace:
NoSuchElementError: An element could not be located on the page using the given search parameters.
    at AndroidUiautomator2Driver.findElOrEls (/Users/vc.rajdeep.kumar/.appium/node_modules/appium-uiautomator2-driver/node_modules/appium-android-driver/build/lib/commands/find.js:62:15)
    at process.processTicksAndRejections (node:internal/process/task_queues:104:5)
    at async AndroidUiautomator2Driver.findElOrElsWithProcessing (/opt/homebrew/lib/node_modules/appium/node_modules/@appium/base-driver/build/lib/basedriver/commands/find.js:12:16)
    at async AndroidUiautomator2Driver.findElement (/opt/homebrew/lib/node_modules/appium/node_modules/@appium/base-driver/build/lib/basedriver/commands/find.js:27:16)
2026-08-14 17:50:09 [WARNING ] base_page.py:262 — Attempting to recover application state...
2026-08-14 17:50:13 [INFO    ] base_page.py:266 — App recovery attempt completed.
2026-08-14 17:50:24 [ERROR   ] base_page.py:59 — Element not clickable after 10s: ('xpath', "//android.view.View[@clickable='true'][.//android.widget.FrameLayout[@resource-id='com.zee5.hipi:id/exo_content_frame']]")
2026-08-14 17:50:29 [INFO    ] screenshot_utils.py:54 — Screenshot saved: reports/screenshots/element_not_clickable_//android.view.View[@clickable='true'][.//android.widget.FrameLayout[@resource-id='com.zee5.hipi:id/exo_content_frame']]_20260814_175024.png
2026-08-14 17:50:29 [ERROR   ] screenshot_utils.py:81 — Page source save failed: [Errno 2] No such file or directory: "reports/screenshots/element_not_clickable_//android.view.View[@clickable='true'][.//android.widget.FrameLayout[@resource-id='com.zee5.hipi:id/exo_content_frame']]_20260814_175029.xml"
2026-08-14 17:50:29 [ERROR   ] base_page.py:118 — Click failed on attempt 2 for ('xpath', "//android.view.View[@clickable='true'][.//android.widget.FrameLayout[@resource-id='com.zee5.hipi:id/exo_content_frame']]"): Message: 
Stacktrace:
NoSuchElementError: An element could not be located on the page using the given search parameters.
    at AndroidUiautomator2Driver.findElOrEls (/Users/vc.rajdeep.kumar/.appium/node_modules/appium-uiautomator2-driver/node_modules/appium-android-driver/build/lib/commands/find.js:62:15)
    at process.processTicksAndRejections (node:internal/process/task_queues:104:5)
    at async AndroidUiautomator2Driver.findElOrElsWithProcessing (/opt/homebrew/lib/node_modules/appium/node_modules/@appium/base-driver/build/lib/basedriver/commands/find.js:12:16)
    at async AndroidUiautomator2Driver.findElement (/opt/homebrew/lib/node_modules/appium/node_modules/@appium/base-driver/build/lib/basedriver/commands/find.js:27:16)
2026-08-14 17:50:29 [WARNING ] base_page.py:262 — Attempting to recover application state...
2026-08-14 17:50:33 [INFO    ] base_page.py:266 — App recovery attempt completed.
2026-08-14 17:50:44 [ERROR   ] base_page.py:59 — Element not clickable after 10s: ('xpath', "//android.view.View[@clickable='true'][.//android.widget.FrameLayout[@resource-id='com.zee5.hipi:id/exo_content_frame']]")
2026-08-14 17:50:49 [INFO    ] screenshot_utils.py:54 — Screenshot saved: reports/screenshots/element_not_clickable_//android.view.View[@clickable='true'][.//android.widget.FrameLayout[@resource-id='com.zee5.hipi:id/exo_content_frame']]_20260814_175044.png
2026-08-14 17:50:49 [ERROR   ] screenshot_utils.py:81 — Page source save failed: [Errno 2] No such file or directory: "reports/screenshots/element_not_clickable_//android.view.View[@clickable='true'][.//android.widget.FrameLayout[@resource-id='com.zee5.hipi:id/exo_content_frame']]_20260814_175049.xml"
2026-08-14 17:50:49 [ERROR   ] base_page.py:118 — Click failed on attempt 3 for ('xpath', "//android.view.View[@clickable='true'][.//android.widget.FrameLayout[@resource-id='com.zee5.hipi:id/exo_content_frame']]"): Message: 
Stacktrace:
NoSuchElementError: An element could not be located on the page using the given search parameters.
    at AndroidUiautomator2Driver.findElOrEls (/Users/vc.rajdeep.kumar/.appium/node_modules/appium-uiautomator2-driver/node_modules/appium-android-driver/build/lib/commands/find.js:62:15)
    at process.processTicksAndRejections (node:internal/process/task_queues:104:5)
    at async AndroidUiautomator2Driver.findElOrElsWithProcessing (/opt/homebrew/lib/node_modules/appium/node_modules/@appium/base-driver/build/lib/basedriver/commands/find.js:12:16)
    at async AndroidUiautomator2Driver.findElement (/opt/homebrew/lib/node_modules/appium/node_modules/@appium/base-driver/build/lib/basedriver/commands/find.js:27:16)
2026-08-14 17:50:49 [WARNING ] base_page.py:262 — Attempting to recover application state...
2026-08-14 17:50:53 [INFO    ] base_page.py:266 — App recovery attempt completed.
2026-08-14 17:50:58 [INFO    ] screenshot_utils.py:54 — Screenshot saved: reports/screenshots/click_failed_20260814_175053.png
2026-08-14 17:50:59 [INFO    ] screenshot_utils.py:77 — Page source saved: reports/screenshots/click_failed_20260814_175058.xml
2026-08-14 17:50:59 [ERROR   ] feed_page.py:585 — Pause reel failed: Unable to click ('xpath', "//android.view.View[@clickable='true'][.//android.widget.FrameLayout[@resource-id='com.zee5.hipi:id/exo_content_frame']]") after 3 retries. Last exception: Message: 
Stacktrace:
NoSuchElementError: An element could not be located on the page using the given search parameters.
    at AndroidUiautomator2Driver.findElOrEls (/Users/vc.rajdeep.kumar/.appium/node_modules/appium-uiautomator2-driver/node_modules/appium-android-driver/build/lib/commands/find.js:62:15)
    at process.processTicksAndRejections (node:internal/process/task_queues:104:5)
    at async AndroidUiautomator2Driver.findElOrElsWithProcessing (/opt/homebrew/lib/node_modules/appium/node_modules/@appium/base-driver/build/lib/basedriver/commands/find.js:12:16)
    at async AndroidUiautomator2Driver.findElement (/opt/homebrew/lib/node_modules/appium/node_modules/@appium/base-driver/build/lib/basedriver/commands/find.js:27:16)
2026-08-14 17:51:04 [INFO    ] screenshot_utils.py:54 — Screenshot saved: reports/screenshots/pause_reel_failed_20260814_175059.png
2026-08-14 17:51:05 [INFO    ] screenshot_utils.py:77 — Page source saved: reports/screenshots/pause_reel_failed_20260814_175104.xml
2026-08-14 17:51:12 [INFO    ] screenshot_utils.py:54 — Screenshot saved: reports/screenshots/test_pause_reel_20260814_175105.png
2026-08-14 17:51:13 [INFO    ] screenshot_utils.py:77 — Page source saved: reports/screenshots/test_pause_reel_20260814_175112.xml
2026-08-14 17:51:13 [ERROR   ] conftest.py:398 — Test FAILED: test_pause_reel
2026-08-14 17:51:13 [INFO    ] conftest.py:305 — Closing driver session.
2026-08-14 17:51:16 [INFO    ] conftest.py:270 — ==================================================
2026-08-14 17:51:16 [INFO    ] conftest.py:271 — DRIVER SETUP START
2026-08-14 17:51:16 [INFO    ] conftest.py:272 — ==================================================
2026-08-14 17:51:16 [INFO    ] conftest.py:158 — Driver creation attempt 1/3
2026-08-14 17:51:18 [INFO    ] driver_factory.py:53 — ========== DRIVER CREATION START ==========
2026-08-14 17:51:18 [INFO    ] driver_factory.py:70 — Device: emulator | Env: qa | Platform: Android
2026-08-14 17:51:18 [INFO    ] driver_factory.py:136 — Device Name: Android Emulator
2026-08-14 17:51:18 [INFO    ] driver_factory.py:137 — UDID: emulator-5554
2026-08-14 17:51:18 [INFO    ] driver_factory.py:151 — App Package: com.zee5.hipi (noReset=true, activity not set)
2026-08-14 17:51:34 [INFO    ] driver_factory.py:112 — App launched by driver. Waiting for stabilization...
2026-08-14 17:51:36 [INFO    ] driver_factory.py:115 — ========== DRIVER CREATED SUCCESSFULLY ==========
2026-08-14 17:51:36 [INFO    ] conftest.py:281 — Driver created successfully.
2026-08-14 17:51:40 [INFO    ] popup_handler.py:122 — Checking for 'Get Started' screen...
2026-08-14 17:51:43 [INFO    ] popup_handler.py:134 — 'Get Started' screen not present — skipping.
2026-08-14 17:51:43 [INFO    ] conftest.py:196 — App readiness probe: HiPi is in foreground (com.zee5.hipi).
2026-08-14 17:51:43 [INFO    ] conftest.py:294 — DRIVER SETUP COMPLETE
2026-08-14 17:51:43 [INFO    ] base_test.py:20 — BaseTest setup completed.
2026-08-14 17:51:43 [INFO    ] base_test.py:58 — login_and_reach_feed: START
2026-08-14 17:51:43 [INFO    ] base_test.py:30 — Logging in as default test user.
2026-08-14 17:51:43 [INFO    ] login_page.py:591 — ========== LOGIN FLOW START ==========
2026-08-14 17:51:44 [INFO    ] login_page.py:43 — Opening profile tab
2026-08-14 17:51:45 [INFO    ] login_page.py:53 — Profile tab open attempt 1/2
2026-08-14 17:51:46 [INFO    ] base_page.py:110 — Clicked: ('xpath', "//android.view.View[@clickable='true'][.//android.widget.TextView[@text='Profile']]")
2026-08-14 17:51:52 [ERROR   ] base_page.py:92 — None of the candidate locators became visible within 6s. Candidates: [('-android uiautomator', 'new UiSelector().textContains("Continue")'), ('class name', 'android.widget.EditText')]. Last error: None
2026-08-14 17:51:53 [INFO    ] screenshot_utils.py:54 — Screenshot saved: reports/screenshots/wait_for_any_visible_failed_20260814_175152.png
2026-08-14 17:51:53 [INFO    ] screenshot_utils.py:77 — Page source saved: reports/screenshots/wait_for_any_visible_failed_20260814_175153.xml
2026-08-14 17:51:53 [INFO    ] login_page.py:200 — Already logged in — 'Edit Profile' visible. noReset=true preserved a previous session. Navigating to home feed.
2026-08-14 17:51:53 [INFO    ] base_page.py:110 — Clicked: ('xpath', "//android.view.View[@clickable='true'][.//android.widget.TextView[@text='Home']]")
2026-08-14 17:51:53 [INFO    ] login_page.py:211 — Navigated to home tab.
2026-08-14 17:51:53 [INFO    ] login_page.py:608 — ========== LOGIN SKIPPED (ALREADY LOGGED IN) ==========
2026-08-14 17:51:53 [INFO    ] login_page.py:548 — Validating home page
2026-08-14 17:51:56 [INFO    ] login_page.py:558 — Home page displayed (exo_content_frame visible)
2026-08-14 17:51:56 [INFO    ] base_test.py:63 — login_and_reach_feed: COMPLETE
2026-08-14 17:51:56 [INFO    ] feed_page.py:567 — Pausing current reel
2026-08-14 17:52:08 [ERROR   ] base_page.py:59 — Element not clickable after 10s: ('xpath', "//android.view.View[@clickable='true'][.//android.widget.FrameLayout[@resource-id='com.zee5.hipi:id/exo_content_frame']]")
2026-08-14 17:52:12 [INFO    ] screenshot_utils.py:54 — Screenshot saved: reports/screenshots/element_not_clickable_//android.view.View[@clickable='true'][.//android.widget.FrameLayout[@resource-id='com.zee5.hipi:id/exo_content_frame']]_20260814_175208.png
2026-08-14 17:52:12 [ERROR   ] screenshot_utils.py:81 — Page source save failed: [Errno 2] No such file or directory: "reports/screenshots/element_not_clickable_//android.view.View[@clickable='true'][.//android.widget.FrameLayout[@resource-id='com.zee5.hipi:id/exo_content_frame']]_20260814_175212.xml"
2026-08-14 17:52:12 [ERROR   ] base_page.py:118 — Click failed on attempt 1 for ('xpath', "//android.view.View[@clickable='true'][.//android.widget.FrameLayout[@resource-id='com.zee5.hipi:id/exo_content_frame']]"): Message: 
Stacktrace:
NoSuchElementError: An element could not be located on the page using the given search parameters.
    at AndroidUiautomator2Driver.findElOrEls (/Users/vc.rajdeep.kumar/.appium/node_modules/appium-uiautomator2-driver/node_modules/appium-android-driver/build/lib/commands/find.js:62:15)
    at process.processTicksAndRejections (node:internal/process/task_queues:104:5)
    at async AndroidUiautomator2Driver.findElOrElsWithProcessing (/opt/homebrew/lib/node_modules/appium/node_modules/@appium/base-driver/build/lib/basedriver/commands/find.js:12:16)
    at async AndroidUiautomator2Driver.findElement (/opt/homebrew/lib/node_modules/appium/node_modules/@appium/base-driver/build/lib/basedriver/commands/find.js:27:16)
2026-08-14 17:52:12 [WARNING ] base_page.py:262 — Attempting to recover application state...
2026-08-14 17:52:15 [INFO    ] base_page.py:266 — App recovery attempt completed.
2026-08-14 17:52:26 [ERROR   ] base_page.py:59 — Element not clickable after 10s: ('xpath', "//android.view.View[@clickable='true'][.//android.widget.FrameLayout[@resource-id='com.zee5.hipi:id/exo_content_frame']]")
2026-08-14 17:52:31 [INFO    ] screenshot_utils.py:54 — Screenshot saved: reports/screenshots/element_not_clickable_//android.view.View[@clickable='true'][.//android.widget.FrameLayout[@resource-id='com.zee5.hipi:id/exo_content_frame']]_20260814_175226.png
2026-08-14 17:52:31 [ERROR   ] screenshot_utils.py:81 — Page source save failed: [Errno 2] No such file or directory: "reports/screenshots/element_not_clickable_//android.view.View[@clickable='true'][.//android.widget.FrameLayout[@resource-id='com.zee5.hipi:id/exo_content_frame']]_20260814_175231.xml"
2026-08-14 17:52:31 [ERROR   ] base_page.py:118 — Click failed on attempt 2 for ('xpath', "//android.view.View[@clickable='true'][.//android.widget.FrameLayout[@resource-id='com.zee5.hipi:id/exo_content_frame']]"): Message: 
Stacktrace:
NoSuchElementError: An element could not be located on the page using the given search parameters.
    at AndroidUiautomator2Driver.findElOrEls (/Users/vc.rajdeep.kumar/.appium/node_modules/appium-uiautomator2-driver/node_modules/appium-android-driver/build/lib/commands/find.js:62:15)
    at process.processTicksAndRejections (node:internal/process/task_queues:104:5)
    at async AndroidUiautomator2Driver.findElOrElsWithProcessing (/opt/homebrew/lib/node_modules/appium/node_modules/@appium/base-driver/build/lib/basedriver/commands/find.js:12:16)
    at async AndroidUiautomator2Driver.findElement (/opt/homebrew/lib/node_modules/appium/node_modules/@appium/base-driver/build/lib/basedriver/commands/find.js:27:16)
2026-08-14 17:52:31 [WARNING ] base_page.py:262 — Attempting to recover application state...
2026-08-14 17:52:34 [INFO    ] base_page.py:266 — App recovery attempt completed.
2026-08-14 17:52:45 [ERROR   ] base_page.py:59 — Element not clickable after 10s: ('xpath', "//android.view.View[@clickable='true'][.//android.widget.FrameLayout[@resource-id='com.zee5.hipi:id/exo_content_frame']]")
2026-08-14 17:52:48 [INFO    ] screenshot_utils.py:54 — Screenshot saved: reports/screenshots/element_not_clickable_//android.view.View[@clickable='true'][.//android.widget.FrameLayout[@resource-id='com.zee5.hipi:id/exo_content_frame']]_20260814_175245.png
2026-08-14 17:52:48 [ERROR   ] screenshot_utils.py:81 — Page source save failed: [Errno 2] No such file or directory: "reports/screenshots/element_not_clickable_//android.view.View[@clickable='true'][.//android.widget.FrameLayout[@resource-id='com.zee5.hipi:id/exo_content_frame']]_20260814_175248.xml"
2026-08-14 17:52:48 [ERROR   ] base_page.py:118 — Click failed on attempt 3 for ('xpath', "//android.view.View[@clickable='true'][.//android.widget.FrameLayout[@resource-id='com.zee5.hipi:id/exo_content_frame']]"): Message: 
Stacktrace:
NoSuchElementError: An element could not be located on the page using the given search parameters.
    at AndroidUiautomator2Driver.findElOrEls (/Users/vc.rajdeep.kumar/.appium/node_modules/appium-uiautomator2-driver/node_modules/appium-android-driver/build/lib/commands/find.js:62:15)
    at process.processTicksAndRejections (node:internal/process/task_queues:104:5)
    at async AndroidUiautomator2Driver.findElOrElsWithProcessing (/opt/homebrew/lib/node_modules/appium/node_modules/@appium/base-driver/build/lib/basedriver/commands/find.js:12:16)
    at async AndroidUiautomator2Driver.findElement (/opt/homebrew/lib/node_modules/appium/node_modules/@appium/base-driver/build/lib/basedriver/commands/find.js:27:16)
2026-08-14 17:52:48 [WARNING ] base_page.py:262 — Attempting to recover application state...
2026-08-14 17:52:51 [INFO    ] base_page.py:266 — App recovery attempt completed.
2026-08-14 17:52:52 [INFO    ] screenshot_utils.py:54 — Screenshot saved: reports/screenshots/click_failed_20260814_175251.png
2026-08-14 17:52:53 [INFO    ] screenshot_utils.py:77 — Page source saved: reports/screenshots/click_failed_20260814_175252.xml
2026-08-14 17:52:53 [ERROR   ] feed_page.py:585 — Pause reel failed: Unable to click ('xpath', "//android.view.View[@clickable='true'][.//android.widget.FrameLayout[@resource-id='com.zee5.hipi:id/exo_content_frame']]") after 3 retries. Last exception: Message: 
Stacktrace:
NoSuchElementError: An element could not be located on the page using the given search parameters.
    at AndroidUiautomator2Driver.findElOrEls (/Users/vc.rajdeep.kumar/.appium/node_modules/appium-uiautomator2-driver/node_modules/appium-android-driver/build/lib/commands/find.js:62:15)
    at process.processTicksAndRejections (node:internal/process/task_queues:104:5)
    at async AndroidUiautomator2Driver.findElOrElsWithProcessing (/opt/homebrew/lib/node_modules/appium/node_modules/@appium/base-driver/build/lib/basedriver/commands/find.js:12:16)
    at async AndroidUiautomator2Driver.findElement (/opt/homebrew/lib/node_modules/appium/node_modules/@appium/base-driver/build/lib/basedriver/commands/find.js:27:16)
2026-08-14 17:52:55 [INFO    ] screenshot_utils.py:54 — Screenshot saved: reports/screenshots/pause_reel_failed_20260814_175253.png
2026-08-14 17:52:55 [INFO    ] screenshot_utils.py:77 — Page source saved: reports/screenshots/pause_reel_failed_20260814_175255.xml
2026-08-14 17:52:57 [INFO    ] screenshot_utils.py:54 — Screenshot saved: reports/screenshots/test_pause_and_resume_reel_20260814_175255.png
2026-08-14 17:52:57 [INFO    ] screenshot_utils.py:77 — Page source saved: reports/screenshots/test_pause_and_resume_reel_20260814_175257.xml
2026-08-14 17:52:57 [ERROR   ] conftest.py:398 — Test FAILED: test_pause_and_resume_reel
2026-08-14 17:52:57 [INFO    ] conftest.py:305 — Closing driver session.
2026-08-14 17:53:00 [INFO    ] conftest.py:270 — ==================================================
2026-08-14 17:53:00 [INFO    ] conftest.py:271 — DRIVER SETUP START
2026-08-14 17:53:00 [INFO    ] conftest.py:272 — ==================================================
2026-08-14 17:53:00 [INFO    ] conftest.py:158 — Driver creation attempt 1/3
2026-08-14 17:53:01 [INFO    ] driver_factory.py:53 — ========== DRIVER CREATION START ==========
2026-08-14 17:53:01 [INFO    ] driver_factory.py:70 — Device: emulator | Env: qa | Platform: Android
2026-08-14 17:53:01 [INFO    ] driver_factory.py:136 — Device Name: Android Emulator
2026-08-14 17:53:01 [INFO    ] driver_factory.py:137 — UDID: emulator-5554
2026-08-14 17:53:01 [INFO    ] driver_factory.py:151 — App Package: com.zee5.hipi (noReset=true, activity not set)
2026-08-14 17:53:16 [INFO    ] driver_factory.py:112 — App launched by driver. Waiting for stabilization...
2026-08-14 17:53:18 [INFO    ] driver_factory.py:115 — ========== DRIVER CREATED SUCCESSFULLY ==========
2026-08-14 17:53:18 [INFO    ] conftest.py:281 — Driver created successfully.
2026-08-14 17:53:22 [INFO    ] popup_handler.py:122 — Checking for 'Get Started' screen...
2026-08-14 17:53:26 [INFO    ] popup_handler.py:134 — 'Get Started' screen not present — skipping.
2026-08-14 17:53:26 [INFO    ] conftest.py:196 — App readiness probe: HiPi is in foreground (com.zee5.hipi).
2026-08-14 17:53:26 [INFO    ] conftest.py:294 — DRIVER SETUP COMPLETE
2026-08-14 17:53:26 [INFO    ] base_test.py:20 — BaseTest setup completed.
2026-08-14 17:53:26 [INFO    ] base_test.py:58 — login_and_reach_feed: START
2026-08-14 17:53:26 [INFO    ] base_test.py:30 — Logging in as default test user.
2026-08-14 17:53:26 [INFO    ] login_page.py:591 — ========== LOGIN FLOW START ==========
2026-08-14 17:53:27 [INFO    ] login_page.py:43 — Opening profile tab
2026-08-14 17:53:28 [INFO    ] login_page.py:53 — Profile tab open attempt 1/2
2026-08-14 17:53:30 [INFO    ] base_page.py:110 — Clicked: ('xpath', "//android.view.View[@clickable='true'][.//android.widget.TextView[@text='Profile']]")
2026-08-14 17:53:36 [ERROR   ] base_page.py:92 — None of the candidate locators became visible within 6s. Candidates: [('-android uiautomator', 'new UiSelector().textContains("Continue")'), ('class name', 'android.widget.EditText')]. Last error: None
2026-08-14 17:53:37 [INFO    ] screenshot_utils.py:54 — Screenshot saved: reports/screenshots/wait_for_any_visible_failed_20260814_175336.png
2026-08-14 17:53:37 [INFO    ] screenshot_utils.py:77 — Page source saved: reports/screenshots/wait_for_any_visible_failed_20260814_175337.xml
2026-08-14 17:53:37 [INFO    ] login_page.py:200 — Already logged in — 'Edit Profile' visible. noReset=true preserved a previous session. Navigating to home feed.
2026-08-14 17:53:38 [INFO    ] base_page.py:110 — Clicked: ('xpath', "//android.view.View[@clickable='true'][.//android.widget.TextView[@text='Home']]")
2026-08-14 17:53:38 [INFO    ] login_page.py:211 — Navigated to home tab.
2026-08-14 17:53:38 [INFO    ] login_page.py:608 — ========== LOGIN SKIPPED (ALREADY LOGGED IN) ==========
2026-08-14 17:53:38 [INFO    ] login_page.py:548 — Validating home page
2026-08-14 17:53:41 [INFO    ] login_page.py:558 — Home page displayed (exo_content_frame visible)
2026-08-14 17:53:41 [INFO    ] base_test.py:63 — login_and_reach_feed: COMPLETE
2026-08-14 17:53:42 [INFO    ] feed_page.py:807 — Swiping to next video
2026-08-14 17:53:53 [INFO    ] gestures.py:102 — Swipe up performed
2026-08-14 17:53:56 [INFO    ] base_page.py:235 — Page source changed.
2026-08-14 17:53:57 [INFO    ] feed_page.py:828 — Swiped to next video
2026-08-14 17:53:57 [INFO    ] test_feed.py:393 — TEST PASSED: Swipe to next video
2026-08-14 17:53:57 [INFO    ] conftest.py:305 — Closing driver session.
2026-08-14 17:53:58 [INFO    ] conftest.py:270 — ==================================================
2026-08-14 17:53:58 [INFO    ] conftest.py:271 — DRIVER SETUP START
2026-08-14 17:53:58 [INFO    ] conftest.py:272 — ==================================================
2026-08-14 17:53:58 [INFO    ] conftest.py:158 — Driver creation attempt 1/3
2026-08-14 17:53:59 [INFO    ] driver_factory.py:53 — ========== DRIVER CREATION START ==========
2026-08-14 17:53:59 [INFO    ] driver_factory.py:70 — Device: emulator | Env: qa | Platform: Android
2026-08-14 17:53:59 [INFO    ] driver_factory.py:136 — Device Name: Android Emulator
2026-08-14 17:53:59 [INFO    ] driver_factory.py:137 — UDID: emulator-5554
2026-08-14 17:53:59 [INFO    ] driver_factory.py:151 — App Package: com.zee5.hipi (noReset=true, activity not set)
2026-08-14 17:54:14 [INFO    ] driver_factory.py:112 — App launched by driver. Waiting for stabilization...
2026-08-14 17:54:16 [INFO    ] driver_factory.py:115 — ========== DRIVER CREATED SUCCESSFULLY ==========
2026-08-14 17:54:16 [INFO    ] conftest.py:281 — Driver created successfully.
2026-08-14 17:54:20 [INFO    ] popup_handler.py:122 — Checking for 'Get Started' screen...
2026-08-14 17:54:25 [INFO    ] popup_handler.py:134 — 'Get Started' screen not present — skipping.
2026-08-14 17:54:25 [INFO    ] conftest.py:196 — App readiness probe: HiPi is in foreground (com.zee5.hipi).
2026-08-14 17:54:25 [INFO    ] conftest.py:294 — DRIVER SETUP COMPLETE
2026-08-14 17:54:25 [INFO    ] base_test.py:20 — BaseTest setup completed.
2026-08-14 17:54:25 [INFO    ] base_test.py:58 — login_and_reach_feed: START
2026-08-14 17:54:25 [INFO    ] base_test.py:30 — Logging in as default test user.
2026-08-14 17:54:25 [INFO    ] login_page.py:591 — ========== LOGIN FLOW START ==========
2026-08-14 17:54:27 [INFO    ] login_page.py:43 — Opening profile tab
2026-08-14 17:54:28 [INFO    ] login_page.py:53 — Profile tab open attempt 1/2
2026-08-14 17:54:30 [INFO    ] base_page.py:110 — Clicked: ('xpath', "//android.view.View[@clickable='true'][.//android.widget.TextView[@text='Profile']]")
2026-08-14 17:54:36 [ERROR   ] base_page.py:92 — None of the candidate locators became visible within 6s. Candidates: [('-android uiautomator', 'new UiSelector().textContains("Continue")'), ('class name', 'android.widget.EditText')]. Last error: None
2026-08-14 17:54:37 [INFO    ] screenshot_utils.py:54 — Screenshot saved: reports/screenshots/wait_for_any_visible_failed_20260814_175436.png
2026-08-14 17:54:37 [INFO    ] screenshot_utils.py:77 — Page source saved: reports/screenshots/wait_for_any_visible_failed_20260814_175437.xml
2026-08-14 17:54:37 [INFO    ] login_page.py:200 — Already logged in — 'Edit Profile' visible. noReset=true preserved a previous session. Navigating to home feed.
2026-08-14 17:54:38 [INFO    ] base_page.py:110 — Clicked: ('xpath', "//android.view.View[@clickable='true'][.//android.widget.TextView[@text='Home']]")
2026-08-14 17:54:38 [INFO    ] login_page.py:211 — Navigated to home tab.
2026-08-14 17:54:38 [INFO    ] login_page.py:608 — ========== LOGIN SKIPPED (ALREADY LOGGED IN) ==========
2026-08-14 17:54:38 [INFO    ] login_page.py:548 — Validating home page
2026-08-14 17:54:42 [INFO    ] login_page.py:558 — Home page displayed (exo_content_frame visible)
2026-08-14 17:54:42 [INFO    ] base_test.py:63 — login_and_reach_feed: COMPLETE
2026-08-14 17:54:43 [INFO    ] feed_page.py:807 — Swiping to next video
2026-08-14 17:54:52 [INFO    ] gestures.py:102 — Swipe up performed
2026-08-14 17:54:55 [INFO    ] base_page.py:235 — Page source changed.
2026-08-14 17:54:55 [INFO    ] feed_page.py:828 — Swiped to next video
2026-08-14 17:54:59 [INFO    ] screenshot_utils.py:54 — Screenshot saved: reports/screenshots/test_swipe_multiple_reels_20260814_175455.png
2026-08-14 17:55:00 [INFO    ] screenshot_utils.py:77 — Page source saved: reports/screenshots/test_swipe_multiple_reels_20260814_175459.xml
2026-08-14 17:55:00 [ERROR   ] conftest.py:398 — Test FAILED: test_swipe_multiple_reels
2026-08-14 17:55:00 [INFO    ] conftest.py:305 — Closing driver session.
2026-08-14 17:55:02 [INFO    ] conftest.py:270 — ==================================================
2026-08-14 17:55:02 [INFO    ] conftest.py:271 — DRIVER SETUP START
2026-08-14 17:55:02 [INFO    ] conftest.py:272 — ==================================================
2026-08-14 17:55:02 [INFO    ] conftest.py:158 — Driver creation attempt 1/3
2026-08-14 17:55:03 [INFO    ] driver_factory.py:53 — ========== DRIVER CREATION START ==========
2026-08-14 17:55:03 [INFO    ] driver_factory.py:70 — Device: emulator | Env: qa | Platform: Android
2026-08-14 17:55:03 [INFO    ] driver_factory.py:136 — Device Name: Android Emulator
2026-08-14 17:55:03 [INFO    ] driver_factory.py:137 — UDID: emulator-5554
2026-08-14 17:55:03 [INFO    ] driver_factory.py:151 — App Package: com.zee5.hipi (noReset=true, activity not set)
2026-08-14 17:55:23 [INFO    ] driver_factory.py:112 — App launched by driver. Waiting for stabilization...
2026-08-14 17:55:25 [INFO    ] driver_factory.py:115 — ========== DRIVER CREATED SUCCESSFULLY ==========
2026-08-14 17:55:25 [INFO    ] conftest.py:281 — Driver created successfully.
2026-08-14 17:55:29 [INFO    ] popup_handler.py:122 — Checking for 'Get Started' screen...
2026-08-14 17:55:33 [INFO    ] popup_handler.py:134 — 'Get Started' screen not present — skipping.
2026-08-14 17:55:34 [INFO    ] conftest.py:196 — App readiness probe: HiPi is in foreground (com.zee5.hipi).
2026-08-14 17:55:34 [INFO    ] conftest.py:294 — DRIVER SETUP COMPLETE
2026-08-14 17:55:34 [INFO    ] base_test.py:20 — BaseTest setup completed.
2026-08-14 17:55:34 [INFO    ] base_test.py:58 — login_and_reach_feed: START
2026-08-14 17:55:34 [INFO    ] base_test.py:30 — Logging in as default test user.
2026-08-14 17:55:34 [INFO    ] login_page.py:591 — ========== LOGIN FLOW START ==========
2026-08-14 17:55:35 [INFO    ] login_page.py:43 — Opening profile tab
2026-08-14 17:55:36 [INFO    ] login_page.py:53 — Profile tab open attempt 1/2
2026-08-14 17:55:40 [INFO    ] base_page.py:110 — Clicked: ('xpath', "//android.view.View[@clickable='true'][.//android.widget.TextView[@text='Profile']]")
2026-08-14 17:55:47 [ERROR   ] base_page.py:92 — None of the candidate locators became visible within 6s. Candidates: [('-android uiautomator', 'new UiSelector().textContains("Continue")'), ('class name', 'android.widget.EditText')]. Last error: None
2026-08-14 17:55:47 [INFO    ] screenshot_utils.py:54 — Screenshot saved: reports/screenshots/wait_for_any_visible_failed_20260814_175547.png
2026-08-14 17:55:48 [INFO    ] screenshot_utils.py:77 — Page source saved: reports/screenshots/wait_for_any_visible_failed_20260814_175547.xml
2026-08-14 17:55:48 [INFO    ] login_page.py:200 — Already logged in — 'Edit Profile' visible. noReset=true preserved a previous session. Navigating to home feed.
2026-08-14 17:55:48 [INFO    ] base_page.py:110 — Clicked: ('xpath', "//android.view.View[@clickable='true'][.//android.widget.TextView[@text='Home']]")
2026-08-14 17:55:48 [INFO    ] login_page.py:211 — Navigated to home tab.
2026-08-14 17:55:48 [INFO    ] login_page.py:608 — ========== LOGIN SKIPPED (ALREADY LOGGED IN) ==========
2026-08-14 17:55:48 [INFO    ] login_page.py:548 — Validating home page
2026-08-14 17:55:56 [INFO    ] login_page.py:558 — Home page displayed (exo_content_frame visible)
2026-08-14 17:55:56 [INFO    ] base_test.py:63 — login_and_reach_feed: COMPLETE
2026-08-14 17:55:57 [INFO    ] feed_page.py:98 — Opening creator's profile
2026-08-14 17:55:59 [INFO    ] gestures.py:29 — Tap performed at X:324 Y:1967
2026-08-14 17:56:02 [INFO    ] base_page.py:235 — Page source changed.
2026-08-14 17:56:02 [INFO    ] feed_page.py:129 — Creator profile opened (coordinate tap)
2026-08-14 17:56:02 [INFO    ] test_feed.py:453 — TEST PASSED: Open creator profile
2026-08-14 17:56:02 [INFO    ] conftest.py:305 — Closing driver session.
2026-08-14 17:56:04 [INFO    ] conftest.py:270 — ==================================================
2026-08-14 17:56:04 [INFO    ] conftest.py:271 — DRIVER SETUP START
2026-08-14 17:56:04 [INFO    ] conftest.py:272 — ==================================================
2026-08-14 17:56:04 [INFO    ] conftest.py:158 — Driver creation attempt 1/3
2026-08-14 17:56:04 [INFO    ] driver_factory.py:53 — ========== DRIVER CREATION START ==========
2026-08-14 17:56:04 [INFO    ] driver_factory.py:70 — Device: emulator | Env: qa | Platform: Android
2026-08-14 17:56:04 [INFO    ] driver_factory.py:136 — Device Name: Android Emulator
2026-08-14 17:56:04 [INFO    ] driver_factory.py:137 — UDID: emulator-5554
2026-08-14 17:56:04 [INFO    ] driver_factory.py:151 — App Package: com.zee5.hipi (noReset=true, activity not set)
2026-08-14 18:06:04 [ERROR   ] conftest.py:166 — Attempt 1 failed: ('Connection aborted.', RemoteDisconnected('Remote end closed connection without response'))
2026-08-14 18:06:04 [INFO    ] conftest.py:174 — Waiting 3s before retry...
2026-08-14 18:06:07 [INFO    ] conftest.py:158 — Driver creation attempt 2/3
2026-08-14 18:06:22 [INFO    ] driver_factory.py:53 — ========== DRIVER CREATION START ==========
2026-08-14 18:06:22 [INFO    ] driver_factory.py:70 — Device: emulator | Env: qa | Platform: Android
2026-08-14 18:06:22 [INFO    ] driver_factory.py:136 — Device Name: Android Emulator
2026-08-14 18:06:22 [INFO    ] driver_factory.py:137 — UDID: emulator-5554
2026-08-14 18:06:22 [INFO    ] driver_factory.py:151 — App Package: com.zee5.hipi (noReset=true, activity not set)
2026-08-14 18:06:42 [ERROR   ] conftest.py:166 — Attempt 2 failed: Message: Could not find a connected Android device in 20000ms
Stacktrace:
UnknownError: Could not find a connected Android device in 20000ms
    at getResponseForW3CError (/opt/homebrew/lib/node_modules/appium/node_modules/@appium/base-driver/build/lib/protocol/errors.js:824:36)
    at asyncHandler (/opt/homebrew/lib/node_modules/appium/node_modules/@appium/base-driver/build/lib/protocol/protocol.js:430:77)
The above error is caused by
Error: Could not find a connected Android device in 20000ms
    at ADB.getDevicesWithRetry (/Users/vc.rajdeep.kumar/.appium/node_modules/appium-uiautomator2-driver/node_modules/appium-adb/build/lib/tools/system-calls.js:360:19)
    at process.processTicksAndRejections (node:internal/process/task_queues:104:5)
    at async AndroidUiautomator2Driver.getDeviceInfoFromCaps (/Users/vc.rajdeep.kumar/.appium/node_modules/appium-uiautomator2-driver/node_modules/appium-android-driver/build/lib/commands/device/common.js:76:25)
    at async AndroidUiautomator2Driver.createSession (/Users/vc.rajdeep.kumar/.appium/node_modules/appium-uiautomator2-driver/build/lib/driver.js:211:38)
    at async AppiumDriver.createSession (/opt/homebrew/lib/node_modules/appium/build/lib/appium.js:324:43)
2026-08-14 18:06:42 [INFO    ] conftest.py:174 — Waiting 3s before retry...
2026-08-14 18:06:45 [INFO    ] conftest.py:158 — Driver creation attempt 3/3
2026-08-14 18:07:00 [INFO    ] driver_factory.py:53 — ========== DRIVER CREATION START ==========
2026-08-14 18:07:00 [INFO    ] driver_factory.py:70 — Device: emulator | Env: qa | Platform: Android
2026-08-14 18:07:00 [INFO    ] driver_factory.py:136 — Device Name: Android Emulator
2026-08-14 18:07:00 [INFO    ] driver_factory.py:137 — UDID: emulator-5554
2026-08-14 18:07:00 [INFO    ] driver_factory.py:151 — App Package: com.zee5.hipi (noReset=true, activity not set)
2026-08-14 18:07:20 [ERROR   ] conftest.py:166 — Attempt 3 failed: Message: Could not find a connected Android device in 20000ms
Stacktrace:
UnknownError: Could not find a connected Android device in 20000ms
    at getResponseForW3CError (/opt/homebrew/lib/node_modules/appium/node_modules/@appium/base-driver/build/lib/protocol/errors.js:824:36)
    at asyncHandler (/opt/homebrew/lib/node_modules/appium/node_modules/@appium/base-driver/build/lib/protocol/protocol.js:430:77)
The above error is caused by
Error: Could not find a connected Android device in 20000ms
    at ADB.getDevicesWithRetry (/Users/vc.rajdeep.kumar/.appium/node_modules/appium-uiautomator2-driver/node_modules/appium-adb/build/lib/tools/system-calls.js:360:19)
    at async AndroidUiautomator2Driver.getDeviceInfoFromCaps (/Users/vc.rajdeep.kumar/.appium/node_modules/appium-uiautomator2-driver/node_modules/appium-android-driver/build/lib/commands/device/common.js:76:25)
    at async AndroidUiautomator2Driver.createSession (/Users/vc.rajdeep.kumar/.appium/node_modules/appium-uiautomator2-driver/build/lib/driver.js:211:38)
    at async AppiumDriver.createSession (/opt/homebrew/lib/node_modules/appium/build/lib/appium.js:324:43)
2026-08-14 18:07:20 [ERROR   ] conftest.py:298 — Driver fixture setup failed: Driver creation failed after 3 attempts: Message: Could not find a connected Android device in 20000ms
Stacktrace:
UnknownError: Could not find a connected Android device in 20000ms
    at getResponseForW3CError (/opt/homebrew/lib/node_modules/appium/node_modules/@appium/base-driver/build/lib/protocol/errors.js:824:36)
    at asyncHandler (/opt/homebrew/lib/node_modules/appium/node_modules/@appium/base-driver/build/lib/protocol/protocol.js:430:77)
The above error is caused by
Error: Could not find a connected Android device in 20000ms
    at ADB.getDevicesWithRetry (/Users/vc.rajdeep.kumar/.appium/node_modules/appium-uiautomator2-driver/node_modules/appium-adb/build/lib/tools/system-calls.js:360:19)
    at async AndroidUiautomator2Driver.getDeviceInfoFromCaps (/Users/vc.rajdeep.kumar/.appium/node_modules/appium-uiautomator2-driver/node_modules/appium-android-driver/build/lib/commands/device/common.js:76:25)
    at async AndroidUiautomator2Driver.createSession (/Users/vc.rajdeep.kumar/.appium/node_modules/appium-uiautomator2-driver/build/lib/driver.js:211:38)
    at async AppiumDriver.createSession (/opt/homebrew/lib/node_modules/appium/build/lib/appium.js:324:43)
2026-08-14 18:07:20 [INFO    ] conftest.py:270 — ==================================================
2026-08-14 18:07:20 [INFO    ] conftest.py:271 — DRIVER SETUP START
2026-08-14 18:07:20 [INFO    ] conftest.py:272 — ==================================================
2026-08-14 18:07:20 [INFO    ] conftest.py:158 — Driver creation attempt 1/3
2026-08-14 18:07:35 [INFO    ] driver_factory.py:53 — ========== DRIVER CREATION START ==========
2026-08-14 18:07:35 [INFO    ] driver_factory.py:70 — Device: emulator | Env: qa | Platform: Android
2026-08-14 18:07:35 [INFO    ] driver_factory.py:136 — Device Name: Android Emulator
2026-08-14 18:07:35 [INFO    ] driver_factory.py:137 — UDID: emulator-5554
2026-08-14 18:07:35 [INFO    ] driver_factory.py:151 — App Package: com.zee5.hipi (noReset=true, activity not set)
2026-08-14 18:07:55 [ERROR   ] conftest.py:166 — Attempt 1 failed: Message: Could not find a connected Android device in 20000ms
Stacktrace:
UnknownError: Could not find a connected Android device in 20000ms
    at getResponseForW3CError (/opt/homebrew/lib/node_modules/appium/node_modules/@appium/base-driver/build/lib/protocol/errors.js:824:36)
    at asyncHandler (/opt/homebrew/lib/node_modules/appium/node_modules/@appium/base-driver/build/lib/protocol/protocol.js:430:77)
The above error is caused by
Error: Could not find a connected Android device in 20000ms
    at ADB.getDevicesWithRetry (/Users/vc.rajdeep.kumar/.appium/node_modules/appium-uiautomator2-driver/node_modules/appium-adb/build/lib/tools/system-calls.js:360:19)
    at process.processTicksAndRejections (node:internal/process/task_queues:104:5)
    at async AndroidUiautomator2Driver.getDeviceInfoFromCaps (/Users/vc.rajdeep.kumar/.appium/node_modules/appium-uiautomator2-driver/node_modules/appium-android-driver/build/lib/commands/device/common.js:76:25)
    at async AndroidUiautomator2Driver.createSession (/Users/vc.rajdeep.kumar/.appium/node_modules/appium-uiautomator2-driver/build/lib/driver.js:211:38)
    at async AppiumDriver.createSession (/opt/homebrew/lib/node_modules/appium/build/lib/appium.js:324:43)
2026-08-14 18:07:55 [INFO    ] conftest.py:174 — Waiting 3s before retry...
2026-08-14 18:07:58 [INFO    ] conftest.py:158 — Driver creation attempt 2/3
2026-08-14 18:08:14 [INFO    ] driver_factory.py:53 — ========== DRIVER CREATION START ==========
2026-08-14 18:08:14 [INFO    ] driver_factory.py:70 — Device: emulator | Env: qa | Platform: Android
2026-08-14 18:08:14 [INFO    ] driver_factory.py:136 — Device Name: Android Emulator
2026-08-14 18:08:14 [INFO    ] driver_factory.py:137 — UDID: emulator-5554
2026-08-14 18:08:14 [INFO    ] driver_factory.py:151 — App Package: com.zee5.hipi (noReset=true, activity not set)
2026-08-14 18:08:34 [ERROR   ] conftest.py:166 — Attempt 2 failed: Message: Could not find a connected Android device in 20000ms
Stacktrace:
UnknownError: Could not find a connected Android device in 20000ms
    at getResponseForW3CError (/opt/homebrew/lib/node_modules/appium/node_modules/@appium/base-driver/build/lib/protocol/errors.js:824:36)
    at asyncHandler (/opt/homebrew/lib/node_modules/appium/node_modules/@appium/base-driver/build/lib/protocol/protocol.js:430:77)
The above error is caused by
Error: Could not find a connected Android device in 20000ms
    at ADB.getDevicesWithRetry (/Users/vc.rajdeep.kumar/.appium/node_modules/appium-uiautomator2-driver/node_modules/appium-adb/build/lib/tools/system-calls.js:360:19)
    at async AndroidUiautomator2Driver.getDeviceInfoFromCaps (/Users/vc.rajdeep.kumar/.appium/node_modules/appium-uiautomator2-driver/node_modules/appium-android-driver/build/lib/commands/device/common.js:76:25)
    at async AndroidUiautomator2Driver.createSession (/Users/vc.rajdeep.kumar/.appium/node_modules/appium-uiautomator2-driver/build/lib/driver.js:211:38)
    at async AppiumDriver.createSession (/opt/homebrew/lib/node_modules/appium/build/lib/appium.js:324:43)
2026-08-14 18:08:34 [INFO    ] conftest.py:174 — Waiting 3s before retry...
2026-08-14 18:08:37 [INFO    ] conftest.py:158 — Driver creation attempt 3/3
2026-08-14 18:08:52 [INFO    ] driver_factory.py:53 — ========== DRIVER CREATION START ==========
2026-08-14 18:08:52 [INFO    ] driver_factory.py:70 — Device: emulator | Env: qa | Platform: Android
2026-08-14 18:08:52 [INFO    ] driver_factory.py:136 — Device Name: Android Emulator
2026-08-14 18:08:52 [INFO    ] driver_factory.py:137 — UDID: emulator-5554
2026-08-14 18:08:52 [INFO    ] driver_factory.py:151 — App Package: com.zee5.hipi (noReset=true, activity not set)
2026-08-14 18:09:12 [ERROR   ] conftest.py:166 — Attempt 3 failed: Message: Could not find a connected Android device in 20000ms
Stacktrace:
UnknownError: Could not find a connected Android device in 20000ms
    at getResponseForW3CError (/opt/homebrew/lib/node_modules/appium/node_modules/@appium/base-driver/build/lib/protocol/errors.js:824:36)
    at asyncHandler (/opt/homebrew/lib/node_modules/appium/node_modules/@appium/base-driver/build/lib/protocol/protocol.js:430:77)
The above error is caused by
Error: Could not find a connected Android device in 20000ms
    at ADB.getDevicesWithRetry (/Users/vc.rajdeep.kumar/.appium/node_modules/appium-uiautomator2-driver/node_modules/appium-adb/build/lib/tools/system-calls.js:360:19)
    at async AndroidUiautomator2Driver.getDeviceInfoFromCaps (/Users/vc.rajdeep.kumar/.appium/node_modules/appium-uiautomator2-driver/node_modules/appium-android-driver/build/lib/commands/device/common.js:76:25)
    at async AndroidUiautomator2Driver.createSession (/Users/vc.rajdeep.kumar/.appium/node_modules/appium-uiautomator2-driver/build/lib/driver.js:211:38)
    at async AppiumDriver.createSession (/opt/homebrew/lib/node_modules/appium/build/lib/appium.js:324:43)
2026-08-14 18:09:12 [ERROR   ] conftest.py:298 — Driver fixture setup failed: Driver creation failed after 3 attempts: Message: Could not find a connected Android device in 20000ms
Stacktrace:
UnknownError: Could not find a connected Android device in 20000ms
    at getResponseForW3CError (/opt/homebrew/lib/node_modules/appium/node_modules/@appium/base-driver/build/lib/protocol/errors.js:824:36)
    at asyncHandler (/opt/homebrew/lib/node_modules/appium/node_modules/@appium/base-driver/build/lib/protocol/protocol.js:430:77)
The above error is caused by
Error: Could not find a connected Android device in 20000ms
    at ADB.getDevicesWithRetry (/Users/vc.rajdeep.kumar/.appium/node_modules/appium-uiautomator2-driver/node_modules/appium-adb/build/lib/tools/system-calls.js:360:19)
    at async AndroidUiautomator2Driver.getDeviceInfoFromCaps (/Users/vc.rajdeep.kumar/.appium/node_modules/appium-uiautomator2-driver/node_modules/appium-android-driver/build/lib/commands/device/common.js:76:25)
    at async AndroidUiautomator2Driver.createSession (/Users/vc.rajdeep.kumar/.appium/node_modules/appium-uiautomator2-driver/build/lib/driver.js:211:38)
    at async AppiumDriver.createSession (/opt/homebrew/lib/node_modules/appium/build/lib/appium.js:324:43)
2026-08-14 18:09:12 [INFO    ] conftest.py:270 — ==================================================
2026-08-14 18:09:12 [INFO    ] conftest.py:271 — DRIVER SETUP START
2026-08-14 18:09:12 [INFO    ] conftest.py:272 — ==================================================
2026-08-14 18:09:12 [INFO    ] conftest.py:158 — Driver creation attempt 1/3
2026-08-14 18:11:25 [INFO    ] driver_factory.py:53 — ========== DRIVER CREATION START ==========
2026-08-14 18:11:25 [INFO    ] driver_factory.py:70 — Device: emulator | Env: qa | Platform: Android
2026-08-14 18:11:25 [INFO    ] driver_factory.py:136 — Device Name: Android Emulator
2026-08-14 18:11:25 [INFO    ] driver_factory.py:137 — UDID: emulator-5554
2026-08-14 18:11:25 [INFO    ] driver_factory.py:151 — App Package: com.zee5.hipi (noReset=true, activity not set)
2026-08-14 18:11:45 [ERROR   ] conftest.py:166 — Attempt 1 failed: Message: Could not find a connected Android device in 20000ms
Stacktrace:
UnknownError: Could not find a connected Android device in 20000ms
    at getResponseForW3CError (/opt/homebrew/lib/node_modules/appium/node_modules/@appium/base-driver/build/lib/protocol/errors.js:824:36)
    at asyncHandler (/opt/homebrew/lib/node_modules/appium/node_modules/@appium/base-driver/build/lib/protocol/protocol.js:430:77)
The above error is caused by
Error: Could not find a connected Android device in 20000ms
    at ADB.getDevicesWithRetry (/Users/vc.rajdeep.kumar/.appium/node_modules/appium-uiautomator2-driver/node_modules/appium-adb/build/lib/tools/system-calls.js:360:19)
    at async AndroidUiautomator2Driver.getDeviceInfoFromCaps (/Users/vc.rajdeep.kumar/.appium/node_modules/appium-uiautomator2-driver/node_modules/appium-android-driver/build/lib/commands/device/common.js:76:25)
    at async AndroidUiautomator2Driver.createSession (/Users/vc.rajdeep.kumar/.appium/node_modules/appium-uiautomator2-driver/build/lib/driver.js:211:38)
    at async AppiumDriver.createSession (/opt/homebrew/lib/node_modules/appium/build/lib/appium.js:324:43)
2026-08-14 18:11:45 [INFO    ] conftest.py:174 — Waiting 3s before retry...
2026-08-14 18:11:48 [INFO    ] conftest.py:158 — Driver creation attempt 2/3
2026-08-14 18:12:03 [INFO    ] driver_factory.py:53 — ========== DRIVER CREATION START ==========
2026-08-14 18:12:03 [INFO    ] driver_factory.py:70 — Device: emulator | Env: qa | Platform: Android
2026-08-14 18:12:03 [INFO    ] driver_factory.py:136 — Device Name: Android Emulator
2026-08-14 18:12:03 [INFO    ] driver_factory.py:137 — UDID: emulator-5554
2026-08-14 18:12:03 [INFO    ] driver_factory.py:151 — App Package: com.zee5.hipi (noReset=true, activity not set)
2026-08-14 18:28:14 [ERROR   ] conftest.py:166 — Attempt 2 failed: ('Connection aborted.', RemoteDisconnected('Remote end closed connection without response'))
2026-08-14 18:28:14 [INFO    ] conftest.py:174 — Waiting 3s before retry...
2026-08-14 18:28:17 [INFO    ] conftest.py:158 — Driver creation attempt 3/3
2026-08-14 18:52:50 [INFO    ] driver_factory.py:53 — ========== DRIVER CREATION START ==========
2026-08-14 18:52:50 [INFO    ] driver_factory.py:70 — Device: emulator | Env: qa | Platform: Android
2026-08-14 18:52:50 [INFO    ] driver_factory.py:136 — Device Name: Android Emulator
2026-08-14 18:52:50 [INFO    ] driver_factory.py:137 — UDID: emulator-5554
2026-08-14 18:52:50 [INFO    ] driver_factory.py:151 — App Package: com.zee5.hipi (noReset=true, activity not set)
2026-08-14 18:53:11 [ERROR   ] conftest.py:166 — Attempt 3 failed: Message: Could not find a connected Android device in 20000ms
Stacktrace:
UnknownError: Could not find a connected Android device in 20000ms
    at getResponseForW3CError (/opt/homebrew/lib/node_modules/appium/node_modules/@appium/base-driver/build/lib/protocol/errors.js:824:36)
    at asyncHandler (/opt/homebrew/lib/node_modules/appium/node_modules/@appium/base-driver/build/lib/protocol/protocol.js:430:77)
The above error is caused by
Error: Could not find a connected Android device in 20000ms
    at ADB.getDevicesWithRetry (/Users/vc.rajdeep.kumar/.appium/node_modules/appium-uiautomator2-driver/node_modules/appium-adb/build/lib/tools/system-calls.js:360:19)
    at process.processTicksAndRejections (node:internal/process/task_queues:104:5)
    at async AndroidUiautomator2Driver.getDeviceInfoFromCaps (/Users/vc.rajdeep.kumar/.appium/node_modules/appium-uiautomator2-driver/node_modules/appium-android-driver/build/lib/commands/device/common.js:76:25)
    at async AndroidUiautomator2Driver.createSession (/Users/vc.rajdeep.kumar/.appium/node_modules/appium-uiautomator2-driver/build/lib/driver.js:211:38)
    at async AppiumDriver.createSession (/opt/homebrew/lib/node_modules/appium/build/lib/appium.js:324:43)
2026-08-14 18:53:11 [ERROR   ] conftest.py:298 — Driver fixture setup failed: Driver creation failed after 3 attempts: Message: Could not find a connected Android device in 20000ms
Stacktrace:
UnknownError: Could not find a connected Android device in 20000ms
    at getResponseForW3CError (/opt/homebrew/lib/node_modules/appium/node_modules/@appium/base-driver/build/lib/protocol/errors.js:824:36)
    at asyncHandler (/opt/homebrew/lib/node_modules/appium/node_modules/@appium/base-driver/build/lib/protocol/protocol.js:430:77)
The above error is caused by
Error: Could not find a connected Android device in 20000ms
    at ADB.getDevicesWithRetry (/Users/vc.rajdeep.kumar/.appium/node_modules/appium-uiautomator2-driver/node_modules/appium-adb/build/lib/tools/system-calls.js:360:19)
    at process.processTicksAndRejections (node:internal/process/task_queues:104:5)
    at async AndroidUiautomator2Driver.getDeviceInfoFromCaps (/Users/vc.rajdeep.kumar/.appium/node_modules/appium-uiautomator2-driver/node_modules/appium-android-driver/build/lib/commands/device/common.js:76:25)
    at async AndroidUiautomator2Driver.createSession (/Users/vc.rajdeep.kumar/.appium/node_modules/appium-uiautomator2-driver/build/lib/driver.js:211:38)
    at async AppiumDriver.createSession (/opt/homebrew/lib/node_modules/appium/build/lib/appium.js:324:43)
2026-08-14 18:53:11 [INFO    ] conftest.py:270 — ==================================================
2026-08-14 18:53:11 [INFO    ] conftest.py:271 — DRIVER SETUP START
2026-08-14 18:53:11 [INFO    ] conftest.py:272 — ==================================================
2026-08-14 18:53:11 [INFO    ] conftest.py:158 — Driver creation attempt 1/3
2026-08-14 18:53:26 [INFO    ] driver_factory.py:53 — ========== DRIVER CREATION START ==========
2026-08-14 18:53:26 [INFO    ] driver_factory.py:70 — Device: emulator | Env: qa | Platform: Android
2026-08-14 18:53:26 [INFO    ] driver_factory.py:136 — Device Name: Android Emulator
2026-08-14 18:53:26 [INFO    ] driver_factory.py:137 — UDID: emulator-5554
2026-08-14 18:53:26 [INFO    ] driver_factory.py:151 — App Package: com.zee5.hipi (noReset=true, activity not set)
2026-08-14 19:09:03 [ERROR   ] conftest.py:166 — Attempt 1 failed: ('Connection aborted.', RemoteDisconnected('Remote end closed connection without response'))
2026-08-14 19:09:03 [INFO    ] conftest.py:174 — Waiting 3s before retry...
2026-08-14 19:09:06 [INFO    ] conftest.py:158 — Driver creation attempt 2/3
2026-08-14 19:58:34 [INFO    ] driver_factory.py:53 — ========== DRIVER CREATION START ==========
2026-08-14 19:58:34 [INFO    ] driver_factory.py:70 — Device: emulator | Env: qa | Platform: Android
2026-08-14 19:58:34 [INFO    ] driver_factory.py:136 — Device Name: Android Emulator
2026-08-14 19:58:34 [INFO    ] driver_factory.py:137 — UDID: emulator-5554
2026-08-14 19:58:34 [INFO    ] driver_factory.py:151 — App Package: com.zee5.hipi (noReset=true, activity not set)
2026-08-14 20:10:16 [ERROR   ] conftest.py:166 — Attempt 2 failed: ('Connection aborted.', RemoteDisconnected('Remote end closed connection without response'))
2026-08-14 20:10:16 [INFO    ] conftest.py:174 — Waiting 3s before retry...
2026-08-14 20:10:19 [INFO    ] conftest.py:158 — Driver creation attempt 3/3
2026-08-14 20:10:34 [INFO    ] driver_factory.py:53 — ========== DRIVER CREATION START ==========
2026-08-14 20:10:34 [INFO    ] driver_factory.py:70 — Device: emulator | Env: qa | Platform: Android
2026-08-14 20:10:34 [INFO    ] driver_factory.py:136 — Device Name: Android Emulator
2026-08-14 20:10:34 [INFO    ] driver_factory.py:137 — UDID: emulator-5554
2026-08-14 20:10:34 [INFO    ] driver_factory.py:151 — App Package: com.zee5.hipi (noReset=true, activity not set)
2026-08-14 20:27:43 [ERROR   ] conftest.py:166 — Attempt 3 failed: ('Connection aborted.', RemoteDisconnected('Remote end closed connection without response'))
2026-08-14 20:27:43 [ERROR   ] conftest.py:298 — Driver fixture setup failed: Driver creation failed after 3 attempts: ('Connection aborted.', RemoteDisconnected('Remote end closed connection without response'))
2026-08-14 20:27:43 [INFO    ] conftest.py:270 — ==================================================
2026-08-14 20:27:43 [INFO    ] conftest.py:271 — DRIVER SETUP START
2026-08-14 20:27:43 [INFO    ] conftest.py:272 — ==================================================
2026-08-14 20:27:43 [INFO    ] conftest.py:158 — Driver creation attempt 1/3
2026-08-14 20:58:35 [INFO    ] driver_factory.py:53 — ========== DRIVER CREATION START ==========
2026-08-14 20:58:35 [INFO    ] driver_factory.py:70 — Device: emulator | Env: qa | Platform: Android
2026-08-14 20:58:35 [INFO    ] driver_factory.py:136 — Device Name: Android Emulator
2026-08-14 20:58:35 [INFO    ] driver_factory.py:137 — UDID: emulator-5554
2026-08-14 20:58:35 [INFO    ] driver_factory.py:151 — App Package: com.zee5.hipi (noReset=true, activity not set)
2026-08-14 21:11:17 [ERROR   ] conftest.py:166 — Attempt 1 failed: ('Connection aborted.', RemoteDisconnected('Remote end closed connection without response'))
2026-08-14 21:11:17 [INFO    ] conftest.py:174 — Waiting 3s before retry...
2026-08-14 21:11:20 [INFO    ] conftest.py:158 — Driver creation attempt 2/3
2026-08-14 21:11:36 [INFO    ] driver_factory.py:53 — ========== DRIVER CREATION START ==========
2026-08-14 21:11:36 [INFO    ] driver_factory.py:70 — Device: emulator | Env: qa | Platform: Android
2026-08-14 21:11:36 [INFO    ] driver_factory.py:136 — Device Name: Android Emulator
2026-08-14 21:11:36 [INFO    ] driver_factory.py:137 — UDID: emulator-5554
2026-08-14 21:11:36 [INFO    ] driver_factory.py:151 — App Package: com.zee5.hipi (noReset=true, activity not set)
2026-08-14 21:27:25 [ERROR   ] conftest.py:166 — Attempt 2 failed: ('Connection aborted.', RemoteDisconnected('Remote end closed connection without response'))
2026-08-14 21:27:25 [INFO    ] conftest.py:174 — Waiting 3s before retry...
2026-08-14 21:27:28 [INFO    ] conftest.py:158 — Driver creation attempt 3/3
2026-08-14 22:01:50 [INFO    ] driver_factory.py:53 — ========== DRIVER CREATION START ==========
2026-08-14 22:01:50 [INFO    ] driver_factory.py:70 — Device: emulator | Env: qa | Platform: Android
2026-08-14 22:01:50 [INFO    ] driver_factory.py:136 — Device Name: Android Emulator
2026-08-14 22:01:50 [INFO    ] driver_factory.py:137 — UDID: emulator-5554
2026-08-14 22:01:50 [INFO    ] driver_factory.py:151 — App Package: com.zee5.hipi (noReset=true, activity not set)
2026-08-14 22:12:18 [ERROR   ] conftest.py:166 — Attempt 3 failed: ('Connection aborted.', RemoteDisconnected('Remote end closed connection without response'))
2026-08-14 22:12:18 [ERROR   ] conftest.py:298 — Driver fixture setup failed: Driver creation failed after 3 attempts: ('Connection aborted.', RemoteDisconnected('Remote end closed connection without response'))
2026-08-14 22:12:18 [INFO    ] conftest.py:270 — ==================================================
2026-08-14 22:12:18 [INFO    ] conftest.py:271 — DRIVER SETUP START
2026-08-14 22:12:18 [INFO    ] conftest.py:272 — ==================================================
2026-08-14 22:12:18 [INFO    ] conftest.py:158 — Driver creation attempt 1/3
2026-08-14 22:12:33 [INFO    ] driver_factory.py:53 — ========== DRIVER CREATION START ==========
2026-08-14 22:12:33 [INFO    ] driver_factory.py:70 — Device: emulator | Env: qa | Platform: Android
2026-08-14 22:12:33 [INFO    ] driver_factory.py:136 — Device Name: Android Emulator
2026-08-14 22:12:33 [INFO    ] driver_factory.py:137 — UDID: emulator-5554
2026-08-14 22:12:33 [INFO    ] driver_factory.py:151 — App Package: com.zee5.hipi (noReset=true, activity not set)
2026-08-14 22:29:18 [ERROR   ] conftest.py:166 — Attempt 1 failed: ('Connection aborted.', RemoteDisconnected('Remote end closed connection without response'))
2026-08-14 22:29:18 [INFO    ] conftest.py:174 — Waiting 3s before retry...
2026-08-14 22:29:21 [INFO    ] conftest.py:158 — Driver creation attempt 2/3
2026-08-14 23:13:20 [INFO    ] driver_factory.py:53 — ========== DRIVER CREATION START ==========
2026-08-14 23:13:20 [INFO    ] driver_factory.py:70 — Device: emulator | Env: qa | Platform: Android
2026-08-14 23:13:20 [INFO    ] driver_factory.py:136 — Device Name: Android Emulator
2026-08-14 23:13:20 [INFO    ] driver_factory.py:137 — UDID: emulator-5554
2026-08-14 23:13:20 [INFO    ] driver_factory.py:151 — App Package: com.zee5.hipi (noReset=true, activity not set)
2026-08-14 23:13:40 [ERROR   ] conftest.py:166 — Attempt 2 failed: Message: Could not find a connected Android device in 20000ms
Stacktrace:
UnknownError: Could not find a connected Android device in 20000ms
    at getResponseForW3CError (/opt/homebrew/lib/node_modules/appium/node_modules/@appium/base-driver/build/lib/protocol/errors.js:824:36)
    at asyncHandler (/opt/homebrew/lib/node_modules/appium/node_modules/@appium/base-driver/build/lib/protocol/protocol.js:430:77)
The above error is caused by
Error: Could not find a connected Android device in 20000ms
    at ADB.getDevicesWithRetry (/Users/vc.rajdeep.kumar/.appium/node_modules/appium-uiautomator2-driver/node_modules/appium-adb/build/lib/tools/system-calls.js:360:19)
    at process.processTicksAndRejections (node:internal/process/task_queues:104:5)
    at async AndroidUiautomator2Driver.getDeviceInfoFromCaps (/Users/vc.rajdeep.kumar/.appium/node_modules/appium-uiautomator2-driver/node_modules/appium-android-driver/build/lib/commands/device/common.js:76:25)
    at async AndroidUiautomator2Driver.createSession (/Users/vc.rajdeep.kumar/.appium/node_modules/appium-uiautomator2-driver/build/lib/driver.js:211:38)
    at async AppiumDriver.createSession (/opt/homebrew/lib/node_modules/appium/build/lib/appium.js:324:43)
2026-08-14 23:13:40 [INFO    ] conftest.py:174 — Waiting 3s before retry...
2026-08-14 23:31:16 [INFO    ] conftest.py:158 — Driver creation attempt 3/3
2026-08-15 00:14:19 [INFO    ] driver_factory.py:53 — ========== DRIVER CREATION START ==========
2026-08-15 00:14:19 [INFO    ] driver_factory.py:70 — Device: emulator | Env: qa | Platform: Android
2026-08-15 00:14:19 [INFO    ] driver_factory.py:136 — Device Name: Android Emulator
2026-08-15 00:14:19 [INFO    ] driver_factory.py:137 — UDID: emulator-5554
2026-08-15 00:14:19 [INFO    ] driver_factory.py:151 — App Package: com.zee5.hipi (noReset=true, activity not set)
2026-08-15 00:14:39 [ERROR   ] conftest.py:166 — Attempt 3 failed: Message: Could not find a connected Android device in 20000ms
Stacktrace:
UnknownError: Could not find a connected Android device in 20000ms
    at getResponseForW3CError (/opt/homebrew/lib/node_modules/appium/node_modules/@appium/base-driver/build/lib/protocol/errors.js:824:36)
    at asyncHandler (/opt/homebrew/lib/node_modules/appium/node_modules/@appium/base-driver/build/lib/protocol/protocol.js:430:77)
The above error is caused by
Error: Could not find a connected Android device in 20000ms
    at ADB.getDevicesWithRetry (/Users/vc.rajdeep.kumar/.appium/node_modules/appium-uiautomator2-driver/node_modules/appium-adb/build/lib/tools/system-calls.js:360:19)
    at process.processTicksAndRejections (node:internal/process/task_queues:104:5)
    at async AndroidUiautomator2Driver.getDeviceInfoFromCaps (/Users/vc.rajdeep.kumar/.appium/node_modules/appium-uiautomator2-driver/node_modules/appium-android-driver/build/lib/commands/device/common.js:76:25)
    at async AndroidUiautomator2Driver.createSession (/Users/vc.rajdeep.kumar/.appium/node_modules/appium-uiautomator2-driver/build/lib/driver.js:211:38)
    at async AppiumDriver.createSession (/opt/homebrew/lib/node_modules/appium/build/lib/appium.js:324:43)
2026-08-15 00:14:39 [ERROR   ] conftest.py:298 — Driver fixture setup failed: Driver creation failed after 3 attempts: Message: Could not find a connected Android device in 20000ms
Stacktrace:
UnknownError: Could not find a connected Android device in 20000ms
    at getResponseForW3CError (/opt/homebrew/lib/node_modules/appium/node_modules/@appium/base-driver/build/lib/protocol/errors.js:824:36)
    at asyncHandler (/opt/homebrew/lib/node_modules/appium/node_modules/@appium/base-driver/build/lib/protocol/protocol.js:430:77)
The above error is caused by
Error: Could not find a connected Android device in 20000ms
    at ADB.getDevicesWithRetry (/Users/vc.rajdeep.kumar/.appium/node_modules/appium-uiautomator2-driver/node_modules/appium-adb/build/lib/tools/system-calls.js:360:19)
    at process.processTicksAndRejections (node:internal/process/task_queues:104:5)
    at async AndroidUiautomator2Driver.getDeviceInfoFromCaps (/Users/vc.rajdeep.kumar/.appium/node_modules/appium-uiautomator2-driver/node_modules/appium-android-driver/build/lib/commands/device/common.js:76:25)
    at async AndroidUiautomator2Driver.createSession (/Users/vc.rajdeep.kumar/.appium/node_modules/appium-uiautomator2-driver/build/lib/driver.js:211:38)
    at async AppiumDriver.createSession (/opt/homebrew/lib/node_modules/appium/build/lib/appium.js:324:43)
2026-08-15 00:14:39 [INFO    ] conftest.py:270 — ==================================================
2026-08-15 00:14:39 [INFO    ] conftest.py:271 — DRIVER SETUP START
2026-08-15 00:14:39 [INFO    ] conftest.py:272 — ==================================================
2026-08-15 00:14:39 [INFO    ] conftest.py:158 — Driver creation attempt 1/3
2026-08-15 00:14:54 [INFO    ] driver_factory.py:53 — ========== DRIVER CREATION START ==========
2026-08-15 00:14:54 [INFO    ] driver_factory.py:70 — Device: emulator | Env: qa | Platform: Android
2026-08-15 00:14:54 [INFO    ] driver_factory.py:136 — Device Name: Android Emulator
2026-08-15 00:14:54 [INFO    ] driver_factory.py:137 — UDID: emulator-5554
2026-08-15 00:14:54 [INFO    ] driver_factory.py:151 — App Package: com.zee5.hipi (noReset=true, activity not set)
2026-08-15 00:31:29 [ERROR   ] conftest.py:166 — Attempt 1 failed: ('Connection aborted.', RemoteDisconnected('Remote end closed connection without response'))
2026-08-15 00:31:29 [INFO    ] conftest.py:174 — Waiting 3s before retry...
2026-08-15 00:31:32 [INFO    ] conftest.py:158 — Driver creation attempt 2/3
2026-08-15 01:22:03 [INFO    ] driver_factory.py:53 — ========== DRIVER CREATION START ==========
2026-08-15 01:22:03 [INFO    ] driver_factory.py:70 — Device: emulator | Env: qa | Platform: Android
2026-08-15 01:22:03 [INFO    ] driver_factory.py:136 — Device Name: Android Emulator
2026-08-15 01:22:03 [INFO    ] driver_factory.py:137 — UDID: emulator-5554
2026-08-15 01:22:03 [INFO    ] driver_factory.py:151 — App Package: com.zee5.hipi (noReset=true, activity not set)
2026-08-15 01:37:16 [ERROR   ] conftest.py:166 — Attempt 2 failed: ('Connection aborted.', RemoteDisconnected('Remote end closed connection without response'))
2026-08-15 01:37:16 [INFO    ] conftest.py:174 — Waiting 3s before retry...
2026-08-15 01:37:19 [INFO    ] conftest.py:158 — Driver creation attempt 3/3
2026-08-15 02:02:54 [INFO    ] driver_factory.py:53 — ========== DRIVER CREATION START ==========
2026-08-15 02:02:54 [INFO    ] driver_factory.py:70 — Device: emulator | Env: qa | Platform: Android
2026-08-15 02:02:54 [INFO    ] driver_factory.py:136 — Device Name: Android Emulator
2026-08-15 02:02:54 [INFO    ] driver_factory.py:137 — UDID: emulator-5554
2026-08-15 02:02:54 [INFO    ] driver_factory.py:151 — App Package: com.zee5.hipi (noReset=true, activity not set)
2026-08-15 02:03:14 [ERROR   ] conftest.py:166 — Attempt 3 failed: Message: Could not find a connected Android device in 20000ms
Stacktrace:
UnknownError: Could not find a connected Android device in 20000ms
    at getResponseForW3CError (/opt/homebrew/lib/node_modules/appium/node_modules/@appium/base-driver/build/lib/protocol/errors.js:824:36)
    at asyncHandler (/opt/homebrew/lib/node_modules/appium/node_modules/@appium/base-driver/build/lib/protocol/protocol.js:430:77)
The above error is caused by
Error: Could not find a connected Android device in 20000ms
    at ADB.getDevicesWithRetry (/Users/vc.rajdeep.kumar/.appium/node_modules/appium-uiautomator2-driver/node_modules/appium-adb/build/lib/tools/system-calls.js:360:19)
    at async AndroidUiautomator2Driver.getDeviceInfoFromCaps (/Users/vc.rajdeep.kumar/.appium/node_modules/appium-uiautomator2-driver/node_modules/appium-android-driver/build/lib/commands/device/common.js:76:25)
    at async AndroidUiautomator2Driver.createSession (/Users/vc.rajdeep.kumar/.appium/node_modules/appium-uiautomator2-driver/build/lib/driver.js:211:38)
    at async AppiumDriver.createSession (/opt/homebrew/lib/node_modules/appium/build/lib/appium.js:324:43)
2026-08-15 02:03:14 [ERROR   ] conftest.py:298 — Driver fixture setup failed: Driver creation failed after 3 attempts: Message: Could not find a connected Android device in 20000ms
Stacktrace:
UnknownError: Could not find a connected Android device in 20000ms
    at getResponseForW3CError (/opt/homebrew/lib/node_modules/appium/node_modules/@appium/base-driver/build/lib/protocol/errors.js:824:36)
    at asyncHandler (/opt/homebrew/lib/node_modules/appium/node_modules/@appium/base-driver/build/lib/protocol/protocol.js:430:77)
The above error is caused by
Error: Could not find a connected Android device in 20000ms
    at ADB.getDevicesWithRetry (/Users/vc.rajdeep.kumar/.appium/node_modules/appium-uiautomator2-driver/node_modules/appium-adb/build/lib/tools/system-calls.js:360:19)
    at async AndroidUiautomator2Driver.getDeviceInfoFromCaps (/Users/vc.rajdeep.kumar/.appium/node_modules/appium-uiautomator2-driver/node_modules/appium-android-driver/build/lib/commands/device/common.js:76:25)
    at async AndroidUiautomator2Driver.createSession (/Users/vc.rajdeep.kumar/.appium/node_modules/appium-uiautomator2-driver/build/lib/driver.js:211:38)
    at async AppiumDriver.createSession (/opt/homebrew/lib/node_modules/appium/build/lib/appium.js:324:43)
2026-08-15 02:03:14 [INFO    ] conftest.py:270 — ==================================================
2026-08-15 02:03:14 [INFO    ] conftest.py:271 — DRIVER SETUP START
2026-08-15 02:03:14 [INFO    ] conftest.py:272 — ==================================================
2026-08-15 02:03:14 [INFO    ] conftest.py:158 — Driver creation attempt 1/3
2026-08-15 02:52:04 [INFO    ] driver_factory.py:53 — ========== DRIVER CREATION START ==========
2026-08-15 02:52:04 [INFO    ] driver_factory.py:70 — Device: emulator | Env: qa | Platform: Android
2026-08-15 02:52:04 [INFO    ] driver_factory.py:136 — Device Name: Android Emulator
2026-08-15 02:52:04 [INFO    ] driver_factory.py:137 — UDID: emulator-5554
2026-08-15 02:52:04 [INFO    ] driver_factory.py:151 — App Package: com.zee5.hipi (noReset=true, activity not set)
2026-08-15 03:09:44 [ERROR   ] conftest.py:166 — Attempt 1 failed: ('Connection aborted.', RemoteDisconnected('Remote end closed connection without response'))
2026-08-15 03:09:44 [INFO    ] conftest.py:174 — Waiting 3s before retry...
2026-08-15 03:09:47 [INFO    ] conftest.py:158 — Driver creation attempt 2/3
2026-08-15 03:58:07 [INFO    ] driver_factory.py:53 — ========== DRIVER CREATION START ==========
2026-08-15 03:58:07 [INFO    ] driver_factory.py:70 — Device: emulator | Env: qa | Platform: Android
2026-08-15 03:58:07 [INFO    ] driver_factory.py:136 — Device Name: Android Emulator
2026-08-15 03:58:07 [INFO    ] driver_factory.py:137 — UDID: emulator-5554
2026-08-15 03:58:07 [INFO    ] driver_factory.py:151 — App Package: com.zee5.hipi (noReset=true, activity not set)
2026-08-15 04:15:14 [ERROR   ] conftest.py:166 — Attempt 2 failed: ('Connection aborted.', RemoteDisconnected('Remote end closed connection without response'))
2026-08-15 04:15:14 [INFO    ] conftest.py:174 — Waiting 3s before retry...
2026-08-15 04:15:17 [INFO    ] conftest.py:158 — Driver creation attempt 3/3
2026-08-15 05:02:36 [INFO    ] driver_factory.py:53 — ========== DRIVER CREATION START ==========
2026-08-15 05:02:36 [INFO    ] driver_factory.py:70 — Device: emulator | Env: qa | Platform: Android
2026-08-15 05:02:36 [INFO    ] driver_factory.py:136 — Device Name: Android Emulator
2026-08-15 05:02:36 [INFO    ] driver_factory.py:137 — UDID: emulator-5554
2026-08-15 05:02:36 [INFO    ] driver_factory.py:151 — App Package: com.zee5.hipi (noReset=true, activity not set)
2026-08-15 05:17:51 [ERROR   ] conftest.py:166 — Attempt 3 failed: ('Connection aborted.', RemoteDisconnected('Remote end closed connection without response'))
2026-08-15 05:17:51 [ERROR   ] conftest.py:298 — Driver fixture setup failed: Driver creation failed after 3 attempts: ('Connection aborted.', RemoteDisconnected('Remote end closed connection without response'))
2026-08-15 05:17:51 [INFO    ] conftest.py:270 — ==================================================
2026-08-15 05:17:51 [INFO    ] conftest.py:271 — DRIVER SETUP START
2026-08-15 05:17:51 [INFO    ] conftest.py:272 — ==================================================
2026-08-15 05:17:51 [INFO    ] conftest.py:158 — Driver creation attempt 1/3
2026-08-15 05:29:42 [INFO    ] driver_factory.py:53 — ========== DRIVER CREATION START ==========
2026-08-15 05:29:42 [INFO    ] driver_factory.py:70 — Device: emulator | Env: qa | Platform: Android
2026-08-15 05:29:42 [INFO    ] driver_factory.py:136 — Device Name: Android Emulator
2026-08-15 05:29:42 [INFO    ] driver_factory.py:137 — UDID: emulator-5554
2026-08-15 05:29:42 [INFO    ] driver_factory.py:151 — App Package: com.zee5.hipi (noReset=true, activity not set)
2026-08-15 05:46:25 [ERROR   ] conftest.py:166 — Attempt 1 failed: ('Connection aborted.', RemoteDisconnected('Remote end closed connection without response'))
2026-08-15 05:46:25 [INFO    ] conftest.py:174 — Waiting 3s before retry...
2026-08-15 05:46:28 [INFO    ] conftest.py:158 — Driver creation attempt 2/3
2026-08-15 06:18:45 [INFO    ] driver_factory.py:53 — ========== DRIVER CREATION START ==========
2026-08-15 06:18:45 [INFO    ] driver_factory.py:70 — Device: emulator | Env: qa | Platform: Android
2026-08-15 06:18:45 [INFO    ] driver_factory.py:136 — Device Name: Android Emulator
2026-08-15 06:18:45 [INFO    ] driver_factory.py:137 — UDID: emulator-5554
2026-08-15 06:18:45 [INFO    ] driver_factory.py:151 — App Package: com.zee5.hipi (noReset=true, activity not set)
2026-08-15 06:35:25 [ERROR   ] conftest.py:166 — Attempt 2 failed: ('Connection aborted.', RemoteDisconnected('Remote end closed connection without response'))
2026-08-15 06:35:25 [INFO    ] conftest.py:174 — Waiting 3s before retry...
2026-08-15 06:35:28 [INFO    ] conftest.py:158 — Driver creation attempt 3/3
2026-08-15 07:24:57 [INFO    ] driver_factory.py:53 — ========== DRIVER CREATION START ==========
2026-08-15 07:24:57 [INFO    ] driver_factory.py:70 — Device: emulator | Env: qa | Platform: Android
2026-08-15 07:24:57 [INFO    ] driver_factory.py:136 — Device Name: Android Emulator
2026-08-15 07:24:57 [INFO    ] driver_factory.py:137 — UDID: emulator-5554
2026-08-15 07:24:57 [INFO    ] driver_factory.py:151 — App Package: com.zee5.hipi (noReset=true, activity not set)
2026-08-15 07:42:28 [ERROR   ] conftest.py:166 — Attempt 3 failed: ('Connection aborted.', RemoteDisconnected('Remote end closed connection without response'))
2026-08-15 07:42:28 [ERROR   ] conftest.py:298 — Driver fixture setup failed: Driver creation failed after 3 attempts: ('Connection aborted.', RemoteDisconnected('Remote end closed connection without response'))
2026-08-15 07:42:28 [INFO    ] conftest.py:270 — ==================================================
2026-08-15 07:42:28 [INFO    ] conftest.py:271 — DRIVER SETUP START
2026-08-15 07:42:28 [INFO    ] conftest.py:272 — ==================================================
2026-08-15 07:42:28 [INFO    ] conftest.py:158 — Driver creation attempt 1/3
2026-08-15 07:59:04 [INFO    ] driver_factory.py:53 — ========== DRIVER CREATION START ==========
2026-08-15 07:59:04 [INFO    ] driver_factory.py:70 — Device: emulator | Env: qa | Platform: Android
2026-08-15 07:59:04 [INFO    ] driver_factory.py:136 — Device Name: Android Emulator
2026-08-15 07:59:04 [INFO    ] driver_factory.py:137 — UDID: emulator-5554
2026-08-15 07:59:04 [INFO    ] driver_factory.py:151 — App Package: com.zee5.hipi (noReset=true, activity not set)
2026-08-15 07:59:24 [ERROR   ] conftest.py:166 — Attempt 1 failed: Message: Could not find a connected Android device in 20000ms
Stacktrace:
UnknownError: Could not find a connected Android device in 20000ms
    at getResponseForW3CError (/opt/homebrew/lib/node_modules/appium/node_modules/@appium/base-driver/build/lib/protocol/errors.js:824:36)
    at asyncHandler (/opt/homebrew/lib/node_modules/appium/node_modules/@appium/base-driver/build/lib/protocol/protocol.js:430:77)
The above error is caused by
Error: Could not find a connected Android device in 20000ms
    at ADB.getDevicesWithRetry (/Users/vc.rajdeep.kumar/.appium/node_modules/appium-uiautomator2-driver/node_modules/appium-adb/build/lib/tools/system-calls.js:360:19)
    at process.processTicksAndRejections (node:internal/process/task_queues:104:5)
    at async AndroidUiautomator2Driver.getDeviceInfoFromCaps (/Users/vc.rajdeep.kumar/.appium/node_modules/appium-uiautomator2-driver/node_modules/appium-android-driver/build/lib/commands/device/common.js:76:25)
    at async AndroidUiautomator2Driver.createSession (/Users/vc.rajdeep.kumar/.appium/node_modules/appium-uiautomator2-driver/build/lib/driver.js:211:38)
    at async AppiumDriver.createSession (/opt/homebrew/lib/node_modules/appium/build/lib/appium.js:324:43)
2026-08-15 07:59:24 [INFO    ] conftest.py:174 — Waiting 3s before retry...
2026-08-15 07:59:27 [INFO    ] conftest.py:158 — Driver creation attempt 2/3
2026-08-15 08:31:57 [INFO    ] driver_factory.py:53 — ========== DRIVER CREATION START ==========
2026-08-15 08:31:57 [INFO    ] driver_factory.py:70 — Device: emulator | Env: qa | Platform: Android
2026-08-15 08:31:57 [INFO    ] driver_factory.py:136 — Device Name: Android Emulator
2026-08-15 08:31:57 [INFO    ] driver_factory.py:137 — UDID: emulator-5554
2026-08-15 08:31:57 [INFO    ] driver_factory.py:151 — App Package: com.zee5.hipi (noReset=true, activity not set)
2026-08-15 08:47:38 [ERROR   ] conftest.py:166 — Attempt 2 failed: ('Connection aborted.', RemoteDisconnected('Remote end closed connection without response'))
2026-08-15 08:47:38 [INFO    ] conftest.py:174 — Waiting 3s before retry...
2026-08-15 08:47:41 [INFO    ] conftest.py:158 — Driver creation attempt 3/3
2026-08-15 09:38:43 [INFO    ] driver_factory.py:53 — ========== DRIVER CREATION START ==========
2026-08-15 09:38:43 [INFO    ] driver_factory.py:70 — Device: emulator | Env: qa | Platform: Android
2026-08-15 09:38:43 [INFO    ] driver_factory.py:136 — Device Name: Android Emulator
2026-08-15 09:38:43 [INFO    ] driver_factory.py:137 — UDID: emulator-5554
2026-08-15 09:38:43 [INFO    ] driver_factory.py:151 — App Package: com.zee5.hipi (noReset=true, activity not set)
2026-08-15 09:53:55 [ERROR   ] conftest.py:166 — Attempt 3 failed: ('Connection aborted.', RemoteDisconnected('Remote end closed connection without response'))
2026-08-15 09:53:55 [ERROR   ] conftest.py:298 — Driver fixture setup failed: Driver creation failed after 3 attempts: ('Connection aborted.', RemoteDisconnected('Remote end closed connection without response'))
2026-08-15 09:53:55 [INFO    ] conftest.py:270 — ==================================================
2026-08-15 09:53:55 [INFO    ] conftest.py:271 — DRIVER SETUP START
2026-08-15 09:53:55 [INFO    ] conftest.py:272 — ==================================================
2026-08-15 09:53:55 [INFO    ] conftest.py:158 — Driver creation attempt 1/3
2026-08-15 10:00:04 [INFO    ] driver_factory.py:53 — ========== DRIVER CREATION START ==========
2026-08-15 10:00:04 [INFO    ] driver_factory.py:70 — Device: emulator | Env: qa | Platform: Android
2026-08-15 10:00:04 [INFO    ] driver_factory.py:136 — Device Name: Android Emulator
2026-08-15 10:00:04 [INFO    ] driver_factory.py:137 — UDID: emulator-5554
2026-08-15 10:00:04 [INFO    ] driver_factory.py:151 — App Package: com.zee5.hipi (noReset=true, activity not set)
2026-08-15 10:15:46 [ERROR   ] conftest.py:166 — Attempt 1 failed: ('Connection aborted.', RemoteDisconnected('Remote end closed connection without response'))
2026-08-15 10:15:46 [INFO    ] conftest.py:174 — Waiting 3s before retry...
2026-08-15 10:15:49 [INFO    ] conftest.py:158 — Driver creation attempt 2/3
2026-08-15 10:28:01 [INFO    ] driver_factory.py:53 — ========== DRIVER CREATION START ==========
2026-08-15 10:28:01 [INFO    ] driver_factory.py:70 — Device: emulator | Env: qa | Platform: Android
2026-08-15 10:28:01 [INFO    ] driver_factory.py:136 — Device Name: Android Emulator
2026-08-15 10:28:01 [INFO    ] driver_factory.py:137 — UDID: emulator-5554
2026-08-15 10:28:01 [INFO    ] driver_factory.py:151 — App Package: com.zee5.hipi (noReset=true, activity not set)
2026-08-15 10:28:21 [ERROR   ] conftest.py:166 — Attempt 2 failed: Message: Could not find a connected Android device in 20000ms
Stacktrace:
UnknownError: Could not find a connected Android device in 20000ms
    at getResponseForW3CError (/opt/homebrew/lib/node_modules/appium/node_modules/@appium/base-driver/build/lib/protocol/errors.js:824:36)
    at asyncHandler (/opt/homebrew/lib/node_modules/appium/node_modules/@appium/base-driver/build/lib/protocol/protocol.js:430:77)
The above error is caused by
Error: Could not find a connected Android device in 20000ms
    at ADB.getDevicesWithRetry (/Users/vc.rajdeep.kumar/.appium/node_modules/appium-uiautomator2-driver/node_modules/appium-adb/build/lib/tools/system-calls.js:360:19)
    at process.processTicksAndRejections (node:internal/process/task_queues:104:5)
    at async AndroidUiautomator2Driver.getDeviceInfoFromCaps (/Users/vc.rajdeep.kumar/.appium/node_modules/appium-uiautomator2-driver/node_modules/appium-android-driver/build/lib/commands/device/common.js:76:25)
    at async AndroidUiautomator2Driver.createSession (/Users/vc.rajdeep.kumar/.appium/node_modules/appium-uiautomator2-driver/build/lib/driver.js:211:38)
    at async AppiumDriver.createSession (/opt/homebrew/lib/node_modules/appium/build/lib/appium.js:324:43)
2026-08-15 10:28:21 [INFO    ] conftest.py:174 — Waiting 3s before retry...
2026-08-15 10:46:14 [INFO    ] conftest.py:158 — Driver creation attempt 3/3
2026-08-15 11:01:06 [INFO    ] driver_factory.py:53 — ========== DRIVER CREATION START ==========
2026-08-15 11:01:06 [INFO    ] driver_factory.py:70 — Device: emulator | Env: qa | Platform: Android
2026-08-15 11:01:06 [INFO    ] driver_factory.py:136 — Device Name: Android Emulator
2026-08-15 11:01:06 [INFO    ] driver_factory.py:137 — UDID: emulator-5554
2026-08-15 11:01:06 [INFO    ] driver_factory.py:151 — App Package: com.zee5.hipi (noReset=true, activity not set)
2026-08-15 11:18:58 [ERROR   ] conftest.py:166 — Attempt 3 failed: ('Connection aborted.', RemoteDisconnected('Remote end closed connection without response'))
2026-08-15 11:18:58 [ERROR   ] conftest.py:298 — Driver fixture setup failed: Driver creation failed after 3 attempts: ('Connection aborted.', RemoteDisconnected('Remote end closed connection without response'))
2026-08-15 11:18:58 [INFO    ] conftest.py:270 — ==================================================
2026-08-15 11:18:58 [INFO    ] conftest.py:271 — DRIVER SETUP START
2026-08-15 11:18:58 [INFO    ] conftest.py:272 — ==================================================
2026-08-15 11:18:58 [INFO    ] conftest.py:158 — Driver creation attempt 1/3
2026-08-15 11:54:29 [INFO    ] driver_factory.py:53 — ========== DRIVER CREATION START ==========
2026-08-15 11:54:29 [INFO    ] driver_factory.py:70 — Device: emulator | Env: qa | Platform: Android
2026-08-15 11:54:29 [INFO    ] driver_factory.py:136 — Device Name: Android Emulator
2026-08-15 11:54:29 [INFO    ] driver_factory.py:137 — UDID: emulator-5554
2026-08-15 11:54:29 [INFO    ] driver_factory.py:151 — App Package: com.zee5.hipi (noReset=true, activity not set)
2026-08-15 12:01:54 [ERROR   ] conftest.py:166 — Attempt 1 failed: Message: Could not find a connected Android device in 20000ms
Stacktrace:
UnknownError: Could not find a connected Android device in 20000ms
    at getResponseForW3CError (/opt/homebrew/lib/node_modules/appium/node_modules/@appium/base-driver/build/lib/protocol/errors.js:824:36)
    at asyncHandler (/opt/homebrew/lib/node_modules/appium/node_modules/@appium/base-driver/build/lib/protocol/protocol.js:430:77)
The above error is caused by
Error: Could not find a connected Android device in 20000ms
    at ADB.getDevicesWithRetry (/Users/vc.rajdeep.kumar/.appium/node_modules/appium-uiautomator2-driver/node_modules/appium-adb/build/lib/tools/system-calls.js:360:19)
    at async AndroidUiautomator2Driver.getDeviceInfoFromCaps (/Users/vc.rajdeep.kumar/.appium/node_modules/appium-uiautomator2-driver/node_modules/appium-android-driver/build/lib/commands/device/common.js:76:25)
    at async AndroidUiautomator2Driver.createSession (/Users/vc.rajdeep.kumar/.appium/node_modules/appium-uiautomator2-driver/build/lib/driver.js:211:38)
    at async AppiumDriver.createSession (/opt/homebrew/lib/node_modules/appium/build/lib/appium.js:324:43)
2026-08-15 12:01:54 [INFO    ] conftest.py:174 — Waiting 3s before retry...
2026-08-15 12:01:57 [INFO    ] conftest.py:158 — Driver creation attempt 2/3
2026-08-15 12:02:12 [INFO    ] driver_factory.py:53 — ========== DRIVER CREATION START ==========
2026-08-15 12:02:12 [INFO    ] driver_factory.py:70 — Device: emulator | Env: qa | Platform: Android
2026-08-15 12:02:12 [INFO    ] driver_factory.py:136 — Device Name: Android Emulator
2026-08-15 12:02:12 [INFO    ] driver_factory.py:137 — UDID: emulator-5554
2026-08-15 12:02:12 [INFO    ] driver_factory.py:151 — App Package: com.zee5.hipi (noReset=true, activity not set)
2026-08-15 12:02:32 [ERROR   ] conftest.py:166 — Attempt 2 failed: Message: Could not find a connected Android device in 20000ms
Stacktrace:
UnknownError: Could not find a connected Android device in 20000ms
    at getResponseForW3CError (/opt/homebrew/lib/node_modules/appium/node_modules/@appium/base-driver/build/lib/protocol/errors.js:824:36)
    at asyncHandler (/opt/homebrew/lib/node_modules/appium/node_modules/@appium/base-driver/build/lib/protocol/protocol.js:430:77)
The above error is caused by
Error: Could not find a connected Android device in 20000ms
    at ADB.getDevicesWithRetry (/Users/vc.rajdeep.kumar/.appium/node_modules/appium-uiautomator2-driver/node_modules/appium-adb/build/lib/tools/system-calls.js:360:19)
    at async AndroidUiautomator2Driver.getDeviceInfoFromCaps (/Users/vc.rajdeep.kumar/.appium/node_modules/appium-uiautomator2-driver/node_modules/appium-android-driver/build/lib/commands/device/common.js:76:25)
    at async AndroidUiautomator2Driver.createSession (/Users/vc.rajdeep.kumar/.appium/node_modules/appium-uiautomator2-driver/build/lib/driver.js:211:38)
    at async AppiumDriver.createSession (/opt/homebrew/lib/node_modules/appium/build/lib/appium.js:324:43)
2026-08-15 12:02:32 [INFO    ] conftest.py:174 — Waiting 3s before retry...
2026-08-15 12:02:35 [INFO    ] conftest.py:158 — Driver creation attempt 3/3
2026-08-15 12:53:54 [INFO    ] driver_factory.py:53 — ========== DRIVER CREATION START ==========
2026-08-15 12:53:54 [INFO    ] driver_factory.py:70 — Device: emulator | Env: qa | Platform: Android
2026-08-15 12:53:54 [INFO    ] driver_factory.py:136 — Device Name: Android Emulator
2026-08-15 12:53:54 [INFO    ] driver_factory.py:137 — UDID: emulator-5554
2026-08-15 12:53:54 [INFO    ] driver_factory.py:151 — App Package: com.zee5.hipi (noReset=true, activity not set)
2026-08-15 13:02:54 [ERROR   ] conftest.py:166 — Attempt 3 failed: Message: Could not find a connected Android device in 20000ms
Stacktrace:
UnknownError: Could not find a connected Android device in 20000ms
    at getResponseForW3CError (/opt/homebrew/lib/node_modules/appium/node_modules/@appium/base-driver/build/lib/protocol/errors.js:824:36)
    at asyncHandler (/opt/homebrew/lib/node_modules/appium/node_modules/@appium/base-driver/build/lib/protocol/protocol.js:430:77)
The above error is caused by
Error: Could not find a connected Android device in 20000ms
    at ADB.getDevicesWithRetry (/Users/vc.rajdeep.kumar/.appium/node_modules/appium-uiautomator2-driver/node_modules/appium-adb/build/lib/tools/system-calls.js:360:19)
    at async AndroidUiautomator2Driver.getDeviceInfoFromCaps (/Users/vc.rajdeep.kumar/.appium/node_modules/appium-uiautomator2-driver/node_modules/appium-android-driver/build/lib/commands/device/common.js:76:25)
    at async AndroidUiautomator2Driver.createSession (/Users/vc.rajdeep.kumar/.appium/node_modules/appium-uiautomator2-driver/build/lib/driver.js:211:38)
    at async AppiumDriver.createSession (/opt/homebrew/lib/node_modules/appium/build/lib/appium.js:324:43)
2026-08-15 13:02:54 [ERROR   ] conftest.py:298 — Driver fixture setup failed: Driver creation failed after 3 attempts: Message: Could not find a connected Android device in 20000ms
Stacktrace:
UnknownError: Could not find a connected Android device in 20000ms
    at getResponseForW3CError (/opt/homebrew/lib/node_modules/appium/node_modules/@appium/base-driver/build/lib/protocol/errors.js:824:36)
    at asyncHandler (/opt/homebrew/lib/node_modules/appium/node_modules/@appium/base-driver/build/lib/protocol/protocol.js:430:77)
The above error is caused by
Error: Could not find a connected Android device in 20000ms
    at ADB.getDevicesWithRetry (/Users/vc.rajdeep.kumar/.appium/node_modules/appium-uiautomator2-driver/node_modules/appium-adb/build/lib/tools/system-calls.js:360:19)
    at async AndroidUiautomator2Driver.getDeviceInfoFromCaps (/Users/vc.rajdeep.kumar/.appium/node_modules/appium-uiautomator2-driver/node_modules/appium-android-driver/build/lib/commands/device/common.js:76:25)
    at async AndroidUiautomator2Driver.createSession (/Users/vc.rajdeep.kumar/.appium/node_modules/appium-uiautomator2-driver/build/lib/driver.js:211:38)
    at async AppiumDriver.createSession (/opt/homebrew/lib/node_modules/appium/build/lib/appium.js:324:43)
2026-08-15 13:02:54 [INFO    ] conftest.py:270 — ==================================================
2026-08-15 13:02:54 [INFO    ] conftest.py:271 — DRIVER SETUP START
2026-08-15 13:02:54 [INFO    ] conftest.py:272 — ==================================================
2026-08-15 13:02:54 [INFO    ] conftest.py:158 — Driver creation attempt 1/3
2026-08-15 13:03:09 [INFO    ] driver_factory.py:53 — ========== DRIVER CREATION START ==========
2026-08-15 13:03:09 [INFO    ] driver_factory.py:70 — Device: emulator | Env: qa | Platform: Android
2026-08-15 13:03:09 [INFO    ] driver_factory.py:136 — Device Name: Android Emulator
2026-08-15 13:03:09 [INFO    ] driver_factory.py:137 — UDID: emulator-5554
2026-08-15 13:03:09 [INFO    ] driver_factory.py:151 — App Package: com.zee5.hipi (noReset=true, activity not set)
2026-08-15 13:20:25 [ERROR   ] conftest.py:166 — Attempt 1 failed: ('Connection aborted.', RemoteDisconnected('Remote end closed connection without response'))
2026-08-15 13:20:25 [INFO    ] conftest.py:174 — Waiting 3s before retry...
2026-08-15 13:20:28 [INFO    ] conftest.py:158 — Driver creation attempt 2/3
2026-08-15 14:03:57 [INFO    ] driver_factory.py:53 — ========== DRIVER CREATION START ==========
2026-08-15 14:03:57 [INFO    ] driver_factory.py:70 — Device: emulator | Env: qa | Platform: Android
2026-08-15 14:03:57 [INFO    ] driver_factory.py:136 — Device Name: Android Emulator
2026-08-15 14:03:57 [INFO    ] driver_factory.py:137 — UDID: emulator-5554
2026-08-15 14:03:57 [INFO    ] driver_factory.py:151 — App Package: com.zee5.hipi (noReset=true, activity not set)
2026-08-15 14:04:17 [ERROR   ] conftest.py:166 — Attempt 2 failed: Message: Could not find a connected Android device in 20000ms
Stacktrace:
UnknownError: Could not find a connected Android device in 20000ms
    at getResponseForW3CError (/opt/homebrew/lib/node_modules/appium/node_modules/@appium/base-driver/build/lib/protocol/errors.js:824:36)
    at asyncHandler (/opt/homebrew/lib/node_modules/appium/node_modules/@appium/base-driver/build/lib/protocol/protocol.js:430:77)
The above error is caused by
Error: Could not find a connected Android device in 20000ms
    at ADB.getDevicesWithRetry (/Users/vc.rajdeep.kumar/.appium/node_modules/appium-uiautomator2-driver/node_modules/appium-adb/build/lib/tools/system-calls.js:360:19)
    at process.processTicksAndRejections (node:internal/process/task_queues:104:5)
    at async AndroidUiautomator2Driver.getDeviceInfoFromCaps (/Users/vc.rajdeep.kumar/.appium/node_modules/appium-uiautomator2-driver/node_modules/appium-android-driver/build/lib/commands/device/common.js:76:25)
    at async AndroidUiautomator2Driver.createSession (/Users/vc.rajdeep.kumar/.appium/node_modules/appium-uiautomator2-driver/build/lib/driver.js:211:38)
    at async AppiumDriver.createSession (/opt/homebrew/lib/node_modules/appium/build/lib/appium.js:324:43)
2026-08-15 14:04:17 [INFO    ] conftest.py:174 — Waiting 3s before retry...
2026-08-15 14:04:20 [INFO    ] conftest.py:158 — Driver creation attempt 3/3
2026-08-15 14:22:29 [INFO    ] driver_factory.py:53 — ========== DRIVER CREATION START ==========
2026-08-15 14:22:29 [INFO    ] driver_factory.py:70 — Device: emulator | Env: qa | Platform: Android
2026-08-15 14:22:29 [INFO    ] driver_factory.py:136 — Device Name: Android Emulator
2026-08-15 14:22:29 [INFO    ] driver_factory.py:137 — UDID: emulator-5554
2026-08-15 14:22:29 [INFO    ] driver_factory.py:151 — App Package: com.zee5.hipi (noReset=true, activity not set)
2026-08-15 14:38:41 [ERROR   ] conftest.py:166 — Attempt 3 failed: ('Connection aborted.', RemoteDisconnected('Remote end closed connection without response'))
2026-08-15 14:38:41 [ERROR   ] conftest.py:298 — Driver fixture setup failed: Driver creation failed after 3 attempts: ('Connection aborted.', RemoteDisconnected('Remote end closed connection without response'))
2026-08-15 14:38:42 [INFO    ] conftest.py:412 — ==================================================
2026-08-15 14:38:42 [INFO    ] conftest.py:413 — PYTEST SESSION END | Exit status: 1
2026-08-15 14:38:42 [INFO    ] conftest.py:414 — ==================================================
