2026-08-12 14:00:59 [INFO    ] conftest.py:363 — ==================================================
2026-08-12 14:00:59 [INFO    ] conftest.py:364 — PYTEST SESSION START
2026-08-12 14:00:59 [INFO    ] conftest.py:365 — ==================================================
2026-08-12 14:00:59 [INFO    ] conftest.py:227 — ==================================================
2026-08-12 14:00:59 [INFO    ] conftest.py:228 — DRIVER SETUP START
2026-08-12 14:00:59 [INFO    ] conftest.py:229 — ==================================================
2026-08-12 14:00:59 [INFO    ] conftest.py:116 — Driver creation attempt 1/2
2026-08-12 14:00:59 [INFO    ] driver_factory.py:53 — ========== DRIVER CREATION START ==========
2026-08-12 14:00:59 [INFO    ] driver_factory.py:70 — Device: emulator | Env: qa | Platform: Android
2026-08-12 14:00:59 [INFO    ] driver_factory.py:132 — Device Name: Android Emulator
2026-08-12 14:00:59 [INFO    ] driver_factory.py:133 — UDID: emulator-5554
2026-08-12 14:00:59 [INFO    ] driver_factory.py:147 — App Package: com.zee5.hipi (noReset=true, activity not set)
2026-08-12 14:01:09 [INFO    ] driver_factory.py:108 — App launched by driver. Waiting for stabilization...
2026-08-12 14:01:11 [INFO    ] driver_factory.py:111 — ========== DRIVER CREATED SUCCESSFULLY ==========
2026-08-12 14:01:11 [INFO    ] conftest.py:238 — Driver created successfully.
2026-08-12 14:01:17 [INFO    ] popup_handler.py:122 — Checking for 'Get Started' screen...
2026-08-12 14:01:29 [INFO    ] popup_handler.py:134 — 'Get Started' screen not present — skipping.
2026-08-12 14:01:29 [INFO    ] conftest.py:153 — App readiness probe: HiPi is in foreground (com.zee5.hipi).
2026-08-12 14:01:29 [INFO    ] conftest.py:251 — DRIVER SETUP COMPLETE
2026-08-12 14:01:29 [INFO    ] base_test.py:20 — BaseTest setup completed.
2026-08-12 14:01:29 [INFO    ] base_test.py:58 — login_and_reach_feed: START
2026-08-12 14:01:29 [INFO    ] base_test.py:30 — Logging in as default test user.
2026-08-12 14:01:29 [INFO    ] login_page.py:590 — ========== LOGIN FLOW START ==========
2026-08-12 14:01:30 [INFO    ] login_page.py:34 — Opening profile tab
2026-08-12 14:01:31 [INFO    ] login_page.py:44 — Profile tab open attempt 1/2
2026-08-12 14:01:43 [ERROR   ] base_page.py:118 — Click failed on attempt 1 for ('-android uiautomator', 'new UiSelector().className("android.view.View").instance(24)'): Message: Could not proxy command to the remote server. Original error: socket hang up
Stacktrace:
UnknownError: Could not proxy command to the remote server. Original error: socket hang up
    at ProxyRequestError.getActualError (/opt/homebrew/lib/node_modules/appium/node_modules/@appium/base-driver/build/lib/protocol/errors.js:692:16)
    at UIA2Proxy.command (/opt/homebrew/lib/node_modules/appium/node_modules/@appium/base-driver/build/lib/jsonwp-proxy/proxy.js:270:27)
    at process.processTicksAndRejections (node:internal/process/task_queues:104:5)
    at async AndroidUiautomator2Driver.doFindElementOrEls (/Users/vc.rajdeep.kumar/.appium/node_modules/appium-uiautomator2-driver/build/lib/commands/find.js:24:13)
    at async doFind (/Users/vc.rajdeep.kumar/.appium/node_modules/appium-uiautomator2-driver/node_modules/appium-android-driver/build/lib/commands/find.js:24:23)
    at async wrappedCondFn (/opt/homebrew/lib/node_modules/appium/node_modules/@appium/base-driver/build/lib/basedriver/commands/timeout.js:97:20)
    at async spin (/opt/homebrew/lib/node_modules/appium/node_modules/asyncbox/build/lib/asyncbox.js:174:24)
    at async spin (/opt/homebrew/lib/node_modules/appium/node_modules/asyncbox/build/lib/asyncbox.js:184:20)
    at async spin (/opt/homebrew/lib/node_modules/appium/node_modules/asyncbox/build/lib/asyncbox.js:184:20)
    at async spin (/opt/homebrew/lib/node_modules/appium/node_modules/asyncbox/build/lib/asyncbox.js:184:20)
    at async spin (/opt/homebrew/lib/node_modules/appium/node_modules/asyncbox/build/lib/asyncbox.js:184:20)
    at async waitForCondition (/opt/homebrew/lib/node_modules/appium/node_modules/asyncbox/build/lib/asyncbox.js:192:12)
    at async AndroidUiautomator2Driver.implicitWaitForCondition (/opt/homebrew/lib/node_modules/appium/node_modules/@appium/base-driver/build/lib/basedriver/commands/timeout.js:99:16)
    at async AndroidUiautomator2Driver.findElOrEls (/Users/vc.rajdeep.kumar/.appium/node_modules/appium-uiautomator2-driver/node_modules/appium-android-driver/build/lib/commands/find.js:45:9)
    at async AndroidUiautomator2Driver.findElOrElsWithProcessing (/opt/homebrew/lib/node_modules/appium/node_modules/@appium/base-driver/build/lib/basedriver/commands/find.js:12:16)
    at async AndroidUiautomator2Driver.findElement (/opt/homebrew/lib/node_modules/appium/node_modules/@appium/base-driver/build/lib/basedriver/commands/find.js:27:16)
2026-08-12 14:01:43 [WARNING ] base_page.py:262 — Attempting to recover application state...
2026-08-12 14:01:46 [INFO    ] base_page.py:266 — App recovery attempt completed.
2026-08-12 14:01:46 [ERROR   ] screenshot_utils.py:58 — Screenshot capture failed: Message: 'GET /screenshot' cannot be proxied to UiAutomator2 server because the instrumentation process is not running (probably crashed). Check the server log and/or the logcat output for more details
Stacktrace:
UnknownError: 'GET /screenshot' cannot be proxied to UiAutomator2 server because the instrumentation process is not running (probably crashed). Check the server log and/or the logcat output for more details
    at UIA2Proxy.command (/opt/homebrew/lib/node_modules/appium/node_modules/@appium/base-driver/build/lib/jsonwp-proxy/proxy.js:272:19)
    at process.processTicksAndRejections (node:internal/process/task_queues:104:5)
    at async AndroidUiautomator2Driver.getScreenshot (/Users/vc.rajdeep.kumar/.appium/node_modules/appium-uiautomator2-driver/build/lib/commands/screenshot.js:72:19)
2026-08-12 14:01:46 [ERROR   ] screenshot_utils.py:81 — Page source save failed: Message: 'GET /session/88cce45d-73a5-439d-9900-cf5c410da48d/source' cannot be proxied to UiAutomator2 server because the instrumentation process is not running (probably crashed). Check the server log and/or the logcat output for more details
Stacktrace:
InvalidContextError: 'GET /session/88cce45d-73a5-439d-9900-cf5c410da48d/source' cannot be proxied to UiAutomator2 server because the instrumentation process is not running (probably crashed). Check the server log and/or the logcat output for more details
    at UIA2Proxy.proxyCommand (/Users/vc.rajdeep.kumar/.appium/node_modules/appium-uiautomator2-driver/build/lib/uiautomator2.js:32:19)
    at UIA2Proxy.proxyReqRes (/opt/homebrew/lib/node_modules/appium/node_modules/@appium/base-driver/build/lib/jsonwp-proxy/proxy.js:325:49)
    at runCommandPromise (/opt/homebrew/lib/node_modules/appium/node_modules/@appium/base-driver/build/lib/basedriver/driver.js:121:30)
    at /opt/homebrew/lib/node_modules/appium/node_modules/async-lock/lib/index.js:171:12
    at AsyncLock._promiseTry (/opt/homebrew/lib/node_modules/appium/node_modules/async-lock/lib/index.js:306:31)
    at exec (/opt/homebrew/lib/node_modules/appium/node_modules/async-lock/lib/index.js:170:9)
    at AsyncLock.acquire (/opt/homebrew/lib/node_modules/appium/node_modules/async-lock/lib/index.js:189:3)
    at AndroidUiautomator2Driver.executeCommand (/opt/homebrew/lib/node_modules/appium/node_modules/@appium/base-driver/build/lib/basedriver/driver.js:161:45)
    at process.processTicksAndRejections (node:internal/process/task_queues:104:5)
    at async defaultBehavior (/opt/homebrew/lib/node_modules/appium/build/lib/appium.js:634:20)
    at async AppiumDriver.executeWrappedCommand (/opt/homebrew/lib/node_modules/appium/build/lib/appium.js:726:22)
    at async AppiumDriver.executeCommand (/opt/homebrew/lib/node_modules/appium/build/lib/appium.js:645:21)
    at async doJwpProxy (/opt/homebrew/lib/node_modules/appium/node_modules/@appium/base-driver/build/lib/protocol/protocol.js:476:9)
    at async asyncHandler (/opt/homebrew/lib/node_modules/appium/node_modules/@appium/base-driver/build/lib/protocol/protocol.js:307:21)
2026-08-12 14:01:46 [WARNING ] login_page.py:88 — Element-based click failed: Unable to click ('-android uiautomator', 'new UiSelector().className("android.view.View").instance(24)') after 1 retries. Last exception: Message: Could not proxy command to the remote server. Original error: socket hang up
Stacktrace:
UnknownError: Could not proxy command to the remote server. Original error: socket hang up
    at ProxyRequestError.getActualError (/opt/homebrew/lib/node_modules/appium/node_modules/@appium/base-driver/build/lib/protocol/errors.js:692:16)
    at UIA2Proxy.command (/opt/homebrew/lib/node_modules/appium/node_modules/@appium/base-driver/build/lib/jsonwp-proxy/proxy.js:270:27)
    at process.processTicksAndRejections (node:internal/process/task_queues:104:5)
    at async AndroidUiautomator2Driver.doFindElementOrEls (/Users/vc.rajdeep.kumar/.appium/node_modules/appium-uiautomator2-driver/build/lib/commands/find.js:24:13)
    at async doFind (/Users/vc.rajdeep.kumar/.appium/node_modules/appium-uiautomator2-driver/node_modules/appium-android-driver/build/lib/commands/find.js:24:23)
    at async wrappedCondFn (/opt/homebrew/lib/node_modules/appium/node_modules/@appium/base-driver/build/lib/basedriver/commands/timeout.js:97:20)
    at async spin (/opt/homebrew/lib/node_modules/appium/node_modules/asyncbox/build/lib/asyncbox.js:174:24)
    at async spin (/opt/homebrew/lib/node_modules/appium/node_modules/asyncbox/build/lib/asyncbox.js:184:20)
    at async spin (/opt/homebrew/lib/node_modules/appium/node_modules/asyncbox/build/lib/asyncbox.js:184:20)
    at async spin (/opt/homebrew/lib/node_modules/appium/node_modules/asyncbox/build/lib/asyncbox.js:184:20)
    at async spin (/opt/homebrew/lib/node_modules/appium/node_modules/asyncbox/build/lib/asyncbox.js:184:20)
    at async waitForCondition (/opt/homebrew/lib/node_modules/appium/node_modules/asyncbox/build/lib/asyncbox.js:192:12)
    at async AndroidUiautomator2Driver.implicitWaitForCondition (/opt/homebrew/lib/node_modules/appium/node_modules/@appium/base-driver/build/lib/basedriver/commands/timeout.js:99:16)
    at async AndroidUiautomator2Driver.findElOrEls (/Users/vc.rajdeep.kumar/.appium/node_modules/appium-uiautomator2-driver/node_modules/appium-android-driver/build/lib/commands/find.js:45:9)
    at async AndroidUiautomator2Driver.findElOrElsWithProcessing (/opt/homebrew/lib/node_modules/appium/node_modules/@appium/base-driver/build/lib/basedriver/commands/find.js:12:16)
    at async AndroidUiautomator2Driver.findElement (/opt/homebrew/lib/node_modules/appium/node_modules/@appium/base-driver/build/lib/basedriver/commands/find.js:27:16)
2026-08-12 14:01:47 [WARNING ] login_page.py:115 — Coordinate tap failed: Message: 'GET /window/current/size' cannot be proxied to UiAutomator2 server because the instrumentation process is not running (probably crashed). Check the server log and/or the logcat output for more details
Stacktrace:
UnknownError: 'GET /window/current/size' cannot be proxied to UiAutomator2 server because the instrumentation process is not running (probably crashed). Check the server log and/or the logcat output for more details
    at UIA2Proxy.command (/opt/homebrew/lib/node_modules/appium/node_modules/@appium/base-driver/build/lib/jsonwp-proxy/proxy.js:272:19)
    at process.processTicksAndRejections (node:internal/process/task_queues:104:5)
    at async AndroidUiautomator2Driver.getWindowSize (/Users/vc.rajdeep.kumar/.appium/node_modules/appium-uiautomator2-driver/build/lib/commands/viewport.js:73:13)
    at async AndroidUiautomator2Driver.getWindowRect (/Users/vc.rajdeep.kumar/.appium/node_modules/appium-uiautomator2-driver/build/lib/commands/viewport.js:53:31)
2026-08-12 14:01:53 [ERROR   ] base_page.py:92 — None of the candidate locators became visible within 6s. Candidates: [('-android uiautomator', 'new UiSelector().textContains("Continue")'), ('class name', 'android.widget.EditText')]. Last error: Message: 'POST /elements' cannot be proxied to UiAutomator2 server because the instrumentation process is not running (probably crashed). Check the server log and/or the logcat output for more details
Stacktrace:
UnknownError: 'POST /elements' cannot be proxied to UiAutomator2 server because the instrumentation process is not running (probably crashed). Check the server log and/or the logcat output for more details
    at UIA2Proxy.command (/opt/homebrew/lib/node_modules/appium/node_modules/@appium/base-driver/build/lib/jsonwp-proxy/proxy.js:272:19)
    at process.processTicksAndRejections (node:internal/process/task_queues:104:5)
    at async AndroidUiautomator2Driver.doFindElementOrEls (/Users/vc.rajdeep.kumar/.appium/node_modules/appium-uiautomator2-driver/build/lib/commands/find.js:24:13)
    at async doFind (/Users/vc.rajdeep.kumar/.appium/node_modules/appium-uiautomator2-driver/node_modules/appium-android-driver/build/lib/commands/find.js:24:23)
    at async wrappedCondFn (/opt/homebrew/lib/node_modules/appium/node_modules/@appium/base-driver/build/lib/basedriver/commands/timeout.js:97:20)
    at async spin (/opt/homebrew/lib/node_modules/appium/node_modules/asyncbox/build/lib/asyncbox.js:174:24)
    at async waitForCondition (/opt/homebrew/lib/node_modules/appium/node_modules/asyncbox/build/lib/asyncbox.js:192:12)
    at async AndroidUiautomator2Driver.implicitWaitForCondition (/opt/homebrew/lib/node_modules/appium/node_modules/@appium/base-driver/build/lib/basedriver/commands/timeout.js:99:16)
    at async AndroidUiautomator2Driver.findElOrEls (/Users/vc.rajdeep.kumar/.appium/node_modules/appium-uiautomator2-driver/node_modules/appium-android-driver/build/lib/commands/find.js:45:9)
    at async AndroidUiautomator2Driver.findElOrElsWithProcessing (/opt/homebrew/lib/node_modules/appium/node_modules/@appium/base-driver/build/lib/basedriver/commands/find.js:12:16)
    at async AndroidUiautomator2Driver.findElements (/opt/homebrew/lib/node_modules/appium/node_modules/@appium/base-driver/build/lib/basedriver/commands/find.js:30:16)
2026-08-12 14:01:53 [ERROR   ] screenshot_utils.py:58 — Screenshot capture failed: Message: 'GET /screenshot' cannot be proxied to UiAutomator2 server because the instrumentation process is not running (probably crashed). Check the server log and/or the logcat output for more details
Stacktrace:
UnknownError: 'GET /screenshot' cannot be proxied to UiAutomator2 server because the instrumentation process is not running (probably crashed). Check the server log and/or the logcat output for more details
    at UIA2Proxy.command (/opt/homebrew/lib/node_modules/appium/node_modules/@appium/base-driver/build/lib/jsonwp-proxy/proxy.js:272:19)
    at process.processTicksAndRejections (node:internal/process/task_queues:104:5)
    at async AndroidUiautomator2Driver.getScreenshot (/Users/vc.rajdeep.kumar/.appium/node_modules/appium-uiautomator2-driver/build/lib/commands/screenshot.js:72:19)
2026-08-12 14:01:53 [ERROR   ] screenshot_utils.py:81 — Page source save failed: Message: 'GET /session/88cce45d-73a5-439d-9900-cf5c410da48d/source' cannot be proxied to UiAutomator2 server because the instrumentation process is not running (probably crashed). Check the server log and/or the logcat output for more details
Stacktrace:
InvalidContextError: 'GET /session/88cce45d-73a5-439d-9900-cf5c410da48d/source' cannot be proxied to UiAutomator2 server because the instrumentation process is not running (probably crashed). Check the server log and/or the logcat output for more details
    at UIA2Proxy.proxyCommand (/Users/vc.rajdeep.kumar/.appium/node_modules/appium-uiautomator2-driver/build/lib/uiautomator2.js:32:19)
    at UIA2Proxy.proxyReqRes (/opt/homebrew/lib/node_modules/appium/node_modules/@appium/base-driver/build/lib/jsonwp-proxy/proxy.js:325:49)
    at runCommandPromise (/opt/homebrew/lib/node_modules/appium/node_modules/@appium/base-driver/build/lib/basedriver/driver.js:121:30)
    at /opt/homebrew/lib/node_modules/appium/node_modules/async-lock/lib/index.js:171:12
    at AsyncLock._promiseTry (/opt/homebrew/lib/node_modules/appium/node_modules/async-lock/lib/index.js:306:31)
    at exec (/opt/homebrew/lib/node_modules/appium/node_modules/async-lock/lib/index.js:170:9)
    at AsyncLock.acquire (/opt/homebrew/lib/node_modules/appium/node_modules/async-lock/lib/index.js:189:3)
    at AndroidUiautomator2Driver.executeCommand (/opt/homebrew/lib/node_modules/appium/node_modules/@appium/base-driver/build/lib/basedriver/driver.js:161:45)
    at process.processTicksAndRejections (node:internal/process/task_queues:104:5)
    at async defaultBehavior (/opt/homebrew/lib/node_modules/appium/build/lib/appium.js:634:20)
    at async AppiumDriver.executeWrappedCommand (/opt/homebrew/lib/node_modules/appium/build/lib/appium.js:726:22)
    at async AppiumDriver.executeCommand (/opt/homebrew/lib/node_modules/appium/build/lib/appium.js:645:21)
    at async doJwpProxy (/opt/homebrew/lib/node_modules/appium/node_modules/@appium/base-driver/build/lib/protocol/protocol.js:476:9)
    at async asyncHandler (/opt/homebrew/lib/node_modules/appium/node_modules/@appium/base-driver/build/lib/protocol/protocol.js:307:21)
2026-08-12 14:01:53 [WARNING ] login_page.py:139 — Attempt 1 did not reach the login sheet, recovering and retrying...
2026-08-12 14:01:53 [WARNING ] base_page.py:262 — Attempting to recover application state...
2026-08-12 14:01:56 [INFO    ] base_page.py:266 — App recovery attempt completed.
2026-08-12 14:01:58 [INFO    ] login_page.py:44 — Profile tab open attempt 2/2
2026-08-12 14:01:58 [ERROR   ] base_page.py:118 — Click failed on attempt 1 for ('-android uiautomator', 'new UiSelector().className("android.view.View").instance(24)'): Message: 'POST /element' cannot be proxied to UiAutomator2 server because the instrumentation process is not running (probably crashed). Check the server log and/or the logcat output for more details
Stacktrace:
UnknownError: 'POST /element' cannot be proxied to UiAutomator2 server because the instrumentation process is not running (probably crashed). Check the server log and/or the logcat output for more details
    at UIA2Proxy.command (/opt/homebrew/lib/node_modules/appium/node_modules/@appium/base-driver/build/lib/jsonwp-proxy/proxy.js:272:19)
    at process.processTicksAndRejections (node:internal/process/task_queues:104:5)
    at async AndroidUiautomator2Driver.doFindElementOrEls (/Users/vc.rajdeep.kumar/.appium/node_modules/appium-uiautomator2-driver/build/lib/commands/find.js:24:13)
    at async doFind (/Users/vc.rajdeep.kumar/.appium/node_modules/appium-uiautomator2-driver/node_modules/appium-android-driver/build/lib/commands/find.js:24:23)
    at async wrappedCondFn (/opt/homebrew/lib/node_modules/appium/node_modules/@appium/base-driver/build/lib/basedriver/commands/timeout.js:97:20)
    at async spin (/opt/homebrew/lib/node_modules/appium/node_modules/asyncbox/build/lib/asyncbox.js:174:24)
    at async waitForCondition (/opt/homebrew/lib/node_modules/appium/node_modules/asyncbox/build/lib/asyncbox.js:192:12)
    at async AndroidUiautomator2Driver.implicitWaitForCondition (/opt/homebrew/lib/node_modules/appium/node_modules/@appium/base-driver/build/lib/basedriver/commands/timeout.js:99:16)
    at async AndroidUiautomator2Driver.findElOrEls (/Users/vc.rajdeep.kumar/.appium/node_modules/appium-uiautomator2-driver/node_modules/appium-android-driver/build/lib/commands/find.js:45:9)
    at async AndroidUiautomator2Driver.findElOrElsWithProcessing (/opt/homebrew/lib/node_modules/appium/node_modules/@appium/base-driver/build/lib/basedriver/commands/find.js:12:16)
    at async AndroidUiautomator2Driver.findElement (/opt/homebrew/lib/node_modules/appium/node_modules/@appium/base-driver/build/lib/basedriver/commands/find.js:27:16)
2026-08-12 14:01:58 [WARNING ] base_page.py:262 — Attempting to recover application state...
2026-08-12 14:02:01 [INFO    ] base_page.py:266 — App recovery attempt completed.
2026-08-12 14:02:01 [ERROR   ] screenshot_utils.py:58 — Screenshot capture failed: Message: 'GET /screenshot' cannot be proxied to UiAutomator2 server because the instrumentation process is not running (probably crashed). Check the server log and/or the logcat output for more details
Stacktrace:
UnknownError: 'GET /screenshot' cannot be proxied to UiAutomator2 server because the instrumentation process is not running (probably crashed). Check the server log and/or the logcat output for more details
    at UIA2Proxy.command (/opt/homebrew/lib/node_modules/appium/node_modules/@appium/base-driver/build/lib/jsonwp-proxy/proxy.js:272:19)
    at process.processTicksAndRejections (node:internal/process/task_queues:104:5)
    at async AndroidUiautomator2Driver.getScreenshot (/Users/vc.rajdeep.kumar/.appium/node_modules/appium-uiautomator2-driver/build/lib/commands/screenshot.js:72:19)
2026-08-12 14:02:01 [ERROR   ] screenshot_utils.py:81 — Page source save failed: Message: 'GET /session/88cce45d-73a5-439d-9900-cf5c410da48d/source' cannot be proxied to UiAutomator2 server because the instrumentation process is not running (probably crashed). Check the server log and/or the logcat output for more details
Stacktrace:
InvalidContextError: 'GET /session/88cce45d-73a5-439d-9900-cf5c410da48d/source' cannot be proxied to UiAutomator2 server because the instrumentation process is not running (probably crashed). Check the server log and/or the logcat output for more details
    at UIA2Proxy.proxyCommand (/Users/vc.rajdeep.kumar/.appium/node_modules/appium-uiautomator2-driver/build/lib/uiautomator2.js:32:19)
    at UIA2Proxy.proxyReqRes (/opt/homebrew/lib/node_modules/appium/node_modules/@appium/base-driver/build/lib/jsonwp-proxy/proxy.js:325:49)
    at runCommandPromise (/opt/homebrew/lib/node_modules/appium/node_modules/@appium/base-driver/build/lib/basedriver/driver.js:121:30)
    at /opt/homebrew/lib/node_modules/appium/node_modules/async-lock/lib/index.js:171:12
    at AsyncLock._promiseTry (/opt/homebrew/lib/node_modules/appium/node_modules/async-lock/lib/index.js:306:31)
    at exec (/opt/homebrew/lib/node_modules/appium/node_modules/async-lock/lib/index.js:170:9)
    at AsyncLock.acquire (/opt/homebrew/lib/node_modules/appium/node_modules/async-lock/lib/index.js:189:3)
    at AndroidUiautomator2Driver.executeCommand (/opt/homebrew/lib/node_modules/appium/node_modules/@appium/base-driver/build/lib/basedriver/driver.js:161:45)
    at process.processTicksAndRejections (node:internal/process/task_queues:104:5)
    at async defaultBehavior (/opt/homebrew/lib/node_modules/appium/build/lib/appium.js:634:20)
    at async AppiumDriver.executeWrappedCommand (/opt/homebrew/lib/node_modules/appium/build/lib/appium.js:726:22)
    at async AppiumDriver.executeCommand (/opt/homebrew/lib/node_modules/appium/build/lib/appium.js:645:21)
    at async doJwpProxy (/opt/homebrew/lib/node_modules/appium/node_modules/@appium/base-driver/build/lib/protocol/protocol.js:476:9)
    at async asyncHandler (/opt/homebrew/lib/node_modules/appium/node_modules/@appium/base-driver/build/lib/protocol/protocol.js:307:21)
2026-08-12 14:02:01 [WARNING ] login_page.py:88 — Element-based click failed: Unable to click ('-android uiautomator', 'new UiSelector().className("android.view.View").instance(24)') after 1 retries. Last exception: Message: 'POST /element' cannot be proxied to UiAutomator2 server because the instrumentation process is not running (probably crashed). Check the server log and/or the logcat output for more details
Stacktrace:
UnknownError: 'POST /element' cannot be proxied to UiAutomator2 server because the instrumentation process is not running (probably crashed). Check the server log and/or the logcat output for more details
    at UIA2Proxy.command (/opt/homebrew/lib/node_modules/appium/node_modules/@appium/base-driver/build/lib/jsonwp-proxy/proxy.js:272:19)
    at process.processTicksAndRejections (node:internal/process/task_queues:104:5)
    at async AndroidUiautomator2Driver.doFindElementOrEls (/Users/vc.rajdeep.kumar/.appium/node_modules/appium-uiautomator2-driver/build/lib/commands/find.js:24:13)
    at async doFind (/Users/vc.rajdeep.kumar/.appium/node_modules/appium-uiautomator2-driver/node_modules/appium-android-driver/build/lib/commands/find.js:24:23)
    at async wrappedCondFn (/opt/homebrew/lib/node_modules/appium/node_modules/@appium/base-driver/build/lib/basedriver/commands/timeout.js:97:20)
    at async spin (/opt/homebrew/lib/node_modules/appium/node_modules/asyncbox/build/lib/asyncbox.js:174:24)
    at async waitForCondition (/opt/homebrew/lib/node_modules/appium/node_modules/asyncbox/build/lib/asyncbox.js:192:12)
    at async AndroidUiautomator2Driver.implicitWaitForCondition (/opt/homebrew/lib/node_modules/appium/node_modules/@appium/base-driver/build/lib/basedriver/commands/timeout.js:99:16)
    at async AndroidUiautomator2Driver.findElOrEls (/Users/vc.rajdeep.kumar/.appium/node_modules/appium-uiautomator2-driver/node_modules/appium-android-driver/build/lib/commands/find.js:45:9)
    at async AndroidUiautomator2Driver.findElOrElsWithProcessing (/opt/homebrew/lib/node_modules/appium/node_modules/@appium/base-driver/build/lib/basedriver/commands/find.js:12:16)
    at async AndroidUiautomator2Driver.findElement (/opt/homebrew/lib/node_modules/appium/node_modules/@appium/base-driver/build/lib/basedriver/commands/find.js:27:16)
2026-08-12 14:02:01 [WARNING ] login_page.py:115 — Coordinate tap failed: Message: 'GET /window/current/size' cannot be proxied to UiAutomator2 server because the instrumentation process is not running (probably crashed). Check the server log and/or the logcat output for more details
Stacktrace:
UnknownError: 'GET /window/current/size' cannot be proxied to UiAutomator2 server because the instrumentation process is not running (probably crashed). Check the server log and/or the logcat output for more details
    at UIA2Proxy.command (/opt/homebrew/lib/node_modules/appium/node_modules/@appium/base-driver/build/lib/jsonwp-proxy/proxy.js:272:19)
    at process.processTicksAndRejections (node:internal/process/task_queues:104:5)
    at async AndroidUiautomator2Driver.getWindowSize (/Users/vc.rajdeep.kumar/.appium/node_modules/appium-uiautomator2-driver/build/lib/commands/viewport.js:73:13)
    at async AndroidUiautomator2Driver.getWindowRect (/Users/vc.rajdeep.kumar/.appium/node_modules/appium-uiautomator2-driver/build/lib/commands/viewport.js:53:31)
2026-08-12 14:02:08 [ERROR   ] base_page.py:92 — None of the candidate locators became visible within 6s. Candidates: [('-android uiautomator', 'new UiSelector().textContains("Continue")'), ('class name', 'android.widget.EditText')]. Last error: Message: 'POST /elements' cannot be proxied to UiAutomator2 server because the instrumentation process is not running (probably crashed). Check the server log and/or the logcat output for more details
Stacktrace:
UnknownError: 'POST /elements' cannot be proxied to UiAutomator2 server because the instrumentation process is not running (probably crashed). Check the server log and/or the logcat output for more details
    at UIA2Proxy.command (/opt/homebrew/lib/node_modules/appium/node_modules/@appium/base-driver/build/lib/jsonwp-proxy/proxy.js:272:19)
    at process.processTicksAndRejections (node:internal/process/task_queues:104:5)
    at async AndroidUiautomator2Driver.doFindElementOrEls (/Users/vc.rajdeep.kumar/.appium/node_modules/appium-uiautomator2-driver/build/lib/commands/find.js:24:13)
    at async doFind (/Users/vc.rajdeep.kumar/.appium/node_modules/appium-uiautomator2-driver/node_modules/appium-android-driver/build/lib/commands/find.js:24:23)
    at async wrappedCondFn (/opt/homebrew/lib/node_modules/appium/node_modules/@appium/base-driver/build/lib/basedriver/commands/timeout.js:97:20)
    at async spin (/opt/homebrew/lib/node_modules/appium/node_modules/asyncbox/build/lib/asyncbox.js:174:24)
    at async waitForCondition (/opt/homebrew/lib/node_modules/appium/node_modules/asyncbox/build/lib/asyncbox.js:192:12)
    at async AndroidUiautomator2Driver.implicitWaitForCondition (/opt/homebrew/lib/node_modules/appium/node_modules/@appium/base-driver/build/lib/basedriver/commands/timeout.js:99:16)
    at async AndroidUiautomator2Driver.findElOrEls (/Users/vc.rajdeep.kumar/.appium/node_modules/appium-uiautomator2-driver/node_modules/appium-android-driver/build/lib/commands/find.js:45:9)
    at async AndroidUiautomator2Driver.findElOrElsWithProcessing (/opt/homebrew/lib/node_modules/appium/node_modules/@appium/base-driver/build/lib/basedriver/commands/find.js:12:16)
    at async AndroidUiautomator2Driver.findElements (/opt/homebrew/lib/node_modules/appium/node_modules/@appium/base-driver/build/lib/basedriver/commands/find.js:30:16)
2026-08-12 14:02:08 [ERROR   ] screenshot_utils.py:58 — Screenshot capture failed: Message: 'GET /screenshot' cannot be proxied to UiAutomator2 server because the instrumentation process is not running (probably crashed). Check the server log and/or the logcat output for more details
Stacktrace:
UnknownError: 'GET /screenshot' cannot be proxied to UiAutomator2 server because the instrumentation process is not running (probably crashed). Check the server log and/or the logcat output for more details
    at UIA2Proxy.command (/opt/homebrew/lib/node_modules/appium/node_modules/@appium/base-driver/build/lib/jsonwp-proxy/proxy.js:272:19)
    at process.processTicksAndRejections (node:internal/process/task_queues:104:5)
    at async AndroidUiautomator2Driver.getScreenshot (/Users/vc.rajdeep.kumar/.appium/node_modules/appium-uiautomator2-driver/build/lib/commands/screenshot.js:72:19)
2026-08-12 14:02:08 [ERROR   ] screenshot_utils.py:81 — Page source save failed: Message: 'GET /session/88cce45d-73a5-439d-9900-cf5c410da48d/source' cannot be proxied to UiAutomator2 server because the instrumentation process is not running (probably crashed). Check the server log and/or the logcat output for more details
Stacktrace:
InvalidContextError: 'GET /session/88cce45d-73a5-439d-9900-cf5c410da48d/source' cannot be proxied to UiAutomator2 server because the instrumentation process is not running (probably crashed). Check the server log and/or the logcat output for more details
    at UIA2Proxy.proxyCommand (/Users/vc.rajdeep.kumar/.appium/node_modules/appium-uiautomator2-driver/build/lib/uiautomator2.js:32:19)
    at UIA2Proxy.proxyReqRes (/opt/homebrew/lib/node_modules/appium/node_modules/@appium/base-driver/build/lib/jsonwp-proxy/proxy.js:325:49)
    at runCommandPromise (/opt/homebrew/lib/node_modules/appium/node_modules/@appium/base-driver/build/lib/basedriver/driver.js:121:30)
    at /opt/homebrew/lib/node_modules/appium/node_modules/async-lock/lib/index.js:171:12
    at AsyncLock._promiseTry (/opt/homebrew/lib/node_modules/appium/node_modules/async-lock/lib/index.js:306:31)
    at exec (/opt/homebrew/lib/node_modules/appium/node_modules/async-lock/lib/index.js:170:9)
    at AsyncLock.acquire (/opt/homebrew/lib/node_modules/appium/node_modules/async-lock/lib/index.js:189:3)
    at AndroidUiautomator2Driver.executeCommand (/opt/homebrew/lib/node_modules/appium/node_modules/@appium/base-driver/build/lib/basedriver/driver.js:161:45)
    at process.processTicksAndRejections (node:internal/process/task_queues:104:5)
    at async defaultBehavior (/opt/homebrew/lib/node_modules/appium/build/lib/appium.js:634:20)
    at async AppiumDriver.executeWrappedCommand (/opt/homebrew/lib/node_modules/appium/build/lib/appium.js:726:22)
    at async AppiumDriver.executeCommand (/opt/homebrew/lib/node_modules/appium/build/lib/appium.js:645:21)
    at async doJwpProxy (/opt/homebrew/lib/node_modules/appium/node_modules/@appium/base-driver/build/lib/protocol/protocol.js:476:9)
    at async asyncHandler (/opt/homebrew/lib/node_modules/appium/node_modules/@appium/base-driver/build/lib/protocol/protocol.js:307:21)
2026-08-12 14:02:08 [WARNING ] login_page.py:139 — Attempt 2 did not reach the login sheet, recovering and retrying...
2026-08-12 14:02:08 [WARNING ] base_page.py:262 — Attempting to recover application state...
2026-08-12 14:02:11 [INFO    ] base_page.py:266 — App recovery attempt completed.
2026-08-12 14:02:13 [ERROR   ] login_page.py:152 — Unable to open profile tab / reach login sheet after 2 attempts
2026-08-12 14:02:13 [ERROR   ] screenshot_utils.py:58 — Screenshot capture failed: Message: 'GET /screenshot' cannot be proxied to UiAutomator2 server because the instrumentation process is not running (probably crashed). Check the server log and/or the logcat output for more details
Stacktrace:
UnknownError: 'GET /screenshot' cannot be proxied to UiAutomator2 server because the instrumentation process is not running (probably crashed). Check the server log and/or the logcat output for more details
    at UIA2Proxy.command (/opt/homebrew/lib/node_modules/appium/node_modules/@appium/base-driver/build/lib/jsonwp-proxy/proxy.js:272:19)
    at process.processTicksAndRejections (node:internal/process/task_queues:104:5)
    at async AndroidUiautomator2Driver.getScreenshot (/Users/vc.rajdeep.kumar/.appium/node_modules/appium-uiautomator2-driver/build/lib/commands/screenshot.js:72:19)
2026-08-12 14:02:13 [ERROR   ] screenshot_utils.py:81 — Page source save failed: Message: 'GET /session/88cce45d-73a5-439d-9900-cf5c410da48d/source' cannot be proxied to UiAutomator2 server because the instrumentation process is not running (probably crashed). Check the server log and/or the logcat output for more details
Stacktrace:
InvalidContextError: 'GET /session/88cce45d-73a5-439d-9900-cf5c410da48d/source' cannot be proxied to UiAutomator2 server because the instrumentation process is not running (probably crashed). Check the server log and/or the logcat output for more details
    at UIA2Proxy.proxyCommand (/Users/vc.rajdeep.kumar/.appium/node_modules/appium-uiautomator2-driver/build/lib/uiautomator2.js:32:19)
    at UIA2Proxy.proxyReqRes (/opt/homebrew/lib/node_modules/appium/node_modules/@appium/base-driver/build/lib/jsonwp-proxy/proxy.js:325:49)
    at runCommandPromise (/opt/homebrew/lib/node_modules/appium/node_modules/@appium/base-driver/build/lib/basedriver/driver.js:121:30)
    at /opt/homebrew/lib/node_modules/appium/node_modules/async-lock/lib/index.js:171:12
    at AsyncLock._promiseTry (/opt/homebrew/lib/node_modules/appium/node_modules/async-lock/lib/index.js:306:31)
    at exec (/opt/homebrew/lib/node_modules/appium/node_modules/async-lock/lib/index.js:170:9)
    at AsyncLock.acquire (/opt/homebrew/lib/node_modules/appium/node_modules/async-lock/lib/index.js:189:3)
    at AndroidUiautomator2Driver.executeCommand (/opt/homebrew/lib/node_modules/appium/node_modules/@appium/base-driver/build/lib/basedriver/driver.js:161:45)
    at process.processTicksAndRejections (node:internal/process/task_queues:104:5)
    at async defaultBehavior (/opt/homebrew/lib/node_modules/appium/build/lib/appium.js:634:20)
    at async AppiumDriver.executeWrappedCommand (/opt/homebrew/lib/node_modules/appium/build/lib/appium.js:726:22)
    at async AppiumDriver.executeCommand (/opt/homebrew/lib/node_modules/appium/build/lib/appium.js:645:21)
    at async doJwpProxy (/opt/homebrew/lib/node_modules/appium/node_modules/@appium/base-driver/build/lib/protocol/protocol.js:476:9)
    at async asyncHandler (/opt/homebrew/lib/node_modules/appium/node_modules/@appium/base-driver/build/lib/protocol/protocol.js:307:21)
2026-08-12 14:02:13 [ERROR   ] login_page.py:725 — Login flow failed: Unable to open profile tab / reach login sheet after 2 attempts
2026-08-12 14:02:13 [ERROR   ] screenshot_utils.py:58 — Screenshot capture failed: Message: 'GET /screenshot' cannot be proxied to UiAutomator2 server because the instrumentation process is not running (probably crashed). Check the server log and/or the logcat output for more details
Stacktrace:
UnknownError: 'GET /screenshot' cannot be proxied to UiAutomator2 server because the instrumentation process is not running (probably crashed). Check the server log and/or the logcat output for more details
    at UIA2Proxy.command (/opt/homebrew/lib/node_modules/appium/node_modules/@appium/base-driver/build/lib/jsonwp-proxy/proxy.js:272:19)
    at process.processTicksAndRejections (node:internal/process/task_queues:104:5)
    at async AndroidUiautomator2Driver.getScreenshot (/Users/vc.rajdeep.kumar/.appium/node_modules/appium-uiautomator2-driver/build/lib/commands/screenshot.js:72:19)
2026-08-12 14:02:13 [ERROR   ] screenshot_utils.py:81 — Page source save failed: Message: 'GET /session/88cce45d-73a5-439d-9900-cf5c410da48d/source' cannot be proxied to UiAutomator2 server because the instrumentation process is not running (probably crashed). Check the server log and/or the logcat output for more details
Stacktrace:
InvalidContextError: 'GET /session/88cce45d-73a5-439d-9900-cf5c410da48d/source' cannot be proxied to UiAutomator2 server because the instrumentation process is not running (probably crashed). Check the server log and/or the logcat output for more details
    at UIA2Proxy.proxyCommand (/Users/vc.rajdeep.kumar/.appium/node_modules/appium-uiautomator2-driver/build/lib/uiautomator2.js:32:19)
    at UIA2Proxy.proxyReqRes (/opt/homebrew/lib/node_modules/appium/node_modules/@appium/base-driver/build/lib/jsonwp-proxy/proxy.js:325:49)
    at runCommandPromise (/opt/homebrew/lib/node_modules/appium/node_modules/@appium/base-driver/build/lib/basedriver/driver.js:121:30)
    at /opt/homebrew/lib/node_modules/appium/node_modules/async-lock/lib/index.js:171:12
    at AsyncLock._promiseTry (/opt/homebrew/lib/node_modules/appium/node_modules/async-lock/lib/index.js:306:31)
    at exec (/opt/homebrew/lib/node_modules/appium/node_modules/async-lock/lib/index.js:170:9)
    at AsyncLock.acquire (/opt/homebrew/lib/node_modules/appium/node_modules/async-lock/lib/index.js:189:3)
    at AndroidUiautomator2Driver.executeCommand (/opt/homebrew/lib/node_modules/appium/node_modules/@appium/base-driver/build/lib/basedriver/driver.js:161:45)
    at process.processTicksAndRejections (node:internal/process/task_queues:104:5)
    at async defaultBehavior (/opt/homebrew/lib/node_modules/appium/build/lib/appium.js:634:20)
    at async AppiumDriver.executeWrappedCommand (/opt/homebrew/lib/node_modules/appium/build/lib/appium.js:726:22)
    at async AppiumDriver.executeCommand (/opt/homebrew/lib/node_modules/appium/build/lib/appium.js:645:21)
    at async doJwpProxy (/opt/homebrew/lib/node_modules/appium/node_modules/@appium/base-driver/build/lib/protocol/protocol.js:476:9)
    at async asyncHandler (/opt/homebrew/lib/node_modules/appium/node_modules/@appium/base-driver/build/lib/protocol/protocol.js:307:21)
2026-08-12 14:02:13 [ERROR   ] screenshot_utils.py:58 — Screenshot capture failed: Message: 'GET /screenshot' cannot be proxied to UiAutomator2 server because the instrumentation process is not running (probably crashed). Check the server log and/or the logcat output for more details
Stacktrace:
UnknownError: 'GET /screenshot' cannot be proxied to UiAutomator2 server because the instrumentation process is not running (probably crashed). Check the server log and/or the logcat output for more details
    at UIA2Proxy.command (/opt/homebrew/lib/node_modules/appium/node_modules/@appium/base-driver/build/lib/jsonwp-proxy/proxy.js:272:19)
    at process.processTicksAndRejections (node:internal/process/task_queues:104:5)
    at async AndroidUiautomator2Driver.getScreenshot (/Users/vc.rajdeep.kumar/.appium/node_modules/appium-uiautomator2-driver/build/lib/commands/screenshot.js:72:19)
2026-08-12 14:02:13 [ERROR   ] screenshot_utils.py:81 — Page source save failed: Message: 'GET /session/88cce45d-73a5-439d-9900-cf5c410da48d/source' cannot be proxied to UiAutomator2 server because the instrumentation process is not running (probably crashed). Check the server log and/or the logcat output for more details
Stacktrace:
InvalidContextError: 'GET /session/88cce45d-73a5-439d-9900-cf5c410da48d/source' cannot be proxied to UiAutomator2 server because the instrumentation process is not running (probably crashed). Check the server log and/or the logcat output for more details
    at UIA2Proxy.proxyCommand (/Users/vc.rajdeep.kumar/.appium/node_modules/appium-uiautomator2-driver/build/lib/uiautomator2.js:32:19)
    at UIA2Proxy.proxyReqRes (/opt/homebrew/lib/node_modules/appium/node_modules/@appium/base-driver/build/lib/jsonwp-proxy/proxy.js:325:49)
    at runCommandPromise (/opt/homebrew/lib/node_modules/appium/node_modules/@appium/base-driver/build/lib/basedriver/driver.js:121:30)
    at /opt/homebrew/lib/node_modules/appium/node_modules/async-lock/lib/index.js:171:12
    at AsyncLock._promiseTry (/opt/homebrew/lib/node_modules/appium/node_modules/async-lock/lib/index.js:306:31)
    at exec (/opt/homebrew/lib/node_modules/appium/node_modules/async-lock/lib/index.js:170:9)
    at AsyncLock.acquire (/opt/homebrew/lib/node_modules/appium/node_modules/async-lock/lib/index.js:189:3)
    at AndroidUiautomator2Driver.executeCommand (/opt/homebrew/lib/node_modules/appium/node_modules/@appium/base-driver/build/lib/basedriver/driver.js:161:45)
    at process.processTicksAndRejections (node:internal/process/task_queues:104:5)
    at async defaultBehavior (/opt/homebrew/lib/node_modules/appium/build/lib/appium.js:634:20)
    at async AppiumDriver.executeWrappedCommand (/opt/homebrew/lib/node_modules/appium/build/lib/appium.js:726:22)
    at async AppiumDriver.executeCommand (/opt/homebrew/lib/node_modules/appium/build/lib/appium.js:645:21)
    at async doJwpProxy (/opt/homebrew/lib/node_modules/appium/node_modules/@appium/base-driver/build/lib/protocol/protocol.js:476:9)
    at async asyncHandler (/opt/homebrew/lib/node_modules/appium/node_modules/@appium/base-driver/build/lib/protocol/protocol.js:307:21)
2026-08-12 14:02:13 [ERROR   ] conftest.py:355 — Test FAILED: test_like_video
2026-08-12 14:02:13 [INFO    ] conftest.py:262 — Closing driver session.
2026-08-12 14:02:20 [INFO    ] conftest.py:227 — ==================================================
2026-08-12 14:02:20 [INFO    ] conftest.py:228 — DRIVER SETUP START
2026-08-12 14:02:20 [INFO    ] conftest.py:229 — ==================================================
2026-08-12 14:02:20 [INFO    ] conftest.py:116 — Driver creation attempt 1/2
2026-08-12 14:02:20 [INFO    ] driver_factory.py:53 — ========== DRIVER CREATION START ==========
2026-08-12 14:02:20 [INFO    ] driver_factory.py:70 — Device: emulator | Env: qa | Platform: Android
2026-08-12 14:02:20 [INFO    ] driver_factory.py:132 — Device Name: Android Emulator
2026-08-12 14:02:20 [INFO    ] driver_factory.py:133 — UDID: emulator-5554
2026-08-12 14:02:20 [INFO    ] driver_factory.py:147 — App Package: com.zee5.hipi (noReset=true, activity not set)
2026-08-12 14:02:31 [INFO    ] driver_factory.py:108 — App launched by driver. Waiting for stabilization...
2026-08-12 14:02:33 [INFO    ] driver_factory.py:111 — ========== DRIVER CREATED SUCCESSFULLY ==========
2026-08-12 14:02:33 [INFO    ] conftest.py:238 — Driver created successfully.
2026-08-12 14:02:39 [INFO    ] popup_handler.py:122 — Checking for 'Get Started' screen...
2026-08-12 14:02:51 [INFO    ] popup_handler.py:134 — 'Get Started' screen not present — skipping.
2026-08-12 14:02:51 [INFO    ] conftest.py:153 — App readiness probe: HiPi is in foreground (com.zee5.hipi).
2026-08-12 14:02:51 [INFO    ] conftest.py:251 — DRIVER SETUP COMPLETE
2026-08-12 14:02:51 [INFO    ] base_test.py:20 — BaseTest setup completed.
2026-08-12 14:02:51 [INFO    ] base_test.py:58 — login_and_reach_feed: START
2026-08-12 14:02:51 [INFO    ] base_test.py:30 — Logging in as default test user.
2026-08-12 14:02:51 [INFO    ] login_page.py:590 — ========== LOGIN FLOW START ==========
2026-08-12 14:02:52 [INFO    ] login_page.py:34 — Opening profile tab
2026-08-12 14:02:53 [INFO    ] login_page.py:44 — Profile tab open attempt 1/2
2026-08-12 14:02:56 [ERROR   ] base_page.py:118 — Click failed on attempt 1 for ('-android uiautomator', 'new UiSelector().className("android.view.View").instance(24)'): Message: 'POST /element' cannot be proxied to UiAutomator2 server because the instrumentation process is not running (probably crashed). Check the server log and/or the logcat output for more details
Stacktrace:
UnknownError: 'POST /element' cannot be proxied to UiAutomator2 server because the instrumentation process is not running (probably crashed). Check the server log and/or the logcat output for more details
    at UIA2Proxy.command (/opt/homebrew/lib/node_modules/appium/node_modules/@appium/base-driver/build/lib/jsonwp-proxy/proxy.js:272:19)
    at async AndroidUiautomator2Driver.doFindElementOrEls (/Users/vc.rajdeep.kumar/.appium/node_modules/appium-uiautomator2-driver/build/lib/commands/find.js:24:13)
    at async doFind (/Users/vc.rajdeep.kumar/.appium/node_modules/appium-uiautomator2-driver/node_modules/appium-android-driver/build/lib/commands/find.js:24:23)
    at async wrappedCondFn (/opt/homebrew/lib/node_modules/appium/node_modules/@appium/base-driver/build/lib/basedriver/commands/timeout.js:97:20)
    at async spin (/opt/homebrew/lib/node_modules/appium/node_modules/asyncbox/build/lib/asyncbox.js:174:24)
    at async spin (/opt/homebrew/lib/node_modules/appium/node_modules/asyncbox/build/lib/asyncbox.js:184:20)
    at async spin (/opt/homebrew/lib/node_modules/appium/node_modules/asyncbox/build/lib/asyncbox.js:184:20)
    at async waitForCondition (/opt/homebrew/lib/node_modules/appium/node_modules/asyncbox/build/lib/asyncbox.js:192:12)
    at async AndroidUiautomator2Driver.implicitWaitForCondition (/opt/homebrew/lib/node_modules/appium/node_modules/@appium/base-driver/build/lib/basedriver/commands/timeout.js:99:16)
    at async AndroidUiautomator2Driver.findElOrEls (/Users/vc.rajdeep.kumar/.appium/node_modules/appium-uiautomator2-driver/node_modules/appium-android-driver/build/lib/commands/find.js:45:9)
    at async AndroidUiautomator2Driver.findElOrElsWithProcessing (/opt/homebrew/lib/node_modules/appium/node_modules/@appium/base-driver/build/lib/basedriver/commands/find.js:12:16)
    at async AndroidUiautomator2Driver.findElement (/opt/homebrew/lib/node_modules/appium/node_modules/@appium/base-driver/build/lib/basedriver/commands/find.js:27:16)
2026-08-12 14:02:56 [WARNING ] base_page.py:262 — Attempting to recover application state...
2026-08-12 14:02:59 [INFO    ] base_page.py:266 — App recovery attempt completed.
2026-08-12 14:02:59 [ERROR   ] screenshot_utils.py:58 — Screenshot capture failed: Message: 'GET /screenshot' cannot be proxied to UiAutomator2 server because the instrumentation process is not running (probably crashed). Check the server log and/or the logcat output for more details
Stacktrace:
UnknownError: 'GET /screenshot' cannot be proxied to UiAutomator2 server because the instrumentation process is not running (probably crashed). Check the server log and/or the logcat output for more details
    at UIA2Proxy.command (/opt/homebrew/lib/node_modules/appium/node_modules/@appium/base-driver/build/lib/jsonwp-proxy/proxy.js:272:19)
    at process.processTicksAndRejections (node:internal/process/task_queues:104:5)
    at async AndroidUiautomator2Driver.getScreenshot (/Users/vc.rajdeep.kumar/.appium/node_modules/appium-uiautomator2-driver/build/lib/commands/screenshot.js:72:19)
2026-08-12 14:02:59 [ERROR   ] screenshot_utils.py:81 — Page source save failed: Message: 'GET /session/568555a1-6b90-4e21-8ba9-0cb20bde8e6d/source' cannot be proxied to UiAutomator2 server because the instrumentation process is not running (probably crashed). Check the server log and/or the logcat output for more details
Stacktrace:
InvalidContextError: 'GET /session/568555a1-6b90-4e21-8ba9-0cb20bde8e6d/source' cannot be proxied to UiAutomator2 server because the instrumentation process is not running (probably crashed). Check the server log and/or the logcat output for more details
    at UIA2Proxy.proxyCommand (/Users/vc.rajdeep.kumar/.appium/node_modules/appium-uiautomator2-driver/build/lib/uiautomator2.js:32:19)
    at UIA2Proxy.proxyReqRes (/opt/homebrew/lib/node_modules/appium/node_modules/@appium/base-driver/build/lib/jsonwp-proxy/proxy.js:325:49)
    at runCommandPromise (/opt/homebrew/lib/node_modules/appium/node_modules/@appium/base-driver/build/lib/basedriver/driver.js:121:30)
    at /opt/homebrew/lib/node_modules/appium/node_modules/async-lock/lib/index.js:171:12
    at AsyncLock._promiseTry (/opt/homebrew/lib/node_modules/appium/node_modules/async-lock/lib/index.js:306:31)
    at exec (/opt/homebrew/lib/node_modules/appium/node_modules/async-lock/lib/index.js:170:9)
    at AsyncLock.acquire (/opt/homebrew/lib/node_modules/appium/node_modules/async-lock/lib/index.js:189:3)
    at AndroidUiautomator2Driver.executeCommand (/opt/homebrew/lib/node_modules/appium/node_modules/@appium/base-driver/build/lib/basedriver/driver.js:161:45)
    at process.processTicksAndRejections (node:internal/process/task_queues:104:5)
    at async defaultBehavior (/opt/homebrew/lib/node_modules/appium/build/lib/appium.js:634:20)
    at async AppiumDriver.executeWrappedCommand (/opt/homebrew/lib/node_modules/appium/build/lib/appium.js:726:22)
    at async AppiumDriver.executeCommand (/opt/homebrew/lib/node_modules/appium/build/lib/appium.js:645:21)
    at async doJwpProxy (/opt/homebrew/lib/node_modules/appium/node_modules/@appium/base-driver/build/lib/protocol/protocol.js:476:9)
    at async asyncHandler (/opt/homebrew/lib/node_modules/appium/node_modules/@appium/base-driver/build/lib/protocol/protocol.js:307:21)
2026-08-12 14:02:59 [WARNING ] login_page.py:88 — Element-based click failed: Unable to click ('-android uiautomator', 'new UiSelector().className("android.view.View").instance(24)') after 1 retries. Last exception: Message: 'POST /element' cannot be proxied to UiAutomator2 server because the instrumentation process is not running (probably crashed). Check the server log and/or the logcat output for more details
Stacktrace:
UnknownError: 'POST /element' cannot be proxied to UiAutomator2 server because the instrumentation process is not running (probably crashed). Check the server log and/or the logcat output for more details
    at UIA2Proxy.command (/opt/homebrew/lib/node_modules/appium/node_modules/@appium/base-driver/build/lib/jsonwp-proxy/proxy.js:272:19)
    at async AndroidUiautomator2Driver.doFindElementOrEls (/Users/vc.rajdeep.kumar/.appium/node_modules/appium-uiautomator2-driver/build/lib/commands/find.js:24:13)
    at async doFind (/Users/vc.rajdeep.kumar/.appium/node_modules/appium-uiautomator2-driver/node_modules/appium-android-driver/build/lib/commands/find.js:24:23)
    at async wrappedCondFn (/opt/homebrew/lib/node_modules/appium/node_modules/@appium/base-driver/build/lib/basedriver/commands/timeout.js:97:20)
    at async spin (/opt/homebrew/lib/node_modules/appium/node_modules/asyncbox/build/lib/asyncbox.js:174:24)
    at async spin (/opt/homebrew/lib/node_modules/appium/node_modules/asyncbox/build/lib/asyncbox.js:184:20)
    at async spin (/opt/homebrew/lib/node_modules/appium/node_modules/asyncbox/build/lib/asyncbox.js:184:20)
    at async waitForCondition (/opt/homebrew/lib/node_modules/appium/node_modules/asyncbox/build/lib/asyncbox.js:192:12)
    at async AndroidUiautomator2Driver.implicitWaitForCondition (/opt/homebrew/lib/node_modules/appium/node_modules/@appium/base-driver/build/lib/basedriver/commands/timeout.js:99:16)
    at async AndroidUiautomator2Driver.findElOrEls (/Users/vc.rajdeep.kumar/.appium/node_modules/appium-uiautomator2-driver/node_modules/appium-android-driver/build/lib/commands/find.js:45:9)
    at async AndroidUiautomator2Driver.findElOrElsWithProcessing (/opt/homebrew/lib/node_modules/appium/node_modules/@appium/base-driver/build/lib/basedriver/commands/find.js:12:16)
    at async AndroidUiautomator2Driver.findElement (/opt/homebrew/lib/node_modules/appium/node_modules/@appium/base-driver/build/lib/basedriver/commands/find.js:27:16)
2026-08-12 14:03:00 [WARNING ] login_page.py:115 — Coordinate tap failed: Message: 'GET /window/current/size' cannot be proxied to UiAutomator2 server because the instrumentation process is not running (probably crashed). Check the server log and/or the logcat output for more details
Stacktrace:
UnknownError: 'GET /window/current/size' cannot be proxied to UiAutomator2 server because the instrumentation process is not running (probably crashed). Check the server log and/or the logcat output for more details
    at UIA2Proxy.command (/opt/homebrew/lib/node_modules/appium/node_modules/@appium/base-driver/build/lib/jsonwp-proxy/proxy.js:272:19)
    at process.processTicksAndRejections (node:internal/process/task_queues:104:5)
    at async AndroidUiautomator2Driver.getWindowSize (/Users/vc.rajdeep.kumar/.appium/node_modules/appium-uiautomator2-driver/build/lib/commands/viewport.js:73:13)
    at async AndroidUiautomator2Driver.getWindowRect (/Users/vc.rajdeep.kumar/.appium/node_modules/appium-uiautomator2-driver/build/lib/commands/viewport.js:53:31)
2026-08-12 14:03:06 [ERROR   ] base_page.py:92 — None of the candidate locators became visible within 6s. Candidates: [('-android uiautomator', 'new UiSelector().textContains("Continue")'), ('class name', 'android.widget.EditText')]. Last error: Message: 'POST /elements' cannot be proxied to UiAutomator2 server because the instrumentation process is not running (probably crashed). Check the server log and/or the logcat output for more details
Stacktrace:
UnknownError: 'POST /elements' cannot be proxied to UiAutomator2 server because the instrumentation process is not running (probably crashed). Check the server log and/or the logcat output for more details
    at UIA2Proxy.command (/opt/homebrew/lib/node_modules/appium/node_modules/@appium/base-driver/build/lib/jsonwp-proxy/proxy.js:272:19)
    at process.processTicksAndRejections (node:internal/process/task_queues:104:5)
    at async AndroidUiautomator2Driver.doFindElementOrEls (/Users/vc.rajdeep.kumar/.appium/node_modules/appium-uiautomator2-driver/build/lib/commands/find.js:24:13)
    at async doFind (/Users/vc.rajdeep.kumar/.appium/node_modules/appium-uiautomator2-driver/node_modules/appium-android-driver/build/lib/commands/find.js:24:23)
    at async wrappedCondFn (/opt/homebrew/lib/node_modules/appium/node_modules/@appium/base-driver/build/lib/basedriver/commands/timeout.js:97:20)
    at async spin (/opt/homebrew/lib/node_modules/appium/node_modules/asyncbox/build/lib/asyncbox.js:174:24)
    at async waitForCondition (/opt/homebrew/lib/node_modules/appium/node_modules/asyncbox/build/lib/asyncbox.js:192:12)
    at async AndroidUiautomator2Driver.implicitWaitForCondition (/opt/homebrew/lib/node_modules/appium/node_modules/@appium/base-driver/build/lib/basedriver/commands/timeout.js:99:16)
    at async AndroidUiautomator2Driver.findElOrEls (/Users/vc.rajdeep.kumar/.appium/node_modules/appium-uiautomator2-driver/node_modules/appium-android-driver/build/lib/commands/find.js:45:9)
    at async AndroidUiautomator2Driver.findElOrElsWithProcessing (/opt/homebrew/lib/node_modules/appium/node_modules/@appium/base-driver/build/lib/basedriver/commands/find.js:12:16)
    at async AndroidUiautomator2Driver.findElements (/opt/homebrew/lib/node_modules/appium/node_modules/@appium/base-driver/build/lib/basedriver/commands/find.js:30:16)
2026-08-12 14:03:06 [ERROR   ] screenshot_utils.py:58 — Screenshot capture failed: Message: 'GET /screenshot' cannot be proxied to UiAutomator2 server because the instrumentation process is not running (probably crashed). Check the server log and/or the logcat output for more details
Stacktrace:
UnknownError: 'GET /screenshot' cannot be proxied to UiAutomator2 server because the instrumentation process is not running (probably crashed). Check the server log and/or the logcat output for more details
    at UIA2Proxy.command (/opt/homebrew/lib/node_modules/appium/node_modules/@appium/base-driver/build/lib/jsonwp-proxy/proxy.js:272:19)
    at process.processTicksAndRejections (node:internal/process/task_queues:104:5)
    at async AndroidUiautomator2Driver.getScreenshot (/Users/vc.rajdeep.kumar/.appium/node_modules/appium-uiautomator2-driver/build/lib/commands/screenshot.js:72:19)
2026-08-12 14:03:06 [ERROR   ] screenshot_utils.py:81 — Page source save failed: Message: 'GET /session/568555a1-6b90-4e21-8ba9-0cb20bde8e6d/source' cannot be proxied to UiAutomator2 server because the instrumentation process is not running (probably crashed). Check the server log and/or the logcat output for more details
Stacktrace:
InvalidContextError: 'GET /session/568555a1-6b90-4e21-8ba9-0cb20bde8e6d/source' cannot be proxied to UiAutomator2 server because the instrumentation process is not running (probably crashed). Check the server log and/or the logcat output for more details
    at UIA2Proxy.proxyCommand (/Users/vc.rajdeep.kumar/.appium/node_modules/appium-uiautomator2-driver/build/lib/uiautomator2.js:32:19)
    at UIA2Proxy.proxyReqRes (/opt/homebrew/lib/node_modules/appium/node_modules/@appium/base-driver/build/lib/jsonwp-proxy/proxy.js:325:49)
    at runCommandPromise (/opt/homebrew/lib/node_modules/appium/node_modules/@appium/base-driver/build/lib/basedriver/driver.js:121:30)
    at /opt/homebrew/lib/node_modules/appium/node_modules/async-lock/lib/index.js:171:12
    at AsyncLock._promiseTry (/opt/homebrew/lib/node_modules/appium/node_modules/async-lock/lib/index.js:306:31)
    at exec (/opt/homebrew/lib/node_modules/appium/node_modules/async-lock/lib/index.js:170:9)
    at AsyncLock.acquire (/opt/homebrew/lib/node_modules/appium/node_modules/async-lock/lib/index.js:189:3)
    at AndroidUiautomator2Driver.executeCommand (/opt/homebrew/lib/node_modules/appium/node_modules/@appium/base-driver/build/lib/basedriver/driver.js:161:45)
    at process.processTicksAndRejections (node:internal/process/task_queues:104:5)
    at async defaultBehavior (/opt/homebrew/lib/node_modules/appium/build/lib/appium.js:634:20)
    at async AppiumDriver.executeWrappedCommand (/opt/homebrew/lib/node_modules/appium/build/lib/appium.js:726:22)
    at async AppiumDriver.executeCommand (/opt/homebrew/lib/node_modules/appium/build/lib/appium.js:645:21)
    at async doJwpProxy (/opt/homebrew/lib/node_modules/appium/node_modules/@appium/base-driver/build/lib/protocol/protocol.js:476:9)
    at async asyncHandler (/opt/homebrew/lib/node_modules/appium/node_modules/@appium/base-driver/build/lib/protocol/protocol.js:307:21)
2026-08-12 14:03:06 [WARNING ] login_page.py:139 — Attempt 1 did not reach the login sheet, recovering and retrying...
2026-08-12 14:03:06 [WARNING ] base_page.py:262 — Attempting to recover application state...
2026-08-12 14:03:09 [INFO    ] base_page.py:266 — App recovery attempt completed.
2026-08-12 14:03:11 [INFO    ] login_page.py:44 — Profile tab open attempt 2/2
2026-08-12 14:03:11 [ERROR   ] base_page.py:118 — Click failed on attempt 1 for ('-android uiautomator', 'new UiSelector().className("android.view.View").instance(24)'): Message: 'POST /element' cannot be proxied to UiAutomator2 server because the instrumentation process is not running (probably crashed). Check the server log and/or the logcat output for more details
Stacktrace:
UnknownError: 'POST /element' cannot be proxied to UiAutomator2 server because the instrumentation process is not running (probably crashed). Check the server log and/or the logcat output for more details
    at UIA2Proxy.command (/opt/homebrew/lib/node_modules/appium/node_modules/@appium/base-driver/build/lib/jsonwp-proxy/proxy.js:272:19)
    at process.processTicksAndRejections (node:internal/process/task_queues:104:5)
    at async AndroidUiautomator2Driver.doFindElementOrEls (/Users/vc.rajdeep.kumar/.appium/node_modules/appium-uiautomator2-driver/build/lib/commands/find.js:24:13)
    at async doFind (/Users/vc.rajdeep.kumar/.appium/node_modules/appium-uiautomator2-driver/node_modules/appium-android-driver/build/lib/commands/find.js:24:23)
    at async wrappedCondFn (/opt/homebrew/lib/node_modules/appium/node_modules/@appium/base-driver/build/lib/basedriver/commands/timeout.js:97:20)
    at async spin (/opt/homebrew/lib/node_modules/appium/node_modules/asyncbox/build/lib/asyncbox.js:174:24)
    at async waitForCondition (/opt/homebrew/lib/node_modules/appium/node_modules/asyncbox/build/lib/asyncbox.js:192:12)
    at async AndroidUiautomator2Driver.implicitWaitForCondition (/opt/homebrew/lib/node_modules/appium/node_modules/@appium/base-driver/build/lib/basedriver/commands/timeout.js:99:16)
    at async AndroidUiautomator2Driver.findElOrEls (/Users/vc.rajdeep.kumar/.appium/node_modules/appium-uiautomator2-driver/node_modules/appium-android-driver/build/lib/commands/find.js:45:9)
    at async AndroidUiautomator2Driver.findElOrElsWithProcessing (/opt/homebrew/lib/node_modules/appium/node_modules/@appium/base-driver/build/lib/basedriver/commands/find.js:12:16)
    at async AndroidUiautomator2Driver.findElement (/opt/homebrew/lib/node_modules/appium/node_modules/@appium/base-driver/build/lib/basedriver/commands/find.js:27:16)
2026-08-12 14:03:11 [WARNING ] base_page.py:262 — Attempting to recover application state...
2026-08-12 14:03:15 [INFO    ] base_page.py:266 — App recovery attempt completed.
2026-08-12 14:03:15 [ERROR   ] screenshot_utils.py:58 — Screenshot capture failed: Message: 'GET /screenshot' cannot be proxied to UiAutomator2 server because the instrumentation process is not running (probably crashed). Check the server log and/or the logcat output for more details
Stacktrace:
UnknownError: 'GET /screenshot' cannot be proxied to UiAutomator2 server because the instrumentation process is not running (probably crashed). Check the server log and/or the logcat output for more details
    at UIA2Proxy.command (/opt/homebrew/lib/node_modules/appium/node_modules/@appium/base-driver/build/lib/jsonwp-proxy/proxy.js:272:19)
    at process.processTicksAndRejections (node:internal/process/task_queues:104:5)
    at async AndroidUiautomator2Driver.getScreenshot (/Users/vc.rajdeep.kumar/.appium/node_modules/appium-uiautomator2-driver/build/lib/commands/screenshot.js:72:19)
2026-08-12 14:03:15 [ERROR   ] screenshot_utils.py:81 — Page source save failed: Message: 'GET /session/568555a1-6b90-4e21-8ba9-0cb20bde8e6d/source' cannot be proxied to UiAutomator2 server because the instrumentation process is not running (probably crashed). Check the server log and/or the logcat output for more details
Stacktrace:
InvalidContextError: 'GET /session/568555a1-6b90-4e21-8ba9-0cb20bde8e6d/source' cannot be proxied to UiAutomator2 server because the instrumentation process is not running (probably crashed). Check the server log and/or the logcat output for more details
    at UIA2Proxy.proxyCommand (/Users/vc.rajdeep.kumar/.appium/node_modules/appium-uiautomator2-driver/build/lib/uiautomator2.js:32:19)
    at UIA2Proxy.proxyReqRes (/opt/homebrew/lib/node_modules/appium/node_modules/@appium/base-driver/build/lib/jsonwp-proxy/proxy.js:325:49)
    at runCommandPromise (/opt/homebrew/lib/node_modules/appium/node_modules/@appium/base-driver/build/lib/basedriver/driver.js:121:30)
    at /opt/homebrew/lib/node_modules/appium/node_modules/async-lock/lib/index.js:171:12
    at AsyncLock._promiseTry (/opt/homebrew/lib/node_modules/appium/node_modules/async-lock/lib/index.js:306:31)
    at exec (/opt/homebrew/lib/node_modules/appium/node_modules/async-lock/lib/index.js:170:9)
    at AsyncLock.acquire (/opt/homebrew/lib/node_modules/appium/node_modules/async-lock/lib/index.js:189:3)
    at AndroidUiautomator2Driver.executeCommand (/opt/homebrew/lib/node_modules/appium/node_modules/@appium/base-driver/build/lib/basedriver/driver.js:161:45)
    at process.processTicksAndRejections (node:internal/process/task_queues:104:5)
    at async defaultBehavior (/opt/homebrew/lib/node_modules/appium/build/lib/appium.js:634:20)
    at async AppiumDriver.executeWrappedCommand (/opt/homebrew/lib/node_modules/appium/build/lib/appium.js:726:22)
    at async AppiumDriver.executeCommand (/opt/homebrew/lib/node_modules/appium/build/lib/appium.js:645:21)
    at async doJwpProxy (/opt/homebrew/lib/node_modules/appium/node_modules/@appium/base-driver/build/lib/protocol/protocol.js:476:9)
    at async asyncHandler (/opt/homebrew/lib/node_modules/appium/node_modules/@appium/base-driver/build/lib/protocol/protocol.js:307:21)
2026-08-12 14:03:15 [WARNING ] login_page.py:88 — Element-based click failed: Unable to click ('-android uiautomator', 'new UiSelector().className("android.view.View").instance(24)') after 1 retries. Last exception: Message: 'POST /element' cannot be proxied to UiAutomator2 server because the instrumentation process is not running (probably crashed). Check the server log and/or the logcat output for more details
Stacktrace:
UnknownError: 'POST /element' cannot be proxied to UiAutomator2 server because the instrumentation process is not running (probably crashed). Check the server log and/or the logcat output for more details
    at UIA2Proxy.command (/opt/homebrew/lib/node_modules/appium/node_modules/@appium/base-driver/build/lib/jsonwp-proxy/proxy.js:272:19)
    at process.processTicksAndRejections (node:internal/process/task_queues:104:5)
    at async AndroidUiautomator2Driver.doFindElementOrEls (/Users/vc.rajdeep.kumar/.appium/node_modules/appium-uiautomator2-driver/build/lib/commands/find.js:24:13)
    at async doFind (/Users/vc.rajdeep.kumar/.appium/node_modules/appium-uiautomator2-driver/node_modules/appium-android-driver/build/lib/commands/find.js:24:23)
    at async wrappedCondFn (/opt/homebrew/lib/node_modules/appium/node_modules/@appium/base-driver/build/lib/basedriver/commands/timeout.js:97:20)
    at async spin (/opt/homebrew/lib/node_modules/appium/node_modules/asyncbox/build/lib/asyncbox.js:174:24)
    at async waitForCondition (/opt/homebrew/lib/node_modules/appium/node_modules/asyncbox/build/lib/asyncbox.js:192:12)
    at async AndroidUiautomator2Driver.implicitWaitForCondition (/opt/homebrew/lib/node_modules/appium/node_modules/@appium/base-driver/build/lib/basedriver/commands/timeout.js:99:16)
    at async AndroidUiautomator2Driver.findElOrEls (/Users/vc.rajdeep.kumar/.appium/node_modules/appium-uiautomator2-driver/node_modules/appium-android-driver/build/lib/commands/find.js:45:9)
    at async AndroidUiautomator2Driver.findElOrElsWithProcessing (/opt/homebrew/lib/node_modules/appium/node_modules/@appium/base-driver/build/lib/basedriver/commands/find.js:12:16)
    at async AndroidUiautomator2Driver.findElement (/opt/homebrew/lib/node_modules/appium/node_modules/@appium/base-driver/build/lib/basedriver/commands/find.js:27:16)
2026-08-12 14:03:15 [WARNING ] login_page.py:115 — Coordinate tap failed: Message: 'GET /window/current/size' cannot be proxied to UiAutomator2 server because the instrumentation process is not running (probably crashed). Check the server log and/or the logcat output for more details
Stacktrace:
UnknownError: 'GET /window/current/size' cannot be proxied to UiAutomator2 server because the instrumentation process is not running (probably crashed). Check the server log and/or the logcat output for more details
    at UIA2Proxy.command (/opt/homebrew/lib/node_modules/appium/node_modules/@appium/base-driver/build/lib/jsonwp-proxy/proxy.js:272:19)
    at process.processTicksAndRejections (node:internal/process/task_queues:104:5)
    at async AndroidUiautomator2Driver.getWindowSize (/Users/vc.rajdeep.kumar/.appium/node_modules/appium-uiautomator2-driver/build/lib/commands/viewport.js:73:13)
    at async AndroidUiautomator2Driver.getWindowRect (/Users/vc.rajdeep.kumar/.appium/node_modules/appium-uiautomator2-driver/build/lib/commands/viewport.js:53:31)
2026-08-12 14:03:21 [ERROR   ] base_page.py:92 — None of the candidate locators became visible within 6s. Candidates: [('-android uiautomator', 'new UiSelector().textContains("Continue")'), ('class name', 'android.widget.EditText')]. Last error: Message: 'POST /elements' cannot be proxied to UiAutomator2 server because the instrumentation process is not running (probably crashed). Check the server log and/or the logcat output for more details
Stacktrace:
UnknownError: 'POST /elements' cannot be proxied to UiAutomator2 server because the instrumentation process is not running (probably crashed). Check the server log and/or the logcat output for more details
    at UIA2Proxy.command (/opt/homebrew/lib/node_modules/appium/node_modules/@appium/base-driver/build/lib/jsonwp-proxy/proxy.js:272:19)
    at process.processTicksAndRejections (node:internal/process/task_queues:104:5)
    at async AndroidUiautomator2Driver.doFindElementOrEls (/Users/vc.rajdeep.kumar/.appium/node_modules/appium-uiautomator2-driver/build/lib/commands/find.js:24:13)
    at async doFind (/Users/vc.rajdeep.kumar/.appium/node_modules/appium-uiautomator2-driver/node_modules/appium-android-driver/build/lib/commands/find.js:24:23)
    at async wrappedCondFn (/opt/homebrew/lib/node_modules/appium/node_modules/@appium/base-driver/build/lib/basedriver/commands/timeout.js:97:20)
    at async spin (/opt/homebrew/lib/node_modules/appium/node_modules/asyncbox/build/lib/asyncbox.js:174:24)
    at async waitForCondition (/opt/homebrew/lib/node_modules/appium/node_modules/asyncbox/build/lib/asyncbox.js:192:12)
    at async AndroidUiautomator2Driver.implicitWaitForCondition (/opt/homebrew/lib/node_modules/appium/node_modules/@appium/base-driver/build/lib/basedriver/commands/timeout.js:99:16)
    at async AndroidUiautomator2Driver.findElOrEls (/Users/vc.rajdeep.kumar/.appium/node_modules/appium-uiautomator2-driver/node_modules/appium-android-driver/build/lib/commands/find.js:45:9)
    at async AndroidUiautomator2Driver.findElOrElsWithProcessing (/opt/homebrew/lib/node_modules/appium/node_modules/@appium/base-driver/build/lib/basedriver/commands/find.js:12:16)
    at async AndroidUiautomator2Driver.findElements (/opt/homebrew/lib/node_modules/appium/node_modules/@appium/base-driver/build/lib/basedriver/commands/find.js:30:16)
2026-08-12 14:03:21 [ERROR   ] screenshot_utils.py:58 — Screenshot capture failed: Message: 'GET /screenshot' cannot be proxied to UiAutomator2 server because the instrumentation process is not running (probably crashed). Check the server log and/or the logcat output for more details
Stacktrace:
UnknownError: 'GET /screenshot' cannot be proxied to UiAutomator2 server because the instrumentation process is not running (probably crashed). Check the server log and/or the logcat output for more details
    at UIA2Proxy.command (/opt/homebrew/lib/node_modules/appium/node_modules/@appium/base-driver/build/lib/jsonwp-proxy/proxy.js:272:19)
    at process.processTicksAndRejections (node:internal/process/task_queues:104:5)
    at async AndroidUiautomator2Driver.getScreenshot (/Users/vc.rajdeep.kumar/.appium/node_modules/appium-uiautomator2-driver/build/lib/commands/screenshot.js:72:19)
2026-08-12 14:03:21 [ERROR   ] screenshot_utils.py:81 — Page source save failed: Message: 'GET /session/568555a1-6b90-4e21-8ba9-0cb20bde8e6d/source' cannot be proxied to UiAutomator2 server because the instrumentation process is not running (probably crashed). Check the server log and/or the logcat output for more details
Stacktrace:
InvalidContextError: 'GET /session/568555a1-6b90-4e21-8ba9-0cb20bde8e6d/source' cannot be proxied to UiAutomator2 server because the instrumentation process is not running (probably crashed). Check the server log and/or the logcat output for more details
    at UIA2Proxy.proxyCommand (/Users/vc.rajdeep.kumar/.appium/node_modules/appium-uiautomator2-driver/build/lib/uiautomator2.js:32:19)
    at UIA2Proxy.proxyReqRes (/opt/homebrew/lib/node_modules/appium/node_modules/@appium/base-driver/build/lib/jsonwp-proxy/proxy.js:325:49)
    at runCommandPromise (/opt/homebrew/lib/node_modules/appium/node_modules/@appium/base-driver/build/lib/basedriver/driver.js:121:30)
    at /opt/homebrew/lib/node_modules/appium/node_modules/async-lock/lib/index.js:171:12
    at AsyncLock._promiseTry (/opt/homebrew/lib/node_modules/appium/node_modules/async-lock/lib/index.js:306:31)
    at exec (/opt/homebrew/lib/node_modules/appium/node_modules/async-lock/lib/index.js:170:9)
    at AsyncLock.acquire (/opt/homebrew/lib/node_modules/appium/node_modules/async-lock/lib/index.js:189:3)
    at AndroidUiautomator2Driver.executeCommand (/opt/homebrew/lib/node_modules/appium/node_modules/@appium/base-driver/build/lib/basedriver/driver.js:161:45)
    at process.processTicksAndRejections (node:internal/process/task_queues:104:5)
    at async defaultBehavior (/opt/homebrew/lib/node_modules/appium/build/lib/appium.js:634:20)
    at async AppiumDriver.executeWrappedCommand (/opt/homebrew/lib/node_modules/appium/build/lib/appium.js:726:22)
    at async AppiumDriver.executeCommand (/opt/homebrew/lib/node_modules/appium/build/lib/appium.js:645:21)
    at async doJwpProxy (/opt/homebrew/lib/node_modules/appium/node_modules/@appium/base-driver/build/lib/protocol/protocol.js:476:9)
    at async asyncHandler (/opt/homebrew/lib/node_modules/appium/node_modules/@appium/base-driver/build/lib/protocol/protocol.js:307:21)
2026-08-12 14:03:21 [WARNING ] login_page.py:139 — Attempt 2 did not reach the login sheet, recovering and retrying...
2026-08-12 14:03:21 [WARNING ] base_page.py:262 — Attempting to recover application state...
2026-08-12 14:03:24 [INFO    ] base_page.py:266 — App recovery attempt completed.
2026-08-12 14:03:26 [ERROR   ] login_page.py:152 — Unable to open profile tab / reach login sheet after 2 attempts
2026-08-12 14:03:26 [ERROR   ] screenshot_utils.py:58 — Screenshot capture failed: Message: 'GET /screenshot' cannot be proxied to UiAutomator2 server because the instrumentation process is not running (probably crashed). Check the server log and/or the logcat output for more details
Stacktrace:
UnknownError: 'GET /screenshot' cannot be proxied to UiAutomator2 server because the instrumentation process is not running (probably crashed). Check the server log and/or the logcat output for more details
    at UIA2Proxy.command (/opt/homebrew/lib/node_modules/appium/node_modules/@appium/base-driver/build/lib/jsonwp-proxy/proxy.js:272:19)
    at process.processTicksAndRejections (node:internal/process/task_queues:104:5)
    at async AndroidUiautomator2Driver.getScreenshot (/Users/vc.rajdeep.kumar/.appium/node_modules/appium-uiautomator2-driver/build/lib/commands/screenshot.js:72:19)
2026-08-12 14:03:26 [ERROR   ] screenshot_utils.py:81 — Page source save failed: Message: 'GET /session/568555a1-6b90-4e21-8ba9-0cb20bde8e6d/source' cannot be proxied to UiAutomator2 server because the instrumentation process is not running (probably crashed). Check the server log and/or the logcat output for more details
Stacktrace:
InvalidContextError: 'GET /session/568555a1-6b90-4e21-8ba9-0cb20bde8e6d/source' cannot be proxied to UiAutomator2 server because the instrumentation process is not running (probably crashed). Check the server log and/or the logcat output for more details
    at UIA2Proxy.proxyCommand (/Users/vc.rajdeep.kumar/.appium/node_modules/appium-uiautomator2-driver/build/lib/uiautomator2.js:32:19)
    at UIA2Proxy.proxyReqRes (/opt/homebrew/lib/node_modules/appium/node_modules/@appium/base-driver/build/lib/jsonwp-proxy/proxy.js:325:49)
    at runCommandPromise (/opt/homebrew/lib/node_modules/appium/node_modules/@appium/base-driver/build/lib/basedriver/driver.js:121:30)
    at /opt/homebrew/lib/node_modules/appium/node_modules/async-lock/lib/index.js:171:12
    at AsyncLock._promiseTry (/opt/homebrew/lib/node_modules/appium/node_modules/async-lock/lib/index.js:306:31)
    at exec (/opt/homebrew/lib/node_modules/appium/node_modules/async-lock/lib/index.js:170:9)
    at AsyncLock.acquire (/opt/homebrew/lib/node_modules/appium/node_modules/async-lock/lib/index.js:189:3)
    at AndroidUiautomator2Driver.executeCommand (/opt/homebrew/lib/node_modules/appium/node_modules/@appium/base-driver/build/lib/basedriver/driver.js:161:45)
    at process.processTicksAndRejections (node:internal/process/task_queues:104:5)
    at async defaultBehavior (/opt/homebrew/lib/node_modules/appium/build/lib/appium.js:634:20)
    at async AppiumDriver.executeWrappedCommand (/opt/homebrew/lib/node_modules/appium/build/lib/appium.js:726:22)
    at async AppiumDriver.executeCommand (/opt/homebrew/lib/node_modules/appium/build/lib/appium.js:645:21)
    at async doJwpProxy (/opt/homebrew/lib/node_modules/appium/node_modules/@appium/base-driver/build/lib/protocol/protocol.js:476:9)
    at async asyncHandler (/opt/homebrew/lib/node_modules/appium/node_modules/@appium/base-driver/build/lib/protocol/protocol.js:307:21)
2026-08-12 14:03:26 [ERROR   ] login_page.py:725 — Login flow failed: Unable to open profile tab / reach login sheet after 2 attempts
2026-08-12 14:03:26 [ERROR   ] screenshot_utils.py:58 — Screenshot capture failed: Message: 'GET /screenshot' cannot be proxied to UiAutomator2 server because the instrumentation process is not running (probably crashed). Check the server log and/or the logcat output for more details
Stacktrace:
UnknownError: 'GET /screenshot' cannot be proxied to UiAutomator2 server because the instrumentation process is not running (probably crashed). Check the server log and/or the logcat output for more details
    at UIA2Proxy.command (/opt/homebrew/lib/node_modules/appium/node_modules/@appium/base-driver/build/lib/jsonwp-proxy/proxy.js:272:19)
    at process.processTicksAndRejections (node:internal/process/task_queues:104:5)
    at async AndroidUiautomator2Driver.getScreenshot (/Users/vc.rajdeep.kumar/.appium/node_modules/appium-uiautomator2-driver/build/lib/commands/screenshot.js:72:19)
2026-08-12 14:03:26 [ERROR   ] screenshot_utils.py:81 — Page source save failed: Message: 'GET /session/568555a1-6b90-4e21-8ba9-0cb20bde8e6d/source' cannot be proxied to UiAutomator2 server because the instrumentation process is not running (probably crashed). Check the server log and/or the logcat output for more details
Stacktrace:
InvalidContextError: 'GET /session/568555a1-6b90-4e21-8ba9-0cb20bde8e6d/source' cannot be proxied to UiAutomator2 server because the instrumentation process is not running (probably crashed). Check the server log and/or the logcat output for more details
    at UIA2Proxy.proxyCommand (/Users/vc.rajdeep.kumar/.appium/node_modules/appium-uiautomator2-driver/build/lib/uiautomator2.js:32:19)
    at UIA2Proxy.proxyReqRes (/opt/homebrew/lib/node_modules/appium/node_modules/@appium/base-driver/build/lib/jsonwp-proxy/proxy.js:325:49)
    at runCommandPromise (/opt/homebrew/lib/node_modules/appium/node_modules/@appium/base-driver/build/lib/basedriver/driver.js:121:30)
    at /opt/homebrew/lib/node_modules/appium/node_modules/async-lock/lib/index.js:171:12
    at AsyncLock._promiseTry (/opt/homebrew/lib/node_modules/appium/node_modules/async-lock/lib/index.js:306:31)
    at exec (/opt/homebrew/lib/node_modules/appium/node_modules/async-lock/lib/index.js:170:9)
    at AsyncLock.acquire (/opt/homebrew/lib/node_modules/appium/node_modules/async-lock/lib/index.js:189:3)
    at AndroidUiautomator2Driver.executeCommand (/opt/homebrew/lib/node_modules/appium/node_modules/@appium/base-driver/build/lib/basedriver/driver.js:161:45)
    at process.processTicksAndRejections (node:internal/process/task_queues:104:5)
    at async defaultBehavior (/opt/homebrew/lib/node_modules/appium/build/lib/appium.js:634:20)
    at async AppiumDriver.executeWrappedCommand (/opt/homebrew/lib/node_modules/appium/build/lib/appium.js:726:22)
    at async AppiumDriver.executeCommand (/opt/homebrew/lib/node_modules/appium/build/lib/appium.js:645:21)
    at async doJwpProxy (/opt/homebrew/lib/node_modules/appium/node_modules/@appium/base-driver/build/lib/protocol/protocol.js:476:9)
    at async asyncHandler (/opt/homebrew/lib/node_modules/appium/node_modules/@appium/base-driver/build/lib/protocol/protocol.js:307:21)
2026-08-12 14:03:26 [ERROR   ] screenshot_utils.py:58 — Screenshot capture failed: Message: 'GET /screenshot' cannot be proxied to UiAutomator2 server because the instrumentation process is not running (probably crashed). Check the server log and/or the logcat output for more details
Stacktrace:
UnknownError: 'GET /screenshot' cannot be proxied to UiAutomator2 server because the instrumentation process is not running (probably crashed). Check the server log and/or the logcat output for more details
    at UIA2Proxy.command (/opt/homebrew/lib/node_modules/appium/node_modules/@appium/base-driver/build/lib/jsonwp-proxy/proxy.js:272:19)
    at process.processTicksAndRejections (node:internal/process/task_queues:104:5)
    at async AndroidUiautomator2Driver.getScreenshot (/Users/vc.rajdeep.kumar/.appium/node_modules/appium-uiautomator2-driver/build/lib/commands/screenshot.js:72:19)
2026-08-12 14:03:26 [ERROR   ] screenshot_utils.py:81 — Page source save failed: Message: 'GET /session/568555a1-6b90-4e21-8ba9-0cb20bde8e6d/source' cannot be proxied to UiAutomator2 server because the instrumentation process is not running (probably crashed). Check the server log and/or the logcat output for more details
Stacktrace:
InvalidContextError: 'GET /session/568555a1-6b90-4e21-8ba9-0cb20bde8e6d/source' cannot be proxied to UiAutomator2 server because the instrumentation process is not running (probably crashed). Check the server log and/or the logcat output for more details
    at UIA2Proxy.proxyCommand (/Users/vc.rajdeep.kumar/.appium/node_modules/appium-uiautomator2-driver/build/lib/uiautomator2.js:32:19)
    at UIA2Proxy.proxyReqRes (/opt/homebrew/lib/node_modules/appium/node_modules/@appium/base-driver/build/lib/jsonwp-proxy/proxy.js:325:49)
    at runCommandPromise (/opt/homebrew/lib/node_modules/appium/node_modules/@appium/base-driver/build/lib/basedriver/driver.js:121:30)
    at /opt/homebrew/lib/node_modules/appium/node_modules/async-lock/lib/index.js:171:12
    at AsyncLock._promiseTry (/opt/homebrew/lib/node_modules/appium/node_modules/async-lock/lib/index.js:306:31)
    at exec (/opt/homebrew/lib/node_modules/appium/node_modules/async-lock/lib/index.js:170:9)
    at AsyncLock.acquire (/opt/homebrew/lib/node_modules/appium/node_modules/async-lock/lib/index.js:189:3)
    at AndroidUiautomator2Driver.executeCommand (/opt/homebrew/lib/node_modules/appium/node_modules/@appium/base-driver/build/lib/basedriver/driver.js:161:45)
    at process.processTicksAndRejections (node:internal/process/task_queues:104:5)
    at async defaultBehavior (/opt/homebrew/lib/node_modules/appium/build/lib/appium.js:634:20)
    at async AppiumDriver.executeWrappedCommand (/opt/homebrew/lib/node_modules/appium/build/lib/appium.js:726:22)
    at async AppiumDriver.executeCommand (/opt/homebrew/lib/node_modules/appium/build/lib/appium.js:645:21)
    at async doJwpProxy (/opt/homebrew/lib/node_modules/appium/node_modules/@appium/base-driver/build/lib/protocol/protocol.js:476:9)
    at async asyncHandler (/opt/homebrew/lib/node_modules/appium/node_modules/@appium/base-driver/build/lib/protocol/protocol.js:307:21)
2026-08-12 14:03:26 [ERROR   ] conftest.py:355 — Test FAILED: test_add_comment
2026-08-12 14:03:26 [INFO    ] conftest.py:262 — Closing driver session.
2026-08-12 14:03:33 [INFO    ] conftest.py:227 — ==================================================
2026-08-12 14:03:33 [INFO    ] conftest.py:228 — DRIVER SETUP START
2026-08-12 14:03:33 [INFO    ] conftest.py:229 — ==================================================
2026-08-12 14:03:33 [INFO    ] conftest.py:116 — Driver creation attempt 1/2
2026-08-12 14:03:33 [INFO    ] driver_factory.py:53 — ========== DRIVER CREATION START ==========
2026-08-12 14:03:33 [INFO    ] driver_factory.py:70 — Device: emulator | Env: qa | Platform: Android
2026-08-12 14:03:33 [INFO    ] driver_factory.py:132 — Device Name: Android Emulator
2026-08-12 14:03:33 [INFO    ] driver_factory.py:133 — UDID: emulator-5554
2026-08-12 14:03:33 [INFO    ] driver_factory.py:147 — App Package: com.zee5.hipi (noReset=true, activity not set)
2026-08-12 14:03:39 [INFO    ] driver_factory.py:108 — App launched by driver. Waiting for stabilization...
2026-08-12 14:03:41 [INFO    ] driver_factory.py:111 — ========== DRIVER CREATED SUCCESSFULLY ==========
2026-08-12 14:03:41 [INFO    ] conftest.py:238 — Driver created successfully.
2026-08-12 14:03:47 [INFO    ] popup_handler.py:122 — Checking for 'Get Started' screen...
2026-08-12 14:03:58 [INFO    ] popup_handler.py:134 — 'Get Started' screen not present — skipping.
2026-08-12 14:03:59 [INFO    ] conftest.py:153 — App readiness probe: HiPi is in foreground (com.zee5.hipi).
2026-08-12 14:03:59 [INFO    ] conftest.py:251 — DRIVER SETUP COMPLETE
2026-08-12 14:03:59 [INFO    ] base_test.py:20 — BaseTest setup completed.
2026-08-12 14:03:59 [INFO    ] base_test.py:58 — login_and_reach_feed: START
2026-08-12 14:03:59 [INFO    ] base_test.py:30 — Logging in as default test user.
2026-08-12 14:03:59 [INFO    ] login_page.py:590 — ========== LOGIN FLOW START ==========
2026-08-12 14:04:00 [INFO    ] login_page.py:34 — Opening profile tab
2026-08-12 14:04:01 [INFO    ] login_page.py:44 — Profile tab open attempt 1/2
2026-08-12 14:04:11 [ERROR   ] base_page.py:118 — Click failed on attempt 1 for ('-android uiautomator', 'new UiSelector().className("android.view.View").instance(24)'): Message: Could not proxy command to the remote server. Original error: socket hang up
Stacktrace:
UnknownError: Could not proxy command to the remote server. Original error: socket hang up
    at ProxyRequestError.getActualError (/opt/homebrew/lib/node_modules/appium/node_modules/@appium/base-driver/build/lib/protocol/errors.js:692:16)
    at UIA2Proxy.command (/opt/homebrew/lib/node_modules/appium/node_modules/@appium/base-driver/build/lib/jsonwp-proxy/proxy.js:270:27)
    at process.processTicksAndRejections (node:internal/process/task_queues:104:5)
    at async AndroidUiautomator2Driver.doFindElementOrEls (/Users/vc.rajdeep.kumar/.appium/node_modules/appium-uiautomator2-driver/build/lib/commands/find.js:24:13)
    at async doFind (/Users/vc.rajdeep.kumar/.appium/node_modules/appium-uiautomator2-driver/node_modules/appium-android-driver/build/lib/commands/find.js:24:23)
    at async wrappedCondFn (/opt/homebrew/lib/node_modules/appium/node_modules/@appium/base-driver/build/lib/basedriver/commands/timeout.js:97:20)
    at async spin (/opt/homebrew/lib/node_modules/appium/node_modules/asyncbox/build/lib/asyncbox.js:174:24)
    at async spin (/opt/homebrew/lib/node_modules/appium/node_modules/asyncbox/build/lib/asyncbox.js:184:20)
    at async spin (/opt/homebrew/lib/node_modules/appium/node_modules/asyncbox/build/lib/asyncbox.js:184:20)
    at async spin (/opt/homebrew/lib/node_modules/appium/node_modules/asyncbox/build/lib/asyncbox.js:184:20)
    at async spin (/opt/homebrew/lib/node_modules/appium/node_modules/asyncbox/build/lib/asyncbox.js:184:20)
    at async spin (/opt/homebrew/lib/node_modules/appium/node_modules/asyncbox/build/lib/asyncbox.js:184:20)
    at async waitForCondition (/opt/homebrew/lib/node_modules/appium/node_modules/asyncbox/build/lib/asyncbox.js:192:12)
    at async AndroidUiautomator2Driver.implicitWaitForCondition (/opt/homebrew/lib/node_modules/appium/node_modules/@appium/base-driver/build/lib/basedriver/commands/timeout.js:99:16)
    at async AndroidUiautomator2Driver.findElOrEls (/Users/vc.rajdeep.kumar/.appium/node_modules/appium-uiautomator2-driver/node_modules/appium-android-driver/build/lib/commands/find.js:45:9)
    at async AndroidUiautomator2Driver.findElOrElsWithProcessing (/opt/homebrew/lib/node_modules/appium/node_modules/@appium/base-driver/build/lib/basedriver/commands/find.js:12:16)
    at async AndroidUiautomator2Driver.findElement (/opt/homebrew/lib/node_modules/appium/node_modules/@appium/base-driver/build/lib/basedriver/commands/find.js:27:16)
2026-08-12 14:04:11 [WARNING ] base_page.py:262 — Attempting to recover application state...
2026-08-12 14:04:15 [INFO    ] base_page.py:266 — App recovery attempt completed.
2026-08-12 14:04:15 [ERROR   ] screenshot_utils.py:58 — Screenshot capture failed: Message: 'GET /screenshot' cannot be proxied to UiAutomator2 server because the instrumentation process is not running (probably crashed). Check the server log and/or the logcat output for more details
Stacktrace:
UnknownError: 'GET /screenshot' cannot be proxied to UiAutomator2 server because the instrumentation process is not running (probably crashed). Check the server log and/or the logcat output for more details
    at UIA2Proxy.command (/opt/homebrew/lib/node_modules/appium/node_modules/@appium/base-driver/build/lib/jsonwp-proxy/proxy.js:272:19)
    at process.processTicksAndRejections (node:internal/process/task_queues:104:5)
    at async AndroidUiautomator2Driver.getScreenshot (/Users/vc.rajdeep.kumar/.appium/node_modules/appium-uiautomator2-driver/build/lib/commands/screenshot.js:72:19)
2026-08-12 14:04:15 [ERROR   ] screenshot_utils.py:81 — Page source save failed: Message: 'GET /session/b0aa656d-bf54-4695-ac58-ba1a9f91a585/source' cannot be proxied to UiAutomator2 server because the instrumentation process is not running (probably crashed). Check the server log and/or the logcat output for more details
Stacktrace:
InvalidContextError: 'GET /session/b0aa656d-bf54-4695-ac58-ba1a9f91a585/source' cannot be proxied to UiAutomator2 server because the instrumentation process is not running (probably crashed). Check the server log and/or the logcat output for more details
    at UIA2Proxy.proxyCommand (/Users/vc.rajdeep.kumar/.appium/node_modules/appium-uiautomator2-driver/build/lib/uiautomator2.js:32:19)
    at UIA2Proxy.proxyReqRes (/opt/homebrew/lib/node_modules/appium/node_modules/@appium/base-driver/build/lib/jsonwp-proxy/proxy.js:325:49)
    at runCommandPromise (/opt/homebrew/lib/node_modules/appium/node_modules/@appium/base-driver/build/lib/basedriver/driver.js:121:30)
    at /opt/homebrew/lib/node_modules/appium/node_modules/async-lock/lib/index.js:171:12
    at AsyncLock._promiseTry (/opt/homebrew/lib/node_modules/appium/node_modules/async-lock/lib/index.js:306:31)
    at exec (/opt/homebrew/lib/node_modules/appium/node_modules/async-lock/lib/index.js:170:9)
    at AsyncLock.acquire (/opt/homebrew/lib/node_modules/appium/node_modules/async-lock/lib/index.js:189:3)
    at AndroidUiautomator2Driver.executeCommand (/opt/homebrew/lib/node_modules/appium/node_modules/@appium/base-driver/build/lib/basedriver/driver.js:161:45)
    at process.processTicksAndRejections (node:internal/process/task_queues:104:5)
    at async defaultBehavior (/opt/homebrew/lib/node_modules/appium/build/lib/appium.js:634:20)
    at async AppiumDriver.executeWrappedCommand (/opt/homebrew/lib/node_modules/appium/build/lib/appium.js:726:22)
    at async AppiumDriver.executeCommand (/opt/homebrew/lib/node_modules/appium/build/lib/appium.js:645:21)
    at async doJwpProxy (/opt/homebrew/lib/node_modules/appium/node_modules/@appium/base-driver/build/lib/protocol/protocol.js:476:9)
    at async asyncHandler (/opt/homebrew/lib/node_modules/appium/node_modules/@appium/base-driver/build/lib/protocol/protocol.js:307:21)
2026-08-12 14:04:15 [WARNING ] login_page.py:88 — Element-based click failed: Unable to click ('-android uiautomator', 'new UiSelector().className("android.view.View").instance(24)') after 1 retries. Last exception: Message: Could not proxy command to the remote server. Original error: socket hang up
Stacktrace:
UnknownError: Could not proxy command to the remote server. Original error: socket hang up
    at ProxyRequestError.getActualError (/opt/homebrew/lib/node_modules/appium/node_modules/@appium/base-driver/build/lib/protocol/errors.js:692:16)
    at UIA2Proxy.command (/opt/homebrew/lib/node_modules/appium/node_modules/@appium/base-driver/build/lib/jsonwp-proxy/proxy.js:270:27)
    at process.processTicksAndRejections (node:internal/process/task_queues:104:5)
    at async AndroidUiautomator2Driver.doFindElementOrEls (/Users/vc.rajdeep.kumar/.appium/node_modules/appium-uiautomator2-driver/build/lib/commands/find.js:24:13)
    at async doFind (/Users/vc.rajdeep.kumar/.appium/node_modules/appium-uiautomator2-driver/node_modules/appium-android-driver/build/lib/commands/find.js:24:23)
    at async wrappedCondFn (/opt/homebrew/lib/node_modules/appium/node_modules/@appium/base-driver/build/lib/basedriver/commands/timeout.js:97:20)
    at async spin (/opt/homebrew/lib/node_modules/appium/node_modules/asyncbox/build/lib/asyncbox.js:174:24)
    at async spin (/opt/homebrew/lib/node_modules/appium/node_modules/asyncbox/build/lib/asyncbox.js:184:20)
    at async spin (/opt/homebrew/lib/node_modules/appium/node_modules/asyncbox/build/lib/asyncbox.js:184:20)
    at async spin (/opt/homebrew/lib/node_modules/appium/node_modules/asyncbox/build/lib/asyncbox.js:184:20)
    at async spin (/opt/homebrew/lib/node_modules/appium/node_modules/asyncbox/build/lib/asyncbox.js:184:20)
    at async spin (/opt/homebrew/lib/node_modules/appium/node_modules/asyncbox/build/lib/asyncbox.js:184:20)
    at async waitForCondition (/opt/homebrew/lib/node_modules/appium/node_modules/asyncbox/build/lib/asyncbox.js:192:12)
    at async AndroidUiautomator2Driver.implicitWaitForCondition (/opt/homebrew/lib/node_modules/appium/node_modules/@appium/base-driver/build/lib/basedriver/commands/timeout.js:99:16)
    at async AndroidUiautomator2Driver.findElOrEls (/Users/vc.rajdeep.kumar/.appium/node_modules/appium-uiautomator2-driver/node_modules/appium-android-driver/build/lib/commands/find.js:45:9)
    at async AndroidUiautomator2Driver.findElOrElsWithProcessing (/opt/homebrew/lib/node_modules/appium/node_modules/@appium/base-driver/build/lib/basedriver/commands/find.js:12:16)
    at async AndroidUiautomator2Driver.findElement (/opt/homebrew/lib/node_modules/appium/node_modules/@appium/base-driver/build/lib/basedriver/commands/find.js:27:16)
2026-08-12 14:04:15 [WARNING ] login_page.py:115 — Coordinate tap failed: Message: 'GET /window/current/size' cannot be proxied to UiAutomator2 server because the instrumentation process is not running (probably crashed). Check the server log and/or the logcat output for more details
Stacktrace:
UnknownError: 'GET /window/current/size' cannot be proxied to UiAutomator2 server because the instrumentation process is not running (probably crashed). Check the server log and/or the logcat output for more details
    at UIA2Proxy.command (/opt/homebrew/lib/node_modules/appium/node_modules/@appium/base-driver/build/lib/jsonwp-proxy/proxy.js:272:19)
    at process.processTicksAndRejections (node:internal/process/task_queues:104:5)
    at async AndroidUiautomator2Driver.getWindowSize (/Users/vc.rajdeep.kumar/.appium/node_modules/appium-uiautomator2-driver/build/lib/commands/viewport.js:73:13)
    at async AndroidUiautomator2Driver.getWindowRect (/Users/vc.rajdeep.kumar/.appium/node_modules/appium-uiautomator2-driver/build/lib/commands/viewport.js:53:31)
2026-08-12 14:04:21 [ERROR   ] base_page.py:92 — None of the candidate locators became visible within 6s. Candidates: [('-android uiautomator', 'new UiSelector().textContains("Continue")'), ('class name', 'android.widget.EditText')]. Last error: Message: 'POST /elements' cannot be proxied to UiAutomator2 server because the instrumentation process is not running (probably crashed). Check the server log and/or the logcat output for more details
Stacktrace:
UnknownError: 'POST /elements' cannot be proxied to UiAutomator2 server because the instrumentation process is not running (probably crashed). Check the server log and/or the logcat output for more details
    at UIA2Proxy.command (/opt/homebrew/lib/node_modules/appium/node_modules/@appium/base-driver/build/lib/jsonwp-proxy/proxy.js:272:19)
    at process.processTicksAndRejections (node:internal/process/task_queues:104:5)
    at async AndroidUiautomator2Driver.doFindElementOrEls (/Users/vc.rajdeep.kumar/.appium/node_modules/appium-uiautomator2-driver/build/lib/commands/find.js:24:13)
    at async doFind (/Users/vc.rajdeep.kumar/.appium/node_modules/appium-uiautomator2-driver/node_modules/appium-android-driver/build/lib/commands/find.js:24:23)
    at async wrappedCondFn (/opt/homebrew/lib/node_modules/appium/node_modules/@appium/base-driver/build/lib/basedriver/commands/timeout.js:97:20)
    at async spin (/opt/homebrew/lib/node_modules/appium/node_modules/asyncbox/build/lib/asyncbox.js:174:24)
    at async waitForCondition (/opt/homebrew/lib/node_modules/appium/node_modules/asyncbox/build/lib/asyncbox.js:192:12)
    at async AndroidUiautomator2Driver.implicitWaitForCondition (/opt/homebrew/lib/node_modules/appium/node_modules/@appium/base-driver/build/lib/basedriver/commands/timeout.js:99:16)
    at async AndroidUiautomator2Driver.findElOrEls (/Users/vc.rajdeep.kumar/.appium/node_modules/appium-uiautomator2-driver/node_modules/appium-android-driver/build/lib/commands/find.js:45:9)
    at async AndroidUiautomator2Driver.findElOrElsWithProcessing (/opt/homebrew/lib/node_modules/appium/node_modules/@appium/base-driver/build/lib/basedriver/commands/find.js:12:16)
    at async AndroidUiautomator2Driver.findElements (/opt/homebrew/lib/node_modules/appium/node_modules/@appium/base-driver/build/lib/basedriver/commands/find.js:30:16)
2026-08-12 14:04:21 [ERROR   ] screenshot_utils.py:58 — Screenshot capture failed: Message: 'GET /screenshot' cannot be proxied to UiAutomator2 server because the instrumentation process is not running (probably crashed). Check the server log and/or the logcat output for more details
Stacktrace:
UnknownError: 'GET /screenshot' cannot be proxied to UiAutomator2 server because the instrumentation process is not running (probably crashed). Check the server log and/or the logcat output for more details
    at UIA2Proxy.command (/opt/homebrew/lib/node_modules/appium/node_modules/@appium/base-driver/build/lib/jsonwp-proxy/proxy.js:272:19)
    at process.processTicksAndRejections (node:internal/process/task_queues:104:5)
    at async AndroidUiautomator2Driver.getScreenshot (/Users/vc.rajdeep.kumar/.appium/node_modules/appium-uiautomator2-driver/build/lib/commands/screenshot.js:72:19)
2026-08-12 14:04:22 [ERROR   ] screenshot_utils.py:81 — Page source save failed: Message: 'GET /session/b0aa656d-bf54-4695-ac58-ba1a9f91a585/source' cannot be proxied to UiAutomator2 server because the instrumentation process is not running (probably crashed). Check the server log and/or the logcat output for more details
Stacktrace:
InvalidContextError: 'GET /session/b0aa656d-bf54-4695-ac58-ba1a9f91a585/source' cannot be proxied to UiAutomator2 server because the instrumentation process is not running (probably crashed). Check the server log and/or the logcat output for more details
    at UIA2Proxy.proxyCommand (/Users/vc.rajdeep.kumar/.appium/node_modules/appium-uiautomator2-driver/build/lib/uiautomator2.js:32:19)
    at UIA2Proxy.proxyReqRes (/opt/homebrew/lib/node_modules/appium/node_modules/@appium/base-driver/build/lib/jsonwp-proxy/proxy.js:325:49)
    at runCommandPromise (/opt/homebrew/lib/node_modules/appium/node_modules/@appium/base-driver/build/lib/basedriver/driver.js:121:30)
    at /opt/homebrew/lib/node_modules/appium/node_modules/async-lock/lib/index.js:171:12
    at AsyncLock._promiseTry (/opt/homebrew/lib/node_modules/appium/node_modules/async-lock/lib/index.js:306:31)
    at exec (/opt/homebrew/lib/node_modules/appium/node_modules/async-lock/lib/index.js:170:9)
    at AsyncLock.acquire (/opt/homebrew/lib/node_modules/appium/node_modules/async-lock/lib/index.js:189:3)
    at AndroidUiautomator2Driver.executeCommand (/opt/homebrew/lib/node_modules/appium/node_modules/@appium/base-driver/build/lib/basedriver/driver.js:161:45)
    at process.processTicksAndRejections (node:internal/process/task_queues:104:5)
    at async defaultBehavior (/opt/homebrew/lib/node_modules/appium/build/lib/appium.js:634:20)
    at async AppiumDriver.executeWrappedCommand (/opt/homebrew/lib/node_modules/appium/build/lib/appium.js:726:22)
    at async AppiumDriver.executeCommand (/opt/homebrew/lib/node_modules/appium/build/lib/appium.js:645:21)
    at async doJwpProxy (/opt/homebrew/lib/node_modules/appium/node_modules/@appium/base-driver/build/lib/protocol/protocol.js:476:9)
    at async asyncHandler (/opt/homebrew/lib/node_modules/appium/node_modules/@appium/base-driver/build/lib/protocol/protocol.js:307:21)
2026-08-12 14:04:22 [WARNING ] login_page.py:139 — Attempt 1 did not reach the login sheet, recovering and retrying...
2026-08-12 14:04:22 [WARNING ] base_page.py:262 — Attempting to recover application state...
2026-08-12 14:04:25 [INFO    ] base_page.py:266 — App recovery attempt completed.
2026-08-12 14:04:27 [INFO    ] login_page.py:44 — Profile tab open attempt 2/2
2026-08-12 14:04:27 [ERROR   ] base_page.py:118 — Click failed on attempt 1 for ('-android uiautomator', 'new UiSelector().className("android.view.View").instance(24)'): Message: 'POST /element' cannot be proxied to UiAutomator2 server because the instrumentation process is not running (probably crashed). Check the server log and/or the logcat output for more details
Stacktrace:
UnknownError: 'POST /element' cannot be proxied to UiAutomator2 server because the instrumentation process is not running (probably crashed). Check the server log and/or the logcat output for more details
    at UIA2Proxy.command (/opt/homebrew/lib/node_modules/appium/node_modules/@appium/base-driver/build/lib/jsonwp-proxy/proxy.js:272:19)
    at process.processTicksAndRejections (node:internal/process/task_queues:104:5)
    at async AndroidUiautomator2Driver.doFindElementOrEls (/Users/vc.rajdeep.kumar/.appium/node_modules/appium-uiautomator2-driver/build/lib/commands/find.js:24:13)
    at async doFind (/Users/vc.rajdeep.kumar/.appium/node_modules/appium-uiautomator2-driver/node_modules/appium-android-driver/build/lib/commands/find.js:24:23)
    at async wrappedCondFn (/opt/homebrew/lib/node_modules/appium/node_modules/@appium/base-driver/build/lib/basedriver/commands/timeout.js:97:20)
    at async spin (/opt/homebrew/lib/node_modules/appium/node_modules/asyncbox/build/lib/asyncbox.js:174:24)
    at async waitForCondition (/opt/homebrew/lib/node_modules/appium/node_modules/asyncbox/build/lib/asyncbox.js:192:12)
    at async AndroidUiautomator2Driver.implicitWaitForCondition (/opt/homebrew/lib/node_modules/appium/node_modules/@appium/base-driver/build/lib/basedriver/commands/timeout.js:99:16)
    at async AndroidUiautomator2Driver.findElOrEls (/Users/vc.rajdeep.kumar/.appium/node_modules/appium-uiautomator2-driver/node_modules/appium-android-driver/build/lib/commands/find.js:45:9)
    at async AndroidUiautomator2Driver.findElOrElsWithProcessing (/opt/homebrew/lib/node_modules/appium/node_modules/@appium/base-driver/build/lib/basedriver/commands/find.js:12:16)
    at async AndroidUiautomator2Driver.findElement (/opt/homebrew/lib/node_modules/appium/node_modules/@appium/base-driver/build/lib/basedriver/commands/find.js:27:16)
2026-08-12 14:04:27 [WARNING ] base_page.py:262 — Attempting to recover application state...
2026-08-12 14:04:30 [INFO    ] base_page.py:266 — App recovery attempt completed.
2026-08-12 14:04:30 [ERROR   ] screenshot_utils.py:58 — Screenshot capture failed: Message: 'GET /screenshot' cannot be proxied to UiAutomator2 server because the instrumentation process is not running (probably crashed). Check the server log and/or the logcat output for more details
Stacktrace:
UnknownError: 'GET /screenshot' cannot be proxied to UiAutomator2 server because the instrumentation process is not running (probably crashed). Check the server log and/or the logcat output for more details
    at UIA2Proxy.command (/opt/homebrew/lib/node_modules/appium/node_modules/@appium/base-driver/build/lib/jsonwp-proxy/proxy.js:272:19)
    at process.processTicksAndRejections (node:internal/process/task_queues:104:5)
    at async AndroidUiautomator2Driver.getScreenshot (/Users/vc.rajdeep.kumar/.appium/node_modules/appium-uiautomator2-driver/build/lib/commands/screenshot.js:72:19)
2026-08-12 14:04:30 [ERROR   ] screenshot_utils.py:81 — Page source save failed: Message: 'GET /session/b0aa656d-bf54-4695-ac58-ba1a9f91a585/source' cannot be proxied to UiAutomator2 server because the instrumentation process is not running (probably crashed). Check the server log and/or the logcat output for more details
Stacktrace:
InvalidContextError: 'GET /session/b0aa656d-bf54-4695-ac58-ba1a9f91a585/source' cannot be proxied to UiAutomator2 server because the instrumentation process is not running (probably crashed). Check the server log and/or the logcat output for more details
    at UIA2Proxy.proxyCommand (/Users/vc.rajdeep.kumar/.appium/node_modules/appium-uiautomator2-driver/build/lib/uiautomator2.js:32:19)
    at UIA2Proxy.proxyReqRes (/opt/homebrew/lib/node_modules/appium/node_modules/@appium/base-driver/build/lib/jsonwp-proxy/proxy.js:325:49)
    at runCommandPromise (/opt/homebrew/lib/node_modules/appium/node_modules/@appium/base-driver/build/lib/basedriver/driver.js:121:30)
    at /opt/homebrew/lib/node_modules/appium/node_modules/async-lock/lib/index.js:171:12
    at AsyncLock._promiseTry (/opt/homebrew/lib/node_modules/appium/node_modules/async-lock/lib/index.js:306:31)
    at exec (/opt/homebrew/lib/node_modules/appium/node_modules/async-lock/lib/index.js:170:9)
    at AsyncLock.acquire (/opt/homebrew/lib/node_modules/appium/node_modules/async-lock/lib/index.js:189:3)
    at AndroidUiautomator2Driver.executeCommand (/opt/homebrew/lib/node_modules/appium/node_modules/@appium/base-driver/build/lib/basedriver/driver.js:161:45)
    at process.processTicksAndRejections (node:internal/process/task_queues:104:5)
    at async defaultBehavior (/opt/homebrew/lib/node_modules/appium/build/lib/appium.js:634:20)
    at async AppiumDriver.executeWrappedCommand (/opt/homebrew/lib/node_modules/appium/build/lib/appium.js:726:22)
    at async AppiumDriver.executeCommand (/opt/homebrew/lib/node_modules/appium/build/lib/appium.js:645:21)
    at async doJwpProxy (/opt/homebrew/lib/node_modules/appium/node_modules/@appium/base-driver/build/lib/protocol/protocol.js:476:9)
    at async asyncHandler (/opt/homebrew/lib/node_modules/appium/node_modules/@appium/base-driver/build/lib/protocol/protocol.js:307:21)
2026-08-12 14:04:30 [WARNING ] login_page.py:88 — Element-based click failed: Unable to click ('-android uiautomator', 'new UiSelector().className("android.view.View").instance(24)') after 1 retries. Last exception: Message: 'POST /element' cannot be proxied to UiAutomator2 server because the instrumentation process is not running (probably crashed). Check the server log and/or the logcat output for more details
Stacktrace:
UnknownError: 'POST /element' cannot be proxied to UiAutomator2 server because the instrumentation process is not running (probably crashed). Check the server log and/or the logcat output for more details
    at UIA2Proxy.command (/opt/homebrew/lib/node_modules/appium/node_modules/@appium/base-driver/build/lib/jsonwp-proxy/proxy.js:272:19)
    at process.processTicksAndRejections (node:internal/process/task_queues:104:5)
    at async AndroidUiautomator2Driver.doFindElementOrEls (/Users/vc.rajdeep.kumar/.appium/node_modules/appium-uiautomator2-driver/build/lib/commands/find.js:24:13)
    at async doFind (/Users/vc.rajdeep.kumar/.appium/node_modules/appium-uiautomator2-driver/node_modules/appium-android-driver/build/lib/commands/find.js:24:23)
    at async wrappedCondFn (/opt/homebrew/lib/node_modules/appium/node_modules/@appium/base-driver/build/lib/basedriver/commands/timeout.js:97:20)
    at async spin (/opt/homebrew/lib/node_modules/appium/node_modules/asyncbox/build/lib/asyncbox.js:174:24)
    at async waitForCondition (/opt/homebrew/lib/node_modules/appium/node_modules/asyncbox/build/lib/asyncbox.js:192:12)
    at async AndroidUiautomator2Driver.implicitWaitForCondition (/opt/homebrew/lib/node_modules/appium/node_modules/@appium/base-driver/build/lib/basedriver/commands/timeout.js:99:16)
    at async AndroidUiautomator2Driver.findElOrEls (/Users/vc.rajdeep.kumar/.appium/node_modules/appium-uiautomator2-driver/node_modules/appium-android-driver/build/lib/commands/find.js:45:9)
    at async AndroidUiautomator2Driver.findElOrElsWithProcessing (/opt/homebrew/lib/node_modules/appium/node_modules/@appium/base-driver/build/lib/basedriver/commands/find.js:12:16)
    at async AndroidUiautomator2Driver.findElement (/opt/homebrew/lib/node_modules/appium/node_modules/@appium/base-driver/build/lib/basedriver/commands/find.js:27:16)
2026-08-12 14:04:30 [WARNING ] login_page.py:115 — Coordinate tap failed: Message: 'GET /window/current/size' cannot be proxied to UiAutomator2 server because the instrumentation process is not running (probably crashed). Check the server log and/or the logcat output for more details
Stacktrace:
UnknownError: 'GET /window/current/size' cannot be proxied to UiAutomator2 server because the instrumentation process is not running (probably crashed). Check the server log and/or the logcat output for more details
    at UIA2Proxy.command (/opt/homebrew/lib/node_modules/appium/node_modules/@appium/base-driver/build/lib/jsonwp-proxy/proxy.js:272:19)
    at process.processTicksAndRejections (node:internal/process/task_queues:104:5)
    at async AndroidUiautomator2Driver.getWindowSize (/Users/vc.rajdeep.kumar/.appium/node_modules/appium-uiautomator2-driver/build/lib/commands/viewport.js:73:13)
    at async AndroidUiautomator2Driver.getWindowRect (/Users/vc.rajdeep.kumar/.appium/node_modules/appium-uiautomator2-driver/build/lib/commands/viewport.js:53:31)
2026-08-12 14:04:37 [ERROR   ] base_page.py:92 — None of the candidate locators became visible within 6s. Candidates: [('-android uiautomator', 'new UiSelector().textContains("Continue")'), ('class name', 'android.widget.EditText')]. Last error: Message: 'POST /elements' cannot be proxied to UiAutomator2 server because the instrumentation process is not running (probably crashed). Check the server log and/or the logcat output for more details
Stacktrace:
UnknownError: 'POST /elements' cannot be proxied to UiAutomator2 server because the instrumentation process is not running (probably crashed). Check the server log and/or the logcat output for more details
    at UIA2Proxy.command (/opt/homebrew/lib/node_modules/appium/node_modules/@appium/base-driver/build/lib/jsonwp-proxy/proxy.js:272:19)
    at process.processTicksAndRejections (node:internal/process/task_queues:104:5)
    at async AndroidUiautomator2Driver.doFindElementOrEls (/Users/vc.rajdeep.kumar/.appium/node_modules/appium-uiautomator2-driver/build/lib/commands/find.js:24:13)
    at async doFind (/Users/vc.rajdeep.kumar/.appium/node_modules/appium-uiautomator2-driver/node_modules/appium-android-driver/build/lib/commands/find.js:24:23)
    at async wrappedCondFn (/opt/homebrew/lib/node_modules/appium/node_modules/@appium/base-driver/build/lib/basedriver/commands/timeout.js:97:20)
    at async spin (/opt/homebrew/lib/node_modules/appium/node_modules/asyncbox/build/lib/asyncbox.js:174:24)
    at async waitForCondition (/opt/homebrew/lib/node_modules/appium/node_modules/asyncbox/build/lib/asyncbox.js:192:12)
    at async AndroidUiautomator2Driver.implicitWaitForCondition (/opt/homebrew/lib/node_modules/appium/node_modules/@appium/base-driver/build/lib/basedriver/commands/timeout.js:99:16)
    at async AndroidUiautomator2Driver.findElOrEls (/Users/vc.rajdeep.kumar/.appium/node_modules/appium-uiautomator2-driver/node_modules/appium-android-driver/build/lib/commands/find.js:45:9)
    at async AndroidUiautomator2Driver.findElOrElsWithProcessing (/opt/homebrew/lib/node_modules/appium/node_modules/@appium/base-driver/build/lib/basedriver/commands/find.js:12:16)
    at async AndroidUiautomator2Driver.findElements (/opt/homebrew/lib/node_modules/appium/node_modules/@appium/base-driver/build/lib/basedriver/commands/find.js:30:16)
2026-08-12 14:04:37 [ERROR   ] screenshot_utils.py:58 — Screenshot capture failed: Message: 'GET /screenshot' cannot be proxied to UiAutomator2 server because the instrumentation process is not running (probably crashed). Check the server log and/or the logcat output for more details
Stacktrace:
UnknownError: 'GET /screenshot' cannot be proxied to UiAutomator2 server because the instrumentation process is not running (probably crashed). Check the server log and/or the logcat output for more details
    at UIA2Proxy.command (/opt/homebrew/lib/node_modules/appium/node_modules/@appium/base-driver/build/lib/jsonwp-proxy/proxy.js:272:19)
    at process.processTicksAndRejections (node:internal/process/task_queues:104:5)
    at async AndroidUiautomator2Driver.getScreenshot (/Users/vc.rajdeep.kumar/.appium/node_modules/appium-uiautomator2-driver/build/lib/commands/screenshot.js:72:19)
2026-08-12 14:04:37 [ERROR   ] screenshot_utils.py:81 — Page source save failed: Message: 'GET /session/b0aa656d-bf54-4695-ac58-ba1a9f91a585/source' cannot be proxied to UiAutomator2 server because the instrumentation process is not running (probably crashed). Check the server log and/or the logcat output for more details
Stacktrace:
InvalidContextError: 'GET /session/b0aa656d-bf54-4695-ac58-ba1a9f91a585/source' cannot be proxied to UiAutomator2 server because the instrumentation process is not running (probably crashed). Check the server log and/or the logcat output for more details
    at UIA2Proxy.proxyCommand (/Users/vc.rajdeep.kumar/.appium/node_modules/appium-uiautomator2-driver/build/lib/uiautomator2.js:32:19)
    at UIA2Proxy.proxyReqRes (/opt/homebrew/lib/node_modules/appium/node_modules/@appium/base-driver/build/lib/jsonwp-proxy/proxy.js:325:49)
    at runCommandPromise (/opt/homebrew/lib/node_modules/appium/node_modules/@appium/base-driver/build/lib/basedriver/driver.js:121:30)
    at /opt/homebrew/lib/node_modules/appium/node_modules/async-lock/lib/index.js:171:12
    at AsyncLock._promiseTry (/opt/homebrew/lib/node_modules/appium/node_modules/async-lock/lib/index.js:306:31)
    at exec (/opt/homebrew/lib/node_modules/appium/node_modules/async-lock/lib/index.js:170:9)
    at AsyncLock.acquire (/opt/homebrew/lib/node_modules/appium/node_modules/async-lock/lib/index.js:189:3)
    at AndroidUiautomator2Driver.executeCommand (/opt/homebrew/lib/node_modules/appium/node_modules/@appium/base-driver/build/lib/basedriver/driver.js:161:45)
    at process.processTicksAndRejections (node:internal/process/task_queues:104:5)
    at async defaultBehavior (/opt/homebrew/lib/node_modules/appium/build/lib/appium.js:634:20)
    at async AppiumDriver.executeWrappedCommand (/opt/homebrew/lib/node_modules/appium/build/lib/appium.js:726:22)
    at async AppiumDriver.executeCommand (/opt/homebrew/lib/node_modules/appium/build/lib/appium.js:645:21)
    at async doJwpProxy (/opt/homebrew/lib/node_modules/appium/node_modules/@appium/base-driver/build/lib/protocol/protocol.js:476:9)
    at async asyncHandler (/opt/homebrew/lib/node_modules/appium/node_modules/@appium/base-driver/build/lib/protocol/protocol.js:307:21)
2026-08-12 14:04:37 [WARNING ] login_page.py:139 — Attempt 2 did not reach the login sheet, recovering and retrying...
2026-08-12 14:04:37 [WARNING ] base_page.py:262 — Attempting to recover application state...
2026-08-12 14:04:40 [INFO    ] base_page.py:266 — App recovery attempt completed.
2026-08-12 14:04:42 [ERROR   ] login_page.py:152 — Unable to open profile tab / reach login sheet after 2 attempts
2026-08-12 14:04:42 [ERROR   ] screenshot_utils.py:58 — Screenshot capture failed: Message: 'GET /screenshot' cannot be proxied to UiAutomator2 server because the instrumentation process is not running (probably crashed). Check the server log and/or the logcat output for more details
Stacktrace:
UnknownError: 'GET /screenshot' cannot be proxied to UiAutomator2 server because the instrumentation process is not running (probably crashed). Check the server log and/or the logcat output for more details
    at UIA2Proxy.command (/opt/homebrew/lib/node_modules/appium/node_modules/@appium/base-driver/build/lib/jsonwp-proxy/proxy.js:272:19)
    at process.processTicksAndRejections (node:internal/process/task_queues:104:5)
    at async AndroidUiautomator2Driver.getScreenshot (/Users/vc.rajdeep.kumar/.appium/node_modules/appium-uiautomator2-driver/build/lib/commands/screenshot.js:72:19)
2026-08-12 14:04:42 [ERROR   ] screenshot_utils.py:81 — Page source save failed: Message: 'GET /session/b0aa656d-bf54-4695-ac58-ba1a9f91a585/source' cannot be proxied to UiAutomator2 server because the instrumentation process is not running (probably crashed). Check the server log and/or the logcat output for more details
Stacktrace:
InvalidContextError: 'GET /session/b0aa656d-bf54-4695-ac58-ba1a9f91a585/source' cannot be proxied to UiAutomator2 server because the instrumentation process is not running (probably crashed). Check the server log and/or the logcat output for more details
    at UIA2Proxy.proxyCommand (/Users/vc.rajdeep.kumar/.appium/node_modules/appium-uiautomator2-driver/build/lib/uiautomator2.js:32:19)
    at UIA2Proxy.proxyReqRes (/opt/homebrew/lib/node_modules/appium/node_modules/@appium/base-driver/build/lib/jsonwp-proxy/proxy.js:325:49)
    at runCommandPromise (/opt/homebrew/lib/node_modules/appium/node_modules/@appium/base-driver/build/lib/basedriver/driver.js:121:30)
    at /opt/homebrew/lib/node_modules/appium/node_modules/async-lock/lib/index.js:171:12
    at AsyncLock._promiseTry (/opt/homebrew/lib/node_modules/appium/node_modules/async-lock/lib/index.js:306:31)
    at exec (/opt/homebrew/lib/node_modules/appium/node_modules/async-lock/lib/index.js:170:9)
    at AsyncLock.acquire (/opt/homebrew/lib/node_modules/appium/node_modules/async-lock/lib/index.js:189:3)
    at AndroidUiautomator2Driver.executeCommand (/opt/homebrew/lib/node_modules/appium/node_modules/@appium/base-driver/build/lib/basedriver/driver.js:161:45)
    at process.processTicksAndRejections (node:internal/process/task_queues:104:5)
    at async defaultBehavior (/opt/homebrew/lib/node_modules/appium/build/lib/appium.js:634:20)
    at async AppiumDriver.executeWrappedCommand (/opt/homebrew/lib/node_modules/appium/build/lib/appium.js:726:22)
    at async AppiumDriver.executeCommand (/opt/homebrew/lib/node_modules/appium/build/lib/appium.js:645:21)
    at async doJwpProxy (/opt/homebrew/lib/node_modules/appium/node_modules/@appium/base-driver/build/lib/protocol/protocol.js:476:9)
    at async asyncHandler (/opt/homebrew/lib/node_modules/appium/node_modules/@appium/base-driver/build/lib/protocol/protocol.js:307:21)
2026-08-12 14:04:42 [ERROR   ] login_page.py:725 — Login flow failed: Unable to open profile tab / reach login sheet after 2 attempts
2026-08-12 14:04:42 [ERROR   ] screenshot_utils.py:58 — Screenshot capture failed: Message: 'GET /screenshot' cannot be proxied to UiAutomator2 server because the instrumentation process is not running (probably crashed). Check the server log and/or the logcat output for more details
Stacktrace:
UnknownError: 'GET /screenshot' cannot be proxied to UiAutomator2 server because the instrumentation process is not running (probably crashed). Check the server log and/or the logcat output for more details
    at UIA2Proxy.command (/opt/homebrew/lib/node_modules/appium/node_modules/@appium/base-driver/build/lib/jsonwp-proxy/proxy.js:272:19)
    at process.processTicksAndRejections (node:internal/process/task_queues:104:5)
    at async AndroidUiautomator2Driver.getScreenshot (/Users/vc.rajdeep.kumar/.appium/node_modules/appium-uiautomator2-driver/build/lib/commands/screenshot.js:72:19)
2026-08-12 14:04:42 [ERROR   ] screenshot_utils.py:81 — Page source save failed: Message: 'GET /session/b0aa656d-bf54-4695-ac58-ba1a9f91a585/source' cannot be proxied to UiAutomator2 server because the instrumentation process is not running (probably crashed). Check the server log and/or the logcat output for more details
Stacktrace:
InvalidContextError: 'GET /session/b0aa656d-bf54-4695-ac58-ba1a9f91a585/source' cannot be proxied to UiAutomator2 server because the instrumentation process is not running (probably crashed). Check the server log and/or the logcat output for more details
    at UIA2Proxy.proxyCommand (/Users/vc.rajdeep.kumar/.appium/node_modules/appium-uiautomator2-driver/build/lib/uiautomator2.js:32:19)
    at UIA2Proxy.proxyReqRes (/opt/homebrew/lib/node_modules/appium/node_modules/@appium/base-driver/build/lib/jsonwp-proxy/proxy.js:325:49)
    at runCommandPromise (/opt/homebrew/lib/node_modules/appium/node_modules/@appium/base-driver/build/lib/basedriver/driver.js:121:30)
    at /opt/homebrew/lib/node_modules/appium/node_modules/async-lock/lib/index.js:171:12
    at AsyncLock._promiseTry (/opt/homebrew/lib/node_modules/appium/node_modules/async-lock/lib/index.js:306:31)
    at exec (/opt/homebrew/lib/node_modules/appium/node_modules/async-lock/lib/index.js:170:9)
    at AsyncLock.acquire (/opt/homebrew/lib/node_modules/appium/node_modules/async-lock/lib/index.js:189:3)
    at AndroidUiautomator2Driver.executeCommand (/opt/homebrew/lib/node_modules/appium/node_modules/@appium/base-driver/build/lib/basedriver/driver.js:161:45)
    at process.processTicksAndRejections (node:internal/process/task_queues:104:5)
    at async defaultBehavior (/opt/homebrew/lib/node_modules/appium/build/lib/appium.js:634:20)
    at async AppiumDriver.executeWrappedCommand (/opt/homebrew/lib/node_modules/appium/build/lib/appium.js:726:22)
    at async AppiumDriver.executeCommand (/opt/homebrew/lib/node_modules/appium/build/lib/appium.js:645:21)
    at async doJwpProxy (/opt/homebrew/lib/node_modules/appium/node_modules/@appium/base-driver/build/lib/protocol/protocol.js:476:9)
    at async asyncHandler (/opt/homebrew/lib/node_modules/appium/node_modules/@appium/base-driver/build/lib/protocol/protocol.js:307:21)
2026-08-12 14:04:42 [ERROR   ] screenshot_utils.py:58 — Screenshot capture failed: Message: 'GET /screenshot' cannot be proxied to UiAutomator2 server because the instrumentation process is not running (probably crashed). Check the server log and/or the logcat output for more details
Stacktrace:
UnknownError: 'GET /screenshot' cannot be proxied to UiAutomator2 server because the instrumentation process is not running (probably crashed). Check the server log and/or the logcat output for more details
    at UIA2Proxy.command (/opt/homebrew/lib/node_modules/appium/node_modules/@appium/base-driver/build/lib/jsonwp-proxy/proxy.js:272:19)
    at process.processTicksAndRejections (node:internal/process/task_queues:104:5)
    at async AndroidUiautomator2Driver.getScreenshot (/Users/vc.rajdeep.kumar/.appium/node_modules/appium-uiautomator2-driver/build/lib/commands/screenshot.js:72:19)
2026-08-12 14:04:42 [ERROR   ] screenshot_utils.py:81 — Page source save failed: Message: 'GET /session/b0aa656d-bf54-4695-ac58-ba1a9f91a585/source' cannot be proxied to UiAutomator2 server because the instrumentation process is not running (probably crashed). Check the server log and/or the logcat output for more details
Stacktrace:
InvalidContextError: 'GET /session/b0aa656d-bf54-4695-ac58-ba1a9f91a585/source' cannot be proxied to UiAutomator2 server because the instrumentation process is not running (probably crashed). Check the server log and/or the logcat output for more details
    at UIA2Proxy.proxyCommand (/Users/vc.rajdeep.kumar/.appium/node_modules/appium-uiautomator2-driver/build/lib/uiautomator2.js:32:19)
    at UIA2Proxy.proxyReqRes (/opt/homebrew/lib/node_modules/appium/node_modules/@appium/base-driver/build/lib/jsonwp-proxy/proxy.js:325:49)
    at runCommandPromise (/opt/homebrew/lib/node_modules/appium/node_modules/@appium/base-driver/build/lib/basedriver/driver.js:121:30)
    at /opt/homebrew/lib/node_modules/appium/node_modules/async-lock/lib/index.js:171:12
    at AsyncLock._promiseTry (/opt/homebrew/lib/node_modules/appium/node_modules/async-lock/lib/index.js:306:31)
    at exec (/opt/homebrew/lib/node_modules/appium/node_modules/async-lock/lib/index.js:170:9)
    at AsyncLock.acquire (/opt/homebrew/lib/node_modules/appium/node_modules/async-lock/lib/index.js:189:3)
    at AndroidUiautomator2Driver.executeCommand (/opt/homebrew/lib/node_modules/appium/node_modules/@appium/base-driver/build/lib/basedriver/driver.js:161:45)
    at process.processTicksAndRejections (node:internal/process/task_queues:104:5)
    at async defaultBehavior (/opt/homebrew/lib/node_modules/appium/build/lib/appium.js:634:20)
    at async AppiumDriver.executeWrappedCommand (/opt/homebrew/lib/node_modules/appium/build/lib/appium.js:726:22)
    at async AppiumDriver.executeCommand (/opt/homebrew/lib/node_modules/appium/build/lib/appium.js:645:21)
    at async doJwpProxy (/opt/homebrew/lib/node_modules/appium/node_modules/@appium/base-driver/build/lib/protocol/protocol.js:476:9)
    at async asyncHandler (/opt/homebrew/lib/node_modules/appium/node_modules/@appium/base-driver/build/lib/protocol/protocol.js:307:21)
2026-08-12 14:04:42 [ERROR   ] conftest.py:355 — Test FAILED: test_pause_and_resume_reel
2026-08-12 14:04:42 [INFO    ] conftest.py:262 — Closing driver session.
2026-08-12 14:04:44 [INFO    ] conftest.py:227 — ==================================================
2026-08-12 14:04:44 [INFO    ] conftest.py:228 — DRIVER SETUP START
2026-08-12 14:04:44 [INFO    ] conftest.py:229 — ==================================================
2026-08-12 14:04:44 [INFO    ] conftest.py:116 — Driver creation attempt 1/2
2026-08-12 14:04:44 [INFO    ] driver_factory.py:53 — ========== DRIVER CREATION START ==========
2026-08-12 14:04:44 [INFO    ] driver_factory.py:70 — Device: emulator | Env: qa | Platform: Android
2026-08-12 14:04:44 [INFO    ] driver_factory.py:132 — Device Name: Android Emulator
2026-08-12 14:04:44 [INFO    ] driver_factory.py:133 — UDID: emulator-5554
2026-08-12 14:04:44 [INFO    ] driver_factory.py:147 — App Package: com.zee5.hipi (noReset=true, activity not set)
2026-08-12 14:04:57 [INFO    ] driver_factory.py:108 — App launched by driver. Waiting for stabilization...
2026-08-12 14:04:59 [INFO    ] driver_factory.py:111 — ========== DRIVER CREATED SUCCESSFULLY ==========
2026-08-12 14:04:59 [INFO    ] conftest.py:238 — Driver created successfully.
2026-08-12 14:05:05 [INFO    ] popup_handler.py:122 — Checking for 'Get Started' screen...
2026-08-12 14:05:18 [INFO    ] popup_handler.py:134 — 'Get Started' screen not present — skipping.
2026-08-12 14:05:18 [INFO    ] conftest.py:153 — App readiness probe: HiPi is in foreground (com.zee5.hipi).
2026-08-12 14:05:18 [INFO    ] conftest.py:251 — DRIVER SETUP COMPLETE
2026-08-12 14:05:18 [INFO    ] base_test.py:20 — BaseTest setup completed.
2026-08-12 14:05:18 [INFO    ] base_test.py:58 — login_and_reach_feed: START
2026-08-12 14:05:18 [INFO    ] base_test.py:30 — Logging in as default test user.
2026-08-12 14:05:18 [INFO    ] login_page.py:590 — ========== LOGIN FLOW START ==========
2026-08-12 14:05:19 [INFO    ] login_page.py:34 — Opening profile tab
2026-08-12 14:05:20 [INFO    ] login_page.py:44 — Profile tab open attempt 1/2
2026-08-12 14:05:32 [ERROR   ] base_page.py:59 — Element not clickable after 8s: ('-android uiautomator', 'new UiSelector().className("android.view.View").instance(24)')
2026-08-12 14:05:35 [INFO    ] screenshot_utils.py:54 — Screenshot saved: reports/screenshots/element_not_clickable_new UiSelector().className("android.view.View").instance(24)_20260812_140532.png
2026-08-12 14:05:35 [INFO    ] screenshot_utils.py:77 — Page source saved: reports/screenshots/element_not_clickable_new UiSelector().className("android.view.View").instance(24)_20260812_140535.xml
2026-08-12 14:05:35 [ERROR   ] base_page.py:118 — Click failed on attempt 1 for ('-android uiautomator', 'new UiSelector().className("android.view.View").instance(24)'): Message: 
Stacktrace:
NoSuchElementError: An element could not be located on the page using the given search parameters.
    at AndroidUiautomator2Driver.findElOrEls (/Users/vc.rajdeep.kumar/.appium/node_modules/appium-uiautomator2-driver/node_modules/appium-android-driver/build/lib/commands/find.js:62:15)
    at process.processTicksAndRejections (node:internal/process/task_queues:104:5)
    at async AndroidUiautomator2Driver.findElOrElsWithProcessing (/opt/homebrew/lib/node_modules/appium/node_modules/@appium/base-driver/build/lib/basedriver/commands/find.js:12:16)
    at async AndroidUiautomator2Driver.findElement (/opt/homebrew/lib/node_modules/appium/node_modules/@appium/base-driver/build/lib/basedriver/commands/find.js:27:16)
2026-08-12 14:05:35 [WARNING ] base_page.py:262 — Attempting to recover application state...
2026-08-12 14:05:38 [INFO    ] base_page.py:266 — App recovery attempt completed.
2026-08-12 14:05:43 [INFO    ] screenshot_utils.py:54 — Screenshot saved: reports/screenshots/click_failed_20260812_140538.png
2026-08-12 14:05:44 [INFO    ] screenshot_utils.py:77 — Page source saved: reports/screenshots/click_failed_20260812_140543.xml
2026-08-12 14:05:44 [WARNING ] login_page.py:88 — Element-based click failed: Unable to click ('-android uiautomator', 'new UiSelector().className("android.view.View").instance(24)') after 1 retries. Last exception: Message: 
Stacktrace:
NoSuchElementError: An element could not be located on the page using the given search parameters.
    at AndroidUiautomator2Driver.findElOrEls (/Users/vc.rajdeep.kumar/.appium/node_modules/appium-uiautomator2-driver/node_modules/appium-android-driver/build/lib/commands/find.js:62:15)
    at process.processTicksAndRejections (node:internal/process/task_queues:104:5)
    at async AndroidUiautomator2Driver.findElOrElsWithProcessing (/opt/homebrew/lib/node_modules/appium/node_modules/@appium/base-driver/build/lib/basedriver/commands/find.js:12:16)
    at async AndroidUiautomator2Driver.findElement (/opt/homebrew/lib/node_modules/appium/node_modules/@appium/base-driver/build/lib/basedriver/commands/find.js:27:16)
2026-08-12 14:05:45 [INFO    ] gestures.py:29 — Tap performed at X:760 Y:2311
2026-08-12 14:05:58 [ERROR   ] base_page.py:92 — None of the candidate locators became visible within 6s. Candidates: [('-android uiautomator', 'new UiSelector().textContains("Continue")'), ('class name', 'android.widget.EditText')]. Last error: None
2026-08-12 14:06:01 [INFO    ] screenshot_utils.py:54 — Screenshot saved: reports/screenshots/wait_for_any_visible_failed_20260812_140558.png
2026-08-12 14:06:01 [INFO    ] screenshot_utils.py:77 — Page source saved: reports/screenshots/wait_for_any_visible_failed_20260812_140601.xml
2026-08-12 14:06:01 [WARNING ] login_page.py:139 — Attempt 1 did not reach the login sheet, recovering and retrying...
2026-08-12 14:06:01 [WARNING ] base_page.py:262 — Attempting to recover application state...
2026-08-12 14:06:05 [INFO    ] base_page.py:266 — App recovery attempt completed.
2026-08-12 14:06:07 [INFO    ] login_page.py:44 — Profile tab open attempt 2/2
2026-08-12 14:06:18 [ERROR   ] base_page.py:59 — Element not clickable after 8s: ('-android uiautomator', 'new UiSelector().className("android.view.View").instance(24)')
2026-08-12 14:06:22 [INFO    ] screenshot_utils.py:54 — Screenshot saved: reports/screenshots/element_not_clickable_new UiSelector().className("android.view.View").instance(24)_20260812_140618.png
2026-08-12 14:06:23 [INFO    ] screenshot_utils.py:77 — Page source saved: reports/screenshots/element_not_clickable_new UiSelector().className("android.view.View").instance(24)_20260812_140622.xml
2026-08-12 14:06:23 [ERROR   ] base_page.py:118 — Click failed on attempt 1 for ('-android uiautomator', 'new UiSelector().className("android.view.View").instance(24)'): Message: 
Stacktrace:
NoSuchElementError: An element could not be located on the page using the given search parameters.
    at AndroidUiautomator2Driver.findElOrEls (/Users/vc.rajdeep.kumar/.appium/node_modules/appium-uiautomator2-driver/node_modules/appium-android-driver/build/lib/commands/find.js:62:15)
    at process.processTicksAndRejections (node:internal/process/task_queues:104:5)
    at async AndroidUiautomator2Driver.findElOrElsWithProcessing (/opt/homebrew/lib/node_modules/appium/node_modules/@appium/base-driver/build/lib/basedriver/commands/find.js:12:16)
    at async AndroidUiautomator2Driver.findElement (/opt/homebrew/lib/node_modules/appium/node_modules/@appium/base-driver/build/lib/basedriver/commands/find.js:27:16)
2026-08-12 14:06:23 [WARNING ] base_page.py:262 — Attempting to recover application state...
2026-08-12 14:06:26 [INFO    ] base_page.py:266 — App recovery attempt completed.
2026-08-12 14:06:27 [INFO    ] screenshot_utils.py:54 — Screenshot saved: reports/screenshots/click_failed_20260812_140626.png
2026-08-12 14:06:27 [INFO    ] screenshot_utils.py:77 — Page source saved: reports/screenshots/click_failed_20260812_140627.xml
2026-08-12 14:06:27 [WARNING ] login_page.py:88 — Element-based click failed: Unable to click ('-android uiautomator', 'new UiSelector().className("android.view.View").instance(24)') after 1 retries. Last exception: Message: 
Stacktrace:
NoSuchElementError: An element could not be located on the page using the given search parameters.
    at AndroidUiautomator2Driver.findElOrEls (/Users/vc.rajdeep.kumar/.appium/node_modules/appium-uiautomator2-driver/node_modules/appium-android-driver/build/lib/commands/find.js:62:15)
    at process.processTicksAndRejections (node:internal/process/task_queues:104:5)
    at async AndroidUiautomator2Driver.findElOrElsWithProcessing (/opt/homebrew/lib/node_modules/appium/node_modules/@appium/base-driver/build/lib/basedriver/commands/find.js:12:16)
    at async AndroidUiautomator2Driver.findElement (/opt/homebrew/lib/node_modules/appium/node_modules/@appium/base-driver/build/lib/basedriver/commands/find.js:27:16)
2026-08-12 14:06:27 [INFO    ] gestures.py:29 — Tap performed at X:760 Y:2311
2026-08-12 14:06:39 [ERROR   ] base_page.py:92 — None of the candidate locators became visible within 6s. Candidates: [('-android uiautomator', 'new UiSelector().textContains("Continue")'), ('class name', 'android.widget.EditText')]. Last error: None
2026-08-12 14:06:44 [INFO    ] screenshot_utils.py:54 — Screenshot saved: reports/screenshots/wait_for_any_visible_failed_20260812_140639.png
2026-08-12 14:06:45 [INFO    ] screenshot_utils.py:77 — Page source saved: reports/screenshots/wait_for_any_visible_failed_20260812_140644.xml
2026-08-12 14:06:45 [WARNING ] login_page.py:139 — Attempt 2 did not reach the login sheet, recovering and retrying...
2026-08-12 14:06:45 [WARNING ] base_page.py:262 — Attempting to recover application state...
2026-08-12 14:06:48 [INFO    ] base_page.py:266 — App recovery attempt completed.
2026-08-12 14:06:50 [ERROR   ] login_page.py:152 — Unable to open profile tab / reach login sheet after 2 attempts
2026-08-12 14:06:51 [INFO    ] screenshot_utils.py:54 — Screenshot saved: reports/screenshots/profile_tab_failed_20260812_140650.png
2026-08-12 14:06:51 [INFO    ] screenshot_utils.py:77 — Page source saved: reports/screenshots/profile_tab_failed_20260812_140651.xml
2026-08-12 14:06:51 [ERROR   ] login_page.py:725 — Login flow failed: Unable to open profile tab / reach login sheet after 2 attempts
2026-08-12 14:06:54 [INFO    ] screenshot_utils.py:54 — Screenshot saved: reports/screenshots/login_failed_20260812_140651.png
2026-08-12 14:06:55 [INFO    ] screenshot_utils.py:77 — Page source saved: reports/screenshots/login_failed_20260812_140654.xml
2026-08-12 14:06:57 [INFO    ] screenshot_utils.py:54 — Screenshot saved: reports/screenshots/test_swipe_to_next_video_20260812_140655.png
2026-08-12 14:06:57 [INFO    ] screenshot_utils.py:77 — Page source saved: reports/screenshots/test_swipe_to_next_video_20260812_140657.xml
2026-08-12 14:06:57 [ERROR   ] conftest.py:355 — Test FAILED: test_swipe_to_next_video
2026-08-12 14:06:57 [INFO    ] conftest.py:262 — Closing driver session.
2026-08-12 14:06:58 [INFO    ] conftest.py:227 — ==================================================
2026-08-12 14:06:58 [INFO    ] conftest.py:228 — DRIVER SETUP START
2026-08-12 14:06:58 [INFO    ] conftest.py:229 — ==================================================
2026-08-12 14:06:58 [INFO    ] conftest.py:116 — Driver creation attempt 1/2
2026-08-12 14:06:58 [INFO    ] driver_factory.py:53 — ========== DRIVER CREATION START ==========
2026-08-12 14:06:58 [INFO    ] driver_factory.py:70 — Device: emulator | Env: qa | Platform: Android
2026-08-12 14:06:58 [INFO    ] driver_factory.py:132 — Device Name: Android Emulator
2026-08-12 14:06:58 [INFO    ] driver_factory.py:133 — UDID: emulator-5554
2026-08-12 14:06:58 [INFO    ] driver_factory.py:147 — App Package: com.zee5.hipi (noReset=true, activity not set)
2026-08-12 14:07:09 [INFO    ] driver_factory.py:108 — App launched by driver. Waiting for stabilization...
2026-08-12 14:07:11 [INFO    ] driver_factory.py:111 — ========== DRIVER CREATED SUCCESSFULLY ==========
2026-08-12 14:07:11 [INFO    ] conftest.py:238 — Driver created successfully.
2026-08-12 14:07:17 [INFO    ] popup_handler.py:122 — Checking for 'Get Started' screen...
2026-08-12 14:07:29 [INFO    ] popup_handler.py:134 — 'Get Started' screen not present — skipping.
2026-08-12 14:07:29 [INFO    ] conftest.py:153 — App readiness probe: HiPi is in foreground (com.zee5.hipi).
2026-08-12 14:07:29 [INFO    ] conftest.py:251 — DRIVER SETUP COMPLETE
2026-08-12 14:07:29 [INFO    ] base_test.py:20 — BaseTest setup completed.
2026-08-12 14:07:29 [INFO    ] test_login.py:126 — ========== SMOKE LOGIN START ==========
2026-08-12 14:07:29 [INFO    ] base_test.py:30 — Logging in as default test user.
2026-08-12 14:07:29 [INFO    ] login_page.py:590 — ========== LOGIN FLOW START ==========
2026-08-12 14:07:30 [INFO    ] login_page.py:34 — Opening profile tab
2026-08-12 14:07:31 [INFO    ] login_page.py:44 — Profile tab open attempt 1/2
2026-08-12 14:07:42 [ERROR   ] base_page.py:59 — Element not clickable after 8s: ('-android uiautomator', 'new UiSelector().className("android.view.View").instance(24)')
2026-08-12 14:07:46 [INFO    ] screenshot_utils.py:54 — Screenshot saved: reports/screenshots/element_not_clickable_new UiSelector().className("android.view.View").instance(24)_20260812_140742.png
2026-08-12 14:07:47 [INFO    ] screenshot_utils.py:77 — Page source saved: reports/screenshots/element_not_clickable_new UiSelector().className("android.view.View").instance(24)_20260812_140746.xml
2026-08-12 14:07:47 [ERROR   ] base_page.py:118 — Click failed on attempt 1 for ('-android uiautomator', 'new UiSelector().className("android.view.View").instance(24)'): Message: 
Stacktrace:
NoSuchElementError: An element could not be located on the page using the given search parameters.
    at AndroidUiautomator2Driver.findElOrEls (/Users/vc.rajdeep.kumar/.appium/node_modules/appium-uiautomator2-driver/node_modules/appium-android-driver/build/lib/commands/find.js:62:15)
    at process.processTicksAndRejections (node:internal/process/task_queues:104:5)
    at async AndroidUiautomator2Driver.findElOrElsWithProcessing (/opt/homebrew/lib/node_modules/appium/node_modules/@appium/base-driver/build/lib/basedriver/commands/find.js:12:16)
    at async AndroidUiautomator2Driver.findElement (/opt/homebrew/lib/node_modules/appium/node_modules/@appium/base-driver/build/lib/basedriver/commands/find.js:27:16)
2026-08-12 14:07:47 [WARNING ] base_page.py:262 — Attempting to recover application state...
2026-08-12 14:07:50 [INFO    ] base_page.py:266 — App recovery attempt completed.
2026-08-12 14:07:54 [INFO    ] screenshot_utils.py:54 — Screenshot saved: reports/screenshots/click_failed_20260812_140750.png
2026-08-12 14:07:55 [INFO    ] screenshot_utils.py:77 — Page source saved: reports/screenshots/click_failed_20260812_140754.xml
2026-08-12 14:07:55 [WARNING ] login_page.py:88 — Element-based click failed: Unable to click ('-android uiautomator', 'new UiSelector().className("android.view.View").instance(24)') after 1 retries. Last exception: Message: 
Stacktrace:
NoSuchElementError: An element could not be located on the page using the given search parameters.
    at AndroidUiautomator2Driver.findElOrEls (/Users/vc.rajdeep.kumar/.appium/node_modules/appium-uiautomator2-driver/node_modules/appium-android-driver/build/lib/commands/find.js:62:15)
    at process.processTicksAndRejections (node:internal/process/task_queues:104:5)
    at async AndroidUiautomator2Driver.findElOrElsWithProcessing (/opt/homebrew/lib/node_modules/appium/node_modules/@appium/base-driver/build/lib/basedriver/commands/find.js:12:16)
    at async AndroidUiautomator2Driver.findElement (/opt/homebrew/lib/node_modules/appium/node_modules/@appium/base-driver/build/lib/basedriver/commands/find.js:27:16)
2026-08-12 14:07:55 [INFO    ] gestures.py:29 — Tap performed at X:760 Y:2311
2026-08-12 14:08:07 [ERROR   ] base_page.py:92 — None of the candidate locators became visible within 6s. Candidates: [('-android uiautomator', 'new UiSelector().textContains("Continue")'), ('class name', 'android.widget.EditText')]. Last error: None
2026-08-12 14:08:10 [INFO    ] screenshot_utils.py:54 — Screenshot saved: reports/screenshots/wait_for_any_visible_failed_20260812_140807.png
2026-08-12 14:08:12 [INFO    ] screenshot_utils.py:77 — Page source saved: reports/screenshots/wait_for_any_visible_failed_20260812_140810.xml
2026-08-12 14:08:12 [WARNING ] login_page.py:139 — Attempt 1 did not reach the login sheet, recovering and retrying...
2026-08-12 14:08:12 [WARNING ] base_page.py:262 — Attempting to recover application state...
2026-08-12 14:08:15 [INFO    ] base_page.py:266 — App recovery attempt completed.
2026-08-12 14:08:17 [INFO    ] login_page.py:44 — Profile tab open attempt 2/2
2026-08-12 14:08:29 [ERROR   ] base_page.py:59 — Element not clickable after 8s: ('-android uiautomator', 'new UiSelector().className("android.view.View").instance(24)')
2026-08-12 14:08:34 [INFO    ] screenshot_utils.py:54 — Screenshot saved: reports/screenshots/element_not_clickable_new UiSelector().className("android.view.View").instance(24)_20260812_140829.png
2026-08-12 14:08:34 [INFO    ] screenshot_utils.py:77 — Page source saved: reports/screenshots/element_not_clickable_new UiSelector().className("android.view.View").instance(24)_20260812_140834.xml
2026-08-12 14:08:34 [ERROR   ] base_page.py:118 — Click failed on attempt 1 for ('-android uiautomator', 'new UiSelector().className("android.view.View").instance(24)'): Message: 
Stacktrace:
NoSuchElementError: An element could not be located on the page using the given search parameters.
    at AndroidUiautomator2Driver.findElOrEls (/Users/vc.rajdeep.kumar/.appium/node_modules/appium-uiautomator2-driver/node_modules/appium-android-driver/build/lib/commands/find.js:62:15)
    at process.processTicksAndRejections (node:internal/process/task_queues:104:5)
    at async AndroidUiautomator2Driver.findElOrElsWithProcessing (/opt/homebrew/lib/node_modules/appium/node_modules/@appium/base-driver/build/lib/basedriver/commands/find.js:12:16)
    at async AndroidUiautomator2Driver.findElement (/opt/homebrew/lib/node_modules/appium/node_modules/@appium/base-driver/build/lib/basedriver/commands/find.js:27:16)
2026-08-12 14:08:34 [WARNING ] base_page.py:262 — Attempting to recover application state...
2026-08-12 14:08:37 [INFO    ] base_page.py:266 — App recovery attempt completed.
2026-08-12 14:08:41 [INFO    ] screenshot_utils.py:54 — Screenshot saved: reports/screenshots/click_failed_20260812_140837.png
2026-08-12 14:08:42 [INFO    ] screenshot_utils.py:77 — Page source saved: reports/screenshots/click_failed_20260812_140841.xml
2026-08-12 14:08:42 [WARNING ] login_page.py:88 — Element-based click failed: Unable to click ('-android uiautomator', 'new UiSelector().className("android.view.View").instance(24)') after 1 retries. Last exception: Message: 
Stacktrace:
NoSuchElementError: An element could not be located on the page using the given search parameters.
    at AndroidUiautomator2Driver.findElOrEls (/Users/vc.rajdeep.kumar/.appium/node_modules/appium-uiautomator2-driver/node_modules/appium-android-driver/build/lib/commands/find.js:62:15)
    at process.processTicksAndRejections (node:internal/process/task_queues:104:5)
    at async AndroidUiautomator2Driver.findElOrElsWithProcessing (/opt/homebrew/lib/node_modules/appium/node_modules/@appium/base-driver/build/lib/basedriver/commands/find.js:12:16)
    at async AndroidUiautomator2Driver.findElement (/opt/homebrew/lib/node_modules/appium/node_modules/@appium/base-driver/build/lib/basedriver/commands/find.js:27:16)
2026-08-12 14:08:42 [INFO    ] gestures.py:29 — Tap performed at X:760 Y:2311
2026-08-12 14:08:54 [ERROR   ] base_page.py:92 — None of the candidate locators became visible within 6s. Candidates: [('-android uiautomator', 'new UiSelector().textContains("Continue")'), ('class name', 'android.widget.EditText')]. Last error: None
2026-08-12 14:08:57 [INFO    ] screenshot_utils.py:54 — Screenshot saved: reports/screenshots/wait_for_any_visible_failed_20260812_140854.png
2026-08-12 14:08:57 [INFO    ] screenshot_utils.py:77 — Page source saved: reports/screenshots/wait_for_any_visible_failed_20260812_140857.xml
2026-08-12 14:08:57 [WARNING ] login_page.py:139 — Attempt 2 did not reach the login sheet, recovering and retrying...
2026-08-12 14:08:57 [WARNING ] base_page.py:262 — Attempting to recover application state...
2026-08-12 14:09:00 [INFO    ] base_page.py:266 — App recovery attempt completed.
2026-08-12 14:09:02 [ERROR   ] login_page.py:152 — Unable to open profile tab / reach login sheet after 2 attempts
2026-08-12 14:09:06 [INFO    ] screenshot_utils.py:54 — Screenshot saved: reports/screenshots/profile_tab_failed_20260812_140902.png
2026-08-12 14:09:07 [INFO    ] screenshot_utils.py:77 — Page source saved: reports/screenshots/profile_tab_failed_20260812_140906.xml
2026-08-12 14:09:07 [ERROR   ] login_page.py:725 — Login flow failed: Unable to open profile tab / reach login sheet after 2 attempts
2026-08-12 14:09:09 [INFO    ] screenshot_utils.py:54 — Screenshot saved: reports/screenshots/login_failed_20260812_140907.png
2026-08-12 14:09:09 [INFO    ] screenshot_utils.py:77 — Page source saved: reports/screenshots/login_failed_20260812_140909.xml
2026-08-12 14:09:11 [INFO    ] screenshot_utils.py:54 — Screenshot saved: reports/screenshots/test_valid_login_smoke_20260812_140909.png
2026-08-12 14:09:12 [INFO    ] screenshot_utils.py:77 — Page source saved: reports/screenshots/test_valid_login_smoke_20260812_140911.xml
2026-08-12 14:09:12 [ERROR   ] conftest.py:355 — Test FAILED: test_valid_login_smoke
2026-08-12 14:09:12 [INFO    ] conftest.py:262 — Closing driver session.
2026-08-12 14:09:13 [INFO    ] conftest.py:369 — ==================================================
2026-08-12 14:09:13 [INFO    ] conftest.py:370 — PYTEST SESSION END | Exit status: 1
2026-08-12 14:09:13 [INFO    ] conftest.py:371 — ==================================================
