2026-08-12 13:42:29 [INFO    ] conftest.py:363 — ==================================================
2026-08-12 13:42:29 [INFO    ] conftest.py:364 — PYTEST SESSION START
2026-08-12 13:42:29 [INFO    ] conftest.py:365 — ==================================================
2026-08-12 13:42:29 [INFO    ] conftest.py:227 — ==================================================
2026-08-12 13:42:29 [INFO    ] conftest.py:228 — DRIVER SETUP START
2026-08-12 13:42:29 [INFO    ] conftest.py:229 — ==================================================
2026-08-12 13:42:29 [INFO    ] conftest.py:116 — Driver creation attempt 1/2
2026-08-12 13:42:29 [INFO    ] driver_factory.py:53 — ========== DRIVER CREATION START ==========
2026-08-12 13:42:29 [INFO    ] driver_factory.py:70 — Device: emulator | Env: qa | Platform: Android
2026-08-12 13:42:29 [INFO    ] driver_factory.py:132 — Device Name: Android Emulator
2026-08-12 13:42:29 [INFO    ] driver_factory.py:133 — UDID: emulator-5554
2026-08-12 13:42:29 [INFO    ] driver_factory.py:147 — App Package: com.zee5.hipi (noReset=true, activity not set)
2026-08-12 13:42:32 [INFO    ] driver_factory.py:108 — App launched by driver. Waiting for stabilization...
2026-08-12 13:42:37 [INFO    ] driver_factory.py:111 — ========== DRIVER CREATED SUCCESSFULLY ==========
2026-08-12 13:42:37 [INFO    ] conftest.py:238 — Driver created successfully.
2026-08-12 13:42:42 [INFO    ] popup_handler.py:122 — Checking for 'Get Started' screen...
2026-08-12 13:42:46 [INFO    ] popup_handler.py:130 — 'Get Started' screen dismissed.
2026-08-12 13:42:49 [WARNING ] conftest.py:157 — App readiness probe: unexpected package 'com.google.android.permissioncontroller' (expected 'com.zee5.hipi').
2026-08-12 13:42:49 [INFO    ] conftest.py:251 — DRIVER SETUP COMPLETE
2026-08-12 13:42:49 [INFO    ] base_test.py:20 — BaseTest setup completed.
2026-08-12 13:42:49 [INFO    ] base_test.py:58 — login_and_reach_feed: START
2026-08-12 13:42:49 [INFO    ] base_test.py:30 — Logging in as default test user.
2026-08-12 13:42:49 [INFO    ] login_page.py:590 — ========== LOGIN FLOW START ==========
2026-08-12 13:42:49 [WARNING ] base_page.py:253 — App moved to background (com.google.android.permissioncontroller). Activating com.zee5.hipi.
2026-08-12 13:42:54 [INFO    ] login_page.py:34 — Opening profile tab
2026-08-12 13:42:55 [INFO    ] login_page.py:44 — Profile tab open attempt 1/2
2026-08-12 13:42:55 [WARNING ] base_page.py:253 — App moved to background (com.google.android.permissioncontroller). Activating com.zee5.hipi.
2026-08-12 13:43:08 [ERROR   ] base_page.py:59 — Element not clickable after 8s: ('-android uiautomator', 'new UiSelector().className("android.view.View").instance(24)')
2026-08-12 13:43:09 [INFO    ] screenshot_utils.py:54 — Screenshot saved: reports/screenshots/element_not_clickable_new UiSelector().className("android.view.View").instance(24)_20260812_134308.png
2026-08-12 13:43:09 [INFO    ] screenshot_utils.py:77 — Page source saved: reports/screenshots/element_not_clickable_new UiSelector().className("android.view.View").instance(24)_20260812_134309.xml
2026-08-12 13:43:09 [ERROR   ] base_page.py:118 — Click failed on attempt 1 for ('-android uiautomator', 'new UiSelector().className("android.view.View").instance(24)'): Message: 
Stacktrace:
NoSuchElementError: An element could not be located on the page using the given search parameters.
    at AndroidUiautomator2Driver.findElOrEls (/Users/vc.rajdeep.kumar/.appium/node_modules/appium-uiautomator2-driver/node_modules/appium-android-driver/build/lib/commands/find.js:62:15)
    at process.processTicksAndRejections (node:internal/process/task_queues:104:5)
    at async AndroidUiautomator2Driver.findElOrElsWithProcessing (/opt/homebrew/lib/node_modules/appium/node_modules/@appium/base-driver/build/lib/basedriver/commands/find.js:12:16)
    at async AndroidUiautomator2Driver.findElement (/opt/homebrew/lib/node_modules/appium/node_modules/@appium/base-driver/build/lib/basedriver/commands/find.js:27:16)
2026-08-12 13:43:09 [WARNING ] base_page.py:262 — Attempting to recover application state...
2026-08-12 13:43:09 [WARNING ] base_page.py:253 — App moved to background (com.google.android.permissioncontroller). Activating com.zee5.hipi.
2026-08-12 13:43:15 [INFO    ] base_page.py:266 — App recovery attempt completed.
2026-08-12 13:43:18 [INFO    ] screenshot_utils.py:54 — Screenshot saved: reports/screenshots/click_failed_20260812_134315.png
2026-08-12 13:43:18 [INFO    ] screenshot_utils.py:77 — Page source saved: reports/screenshots/click_failed_20260812_134318.xml
2026-08-12 13:43:18 [WARNING ] login_page.py:88 — Element-based click failed: Unable to click ('-android uiautomator', 'new UiSelector().className("android.view.View").instance(24)') after 1 retries. Last exception: Message: 
Stacktrace:
NoSuchElementError: An element could not be located on the page using the given search parameters.
    at AndroidUiautomator2Driver.findElOrEls (/Users/vc.rajdeep.kumar/.appium/node_modules/appium-uiautomator2-driver/node_modules/appium-android-driver/build/lib/commands/find.js:62:15)
    at process.processTicksAndRejections (node:internal/process/task_queues:104:5)
    at async AndroidUiautomator2Driver.findElOrElsWithProcessing (/opt/homebrew/lib/node_modules/appium/node_modules/@appium/base-driver/build/lib/basedriver/commands/find.js:12:16)
    at async AndroidUiautomator2Driver.findElement (/opt/homebrew/lib/node_modules/appium/node_modules/@appium/base-driver/build/lib/basedriver/commands/find.js:27:16)
2026-08-12 13:43:19 [INFO    ] gestures.py:29 — Tap performed at X:760 Y:2311
2026-08-12 13:43:42 [ERROR   ] base_page.py:92 — None of the candidate locators became visible within 6s. Candidates: [('-android uiautomator', 'new UiSelector().textContains("Continue")'), ('class name', 'android.widget.EditText')]. Last error: None
2026-08-12 13:43:44 [INFO    ] screenshot_utils.py:54 — Screenshot saved: reports/screenshots/wait_for_any_visible_failed_20260812_134342.png
2026-08-12 13:43:44 [INFO    ] screenshot_utils.py:77 — Page source saved: reports/screenshots/wait_for_any_visible_failed_20260812_134344.xml
2026-08-12 13:43:44 [WARNING ] login_page.py:139 — Attempt 1 did not reach the login sheet, recovering and retrying...
2026-08-12 13:43:44 [WARNING ] base_page.py:262 — Attempting to recover application state...
2026-08-12 13:43:48 [INFO    ] base_page.py:266 — App recovery attempt completed.
2026-08-12 13:43:50 [INFO    ] login_page.py:44 — Profile tab open attempt 2/2
2026-08-12 13:43:52 [INFO    ] base_page.py:110 — Clicked: ('-android uiautomator', 'new UiSelector().className("android.view.View").instance(24)')
2026-08-12 13:43:55 [INFO    ] base_page.py:84 — wait_for_any_visible matched: ('-android uiautomator', 'new UiSelector().textContains("Continue")')
2026-08-12 13:43:55 [INFO    ] login_page.py:79 — Profile tab opened (element click, verified)
2026-08-12 13:43:55 [INFO    ] login_page.py:172 — Clicking continue button
2026-08-12 13:43:57 [INFO    ] base_page.py:110 — Clicked: ('-android uiautomator', 'new UiSelector().textContains("Continue")')
2026-08-12 13:43:57 [INFO    ] login_page.py:182 — Continue button clicked
2026-08-12 13:43:57 [INFO    ] login_page.py:210 — Entering mobile number: 9876543210
2026-08-12 13:43:58 [INFO    ] base_page.py:136 — Entered text '9876543210' into ('class name', 'android.widget.EditText')
2026-08-12 13:43:58 [INFO    ] base_page.py:204 — Keyboard hidden.
2026-08-12 13:43:58 [INFO    ] login_page.py:224 — Mobile number entered
2026-08-12 13:43:58 [INFO    ] login_page.py:249 — Clicking proceed button
2026-08-12 13:44:00 [INFO    ] base_page.py:110 — Clicked: ('accessibility id', 'Proceed')
2026-08-12 13:44:00 [INFO    ] login_page.py:259 — Proceed button clicked
2026-08-12 13:44:00 [INFO    ] login_page.py:287 — Entering OTP: 5186
2026-08-12 13:44:02 [INFO    ] base_page.py:136 — Entered text '5186' into ('class name', 'android.widget.EditText')
2026-08-12 13:44:02 [INFO    ] base_page.py:204 — Keyboard hidden.
2026-08-12 13:44:02 [INFO    ] login_page.py:306 — OTP entered successfully
2026-08-12 13:44:02 [INFO    ] login_page.py:411 — Waiting for OTP verification outcome (sheet closes = success, sheet stays open = invalid)...
2026-08-12 13:44:03 [INFO    ] login_page.py:441 — Login sheet indicator present at start: True
2026-08-12 13:44:13 [INFO    ] login_page.py:456 — Login sheet closed -> treating as login SUCCESS
2026-08-12 13:44:24 [INFO    ] login_page.py:704 — ========== LOGIN SUCCESS ==========
2026-08-12 13:44:24 [INFO    ] login_page.py:530 — Validating home page
2026-08-12 13:45:05 [ERROR   ] base_page.py:92 — None of the candidate locators became visible within 20s. Candidates: [('-android uiautomator', 'new UiSelector().descriptionContains("Home")'), ('id', 'com.zee5.hipi:id/clFeedContainer'), ('id', 'com.zee5.hipi:id/playerView'), ('-android uiautomator', 'new UiSelector().className("android.view.View").instance(24)')]. Last error: None
2026-08-12 13:45:09 [INFO    ] screenshot_utils.py:54 — Screenshot saved: reports/screenshots/wait_for_any_visible_failed_20260812_134505.png
2026-08-12 13:45:09 [INFO    ] screenshot_utils.py:77 — Page source saved: reports/screenshots/wait_for_any_visible_failed_20260812_134509.xml
2026-08-12 13:45:09 [WARNING ] login_page.py:549 — Home page not displayed
2026-08-12 13:45:10 [INFO    ] screenshot_utils.py:54 — Screenshot saved: reports/screenshots/test_like_video_20260812_134509.png
2026-08-12 13:45:11 [INFO    ] screenshot_utils.py:77 — Page source saved: reports/screenshots/test_like_video_20260812_134510.xml
2026-08-12 13:45:11 [ERROR   ] conftest.py:355 — Test FAILED: test_like_video
2026-08-12 13:45:11 [INFO    ] conftest.py:262 — Closing driver session.
2026-08-12 13:45:16 [INFO    ] conftest.py:227 — ==================================================
2026-08-12 13:45:16 [INFO    ] conftest.py:228 — DRIVER SETUP START
2026-08-12 13:45:16 [INFO    ] conftest.py:229 — ==================================================
2026-08-12 13:45:16 [INFO    ] conftest.py:116 — Driver creation attempt 1/2
2026-08-12 13:45:16 [INFO    ] driver_factory.py:53 — ========== DRIVER CREATION START ==========
2026-08-12 13:45:16 [INFO    ] driver_factory.py:70 — Device: emulator | Env: qa | Platform: Android
2026-08-12 13:45:16 [INFO    ] driver_factory.py:132 — Device Name: Android Emulator
2026-08-12 13:45:16 [INFO    ] driver_factory.py:133 — UDID: emulator-5554
2026-08-12 13:45:16 [INFO    ] driver_factory.py:147 — App Package: com.zee5.hipi (noReset=true, activity not set)
2026-08-12 13:45:28 [INFO    ] driver_factory.py:108 — App launched by driver. Waiting for stabilization...
2026-08-12 13:45:33 [INFO    ] driver_factory.py:111 — ========== DRIVER CREATED SUCCESSFULLY ==========
2026-08-12 13:45:33 [INFO    ] conftest.py:238 — Driver created successfully.
2026-08-12 13:45:39 [INFO    ] popup_handler.py:122 — Checking for 'Get Started' screen...
2026-08-12 13:45:50 [INFO    ] popup_handler.py:134 — 'Get Started' screen not present — skipping.
2026-08-12 13:45:50 [INFO    ] conftest.py:153 — App readiness probe: HiPi is in foreground (com.zee5.hipi).
2026-08-12 13:45:50 [INFO    ] conftest.py:251 — DRIVER SETUP COMPLETE
2026-08-12 13:45:50 [INFO    ] base_test.py:20 — BaseTest setup completed.
2026-08-12 13:45:50 [INFO    ] base_test.py:58 — login_and_reach_feed: START
2026-08-12 13:45:50 [INFO    ] base_test.py:30 — Logging in as default test user.
2026-08-12 13:45:50 [INFO    ] login_page.py:590 — ========== LOGIN FLOW START ==========
2026-08-12 13:45:51 [INFO    ] login_page.py:34 — Opening profile tab
2026-08-12 13:45:52 [INFO    ] login_page.py:44 — Profile tab open attempt 1/2
2026-08-12 13:46:03 [ERROR   ] base_page.py:59 — Element not clickable after 8s: ('-android uiautomator', 'new UiSelector().className("android.view.View").instance(24)')
2026-08-12 13:46:05 [INFO    ] screenshot_utils.py:54 — Screenshot saved: reports/screenshots/element_not_clickable_new UiSelector().className("android.view.View").instance(24)_20260812_134603.png
2026-08-12 13:46:06 [INFO    ] screenshot_utils.py:77 — Page source saved: reports/screenshots/element_not_clickable_new UiSelector().className("android.view.View").instance(24)_20260812_134605.xml
2026-08-12 13:46:06 [ERROR   ] base_page.py:118 — Click failed on attempt 1 for ('-android uiautomator', 'new UiSelector().className("android.view.View").instance(24)'): Message: 
Stacktrace:
NoSuchElementError: An element could not be located on the page using the given search parameters.
    at AndroidUiautomator2Driver.findElOrEls (/Users/vc.rajdeep.kumar/.appium/node_modules/appium-uiautomator2-driver/node_modules/appium-android-driver/build/lib/commands/find.js:62:15)
    at process.processTicksAndRejections (node:internal/process/task_queues:104:5)
    at async AndroidUiautomator2Driver.findElOrElsWithProcessing (/opt/homebrew/lib/node_modules/appium/node_modules/@appium/base-driver/build/lib/basedriver/commands/find.js:12:16)
    at async AndroidUiautomator2Driver.findElement (/opt/homebrew/lib/node_modules/appium/node_modules/@appium/base-driver/build/lib/basedriver/commands/find.js:27:16)
2026-08-12 13:46:06 [WARNING ] base_page.py:262 — Attempting to recover application state...
2026-08-12 13:46:09 [INFO    ] base_page.py:266 — App recovery attempt completed.
2026-08-12 13:46:12 [INFO    ] screenshot_utils.py:54 — Screenshot saved: reports/screenshots/click_failed_20260812_134609.png
2026-08-12 13:46:12 [INFO    ] screenshot_utils.py:77 — Page source saved: reports/screenshots/click_failed_20260812_134612.xml
2026-08-12 13:46:12 [WARNING ] login_page.py:88 — Element-based click failed: Unable to click ('-android uiautomator', 'new UiSelector().className("android.view.View").instance(24)') after 1 retries. Last exception: Message: 
Stacktrace:
NoSuchElementError: An element could not be located on the page using the given search parameters.
    at AndroidUiautomator2Driver.findElOrEls (/Users/vc.rajdeep.kumar/.appium/node_modules/appium-uiautomator2-driver/node_modules/appium-android-driver/build/lib/commands/find.js:62:15)
    at process.processTicksAndRejections (node:internal/process/task_queues:104:5)
    at async AndroidUiautomator2Driver.findElOrElsWithProcessing (/opt/homebrew/lib/node_modules/appium/node_modules/@appium/base-driver/build/lib/basedriver/commands/find.js:12:16)
    at async AndroidUiautomator2Driver.findElement (/opt/homebrew/lib/node_modules/appium/node_modules/@appium/base-driver/build/lib/basedriver/commands/find.js:27:16)
2026-08-12 13:46:12 [INFO    ] gestures.py:29 — Tap performed at X:760 Y:2311
2026-08-12 13:46:35 [ERROR   ] base_page.py:92 — None of the candidate locators became visible within 6s. Candidates: [('-android uiautomator', 'new UiSelector().textContains("Continue")'), ('class name', 'android.widget.EditText')]. Last error: None
2026-08-12 13:46:38 [INFO    ] screenshot_utils.py:54 — Screenshot saved: reports/screenshots/wait_for_any_visible_failed_20260812_134635.png
2026-08-12 13:46:38 [INFO    ] screenshot_utils.py:77 — Page source saved: reports/screenshots/wait_for_any_visible_failed_20260812_134638.xml
2026-08-12 13:46:38 [WARNING ] login_page.py:139 — Attempt 1 did not reach the login sheet, recovering and retrying...
2026-08-12 13:46:38 [WARNING ] base_page.py:262 — Attempting to recover application state...
2026-08-12 13:46:42 [INFO    ] base_page.py:266 — App recovery attempt completed.
2026-08-12 13:46:44 [INFO    ] login_page.py:44 — Profile tab open attempt 2/2
2026-08-12 13:46:54 [ERROR   ] base_page.py:59 — Element not clickable after 8s: ('-android uiautomator', 'new UiSelector().className("android.view.View").instance(24)')
2026-08-12 13:46:58 [INFO    ] screenshot_utils.py:54 — Screenshot saved: reports/screenshots/element_not_clickable_new UiSelector().className("android.view.View").instance(24)_20260812_134654.png
2026-08-12 13:46:58 [INFO    ] screenshot_utils.py:77 — Page source saved: reports/screenshots/element_not_clickable_new UiSelector().className("android.view.View").instance(24)_20260812_134658.xml
2026-08-12 13:46:58 [ERROR   ] base_page.py:118 — Click failed on attempt 1 for ('-android uiautomator', 'new UiSelector().className("android.view.View").instance(24)'): Message: 
Stacktrace:
NoSuchElementError: An element could not be located on the page using the given search parameters.
    at AndroidUiautomator2Driver.findElOrEls (/Users/vc.rajdeep.kumar/.appium/node_modules/appium-uiautomator2-driver/node_modules/appium-android-driver/build/lib/commands/find.js:62:15)
    at process.processTicksAndRejections (node:internal/process/task_queues:104:5)
    at async AndroidUiautomator2Driver.findElOrElsWithProcessing (/opt/homebrew/lib/node_modules/appium/node_modules/@appium/base-driver/build/lib/basedriver/commands/find.js:12:16)
    at async AndroidUiautomator2Driver.findElement (/opt/homebrew/lib/node_modules/appium/node_modules/@appium/base-driver/build/lib/basedriver/commands/find.js:27:16)
2026-08-12 13:46:58 [WARNING ] base_page.py:262 — Attempting to recover application state...
2026-08-12 13:47:01 [INFO    ] base_page.py:266 — App recovery attempt completed.
2026-08-12 13:47:02 [INFO    ] screenshot_utils.py:54 — Screenshot saved: reports/screenshots/click_failed_20260812_134701.png
2026-08-12 13:47:02 [INFO    ] screenshot_utils.py:77 — Page source saved: reports/screenshots/click_failed_20260812_134702.xml
2026-08-12 13:47:02 [WARNING ] login_page.py:88 — Element-based click failed: Unable to click ('-android uiautomator', 'new UiSelector().className("android.view.View").instance(24)') after 1 retries. Last exception: Message: 
Stacktrace:
NoSuchElementError: An element could not be located on the page using the given search parameters.
    at AndroidUiautomator2Driver.findElOrEls (/Users/vc.rajdeep.kumar/.appium/node_modules/appium-uiautomator2-driver/node_modules/appium-android-driver/build/lib/commands/find.js:62:15)
    at process.processTicksAndRejections (node:internal/process/task_queues:104:5)
    at async AndroidUiautomator2Driver.findElOrElsWithProcessing (/opt/homebrew/lib/node_modules/appium/node_modules/@appium/base-driver/build/lib/basedriver/commands/find.js:12:16)
    at async AndroidUiautomator2Driver.findElement (/opt/homebrew/lib/node_modules/appium/node_modules/@appium/base-driver/build/lib/basedriver/commands/find.js:27:16)
2026-08-12 13:47:02 [INFO    ] gestures.py:29 — Tap performed at X:760 Y:2311
2026-08-12 13:47:25 [ERROR   ] base_page.py:92 — None of the candidate locators became visible within 6s. Candidates: [('-android uiautomator', 'new UiSelector().textContains("Continue")'), ('class name', 'android.widget.EditText')]. Last error: None
2026-08-12 13:47:26 [INFO    ] screenshot_utils.py:54 — Screenshot saved: reports/screenshots/wait_for_any_visible_failed_20260812_134725.png
2026-08-12 13:47:26 [INFO    ] screenshot_utils.py:77 — Page source saved: reports/screenshots/wait_for_any_visible_failed_20260812_134726.xml
2026-08-12 13:47:26 [WARNING ] login_page.py:139 — Attempt 2 did not reach the login sheet, recovering and retrying...
2026-08-12 13:47:26 [WARNING ] base_page.py:262 — Attempting to recover application state...
2026-08-12 13:47:29 [INFO    ] base_page.py:266 — App recovery attempt completed.
2026-08-12 13:47:31 [ERROR   ] login_page.py:152 — Unable to open profile tab / reach login sheet after 2 attempts
2026-08-12 13:47:32 [INFO    ] screenshot_utils.py:54 — Screenshot saved: reports/screenshots/profile_tab_failed_20260812_134731.png
2026-08-12 13:47:32 [INFO    ] screenshot_utils.py:77 — Page source saved: reports/screenshots/profile_tab_failed_20260812_134732.xml
2026-08-12 13:47:32 [ERROR   ] login_page.py:725 — Login flow failed: Unable to open profile tab / reach login sheet after 2 attempts
2026-08-12 13:47:34 [INFO    ] screenshot_utils.py:54 — Screenshot saved: reports/screenshots/login_failed_20260812_134732.png
2026-08-12 13:47:34 [INFO    ] screenshot_utils.py:77 — Page source saved: reports/screenshots/login_failed_20260812_134734.xml
2026-08-12 13:47:35 [INFO    ] screenshot_utils.py:54 — Screenshot saved: reports/screenshots/test_like_video_20260812_134734.png
2026-08-12 13:47:36 [INFO    ] screenshot_utils.py:77 — Page source saved: reports/screenshots/test_like_video_20260812_134735.xml
2026-08-12 13:47:36 [ERROR   ] conftest.py:355 — Test FAILED: test_like_video
2026-08-12 13:47:36 [INFO    ] conftest.py:262 — Closing driver session.
2026-08-12 13:47:36 [INFO    ] conftest.py:227 — ==================================================
2026-08-12 13:47:36 [INFO    ] conftest.py:228 — DRIVER SETUP START
2026-08-12 13:47:36 [INFO    ] conftest.py:229 — ==================================================
2026-08-12 13:47:36 [INFO    ] conftest.py:116 — Driver creation attempt 1/2
2026-08-12 13:47:36 [INFO    ] driver_factory.py:53 — ========== DRIVER CREATION START ==========
2026-08-12 13:47:36 [INFO    ] driver_factory.py:70 — Device: emulator | Env: qa | Platform: Android
2026-08-12 13:47:36 [INFO    ] driver_factory.py:132 — Device Name: Android Emulator
2026-08-12 13:47:36 [INFO    ] driver_factory.py:133 — UDID: emulator-5554
2026-08-12 13:47:36 [INFO    ] driver_factory.py:147 — App Package: com.zee5.hipi (noReset=true, activity not set)
2026-08-12 13:47:40 [INFO    ] driver_factory.py:108 — App launched by driver. Waiting for stabilization...
2026-08-12 13:47:45 [INFO    ] driver_factory.py:111 — ========== DRIVER CREATED SUCCESSFULLY ==========
2026-08-12 13:47:45 [INFO    ] conftest.py:238 — Driver created successfully.
2026-08-12 13:47:51 [INFO    ] popup_handler.py:122 — Checking for 'Get Started' screen...
2026-08-12 13:48:02 [INFO    ] popup_handler.py:134 — 'Get Started' screen not present — skipping.
2026-08-12 13:48:02 [INFO    ] conftest.py:153 — App readiness probe: HiPi is in foreground (com.zee5.hipi).
2026-08-12 13:48:02 [INFO    ] conftest.py:251 — DRIVER SETUP COMPLETE
2026-08-12 13:48:02 [INFO    ] base_test.py:20 — BaseTest setup completed.
2026-08-12 13:48:02 [INFO    ] base_test.py:58 — login_and_reach_feed: START
2026-08-12 13:48:02 [INFO    ] base_test.py:30 — Logging in as default test user.
2026-08-12 13:48:02 [INFO    ] login_page.py:590 — ========== LOGIN FLOW START ==========
2026-08-12 13:48:03 [INFO    ] login_page.py:34 — Opening profile tab
2026-08-12 13:48:04 [INFO    ] login_page.py:44 — Profile tab open attempt 1/2
2026-08-12 13:48:16 [ERROR   ] base_page.py:59 — Element not clickable after 8s: ('-android uiautomator', 'new UiSelector().className("android.view.View").instance(24)')
2026-08-12 13:48:19 [INFO    ] screenshot_utils.py:54 — Screenshot saved: reports/screenshots/element_not_clickable_new UiSelector().className("android.view.View").instance(24)_20260812_134816.png
2026-08-12 13:48:19 [INFO    ] screenshot_utils.py:77 — Page source saved: reports/screenshots/element_not_clickable_new UiSelector().className("android.view.View").instance(24)_20260812_134819.xml
2026-08-12 13:48:19 [ERROR   ] base_page.py:118 — Click failed on attempt 1 for ('-android uiautomator', 'new UiSelector().className("android.view.View").instance(24)'): Message: 
Stacktrace:
NoSuchElementError: An element could not be located on the page using the given search parameters.
    at AndroidUiautomator2Driver.findElOrEls (/Users/vc.rajdeep.kumar/.appium/node_modules/appium-uiautomator2-driver/node_modules/appium-android-driver/build/lib/commands/find.js:62:15)
    at process.processTicksAndRejections (node:internal/process/task_queues:104:5)
    at async AndroidUiautomator2Driver.findElOrElsWithProcessing (/opt/homebrew/lib/node_modules/appium/node_modules/@appium/base-driver/build/lib/basedriver/commands/find.js:12:16)
    at async AndroidUiautomator2Driver.findElement (/opt/homebrew/lib/node_modules/appium/node_modules/@appium/base-driver/build/lib/basedriver/commands/find.js:27:16)
2026-08-12 13:48:19 [WARNING ] base_page.py:262 — Attempting to recover application state...
2026-08-12 13:48:22 [INFO    ] base_page.py:266 — App recovery attempt completed.
2026-08-12 13:48:26 [INFO    ] screenshot_utils.py:54 — Screenshot saved: reports/screenshots/click_failed_20260812_134822.png
2026-08-12 13:48:26 [INFO    ] screenshot_utils.py:77 — Page source saved: reports/screenshots/click_failed_20260812_134826.xml
2026-08-12 13:48:26 [WARNING ] login_page.py:88 — Element-based click failed: Unable to click ('-android uiautomator', 'new UiSelector().className("android.view.View").instance(24)') after 1 retries. Last exception: Message: 
Stacktrace:
NoSuchElementError: An element could not be located on the page using the given search parameters.
    at AndroidUiautomator2Driver.findElOrEls (/Users/vc.rajdeep.kumar/.appium/node_modules/appium-uiautomator2-driver/node_modules/appium-android-driver/build/lib/commands/find.js:62:15)
    at process.processTicksAndRejections (node:internal/process/task_queues:104:5)
    at async AndroidUiautomator2Driver.findElOrElsWithProcessing (/opt/homebrew/lib/node_modules/appium/node_modules/@appium/base-driver/build/lib/basedriver/commands/find.js:12:16)
    at async AndroidUiautomator2Driver.findElement (/opt/homebrew/lib/node_modules/appium/node_modules/@appium/base-driver/build/lib/basedriver/commands/find.js:27:16)
2026-08-12 13:48:26 [INFO    ] gestures.py:29 — Tap performed at X:760 Y:2311
2026-08-12 13:48:50 [ERROR   ] base_page.py:92 — None of the candidate locators became visible within 6s. Candidates: [('-android uiautomator', 'new UiSelector().textContains("Continue")'), ('class name', 'android.widget.EditText')]. Last error: None
2026-08-12 13:48:51 [INFO    ] screenshot_utils.py:54 — Screenshot saved: reports/screenshots/wait_for_any_visible_failed_20260812_134850.png
2026-08-12 13:48:51 [INFO    ] screenshot_utils.py:77 — Page source saved: reports/screenshots/wait_for_any_visible_failed_20260812_134851.xml
2026-08-12 13:48:51 [WARNING ] login_page.py:139 — Attempt 1 did not reach the login sheet, recovering and retrying...
2026-08-12 13:48:51 [WARNING ] base_page.py:262 — Attempting to recover application state...
2026-08-12 13:48:54 [INFO    ] base_page.py:266 — App recovery attempt completed.
2026-08-12 13:48:56 [INFO    ] login_page.py:44 — Profile tab open attempt 2/2
2026-08-12 13:49:08 [ERROR   ] base_page.py:59 — Element not clickable after 8s: ('-android uiautomator', 'new UiSelector().className("android.view.View").instance(24)')
2026-08-12 13:49:11 [INFO    ] screenshot_utils.py:54 — Screenshot saved: reports/screenshots/element_not_clickable_new UiSelector().className("android.view.View").instance(24)_20260812_134908.png
2026-08-12 13:49:11 [INFO    ] screenshot_utils.py:77 — Page source saved: reports/screenshots/element_not_clickable_new UiSelector().className("android.view.View").instance(24)_20260812_134911.xml
2026-08-12 13:49:11 [ERROR   ] base_page.py:118 — Click failed on attempt 1 for ('-android uiautomator', 'new UiSelector().className("android.view.View").instance(24)'): Message: 
Stacktrace:
NoSuchElementError: An element could not be located on the page using the given search parameters.
    at AndroidUiautomator2Driver.findElOrEls (/Users/vc.rajdeep.kumar/.appium/node_modules/appium-uiautomator2-driver/node_modules/appium-android-driver/build/lib/commands/find.js:62:15)
    at process.processTicksAndRejections (node:internal/process/task_queues:104:5)
    at async AndroidUiautomator2Driver.findElOrElsWithProcessing (/opt/homebrew/lib/node_modules/appium/node_modules/@appium/base-driver/build/lib/basedriver/commands/find.js:12:16)
    at async AndroidUiautomator2Driver.findElement (/opt/homebrew/lib/node_modules/appium/node_modules/@appium/base-driver/build/lib/basedriver/commands/find.js:27:16)
2026-08-12 13:49:11 [WARNING ] base_page.py:262 — Attempting to recover application state...
2026-08-12 13:49:15 [INFO    ] base_page.py:266 — App recovery attempt completed.
2026-08-12 13:49:20 [INFO    ] screenshot_utils.py:54 — Screenshot saved: reports/screenshots/click_failed_20260812_134915.png
2026-08-12 13:49:20 [INFO    ] screenshot_utils.py:77 — Page source saved: reports/screenshots/click_failed_20260812_134920.xml
2026-08-12 13:49:20 [WARNING ] login_page.py:88 — Element-based click failed: Unable to click ('-android uiautomator', 'new UiSelector().className("android.view.View").instance(24)') after 1 retries. Last exception: Message: 
Stacktrace:
NoSuchElementError: An element could not be located on the page using the given search parameters.
    at AndroidUiautomator2Driver.findElOrEls (/Users/vc.rajdeep.kumar/.appium/node_modules/appium-uiautomator2-driver/node_modules/appium-android-driver/build/lib/commands/find.js:62:15)
    at process.processTicksAndRejections (node:internal/process/task_queues:104:5)
    at async AndroidUiautomator2Driver.findElOrElsWithProcessing (/opt/homebrew/lib/node_modules/appium/node_modules/@appium/base-driver/build/lib/basedriver/commands/find.js:12:16)
    at async AndroidUiautomator2Driver.findElement (/opt/homebrew/lib/node_modules/appium/node_modules/@appium/base-driver/build/lib/basedriver/commands/find.js:27:16)
2026-08-12 13:49:20 [INFO    ] gestures.py:29 — Tap performed at X:760 Y:2311
2026-08-12 13:49:43 [ERROR   ] base_page.py:92 — None of the candidate locators became visible within 6s. Candidates: [('-android uiautomator', 'new UiSelector().textContains("Continue")'), ('class name', 'android.widget.EditText')]. Last error: None
2026-08-12 13:49:44 [INFO    ] screenshot_utils.py:54 — Screenshot saved: reports/screenshots/wait_for_any_visible_failed_20260812_134943.png
2026-08-12 13:49:44 [INFO    ] screenshot_utils.py:77 — Page source saved: reports/screenshots/wait_for_any_visible_failed_20260812_134944.xml
2026-08-12 13:49:44 [WARNING ] login_page.py:139 — Attempt 2 did not reach the login sheet, recovering and retrying...
2026-08-12 13:49:44 [WARNING ] base_page.py:262 — Attempting to recover application state...
2026-08-12 13:49:47 [INFO    ] base_page.py:266 — App recovery attempt completed.
2026-08-12 13:49:49 [ERROR   ] login_page.py:152 — Unable to open profile tab / reach login sheet after 2 attempts
2026-08-12 13:49:54 [INFO    ] screenshot_utils.py:54 — Screenshot saved: reports/screenshots/profile_tab_failed_20260812_134949.png
2026-08-12 13:49:55 [INFO    ] screenshot_utils.py:77 — Page source saved: reports/screenshots/profile_tab_failed_20260812_134954.xml
2026-08-12 13:49:55 [ERROR   ] login_page.py:725 — Login flow failed: Unable to open profile tab / reach login sheet after 2 attempts
2026-08-12 13:49:58 [INFO    ] screenshot_utils.py:54 — Screenshot saved: reports/screenshots/login_failed_20260812_134955.png
2026-08-12 13:49:58 [INFO    ] screenshot_utils.py:77 — Page source saved: reports/screenshots/login_failed_20260812_134958.xml
2026-08-12 13:50:02 [INFO    ] screenshot_utils.py:54 — Screenshot saved: reports/screenshots/test_add_comment_20260812_134958.png
2026-08-12 13:50:02 [INFO    ] screenshot_utils.py:77 — Page source saved: reports/screenshots/test_add_comment_20260812_135002.xml
2026-08-12 13:50:02 [ERROR   ] conftest.py:355 — Test FAILED: test_add_comment
2026-08-12 13:50:02 [INFO    ] conftest.py:262 — Closing driver session.
2026-08-12 13:50:07 [INFO    ] conftest.py:227 — ==================================================
2026-08-12 13:50:07 [INFO    ] conftest.py:228 — DRIVER SETUP START
2026-08-12 13:50:07 [INFO    ] conftest.py:229 — ==================================================
2026-08-12 13:50:07 [INFO    ] conftest.py:116 — Driver creation attempt 1/2
2026-08-12 13:50:07 [INFO    ] driver_factory.py:53 — ========== DRIVER CREATION START ==========
2026-08-12 13:50:07 [INFO    ] driver_factory.py:70 — Device: emulator | Env: qa | Platform: Android
2026-08-12 13:50:07 [INFO    ] driver_factory.py:132 — Device Name: Android Emulator
2026-08-12 13:50:07 [INFO    ] driver_factory.py:133 — UDID: emulator-5554
2026-08-12 13:50:07 [INFO    ] driver_factory.py:147 — App Package: com.zee5.hipi (noReset=true, activity not set)
2026-08-12 13:50:21 [INFO    ] driver_factory.py:108 — App launched by driver. Waiting for stabilization...
2026-08-12 13:50:26 [INFO    ] driver_factory.py:111 — ========== DRIVER CREATED SUCCESSFULLY ==========
2026-08-12 13:50:26 [INFO    ] conftest.py:238 — Driver created successfully.
2026-08-12 13:50:31 [INFO    ] popup_handler.py:122 — Checking for 'Get Started' screen...
2026-08-12 13:50:43 [INFO    ] popup_handler.py:134 — 'Get Started' screen not present — skipping.
2026-08-12 13:50:43 [INFO    ] conftest.py:153 — App readiness probe: HiPi is in foreground (com.zee5.hipi).
2026-08-12 13:50:43 [INFO    ] conftest.py:251 — DRIVER SETUP COMPLETE
2026-08-12 13:50:43 [INFO    ] base_test.py:20 — BaseTest setup completed.
2026-08-12 13:50:43 [INFO    ] base_test.py:58 — login_and_reach_feed: START
2026-08-12 13:50:43 [INFO    ] base_test.py:30 — Logging in as default test user.
2026-08-12 13:50:43 [INFO    ] login_page.py:590 — ========== LOGIN FLOW START ==========
2026-08-12 13:50:44 [INFO    ] login_page.py:34 — Opening profile tab
2026-08-12 13:50:45 [INFO    ] login_page.py:44 — Profile tab open attempt 1/2
2026-08-12 13:50:56 [ERROR   ] base_page.py:59 — Element not clickable after 8s: ('-android uiautomator', 'new UiSelector().className("android.view.View").instance(24)')
2026-08-12 13:51:03 [INFO    ] screenshot_utils.py:54 — Screenshot saved: reports/screenshots/element_not_clickable_new UiSelector().className("android.view.View").instance(24)_20260812_135056.png
2026-08-12 13:51:04 [INFO    ] screenshot_utils.py:77 — Page source saved: reports/screenshots/element_not_clickable_new UiSelector().className("android.view.View").instance(24)_20260812_135103.xml
2026-08-12 13:51:04 [ERROR   ] base_page.py:118 — Click failed on attempt 1 for ('-android uiautomator', 'new UiSelector().className("android.view.View").instance(24)'): Message: 
Stacktrace:
NoSuchElementError: An element could not be located on the page using the given search parameters.
    at AndroidUiautomator2Driver.findElOrEls (/Users/vc.rajdeep.kumar/.appium/node_modules/appium-uiautomator2-driver/node_modules/appium-android-driver/build/lib/commands/find.js:62:15)
    at process.processTicksAndRejections (node:internal/process/task_queues:104:5)
    at async AndroidUiautomator2Driver.findElOrElsWithProcessing (/opt/homebrew/lib/node_modules/appium/node_modules/@appium/base-driver/build/lib/basedriver/commands/find.js:12:16)
    at async AndroidUiautomator2Driver.findElement (/opt/homebrew/lib/node_modules/appium/node_modules/@appium/base-driver/build/lib/basedriver/commands/find.js:27:16)
2026-08-12 13:51:04 [WARNING ] base_page.py:262 — Attempting to recover application state...
2026-08-12 13:51:08 [INFO    ] base_page.py:266 — App recovery attempt completed.
2026-08-12 13:51:11 [INFO    ] screenshot_utils.py:54 — Screenshot saved: reports/screenshots/click_failed_20260812_135108.png
2026-08-12 13:51:12 [INFO    ] screenshot_utils.py:77 — Page source saved: reports/screenshots/click_failed_20260812_135111.xml
2026-08-12 13:51:12 [WARNING ] login_page.py:88 — Element-based click failed: Unable to click ('-android uiautomator', 'new UiSelector().className("android.view.View").instance(24)') after 1 retries. Last exception: Message: 
Stacktrace:
NoSuchElementError: An element could not be located on the page using the given search parameters.
    at AndroidUiautomator2Driver.findElOrEls (/Users/vc.rajdeep.kumar/.appium/node_modules/appium-uiautomator2-driver/node_modules/appium-android-driver/build/lib/commands/find.js:62:15)
    at process.processTicksAndRejections (node:internal/process/task_queues:104:5)
    at async AndroidUiautomator2Driver.findElOrElsWithProcessing (/opt/homebrew/lib/node_modules/appium/node_modules/@appium/base-driver/build/lib/basedriver/commands/find.js:12:16)
    at async AndroidUiautomator2Driver.findElement (/opt/homebrew/lib/node_modules/appium/node_modules/@appium/base-driver/build/lib/basedriver/commands/find.js:27:16)
2026-08-12 13:51:12 [INFO    ] gestures.py:29 — Tap performed at X:760 Y:2311
2026-08-12 13:51:36 [ERROR   ] base_page.py:92 — None of the candidate locators became visible within 6s. Candidates: [('-android uiautomator', 'new UiSelector().textContains("Continue")'), ('class name', 'android.widget.EditText')]. Last error: None
2026-08-12 13:51:39 [INFO    ] screenshot_utils.py:54 — Screenshot saved: reports/screenshots/wait_for_any_visible_failed_20260812_135136.png
2026-08-12 13:51:40 [INFO    ] screenshot_utils.py:77 — Page source saved: reports/screenshots/wait_for_any_visible_failed_20260812_135139.xml
2026-08-12 13:51:40 [WARNING ] login_page.py:139 — Attempt 1 did not reach the login sheet, recovering and retrying...
2026-08-12 13:51:40 [WARNING ] base_page.py:262 — Attempting to recover application state...
2026-08-12 13:51:43 [INFO    ] base_page.py:266 — App recovery attempt completed.
2026-08-12 13:51:45 [INFO    ] login_page.py:44 — Profile tab open attempt 2/2
2026-08-12 13:51:56 [ERROR   ] base_page.py:59 — Element not clickable after 8s: ('-android uiautomator', 'new UiSelector().className("android.view.View").instance(24)')
2026-08-12 13:52:00 [INFO    ] screenshot_utils.py:54 — Screenshot saved: reports/screenshots/element_not_clickable_new UiSelector().className("android.view.View").instance(24)_20260812_135156.png
2026-08-12 13:52:01 [INFO    ] screenshot_utils.py:77 — Page source saved: reports/screenshots/element_not_clickable_new UiSelector().className("android.view.View").instance(24)_20260812_135200.xml
2026-08-12 13:52:01 [ERROR   ] base_page.py:118 — Click failed on attempt 1 for ('-android uiautomator', 'new UiSelector().className("android.view.View").instance(24)'): Message: 
Stacktrace:
NoSuchElementError: An element could not be located on the page using the given search parameters.
    at AndroidUiautomator2Driver.findElOrEls (/Users/vc.rajdeep.kumar/.appium/node_modules/appium-uiautomator2-driver/node_modules/appium-android-driver/build/lib/commands/find.js:62:15)
    at process.processTicksAndRejections (node:internal/process/task_queues:104:5)
    at async AndroidUiautomator2Driver.findElOrElsWithProcessing (/opt/homebrew/lib/node_modules/appium/node_modules/@appium/base-driver/build/lib/basedriver/commands/find.js:12:16)
    at async AndroidUiautomator2Driver.findElement (/opt/homebrew/lib/node_modules/appium/node_modules/@appium/base-driver/build/lib/basedriver/commands/find.js:27:16)
2026-08-12 13:52:01 [WARNING ] base_page.py:262 — Attempting to recover application state...
2026-08-12 13:52:04 [INFO    ] base_page.py:266 — App recovery attempt completed.
2026-08-12 13:52:08 [INFO    ] screenshot_utils.py:54 — Screenshot saved: reports/screenshots/click_failed_20260812_135204.png
2026-08-12 13:52:08 [INFO    ] screenshot_utils.py:77 — Page source saved: reports/screenshots/click_failed_20260812_135208.xml
2026-08-12 13:52:08 [WARNING ] login_page.py:88 — Element-based click failed: Unable to click ('-android uiautomator', 'new UiSelector().className("android.view.View").instance(24)') after 1 retries. Last exception: Message: 
Stacktrace:
NoSuchElementError: An element could not be located on the page using the given search parameters.
    at AndroidUiautomator2Driver.findElOrEls (/Users/vc.rajdeep.kumar/.appium/node_modules/appium-uiautomator2-driver/node_modules/appium-android-driver/build/lib/commands/find.js:62:15)
    at process.processTicksAndRejections (node:internal/process/task_queues:104:5)
    at async AndroidUiautomator2Driver.findElOrElsWithProcessing (/opt/homebrew/lib/node_modules/appium/node_modules/@appium/base-driver/build/lib/basedriver/commands/find.js:12:16)
    at async AndroidUiautomator2Driver.findElement (/opt/homebrew/lib/node_modules/appium/node_modules/@appium/base-driver/build/lib/basedriver/commands/find.js:27:16)
2026-08-12 13:52:08 [INFO    ] gestures.py:29 — Tap performed at X:760 Y:2311
2026-08-12 13:52:32 [ERROR   ] base_page.py:92 — None of the candidate locators became visible within 6s. Candidates: [('-android uiautomator', 'new UiSelector().textContains("Continue")'), ('class name', 'android.widget.EditText')]. Last error: None
2026-08-12 13:52:35 [INFO    ] screenshot_utils.py:54 — Screenshot saved: reports/screenshots/wait_for_any_visible_failed_20260812_135232.png
2026-08-12 13:52:36 [INFO    ] screenshot_utils.py:77 — Page source saved: reports/screenshots/wait_for_any_visible_failed_20260812_135235.xml
2026-08-12 13:52:36 [WARNING ] login_page.py:139 — Attempt 2 did not reach the login sheet, recovering and retrying...
2026-08-12 13:52:36 [WARNING ] base_page.py:262 — Attempting to recover application state...
2026-08-12 13:52:39 [INFO    ] base_page.py:266 — App recovery attempt completed.
2026-08-12 13:52:41 [ERROR   ] login_page.py:152 — Unable to open profile tab / reach login sheet after 2 attempts
2026-08-12 13:52:46 [INFO    ] screenshot_utils.py:54 — Screenshot saved: reports/screenshots/profile_tab_failed_20260812_135241.png
2026-08-12 13:52:47 [INFO    ] screenshot_utils.py:77 — Page source saved: reports/screenshots/profile_tab_failed_20260812_135246.xml
2026-08-12 13:52:47 [ERROR   ] login_page.py:725 — Login flow failed: Unable to open profile tab / reach login sheet after 2 attempts
2026-08-12 13:52:50 [INFO    ] screenshot_utils.py:54 — Screenshot saved: reports/screenshots/login_failed_20260812_135247.png
2026-08-12 13:52:51 [INFO    ] screenshot_utils.py:77 — Page source saved: reports/screenshots/login_failed_20260812_135250.xml
2026-08-12 13:52:53 [INFO    ] screenshot_utils.py:54 — Screenshot saved: reports/screenshots/test_add_comment_20260812_135251.png
2026-08-12 13:52:54 [INFO    ] screenshot_utils.py:77 — Page source saved: reports/screenshots/test_add_comment_20260812_135253.xml
2026-08-12 13:52:54 [ERROR   ] conftest.py:355 — Test FAILED: test_add_comment
2026-08-12 13:52:54 [INFO    ] conftest.py:262 — Closing driver session.
2026-08-12 13:52:56 [INFO    ] conftest.py:227 — ==================================================
2026-08-12 13:52:56 [INFO    ] conftest.py:228 — DRIVER SETUP START
2026-08-12 13:52:56 [INFO    ] conftest.py:229 — ==================================================
2026-08-12 13:52:56 [INFO    ] conftest.py:116 — Driver creation attempt 1/2
2026-08-12 13:52:56 [INFO    ] driver_factory.py:53 — ========== DRIVER CREATION START ==========
2026-08-12 13:52:56 [INFO    ] driver_factory.py:70 — Device: emulator | Env: qa | Platform: Android
2026-08-12 13:52:56 [INFO    ] driver_factory.py:132 — Device Name: Android Emulator
2026-08-12 13:52:56 [INFO    ] driver_factory.py:133 — UDID: emulator-5554
2026-08-12 13:52:56 [INFO    ] driver_factory.py:147 — App Package: com.zee5.hipi (noReset=true, activity not set)
2026-08-12 13:53:08 [INFO    ] driver_factory.py:108 — App launched by driver. Waiting for stabilization...
2026-08-12 13:53:13 [INFO    ] driver_factory.py:111 — ========== DRIVER CREATED SUCCESSFULLY ==========
2026-08-12 13:53:13 [INFO    ] conftest.py:238 — Driver created successfully.
2026-08-12 13:53:18 [INFO    ] popup_handler.py:122 — Checking for 'Get Started' screen...
2026-08-12 13:53:29 [INFO    ] popup_handler.py:134 — 'Get Started' screen not present — skipping.
2026-08-12 13:53:30 [INFO    ] conftest.py:153 — App readiness probe: HiPi is in foreground (com.zee5.hipi).
2026-08-12 13:53:30 [INFO    ] conftest.py:251 — DRIVER SETUP COMPLETE
2026-08-12 13:53:30 [INFO    ] base_test.py:20 — BaseTest setup completed.
2026-08-12 13:53:30 [INFO    ] base_test.py:58 — login_and_reach_feed: START
2026-08-12 13:53:30 [INFO    ] base_test.py:30 — Logging in as default test user.
2026-08-12 13:53:30 [INFO    ] login_page.py:590 — ========== LOGIN FLOW START ==========
2026-08-12 13:53:31 [INFO    ] login_page.py:34 — Opening profile tab
2026-08-12 13:53:32 [INFO    ] login_page.py:44 — Profile tab open attempt 1/2
2026-08-12 13:53:43 [ERROR   ] base_page.py:59 — Element not clickable after 8s: ('-android uiautomator', 'new UiSelector().className("android.view.View").instance(24)')
2026-08-12 13:53:46 [INFO    ] screenshot_utils.py:54 — Screenshot saved: reports/screenshots/element_not_clickable_new UiSelector().className("android.view.View").instance(24)_20260812_135343.png
2026-08-12 13:53:47 [INFO    ] screenshot_utils.py:77 — Page source saved: reports/screenshots/element_not_clickable_new UiSelector().className("android.view.View").instance(24)_20260812_135346.xml
2026-08-12 13:53:47 [ERROR   ] base_page.py:118 — Click failed on attempt 1 for ('-android uiautomator', 'new UiSelector().className("android.view.View").instance(24)'): Message: 
Stacktrace:
NoSuchElementError: An element could not be located on the page using the given search parameters.
    at AndroidUiautomator2Driver.findElOrEls (/Users/vc.rajdeep.kumar/.appium/node_modules/appium-uiautomator2-driver/node_modules/appium-android-driver/build/lib/commands/find.js:62:15)
    at process.processTicksAndRejections (node:internal/process/task_queues:104:5)
    at async AndroidUiautomator2Driver.findElOrElsWithProcessing (/opt/homebrew/lib/node_modules/appium/node_modules/@appium/base-driver/build/lib/basedriver/commands/find.js:12:16)
    at async AndroidUiautomator2Driver.findElement (/opt/homebrew/lib/node_modules/appium/node_modules/@appium/base-driver/build/lib/basedriver/commands/find.js:27:16)
2026-08-12 13:53:47 [WARNING ] base_page.py:262 — Attempting to recover application state...
2026-08-12 13:53:50 [INFO    ] base_page.py:266 — App recovery attempt completed.
2026-08-12 13:53:53 [INFO    ] screenshot_utils.py:54 — Screenshot saved: reports/screenshots/click_failed_20260812_135350.png
2026-08-12 13:53:54 [INFO    ] screenshot_utils.py:77 — Page source saved: reports/screenshots/click_failed_20260812_135353.xml
2026-08-12 13:53:54 [WARNING ] login_page.py:88 — Element-based click failed: Unable to click ('-android uiautomator', 'new UiSelector().className("android.view.View").instance(24)') after 1 retries. Last exception: Message: 
Stacktrace:
NoSuchElementError: An element could not be located on the page using the given search parameters.
    at AndroidUiautomator2Driver.findElOrEls (/Users/vc.rajdeep.kumar/.appium/node_modules/appium-uiautomator2-driver/node_modules/appium-android-driver/build/lib/commands/find.js:62:15)
    at process.processTicksAndRejections (node:internal/process/task_queues:104:5)
    at async AndroidUiautomator2Driver.findElOrElsWithProcessing (/opt/homebrew/lib/node_modules/appium/node_modules/@appium/base-driver/build/lib/basedriver/commands/find.js:12:16)
    at async AndroidUiautomator2Driver.findElement (/opt/homebrew/lib/node_modules/appium/node_modules/@appium/base-driver/build/lib/basedriver/commands/find.js:27:16)
2026-08-12 13:53:54 [INFO    ] gestures.py:29 — Tap performed at X:760 Y:2311
2026-08-12 13:54:17 [ERROR   ] base_page.py:92 — None of the candidate locators became visible within 6s. Candidates: [('-android uiautomator', 'new UiSelector().textContains("Continue")'), ('class name', 'android.widget.EditText')]. Last error: None
2026-08-12 13:54:19 [INFO    ] screenshot_utils.py:54 — Screenshot saved: reports/screenshots/wait_for_any_visible_failed_20260812_135417.png
2026-08-12 13:54:20 [INFO    ] screenshot_utils.py:77 — Page source saved: reports/screenshots/wait_for_any_visible_failed_20260812_135419.xml
2026-08-12 13:54:20 [WARNING ] login_page.py:139 — Attempt 1 did not reach the login sheet, recovering and retrying...
2026-08-12 13:54:20 [WARNING ] base_page.py:262 — Attempting to recover application state...
2026-08-12 13:54:23 [INFO    ] base_page.py:266 — App recovery attempt completed.
2026-08-12 13:54:25 [INFO    ] login_page.py:44 — Profile tab open attempt 2/2
2026-08-12 13:54:36 [ERROR   ] base_page.py:59 — Element not clickable after 8s: ('-android uiautomator', 'new UiSelector().className("android.view.View").instance(24)')
2026-08-12 13:54:39 [INFO    ] screenshot_utils.py:54 — Screenshot saved: reports/screenshots/element_not_clickable_new UiSelector().className("android.view.View").instance(24)_20260812_135436.png
2026-08-12 13:54:40 [INFO    ] screenshot_utils.py:77 — Page source saved: reports/screenshots/element_not_clickable_new UiSelector().className("android.view.View").instance(24)_20260812_135439.xml
2026-08-12 13:54:40 [ERROR   ] base_page.py:118 — Click failed on attempt 1 for ('-android uiautomator', 'new UiSelector().className("android.view.View").instance(24)'): Message: 
Stacktrace:
NoSuchElementError: An element could not be located on the page using the given search parameters.
    at AndroidUiautomator2Driver.findElOrEls (/Users/vc.rajdeep.kumar/.appium/node_modules/appium-uiautomator2-driver/node_modules/appium-android-driver/build/lib/commands/find.js:62:15)
    at process.processTicksAndRejections (node:internal/process/task_queues:104:5)
    at async AndroidUiautomator2Driver.findElOrElsWithProcessing (/opt/homebrew/lib/node_modules/appium/node_modules/@appium/base-driver/build/lib/basedriver/commands/find.js:12:16)
    at async AndroidUiautomator2Driver.findElement (/opt/homebrew/lib/node_modules/appium/node_modules/@appium/base-driver/build/lib/basedriver/commands/find.js:27:16)
2026-08-12 13:54:40 [WARNING ] base_page.py:262 — Attempting to recover application state...
2026-08-12 13:54:44 [INFO    ] base_page.py:266 — App recovery attempt completed.
2026-08-12 13:54:47 [INFO    ] screenshot_utils.py:54 — Screenshot saved: reports/screenshots/click_failed_20260812_135444.png
2026-08-12 13:54:48 [INFO    ] screenshot_utils.py:77 — Page source saved: reports/screenshots/click_failed_20260812_135447.xml
2026-08-12 13:54:48 [WARNING ] login_page.py:88 — Element-based click failed: Unable to click ('-android uiautomator', 'new UiSelector().className("android.view.View").instance(24)') after 1 retries. Last exception: Message: 
Stacktrace:
NoSuchElementError: An element could not be located on the page using the given search parameters.
    at AndroidUiautomator2Driver.findElOrEls (/Users/vc.rajdeep.kumar/.appium/node_modules/appium-uiautomator2-driver/node_modules/appium-android-driver/build/lib/commands/find.js:62:15)
    at process.processTicksAndRejections (node:internal/process/task_queues:104:5)
    at async AndroidUiautomator2Driver.findElOrElsWithProcessing (/opt/homebrew/lib/node_modules/appium/node_modules/@appium/base-driver/build/lib/basedriver/commands/find.js:12:16)
    at async AndroidUiautomator2Driver.findElement (/opt/homebrew/lib/node_modules/appium/node_modules/@appium/base-driver/build/lib/basedriver/commands/find.js:27:16)
2026-08-12 13:54:49 [INFO    ] gestures.py:29 — Tap performed at X:760 Y:2311
2026-08-12 13:55:13 [ERROR   ] base_page.py:92 — None of the candidate locators became visible within 6s. Candidates: [('-android uiautomator', 'new UiSelector().textContains("Continue")'), ('class name', 'android.widget.EditText')]. Last error: None
2026-08-12 13:55:16 [INFO    ] screenshot_utils.py:54 — Screenshot saved: reports/screenshots/wait_for_any_visible_failed_20260812_135513.png
2026-08-12 13:55:17 [INFO    ] screenshot_utils.py:77 — Page source saved: reports/screenshots/wait_for_any_visible_failed_20260812_135516.xml
2026-08-12 13:55:17 [WARNING ] login_page.py:139 — Attempt 2 did not reach the login sheet, recovering and retrying...
2026-08-12 13:55:17 [WARNING ] base_page.py:262 — Attempting to recover application state...
2026-08-12 13:55:21 [INFO    ] base_page.py:266 — App recovery attempt completed.
2026-08-12 13:55:23 [ERROR   ] login_page.py:152 — Unable to open profile tab / reach login sheet after 2 attempts
2026-08-12 13:55:26 [INFO    ] screenshot_utils.py:54 — Screenshot saved: reports/screenshots/profile_tab_failed_20260812_135523.png
2026-08-12 13:55:26 [INFO    ] screenshot_utils.py:77 — Page source saved: reports/screenshots/profile_tab_failed_20260812_135526.xml
2026-08-12 13:55:26 [ERROR   ] login_page.py:725 — Login flow failed: Unable to open profile tab / reach login sheet after 2 attempts
2026-08-12 13:55:30 [INFO    ] screenshot_utils.py:54 — Screenshot saved: reports/screenshots/login_failed_20260812_135526.png
2026-08-12 13:55:31 [INFO    ] screenshot_utils.py:77 — Page source saved: reports/screenshots/login_failed_20260812_135530.xml
2026-08-12 13:55:35 [INFO    ] screenshot_utils.py:54 — Screenshot saved: reports/screenshots/test_pause_and_resume_reel_20260812_135531.png
2026-08-12 13:55:35 [INFO    ] screenshot_utils.py:77 — Page source saved: reports/screenshots/test_pause_and_resume_reel_20260812_135535.xml
2026-08-12 13:55:35 [ERROR   ] conftest.py:355 — Test FAILED: test_pause_and_resume_reel
2026-08-12 13:55:35 [INFO    ] conftest.py:262 — Closing driver session.
2026-08-12 13:55:40 [INFO    ] conftest.py:227 — ==================================================
2026-08-12 13:55:40 [INFO    ] conftest.py:228 — DRIVER SETUP START
2026-08-12 13:55:40 [INFO    ] conftest.py:229 — ==================================================
2026-08-12 13:55:40 [INFO    ] conftest.py:116 — Driver creation attempt 1/2
2026-08-12 13:55:40 [INFO    ] driver_factory.py:53 — ========== DRIVER CREATION START ==========
2026-08-12 13:55:40 [INFO    ] driver_factory.py:70 — Device: emulator | Env: qa | Platform: Android
2026-08-12 13:55:40 [INFO    ] driver_factory.py:132 — Device Name: Android Emulator
2026-08-12 13:55:40 [INFO    ] driver_factory.py:133 — UDID: emulator-5554
2026-08-12 13:55:40 [INFO    ] driver_factory.py:147 — App Package: com.zee5.hipi (noReset=true, activity not set)
2026-08-12 13:55:52 [INFO    ] driver_factory.py:108 — App launched by driver. Waiting for stabilization...
2026-08-12 13:55:57 [INFO    ] driver_factory.py:111 — ========== DRIVER CREATED SUCCESSFULLY ==========
2026-08-12 13:55:57 [INFO    ] conftest.py:238 — Driver created successfully.
2026-08-12 13:56:03 [INFO    ] popup_handler.py:122 — Checking for 'Get Started' screen...
2026-08-12 13:56:14 [INFO    ] popup_handler.py:134 — 'Get Started' screen not present — skipping.
2026-08-12 13:56:14 [INFO    ] conftest.py:153 — App readiness probe: HiPi is in foreground (com.zee5.hipi).
2026-08-12 13:56:14 [INFO    ] conftest.py:251 — DRIVER SETUP COMPLETE
2026-08-12 13:56:14 [INFO    ] base_test.py:20 — BaseTest setup completed.
2026-08-12 13:56:14 [INFO    ] base_test.py:58 — login_and_reach_feed: START
2026-08-12 13:56:14 [INFO    ] base_test.py:30 — Logging in as default test user.
2026-08-12 13:56:14 [INFO    ] login_page.py:590 — ========== LOGIN FLOW START ==========
2026-08-12 13:56:15 [INFO    ] login_page.py:34 — Opening profile tab
2026-08-12 13:56:16 [INFO    ] login_page.py:44 — Profile tab open attempt 1/2
2026-08-12 13:56:27 [ERROR   ] base_page.py:59 — Element not clickable after 8s: ('-android uiautomator', 'new UiSelector().className("android.view.View").instance(24)')
2026-08-12 13:56:29 [INFO    ] screenshot_utils.py:54 — Screenshot saved: reports/screenshots/element_not_clickable_new UiSelector().className("android.view.View").instance(24)_20260812_135627.png
2026-08-12 13:56:30 [INFO    ] screenshot_utils.py:77 — Page source saved: reports/screenshots/element_not_clickable_new UiSelector().className("android.view.View").instance(24)_20260812_135629.xml
2026-08-12 13:56:30 [ERROR   ] base_page.py:118 — Click failed on attempt 1 for ('-android uiautomator', 'new UiSelector().className("android.view.View").instance(24)'): Message: 
Stacktrace:
NoSuchElementError: An element could not be located on the page using the given search parameters.
    at AndroidUiautomator2Driver.findElOrEls (/Users/vc.rajdeep.kumar/.appium/node_modules/appium-uiautomator2-driver/node_modules/appium-android-driver/build/lib/commands/find.js:62:15)
    at process.processTicksAndRejections (node:internal/process/task_queues:104:5)
    at async AndroidUiautomator2Driver.findElOrElsWithProcessing (/opt/homebrew/lib/node_modules/appium/node_modules/@appium/base-driver/build/lib/basedriver/commands/find.js:12:16)
    at async AndroidUiautomator2Driver.findElement (/opt/homebrew/lib/node_modules/appium/node_modules/@appium/base-driver/build/lib/basedriver/commands/find.js:27:16)
2026-08-12 13:56:30 [WARNING ] base_page.py:262 — Attempting to recover application state...
2026-08-12 13:56:33 [INFO    ] base_page.py:266 — App recovery attempt completed.
2026-08-12 13:56:34 [INFO    ] screenshot_utils.py:54 — Screenshot saved: reports/screenshots/click_failed_20260812_135633.png
2026-08-12 13:56:35 [INFO    ] screenshot_utils.py:77 — Page source saved: reports/screenshots/click_failed_20260812_135634.xml
2026-08-12 13:56:35 [WARNING ] login_page.py:88 — Element-based click failed: Unable to click ('-android uiautomator', 'new UiSelector().className("android.view.View").instance(24)') after 1 retries. Last exception: Message: 
Stacktrace:
NoSuchElementError: An element could not be located on the page using the given search parameters.
    at AndroidUiautomator2Driver.findElOrEls (/Users/vc.rajdeep.kumar/.appium/node_modules/appium-uiautomator2-driver/node_modules/appium-android-driver/build/lib/commands/find.js:62:15)
    at process.processTicksAndRejections (node:internal/process/task_queues:104:5)
    at async AndroidUiautomator2Driver.findElOrElsWithProcessing (/opt/homebrew/lib/node_modules/appium/node_modules/@appium/base-driver/build/lib/basedriver/commands/find.js:12:16)
    at async AndroidUiautomator2Driver.findElement (/opt/homebrew/lib/node_modules/appium/node_modules/@appium/base-driver/build/lib/basedriver/commands/find.js:27:16)
2026-08-12 13:56:35 [INFO    ] gestures.py:29 — Tap performed at X:760 Y:2311
2026-08-12 13:56:58 [ERROR   ] base_page.py:92 — None of the candidate locators became visible within 6s. Candidates: [('-android uiautomator', 'new UiSelector().textContains("Continue")'), ('class name', 'android.widget.EditText')]. Last error: None
2026-08-12 13:56:59 [INFO    ] screenshot_utils.py:54 — Screenshot saved: reports/screenshots/wait_for_any_visible_failed_20260812_135658.png
2026-08-12 13:56:59 [INFO    ] screenshot_utils.py:77 — Page source saved: reports/screenshots/wait_for_any_visible_failed_20260812_135659.xml
2026-08-12 13:56:59 [WARNING ] login_page.py:139 — Attempt 1 did not reach the login sheet, recovering and retrying...
2026-08-12 13:56:59 [WARNING ] base_page.py:262 — Attempting to recover application state...
2026-08-12 13:57:02 [INFO    ] base_page.py:266 — App recovery attempt completed.
2026-08-12 13:57:04 [INFO    ] login_page.py:44 — Profile tab open attempt 2/2
2026-08-12 13:57:15 [ERROR   ] base_page.py:59 — Element not clickable after 8s: ('-android uiautomator', 'new UiSelector().className("android.view.View").instance(24)')
2026-08-12 13:57:16 [INFO    ] screenshot_utils.py:54 — Screenshot saved: reports/screenshots/element_not_clickable_new UiSelector().className("android.view.View").instance(24)_20260812_135715.png
2026-08-12 13:57:16 [INFO    ] screenshot_utils.py:77 — Page source saved: reports/screenshots/element_not_clickable_new UiSelector().className("android.view.View").instance(24)_20260812_135716.xml
2026-08-12 13:57:16 [ERROR   ] base_page.py:118 — Click failed on attempt 1 for ('-android uiautomator', 'new UiSelector().className("android.view.View").instance(24)'): Message: 
Stacktrace:
NoSuchElementError: An element could not be located on the page using the given search parameters.
    at AndroidUiautomator2Driver.findElOrEls (/Users/vc.rajdeep.kumar/.appium/node_modules/appium-uiautomator2-driver/node_modules/appium-android-driver/build/lib/commands/find.js:62:15)
    at process.processTicksAndRejections (node:internal/process/task_queues:104:5)
    at async AndroidUiautomator2Driver.findElOrElsWithProcessing (/opt/homebrew/lib/node_modules/appium/node_modules/@appium/base-driver/build/lib/basedriver/commands/find.js:12:16)
    at async AndroidUiautomator2Driver.findElement (/opt/homebrew/lib/node_modules/appium/node_modules/@appium/base-driver/build/lib/basedriver/commands/find.js:27:16)
2026-08-12 13:57:16 [WARNING ] base_page.py:262 — Attempting to recover application state...
2026-08-12 13:57:19 [INFO    ] base_page.py:266 — App recovery attempt completed.
2026-08-12 13:57:21 [INFO    ] screenshot_utils.py:54 — Screenshot saved: reports/screenshots/click_failed_20260812_135719.png
2026-08-12 13:57:21 [INFO    ] screenshot_utils.py:77 — Page source saved: reports/screenshots/click_failed_20260812_135721.xml
2026-08-12 13:57:21 [WARNING ] login_page.py:88 — Element-based click failed: Unable to click ('-android uiautomator', 'new UiSelector().className("android.view.View").instance(24)') after 1 retries. Last exception: Message: 
Stacktrace:
NoSuchElementError: An element could not be located on the page using the given search parameters.
    at AndroidUiautomator2Driver.findElOrEls (/Users/vc.rajdeep.kumar/.appium/node_modules/appium-uiautomator2-driver/node_modules/appium-android-driver/build/lib/commands/find.js:62:15)
    at process.processTicksAndRejections (node:internal/process/task_queues:104:5)
    at async AndroidUiautomator2Driver.findElOrElsWithProcessing (/opt/homebrew/lib/node_modules/appium/node_modules/@appium/base-driver/build/lib/basedriver/commands/find.js:12:16)
    at async AndroidUiautomator2Driver.findElement (/opt/homebrew/lib/node_modules/appium/node_modules/@appium/base-driver/build/lib/basedriver/commands/find.js:27:16)
2026-08-12 13:57:21 [INFO    ] gestures.py:29 — Tap performed at X:760 Y:2311
2026-08-12 13:57:44 [ERROR   ] base_page.py:92 — None of the candidate locators became visible within 6s. Candidates: [('-android uiautomator', 'new UiSelector().textContains("Continue")'), ('class name', 'android.widget.EditText')]. Last error: None
2026-08-12 13:57:45 [INFO    ] screenshot_utils.py:54 — Screenshot saved: reports/screenshots/wait_for_any_visible_failed_20260812_135744.png
2026-08-12 13:57:45 [INFO    ] screenshot_utils.py:77 — Page source saved: reports/screenshots/wait_for_any_visible_failed_20260812_135745.xml
2026-08-12 13:57:45 [WARNING ] login_page.py:139 — Attempt 2 did not reach the login sheet, recovering and retrying...
2026-08-12 13:57:45 [WARNING ] base_page.py:262 — Attempting to recover application state...
2026-08-12 13:57:48 [INFO    ] base_page.py:266 — App recovery attempt completed.
2026-08-12 13:57:50 [ERROR   ] login_page.py:152 — Unable to open profile tab / reach login sheet after 2 attempts
2026-08-12 13:57:53 [INFO    ] screenshot_utils.py:54 — Screenshot saved: reports/screenshots/profile_tab_failed_20260812_135750.png
2026-08-12 13:57:53 [INFO    ] screenshot_utils.py:77 — Page source saved: reports/screenshots/profile_tab_failed_20260812_135753.xml
2026-08-12 13:57:53 [ERROR   ] login_page.py:725 — Login flow failed: Unable to open profile tab / reach login sheet after 2 attempts
2026-08-12 13:57:54 [INFO    ] screenshot_utils.py:54 — Screenshot saved: reports/screenshots/login_failed_20260812_135753.png
2026-08-12 13:57:55 [INFO    ] screenshot_utils.py:77 — Page source saved: reports/screenshots/login_failed_20260812_135754.xml
2026-08-12 13:57:55 [INFO    ] screenshot_utils.py:54 — Screenshot saved: reports/screenshots/test_pause_and_resume_reel_20260812_135755.png
2026-08-12 13:57:55 [INFO    ] screenshot_utils.py:77 — Page source saved: reports/screenshots/test_pause_and_resume_reel_20260812_135755.xml
2026-08-12 13:57:55 [ERROR   ] conftest.py:355 — Test FAILED: test_pause_and_resume_reel
2026-08-12 13:57:55 [INFO    ] conftest.py:262 — Closing driver session.
2026-08-12 13:57:56 [INFO    ] conftest.py:227 — ==================================================
2026-08-12 13:57:56 [INFO    ] conftest.py:228 — DRIVER SETUP START
2026-08-12 13:57:56 [INFO    ] conftest.py:229 — ==================================================
2026-08-12 13:57:56 [INFO    ] conftest.py:116 — Driver creation attempt 1/2
2026-08-12 13:57:56 [INFO    ] driver_factory.py:53 — ========== DRIVER CREATION START ==========
2026-08-12 13:57:56 [INFO    ] driver_factory.py:70 — Device: emulator | Env: qa | Platform: Android
2026-08-12 13:57:56 [INFO    ] driver_factory.py:132 — Device Name: Android Emulator
2026-08-12 13:57:56 [INFO    ] driver_factory.py:133 — UDID: emulator-5554
2026-08-12 13:57:56 [INFO    ] driver_factory.py:147 — App Package: com.zee5.hipi (noReset=true, activity not set)
2026-08-12 13:58:05 [INFO    ] driver_factory.py:108 — App launched by driver. Waiting for stabilization...
2026-08-12 13:58:10 [INFO    ] driver_factory.py:111 — ========== DRIVER CREATED SUCCESSFULLY ==========
2026-08-12 13:58:10 [INFO    ] conftest.py:238 — Driver created successfully.
2026-08-12 13:58:15 [INFO    ] popup_handler.py:122 — Checking for 'Get Started' screen...
2026-08-12 13:58:26 [INFO    ] popup_handler.py:134 — 'Get Started' screen not present — skipping.
2026-08-12 13:58:26 [INFO    ] conftest.py:153 — App readiness probe: HiPi is in foreground (com.zee5.hipi).
2026-08-12 13:58:26 [INFO    ] conftest.py:251 — DRIVER SETUP COMPLETE
2026-08-12 13:58:26 [INFO    ] base_test.py:20 — BaseTest setup completed.
2026-08-12 13:58:26 [INFO    ] base_test.py:58 — login_and_reach_feed: START
2026-08-12 13:58:26 [INFO    ] base_test.py:30 — Logging in as default test user.
2026-08-12 13:58:26 [INFO    ] login_page.py:590 — ========== LOGIN FLOW START ==========
2026-08-12 13:58:27 [INFO    ] login_page.py:34 — Opening profile tab
2026-08-12 13:58:28 [INFO    ] login_page.py:44 — Profile tab open attempt 1/2
2026-08-12 13:58:39 [ERROR   ] base_page.py:59 — Element not clickable after 8s: ('-android uiautomator', 'new UiSelector().className("android.view.View").instance(24)')
2026-08-12 13:58:44 [INFO    ] screenshot_utils.py:54 — Screenshot saved: reports/screenshots/element_not_clickable_new UiSelector().className("android.view.View").instance(24)_20260812_135839.png
2026-08-12 13:58:45 [INFO    ] screenshot_utils.py:77 — Page source saved: reports/screenshots/element_not_clickable_new UiSelector().className("android.view.View").instance(24)_20260812_135844.xml
2026-08-12 13:58:45 [ERROR   ] base_page.py:118 — Click failed on attempt 1 for ('-android uiautomator', 'new UiSelector().className("android.view.View").instance(24)'): Message: 
Stacktrace:
NoSuchElementError: An element could not be located on the page using the given search parameters.
    at AndroidUiautomator2Driver.findElOrEls (/Users/vc.rajdeep.kumar/.appium/node_modules/appium-uiautomator2-driver/node_modules/appium-android-driver/build/lib/commands/find.js:62:15)
    at process.processTicksAndRejections (node:internal/process/task_queues:104:5)
    at async AndroidUiautomator2Driver.findElOrElsWithProcessing (/opt/homebrew/lib/node_modules/appium/node_modules/@appium/base-driver/build/lib/basedriver/commands/find.js:12:16)
    at async AndroidUiautomator2Driver.findElement (/opt/homebrew/lib/node_modules/appium/node_modules/@appium/base-driver/build/lib/basedriver/commands/find.js:27:16)
2026-08-12 13:58:45 [WARNING ] base_page.py:262 — Attempting to recover application state...
2026-08-12 13:58:48 [INFO    ] base_page.py:266 — App recovery attempt completed.
2026-08-12 13:58:52 [INFO    ] screenshot_utils.py:54 — Screenshot saved: reports/screenshots/click_failed_20260812_135848.png
2026-08-12 13:58:52 [INFO    ] screenshot_utils.py:77 — Page source saved: reports/screenshots/click_failed_20260812_135852.xml
2026-08-12 13:58:52 [WARNING ] login_page.py:88 — Element-based click failed: Unable to click ('-android uiautomator', 'new UiSelector().className("android.view.View").instance(24)') after 1 retries. Last exception: Message: 
Stacktrace:
NoSuchElementError: An element could not be located on the page using the given search parameters.
    at AndroidUiautomator2Driver.findElOrEls (/Users/vc.rajdeep.kumar/.appium/node_modules/appium-uiautomator2-driver/node_modules/appium-android-driver/build/lib/commands/find.js:62:15)
    at process.processTicksAndRejections (node:internal/process/task_queues:104:5)
    at async AndroidUiautomator2Driver.findElOrElsWithProcessing (/opt/homebrew/lib/node_modules/appium/node_modules/@appium/base-driver/build/lib/basedriver/commands/find.js:12:16)
    at async AndroidUiautomator2Driver.findElement (/opt/homebrew/lib/node_modules/appium/node_modules/@appium/base-driver/build/lib/basedriver/commands/find.js:27:16)
2026-08-12 13:58:52 [INFO    ] gestures.py:29 — Tap performed at X:760 Y:2311
2026-08-12 13:59:16 [ERROR   ] base_page.py:92 — None of the candidate locators became visible within 6s. Candidates: [('-android uiautomator', 'new UiSelector().textContains("Continue")'), ('class name', 'android.widget.EditText')]. Last error: None
2026-08-12 13:59:18 [INFO    ] screenshot_utils.py:54 — Screenshot saved: reports/screenshots/wait_for_any_visible_failed_20260812_135916.png
2026-08-12 13:59:19 [INFO    ] screenshot_utils.py:77 — Page source saved: reports/screenshots/wait_for_any_visible_failed_20260812_135918.xml
2026-08-12 13:59:19 [WARNING ] login_page.py:139 — Attempt 1 did not reach the login sheet, recovering and retrying...
2026-08-12 13:59:19 [WARNING ] base_page.py:262 — Attempting to recover application state...
2026-08-12 13:59:22 [INFO    ] base_page.py:266 — App recovery attempt completed.
2026-08-12 13:59:24 [INFO    ] login_page.py:44 — Profile tab open attempt 2/2
2026-08-12 13:59:35 [ERROR   ] base_page.py:59 — Element not clickable after 8s: ('-android uiautomator', 'new UiSelector().className("android.view.View").instance(24)')
2026-08-12 13:59:39 [INFO    ] screenshot_utils.py:54 — Screenshot saved: reports/screenshots/element_not_clickable_new UiSelector().className("android.view.View").instance(24)_20260812_135935.png
2026-08-12 13:59:39 [INFO    ] screenshot_utils.py:77 — Page source saved: reports/screenshots/element_not_clickable_new UiSelector().className("android.view.View").instance(24)_20260812_135939.xml
2026-08-12 13:59:39 [ERROR   ] base_page.py:118 — Click failed on attempt 1 for ('-android uiautomator', 'new UiSelector().className("android.view.View").instance(24)'): Message: 
Stacktrace:
NoSuchElementError: An element could not be located on the page using the given search parameters.
    at AndroidUiautomator2Driver.findElOrEls (/Users/vc.rajdeep.kumar/.appium/node_modules/appium-uiautomator2-driver/node_modules/appium-android-driver/build/lib/commands/find.js:62:15)
    at process.processTicksAndRejections (node:internal/process/task_queues:104:5)
    at async AndroidUiautomator2Driver.findElOrElsWithProcessing (/opt/homebrew/lib/node_modules/appium/node_modules/@appium/base-driver/build/lib/basedriver/commands/find.js:12:16)
    at async AndroidUiautomator2Driver.findElement (/opt/homebrew/lib/node_modules/appium/node_modules/@appium/base-driver/build/lib/basedriver/commands/find.js:27:16)
2026-08-12 13:59:39 [WARNING ] base_page.py:262 — Attempting to recover application state...
2026-08-12 13:59:42 [INFO    ] base_page.py:266 — App recovery attempt completed.
2026-08-12 13:59:45 [INFO    ] screenshot_utils.py:54 — Screenshot saved: reports/screenshots/click_failed_20260812_135942.png
2026-08-12 13:59:45 [INFO    ] screenshot_utils.py:77 — Page source saved: reports/screenshots/click_failed_20260812_135945.xml
2026-08-12 13:59:45 [WARNING ] login_page.py:88 — Element-based click failed: Unable to click ('-android uiautomator', 'new UiSelector().className("android.view.View").instance(24)') after 1 retries. Last exception: Message: 
Stacktrace:
NoSuchElementError: An element could not be located on the page using the given search parameters.
    at AndroidUiautomator2Driver.findElOrEls (/Users/vc.rajdeep.kumar/.appium/node_modules/appium-uiautomator2-driver/node_modules/appium-android-driver/build/lib/commands/find.js:62:15)
    at process.processTicksAndRejections (node:internal/process/task_queues:104:5)
    at async AndroidUiautomator2Driver.findElOrElsWithProcessing (/opt/homebrew/lib/node_modules/appium/node_modules/@appium/base-driver/build/lib/basedriver/commands/find.js:12:16)
    at async AndroidUiautomator2Driver.findElement (/opt/homebrew/lib/node_modules/appium/node_modules/@appium/base-driver/build/lib/basedriver/commands/find.js:27:16)
2026-08-12 13:59:45 [INFO    ] gestures.py:29 — Tap performed at X:760 Y:2311
2026-08-12 14:00:08 [ERROR   ] base_page.py:92 — None of the candidate locators became visible within 6s. Candidates: [('-android uiautomator', 'new UiSelector().textContains("Continue")'), ('class name', 'android.widget.EditText')]. Last error: None
2026-08-12 14:00:14 [INFO    ] screenshot_utils.py:54 — Screenshot saved: reports/screenshots/wait_for_any_visible_failed_20260812_140008.png
2026-08-12 14:00:14 [INFO    ] screenshot_utils.py:77 — Page source saved: reports/screenshots/wait_for_any_visible_failed_20260812_140014.xml
2026-08-12 14:00:14 [WARNING ] login_page.py:139 — Attempt 2 did not reach the login sheet, recovering and retrying...
2026-08-12 14:00:14 [WARNING ] base_page.py:262 — Attempting to recover application state...
2026-08-12 14:00:17 [INFO    ] base_page.py:266 — App recovery attempt completed.
2026-08-12 14:00:19 [ERROR   ] login_page.py:152 — Unable to open profile tab / reach login sheet after 2 attempts
2026-08-12 14:00:24 [INFO    ] screenshot_utils.py:54 — Screenshot saved: reports/screenshots/profile_tab_failed_20260812_140019.png
2026-08-12 14:00:24 [INFO    ] screenshot_utils.py:77 — Page source saved: reports/screenshots/profile_tab_failed_20260812_140024.xml
2026-08-12 14:00:24 [ERROR   ] login_page.py:725 — Login flow failed: Unable to open profile tab / reach login sheet after 2 attempts
2026-08-12 14:00:26 [INFO    ] screenshot_utils.py:54 — Screenshot saved: reports/screenshots/login_failed_20260812_140024.png
2026-08-12 14:00:26 [INFO    ] screenshot_utils.py:77 — Page source saved: reports/screenshots/login_failed_20260812_140026.xml
2026-08-12 14:00:28 [INFO    ] screenshot_utils.py:54 — Screenshot saved: reports/screenshots/test_swipe_to_next_video_20260812_140026.png
2026-08-12 14:00:28 [INFO    ] screenshot_utils.py:77 — Page source saved: reports/screenshots/test_swipe_to_next_video_20260812_140028.xml
2026-08-12 14:00:28 [ERROR   ] conftest.py:355 — Test FAILED: test_swipe_to_next_video
2026-08-12 14:00:28 [INFO    ] conftest.py:262 — Closing driver session.
2026-08-12 14:00:36 [INFO    ] conftest.py:227 — ==================================================
2026-08-12 14:00:36 [INFO    ] conftest.py:228 — DRIVER SETUP START
2026-08-12 14:00:36 [INFO    ] conftest.py:229 — ==================================================
2026-08-12 14:00:36 [INFO    ] conftest.py:116 — Driver creation attempt 1/2
2026-08-12 14:00:36 [INFO    ] driver_factory.py:53 — ========== DRIVER CREATION START ==========
2026-08-12 14:00:36 [INFO    ] driver_factory.py:70 — Device: emulator | Env: qa | Platform: Android
2026-08-12 14:00:36 [INFO    ] driver_factory.py:132 — Device Name: Android Emulator
2026-08-12 14:00:36 [INFO    ] driver_factory.py:133 — UDID: emulator-5554
2026-08-12 14:00:36 [INFO    ] driver_factory.py:147 — App Package: com.zee5.hipi (noReset=true, activity not set)
2026-08-12 14:00:49 [INFO    ] driver_factory.py:108 — App launched by driver. Waiting for stabilization...
2026-08-12 14:00:54 [INFO    ] driver_factory.py:111 — ========== DRIVER CREATED SUCCESSFULLY ==========
2026-08-12 14:00:54 [INFO    ] conftest.py:238 — Driver created successfully.
2026-08-12 14:00:59 [INFO    ] popup_handler.py:122 — Checking for 'Get Started' screen...
2026-08-12 14:01:04 [ERROR   ] popup_handler.py:137 — 'Get Started' handling failed: Message: Could not proxy command to the remote server. Original error: socket hang up
Stacktrace:
UnknownError: Could not proxy command to the remote server. Original error: socket hang up
    at ProxyRequestError.getActualError (/opt/homebrew/lib/node_modules/appium/node_modules/@appium/base-driver/build/lib/protocol/errors.js:692:16)
    at UIA2Proxy.command (/opt/homebrew/lib/node_modules/appium/node_modules/@appium/base-driver/build/lib/jsonwp-proxy/proxy.js:270:27)
    at process.processTicksAndRejections (node:internal/process/task_queues:104:5)
    at async AndroidUiautomator2Driver.doFindElementOrEls (/Users/vc.rajdeep.kumar/.appium/node_modules/appium-uiautomator2-driver/build/lib/commands/find.js:24:13)
    at async doFind (/Users/vc.rajdeep.kumar/.appium/node_modules/appium-uiautomator2-driver/node_modules/appium-android-driver/build/lib/commands/find.js:24:23)
    at async wrappedCondFn (/opt/homebrew/lib/node_modules/appium/node_modules/@appium/base-driver/build/lib/basedriver/commands/timeout.js:97:20)
    at async spin (/opt/homebrew/lib/node_modules/appium/node_modules/asyncbox/build/lib/asyncbox.js:174:24)
    at async spin (/opt/homebrew/lib/node_modules/appium/node_modules/asyncbox/build/lib/asyncbox.js:184:20)
    at async waitForCondition (/opt/homebrew/lib/node_modules/appium/node_modules/asyncbox/build/lib/asyncbox.js:192:12)
    at async AndroidUiautomator2Driver.implicitWaitForCondition (/opt/homebrew/lib/node_modules/appium/node_modules/@appium/base-driver/build/lib/basedriver/commands/timeout.js:99:16)
    at async AndroidUiautomator2Driver.findElOrEls (/Users/vc.rajdeep.kumar/.appium/node_modules/appium-uiautomator2-driver/node_modules/appium-android-driver/build/lib/commands/find.js:45:9)
    at async AndroidUiautomator2Driver.findElOrElsWithProcessing (/opt/homebrew/lib/node_modules/appium/node_modules/@appium/base-driver/build/lib/basedriver/commands/find.js:12:16)
    at async AndroidUiautomator2Driver.findElement (/opt/homebrew/lib/node_modules/appium/node_modules/@appium/base-driver/build/lib/basedriver/commands/find.js:27:16)
2026-08-12 14:01:04 [ERROR   ] screenshot_utils.py:58 — Screenshot capture failed: Message: 'GET /screenshot' cannot be proxied to UiAutomator2 server because the instrumentation process is not running (probably crashed). Check the server log and/or the logcat output for more details
Stacktrace:
UnknownError: 'GET /screenshot' cannot be proxied to UiAutomator2 server because the instrumentation process is not running (probably crashed). Check the server log and/or the logcat output for more details
    at UIA2Proxy.command (/opt/homebrew/lib/node_modules/appium/node_modules/@appium/base-driver/build/lib/jsonwp-proxy/proxy.js:272:19)
    at process.processTicksAndRejections (node:internal/process/task_queues:104:5)
    at async AndroidUiautomator2Driver.getScreenshot (/Users/vc.rajdeep.kumar/.appium/node_modules/appium-uiautomator2-driver/build/lib/commands/screenshot.js:72:19)
2026-08-12 14:01:04 [INFO    ] conftest.py:153 — App readiness probe: HiPi is in foreground (com.zee5.hipi).
2026-08-12 14:01:04 [INFO    ] conftest.py:251 — DRIVER SETUP COMPLETE
2026-08-12 14:01:04 [INFO    ] base_test.py:20 — BaseTest setup completed.
2026-08-12 14:01:04 [INFO    ] base_test.py:58 — login_and_reach_feed: START
2026-08-12 14:01:04 [INFO    ] base_test.py:30 — Logging in as default test user.
2026-08-12 14:01:04 [INFO    ] login_page.py:590 — ========== LOGIN FLOW START ==========
2026-08-12 14:01:06 [INFO    ] login_page.py:34 — Opening profile tab
2026-08-12 14:01:07 [INFO    ] login_page.py:44 — Profile tab open attempt 1/2
2026-08-12 14:01:07 [ERROR   ] base_page.py:118 — Click failed on attempt 1 for ('-android uiautomator', 'new UiSelector().className("android.view.View").instance(24)'): Message: 'POST /element' cannot be proxied to UiAutomator2 server because the instrumentation process is not running (probably crashed). Check the server log and/or the logcat output for more details
Stacktrace:
UnknownError: 'POST /element' cannot be proxied to UiAutomator2 server because the instrumentation process is not running (probably crashed). Check the server log and/or the logcat output for more details
    at UIA2Proxy.command (/opt/homebrew/lib/node_modules/appium/node_modules/@appium/base-driver/build/lib/jsonwp-proxy/proxy.js:272:19)
    at process.processTicksAndRejections (node:internal/process/task_queues:104:5)
    at async AndroidUiautomator2Driver.doFindElementOrEls (/Users/vc.rajdeep.kumar/.appium/node_modules/appium-uiautomator2-driver/build/lib/commands/find.js:24:13)
    at async doFind (/Users/vc.rajdeep.kumar/.appium/node_modules/appium-uiautomator2-driver/node_modules/appium-android-driver/build/lib/commands/find.js:24:23)
    at async wrappedCondFn (/opt/homebrew/lib/node_modules/appium/node_modules/@appium/base-driver/build/lib/basedriver/commands/timeout.js:97:20)
    at async spin (/opt/homebrew/lib/node_modules/appium/node_modules/asyncbox/build/lib/asyncbox.js:174:24)
    at async waitForCondition (/opt/homebrew/lib/node_modules/appium/node_modules/asyncbox/build/lib/asyncbox.js:192:12)
    at async AndroidUiautomator2Driver.implicitWaitForCondition (/opt/homebrew/lib/node_modules/appium/node_modules/@appium/base-driver/build/lib/basedriver/commands/timeout.js:99:16)
    at async AndroidUiautomator2Driver.findElOrEls (/Users/vc.rajdeep.kumar/.appium/node_modules/appium-uiautomator2-driver/node_modules/appium-android-driver/build/lib/commands/find.js:45:9)
    at async AndroidUiautomator2Driver.findElOrElsWithProcessing (/opt/homebrew/lib/node_modules/appium/node_modules/@appium/base-driver/build/lib/basedriver/commands/find.js:12:16)
    at async AndroidUiautomator2Driver.findElement (/opt/homebrew/lib/node_modules/appium/node_modules/@appium/base-driver/build/lib/basedriver/commands/find.js:27:16)
2026-08-12 14:01:07 [WARNING ] base_page.py:262 — Attempting to recover application state...
2026-08-12 14:01:10 [INFO    ] base_page.py:266 — App recovery attempt completed.
2026-08-12 14:01:10 [ERROR   ] screenshot_utils.py:58 — Screenshot capture failed: Message: 'GET /screenshot' cannot be proxied to UiAutomator2 server because the instrumentation process is not running (probably crashed). Check the server log and/or the logcat output for more details
Stacktrace:
UnknownError: 'GET /screenshot' cannot be proxied to UiAutomator2 server because the instrumentation process is not running (probably crashed). Check the server log and/or the logcat output for more details
    at UIA2Proxy.command (/opt/homebrew/lib/node_modules/appium/node_modules/@appium/base-driver/build/lib/jsonwp-proxy/proxy.js:272:19)
    at process.processTicksAndRejections (node:internal/process/task_queues:104:5)
    at async AndroidUiautomator2Driver.getScreenshot (/Users/vc.rajdeep.kumar/.appium/node_modules/appium-uiautomator2-driver/build/lib/commands/screenshot.js:72:19)
2026-08-12 14:01:10 [ERROR   ] screenshot_utils.py:81 — Page source save failed: Message: 'GET /session/1dfeaff2-643e-4e8b-807b-980f5267a060/source' cannot be proxied to UiAutomator2 server because the instrumentation process is not running (probably crashed). Check the server log and/or the logcat output for more details
Stacktrace:
InvalidContextError: 'GET /session/1dfeaff2-643e-4e8b-807b-980f5267a060/source' cannot be proxied to UiAutomator2 server because the instrumentation process is not running (probably crashed). Check the server log and/or the logcat output for more details
    at UIA2Proxy.proxyCommand (/Users/vc.rajdeep.kumar/.appium/node_modules/appium-uiautomator2-driver/build/lib/uiautomator2.js:32:19)
    at UIA2Proxy.proxyReqRes (/opt/homebrew/lib/node_modules/appium/node_modules/@appium/base-driver/build/lib/jsonwp-proxy/proxy.js:325:49)
    at runCommandPromise (/opt/homebrew/lib/node_modules/appium/node_modules/@appium/base-driver/build/lib/basedriver/driver.js:121:30)
    at /opt/homebrew/lib/node_modules/appium/node_modules/async-lock/lib/index.js:171:12
    at AsyncLock._promiseTry (/opt/homebrew/lib/node_modules/appium/node_modules/async-lock/lib/index.js:306:31)
    at exec (/opt/homebrew/lib/node_modules/appium/node_modules/async-lock/lib/index.js:170:9)
    at AsyncLock.acquire (/opt/homebrew/lib/node_modules/appium/node_modules/async-lock/lib/index.js:189:3)
    at AndroidUiautomator2Driver.executeCommand (/opt/homebrew/lib/node_modules/appium/node_modules/@appium/base-driver/build/lib/basedriver/driver.js:161:45)
    at process.processTicksAndRejections (node:internal/process/task_queues:104:5)
    at async defaultBehavior (/opt/homebrew/lib/node_modules/appium/build/lib/appium.js:634:20)
    at async AppiumDriver.executeWrappedCommand (/opt/homebrew/lib/node_modules/appium/build/lib/appium.js:726:22)
    at async AppiumDriver.executeCommand (/opt/homebrew/lib/node_modules/appium/build/lib/appium.js:645:21)
    at async doJwpProxy (/opt/homebrew/lib/node_modules/appium/node_modules/@appium/base-driver/build/lib/protocol/protocol.js:476:9)
    at async asyncHandler (/opt/homebrew/lib/node_modules/appium/node_modules/@appium/base-driver/build/lib/protocol/protocol.js:307:21)
2026-08-12 14:01:10 [WARNING ] login_page.py:88 — Element-based click failed: Unable to click ('-android uiautomator', 'new UiSelector().className("android.view.View").instance(24)') after 1 retries. Last exception: Message: 'POST /element' cannot be proxied to UiAutomator2 server because the instrumentation process is not running (probably crashed). Check the server log and/or the logcat output for more details
Stacktrace:
UnknownError: 'POST /element' cannot be proxied to UiAutomator2 server because the instrumentation process is not running (probably crashed). Check the server log and/or the logcat output for more details
    at UIA2Proxy.command (/opt/homebrew/lib/node_modules/appium/node_modules/@appium/base-driver/build/lib/jsonwp-proxy/proxy.js:272:19)
    at process.processTicksAndRejections (node:internal/process/task_queues:104:5)
    at async AndroidUiautomator2Driver.doFindElementOrEls (/Users/vc.rajdeep.kumar/.appium/node_modules/appium-uiautomator2-driver/build/lib/commands/find.js:24:13)
    at async doFind (/Users/vc.rajdeep.kumar/.appium/node_modules/appium-uiautomator2-driver/node_modules/appium-android-driver/build/lib/commands/find.js:24:23)
    at async wrappedCondFn (/opt/homebrew/lib/node_modules/appium/node_modules/@appium/base-driver/build/lib/basedriver/commands/timeout.js:97:20)
    at async spin (/opt/homebrew/lib/node_modules/appium/node_modules/asyncbox/build/lib/asyncbox.js:174:24)
    at async waitForCondition (/opt/homebrew/lib/node_modules/appium/node_modules/asyncbox/build/lib/asyncbox.js:192:12)
    at async AndroidUiautomator2Driver.implicitWaitForCondition (/opt/homebrew/lib/node_modules/appium/node_modules/@appium/base-driver/build/lib/basedriver/commands/timeout.js:99:16)
    at async AndroidUiautomator2Driver.findElOrEls (/Users/vc.rajdeep.kumar/.appium/node_modules/appium-uiautomator2-driver/node_modules/appium-android-driver/build/lib/commands/find.js:45:9)
    at async AndroidUiautomator2Driver.findElOrElsWithProcessing (/opt/homebrew/lib/node_modules/appium/node_modules/@appium/base-driver/build/lib/basedriver/commands/find.js:12:16)
    at async AndroidUiautomator2Driver.findElement (/opt/homebrew/lib/node_modules/appium/node_modules/@appium/base-driver/build/lib/basedriver/commands/find.js:27:16)
2026-08-12 14:01:10 [WARNING ] login_page.py:115 — Coordinate tap failed: Message: 'GET /window/current/size' cannot be proxied to UiAutomator2 server because the instrumentation process is not running (probably crashed). Check the server log and/or the logcat output for more details
Stacktrace:
UnknownError: 'GET /window/current/size' cannot be proxied to UiAutomator2 server because the instrumentation process is not running (probably crashed). Check the server log and/or the logcat output for more details
    at UIA2Proxy.command (/opt/homebrew/lib/node_modules/appium/node_modules/@appium/base-driver/build/lib/jsonwp-proxy/proxy.js:272:19)
    at process.processTicksAndRejections (node:internal/process/task_queues:104:5)
    at async AndroidUiautomator2Driver.getWindowSize (/Users/vc.rajdeep.kumar/.appium/node_modules/appium-uiautomator2-driver/build/lib/commands/viewport.js:73:13)
    at async AndroidUiautomator2Driver.getWindowRect (/Users/vc.rajdeep.kumar/.appium/node_modules/appium-uiautomator2-driver/build/lib/commands/viewport.js:53:31)
2026-08-12 14:01:16 [ERROR   ] base_page.py:92 — None of the candidate locators became visible within 6s. Candidates: [('-android uiautomator', 'new UiSelector().textContains("Continue")'), ('class name', 'android.widget.EditText')]. Last error: Message: 'POST /elements' cannot be proxied to UiAutomator2 server because the instrumentation process is not running (probably crashed). Check the server log and/or the logcat output for more details
Stacktrace:
UnknownError: 'POST /elements' cannot be proxied to UiAutomator2 server because the instrumentation process is not running (probably crashed). Check the server log and/or the logcat output for more details
    at UIA2Proxy.command (/opt/homebrew/lib/node_modules/appium/node_modules/@appium/base-driver/build/lib/jsonwp-proxy/proxy.js:272:19)
    at process.processTicksAndRejections (node:internal/process/task_queues:104:5)
    at async AndroidUiautomator2Driver.doFindElementOrEls (/Users/vc.rajdeep.kumar/.appium/node_modules/appium-uiautomator2-driver/build/lib/commands/find.js:24:13)
    at async doFind (/Users/vc.rajdeep.kumar/.appium/node_modules/appium-uiautomator2-driver/node_modules/appium-android-driver/build/lib/commands/find.js:24:23)
    at async wrappedCondFn (/opt/homebrew/lib/node_modules/appium/node_modules/@appium/base-driver/build/lib/basedriver/commands/timeout.js:97:20)
    at async spin (/opt/homebrew/lib/node_modules/appium/node_modules/asyncbox/build/lib/asyncbox.js:174:24)
    at async waitForCondition (/opt/homebrew/lib/node_modules/appium/node_modules/asyncbox/build/lib/asyncbox.js:192:12)
    at async AndroidUiautomator2Driver.implicitWaitForCondition (/opt/homebrew/lib/node_modules/appium/node_modules/@appium/base-driver/build/lib/basedriver/commands/timeout.js:99:16)
    at async AndroidUiautomator2Driver.findElOrEls (/Users/vc.rajdeep.kumar/.appium/node_modules/appium-uiautomator2-driver/node_modules/appium-android-driver/build/lib/commands/find.js:45:9)
    at async AndroidUiautomator2Driver.findElOrElsWithProcessing (/opt/homebrew/lib/node_modules/appium/node_modules/@appium/base-driver/build/lib/basedriver/commands/find.js:12:16)
    at async AndroidUiautomator2Driver.findElements (/opt/homebrew/lib/node_modules/appium/node_modules/@appium/base-driver/build/lib/basedriver/commands/find.js:30:16)
2026-08-12 14:01:16 [ERROR   ] screenshot_utils.py:58 — Screenshot capture failed: Message: 'GET /screenshot' cannot be proxied to UiAutomator2 server because the instrumentation process is not running (probably crashed). Check the server log and/or the logcat output for more details
Stacktrace:
UnknownError: 'GET /screenshot' cannot be proxied to UiAutomator2 server because the instrumentation process is not running (probably crashed). Check the server log and/or the logcat output for more details
    at UIA2Proxy.command (/opt/homebrew/lib/node_modules/appium/node_modules/@appium/base-driver/build/lib/jsonwp-proxy/proxy.js:272:19)
    at process.processTicksAndRejections (node:internal/process/task_queues:104:5)
    at async AndroidUiautomator2Driver.getScreenshot (/Users/vc.rajdeep.kumar/.appium/node_modules/appium-uiautomator2-driver/build/lib/commands/screenshot.js:72:19)
2026-08-12 14:01:16 [ERROR   ] screenshot_utils.py:81 — Page source save failed: Message: 'GET /session/1dfeaff2-643e-4e8b-807b-980f5267a060/source' cannot be proxied to UiAutomator2 server because the instrumentation process is not running (probably crashed). Check the server log and/or the logcat output for more details
Stacktrace:
InvalidContextError: 'GET /session/1dfeaff2-643e-4e8b-807b-980f5267a060/source' cannot be proxied to UiAutomator2 server because the instrumentation process is not running (probably crashed). Check the server log and/or the logcat output for more details
    at UIA2Proxy.proxyCommand (/Users/vc.rajdeep.kumar/.appium/node_modules/appium-uiautomator2-driver/build/lib/uiautomator2.js:32:19)
    at UIA2Proxy.proxyReqRes (/opt/homebrew/lib/node_modules/appium/node_modules/@appium/base-driver/build/lib/jsonwp-proxy/proxy.js:325:49)
    at runCommandPromise (/opt/homebrew/lib/node_modules/appium/node_modules/@appium/base-driver/build/lib/basedriver/driver.js:121:30)
    at /opt/homebrew/lib/node_modules/appium/node_modules/async-lock/lib/index.js:171:12
    at AsyncLock._promiseTry (/opt/homebrew/lib/node_modules/appium/node_modules/async-lock/lib/index.js:306:31)
    at exec (/opt/homebrew/lib/node_modules/appium/node_modules/async-lock/lib/index.js:170:9)
    at AsyncLock.acquire (/opt/homebrew/lib/node_modules/appium/node_modules/async-lock/lib/index.js:189:3)
    at AndroidUiautomator2Driver.executeCommand (/opt/homebrew/lib/node_modules/appium/node_modules/@appium/base-driver/build/lib/basedriver/driver.js:161:45)
    at process.processTicksAndRejections (node:internal/process/task_queues:104:5)
    at async defaultBehavior (/opt/homebrew/lib/node_modules/appium/build/lib/appium.js:634:20)
    at async AppiumDriver.executeWrappedCommand (/opt/homebrew/lib/node_modules/appium/build/lib/appium.js:726:22)
    at async AppiumDriver.executeCommand (/opt/homebrew/lib/node_modules/appium/build/lib/appium.js:645:21)
    at async doJwpProxy (/opt/homebrew/lib/node_modules/appium/node_modules/@appium/base-driver/build/lib/protocol/protocol.js:476:9)
    at async asyncHandler (/opt/homebrew/lib/node_modules/appium/node_modules/@appium/base-driver/build/lib/protocol/protocol.js:307:21)
2026-08-12 14:01:16 [WARNING ] login_page.py:139 — Attempt 1 did not reach the login sheet, recovering and retrying...
2026-08-12 14:01:16 [WARNING ] base_page.py:262 — Attempting to recover application state...
2026-08-12 14:01:19 [INFO    ] base_page.py:266 — App recovery attempt completed.
2026-08-12 14:01:21 [INFO    ] login_page.py:44 — Profile tab open attempt 2/2
2026-08-12 14:01:22 [ERROR   ] base_page.py:118 — Click failed on attempt 1 for ('-android uiautomator', 'new UiSelector().className("android.view.View").instance(24)'): Message: 'POST /element' cannot be proxied to UiAutomator2 server because the instrumentation process is not running (probably crashed). Check the server log and/or the logcat output for more details
Stacktrace:
UnknownError: 'POST /element' cannot be proxied to UiAutomator2 server because the instrumentation process is not running (probably crashed). Check the server log and/or the logcat output for more details
    at UIA2Proxy.command (/opt/homebrew/lib/node_modules/appium/node_modules/@appium/base-driver/build/lib/jsonwp-proxy/proxy.js:272:19)
    at process.processTicksAndRejections (node:internal/process/task_queues:104:5)
    at async AndroidUiautomator2Driver.doFindElementOrEls (/Users/vc.rajdeep.kumar/.appium/node_modules/appium-uiautomator2-driver/build/lib/commands/find.js:24:13)
    at async doFind (/Users/vc.rajdeep.kumar/.appium/node_modules/appium-uiautomator2-driver/node_modules/appium-android-driver/build/lib/commands/find.js:24:23)
    at async wrappedCondFn (/opt/homebrew/lib/node_modules/appium/node_modules/@appium/base-driver/build/lib/basedriver/commands/timeout.js:97:20)
    at async spin (/opt/homebrew/lib/node_modules/appium/node_modules/asyncbox/build/lib/asyncbox.js:174:24)
    at async waitForCondition (/opt/homebrew/lib/node_modules/appium/node_modules/asyncbox/build/lib/asyncbox.js:192:12)
    at async AndroidUiautomator2Driver.implicitWaitForCondition (/opt/homebrew/lib/node_modules/appium/node_modules/@appium/base-driver/build/lib/basedriver/commands/timeout.js:99:16)
    at async AndroidUiautomator2Driver.findElOrEls (/Users/vc.rajdeep.kumar/.appium/node_modules/appium-uiautomator2-driver/node_modules/appium-android-driver/build/lib/commands/find.js:45:9)
    at async AndroidUiautomator2Driver.findElOrElsWithProcessing (/opt/homebrew/lib/node_modules/appium/node_modules/@appium/base-driver/build/lib/basedriver/commands/find.js:12:16)
    at async AndroidUiautomator2Driver.findElement (/opt/homebrew/lib/node_modules/appium/node_modules/@appium/base-driver/build/lib/basedriver/commands/find.js:27:16)
2026-08-12 14:01:22 [WARNING ] base_page.py:262 — Attempting to recover application state...
2026-08-12 14:01:25 [INFO    ] base_page.py:266 — App recovery attempt completed.
2026-08-12 14:01:25 [ERROR   ] screenshot_utils.py:58 — Screenshot capture failed: Message: 'GET /screenshot' cannot be proxied to UiAutomator2 server because the instrumentation process is not running (probably crashed). Check the server log and/or the logcat output for more details
Stacktrace:
UnknownError: 'GET /screenshot' cannot be proxied to UiAutomator2 server because the instrumentation process is not running (probably crashed). Check the server log and/or the logcat output for more details
    at UIA2Proxy.command (/opt/homebrew/lib/node_modules/appium/node_modules/@appium/base-driver/build/lib/jsonwp-proxy/proxy.js:272:19)
    at process.processTicksAndRejections (node:internal/process/task_queues:104:5)
    at async AndroidUiautomator2Driver.getScreenshot (/Users/vc.rajdeep.kumar/.appium/node_modules/appium-uiautomator2-driver/build/lib/commands/screenshot.js:72:19)
2026-08-12 14:01:25 [ERROR   ] screenshot_utils.py:81 — Page source save failed: Message: 'GET /session/1dfeaff2-643e-4e8b-807b-980f5267a060/source' cannot be proxied to UiAutomator2 server because the instrumentation process is not running (probably crashed). Check the server log and/or the logcat output for more details
Stacktrace:
InvalidContextError: 'GET /session/1dfeaff2-643e-4e8b-807b-980f5267a060/source' cannot be proxied to UiAutomator2 server because the instrumentation process is not running (probably crashed). Check the server log and/or the logcat output for more details
    at UIA2Proxy.proxyCommand (/Users/vc.rajdeep.kumar/.appium/node_modules/appium-uiautomator2-driver/build/lib/uiautomator2.js:32:19)
    at UIA2Proxy.proxyReqRes (/opt/homebrew/lib/node_modules/appium/node_modules/@appium/base-driver/build/lib/jsonwp-proxy/proxy.js:325:49)
    at runCommandPromise (/opt/homebrew/lib/node_modules/appium/node_modules/@appium/base-driver/build/lib/basedriver/driver.js:121:30)
    at /opt/homebrew/lib/node_modules/appium/node_modules/async-lock/lib/index.js:171:12
    at AsyncLock._promiseTry (/opt/homebrew/lib/node_modules/appium/node_modules/async-lock/lib/index.js:306:31)
    at exec (/opt/homebrew/lib/node_modules/appium/node_modules/async-lock/lib/index.js:170:9)
    at AsyncLock.acquire (/opt/homebrew/lib/node_modules/appium/node_modules/async-lock/lib/index.js:189:3)
    at AndroidUiautomator2Driver.executeCommand (/opt/homebrew/lib/node_modules/appium/node_modules/@appium/base-driver/build/lib/basedriver/driver.js:161:45)
    at process.processTicksAndRejections (node:internal/process/task_queues:104:5)
    at async defaultBehavior (/opt/homebrew/lib/node_modules/appium/build/lib/appium.js:634:20)
    at async AppiumDriver.executeWrappedCommand (/opt/homebrew/lib/node_modules/appium/build/lib/appium.js:726:22)
    at async AppiumDriver.executeCommand (/opt/homebrew/lib/node_modules/appium/build/lib/appium.js:645:21)
    at async doJwpProxy (/opt/homebrew/lib/node_modules/appium/node_modules/@appium/base-driver/build/lib/protocol/protocol.js:476:9)
    at async asyncHandler (/opt/homebrew/lib/node_modules/appium/node_modules/@appium/base-driver/build/lib/protocol/protocol.js:307:21)
2026-08-12 14:01:25 [WARNING ] login_page.py:88 — Element-based click failed: Unable to click ('-android uiautomator', 'new UiSelector().className("android.view.View").instance(24)') after 1 retries. Last exception: Message: 'POST /element' cannot be proxied to UiAutomator2 server because the instrumentation process is not running (probably crashed). Check the server log and/or the logcat output for more details
Stacktrace:
UnknownError: 'POST /element' cannot be proxied to UiAutomator2 server because the instrumentation process is not running (probably crashed). Check the server log and/or the logcat output for more details
    at UIA2Proxy.command (/opt/homebrew/lib/node_modules/appium/node_modules/@appium/base-driver/build/lib/jsonwp-proxy/proxy.js:272:19)
    at process.processTicksAndRejections (node:internal/process/task_queues:104:5)
    at async AndroidUiautomator2Driver.doFindElementOrEls (/Users/vc.rajdeep.kumar/.appium/node_modules/appium-uiautomator2-driver/build/lib/commands/find.js:24:13)
    at async doFind (/Users/vc.rajdeep.kumar/.appium/node_modules/appium-uiautomator2-driver/node_modules/appium-android-driver/build/lib/commands/find.js:24:23)
    at async wrappedCondFn (/opt/homebrew/lib/node_modules/appium/node_modules/@appium/base-driver/build/lib/basedriver/commands/timeout.js:97:20)
    at async spin (/opt/homebrew/lib/node_modules/appium/node_modules/asyncbox/build/lib/asyncbox.js:174:24)
    at async waitForCondition (/opt/homebrew/lib/node_modules/appium/node_modules/asyncbox/build/lib/asyncbox.js:192:12)
    at async AndroidUiautomator2Driver.implicitWaitForCondition (/opt/homebrew/lib/node_modules/appium/node_modules/@appium/base-driver/build/lib/basedriver/commands/timeout.js:99:16)
    at async AndroidUiautomator2Driver.findElOrEls (/Users/vc.rajdeep.kumar/.appium/node_modules/appium-uiautomator2-driver/node_modules/appium-android-driver/build/lib/commands/find.js:45:9)
    at async AndroidUiautomator2Driver.findElOrElsWithProcessing (/opt/homebrew/lib/node_modules/appium/node_modules/@appium/base-driver/build/lib/basedriver/commands/find.js:12:16)
    at async AndroidUiautomator2Driver.findElement (/opt/homebrew/lib/node_modules/appium/node_modules/@appium/base-driver/build/lib/basedriver/commands/find.js:27:16)
2026-08-12 14:01:25 [WARNING ] login_page.py:115 — Coordinate tap failed: Message: 'GET /window/current/size' cannot be proxied to UiAutomator2 server because the instrumentation process is not running (probably crashed). Check the server log and/or the logcat output for more details
Stacktrace:
UnknownError: 'GET /window/current/size' cannot be proxied to UiAutomator2 server because the instrumentation process is not running (probably crashed). Check the server log and/or the logcat output for more details
    at UIA2Proxy.command (/opt/homebrew/lib/node_modules/appium/node_modules/@appium/base-driver/build/lib/jsonwp-proxy/proxy.js:272:19)
    at process.processTicksAndRejections (node:internal/process/task_queues:104:5)
    at async AndroidUiautomator2Driver.getWindowSize (/Users/vc.rajdeep.kumar/.appium/node_modules/appium-uiautomator2-driver/build/lib/commands/viewport.js:73:13)
    at async AndroidUiautomator2Driver.getWindowRect (/Users/vc.rajdeep.kumar/.appium/node_modules/appium-uiautomator2-driver/build/lib/commands/viewport.js:53:31)
2026-08-12 14:01:31 [ERROR   ] base_page.py:92 — None of the candidate locators became visible within 6s. Candidates: [('-android uiautomator', 'new UiSelector().textContains("Continue")'), ('class name', 'android.widget.EditText')]. Last error: Message: 'POST /elements' cannot be proxied to UiAutomator2 server because the instrumentation process is not running (probably crashed). Check the server log and/or the logcat output for more details
Stacktrace:
UnknownError: 'POST /elements' cannot be proxied to UiAutomator2 server because the instrumentation process is not running (probably crashed). Check the server log and/or the logcat output for more details
    at UIA2Proxy.command (/opt/homebrew/lib/node_modules/appium/node_modules/@appium/base-driver/build/lib/jsonwp-proxy/proxy.js:272:19)
    at process.processTicksAndRejections (node:internal/process/task_queues:104:5)
    at async AndroidUiautomator2Driver.doFindElementOrEls (/Users/vc.rajdeep.kumar/.appium/node_modules/appium-uiautomator2-driver/build/lib/commands/find.js:24:13)
    at async doFind (/Users/vc.rajdeep.kumar/.appium/node_modules/appium-uiautomator2-driver/node_modules/appium-android-driver/build/lib/commands/find.js:24:23)
    at async wrappedCondFn (/opt/homebrew/lib/node_modules/appium/node_modules/@appium/base-driver/build/lib/basedriver/commands/timeout.js:97:20)
    at async spin (/opt/homebrew/lib/node_modules/appium/node_modules/asyncbox/build/lib/asyncbox.js:174:24)
    at async waitForCondition (/opt/homebrew/lib/node_modules/appium/node_modules/asyncbox/build/lib/asyncbox.js:192:12)
    at async AndroidUiautomator2Driver.implicitWaitForCondition (/opt/homebrew/lib/node_modules/appium/node_modules/@appium/base-driver/build/lib/basedriver/commands/timeout.js:99:16)
    at async AndroidUiautomator2Driver.findElOrEls (/Users/vc.rajdeep.kumar/.appium/node_modules/appium-uiautomator2-driver/node_modules/appium-android-driver/build/lib/commands/find.js:45:9)
    at async AndroidUiautomator2Driver.findElOrElsWithProcessing (/opt/homebrew/lib/node_modules/appium/node_modules/@appium/base-driver/build/lib/basedriver/commands/find.js:12:16)
    at async AndroidUiautomator2Driver.findElements (/opt/homebrew/lib/node_modules/appium/node_modules/@appium/base-driver/build/lib/basedriver/commands/find.js:30:16)
2026-08-12 14:01:31 [ERROR   ] screenshot_utils.py:58 — Screenshot capture failed: Message: 'GET /screenshot' cannot be proxied to UiAutomator2 server because the instrumentation process is not running (probably crashed). Check the server log and/or the logcat output for more details
Stacktrace:
UnknownError: 'GET /screenshot' cannot be proxied to UiAutomator2 server because the instrumentation process is not running (probably crashed). Check the server log and/or the logcat output for more details
    at UIA2Proxy.command (/opt/homebrew/lib/node_modules/appium/node_modules/@appium/base-driver/build/lib/jsonwp-proxy/proxy.js:272:19)
    at process.processTicksAndRejections (node:internal/process/task_queues:104:5)
    at async AndroidUiautomator2Driver.getScreenshot (/Users/vc.rajdeep.kumar/.appium/node_modules/appium-uiautomator2-driver/build/lib/commands/screenshot.js:72:19)
2026-08-12 14:01:31 [ERROR   ] screenshot_utils.py:81 — Page source save failed: Message: 'GET /session/1dfeaff2-643e-4e8b-807b-980f5267a060/source' cannot be proxied to UiAutomator2 server because the instrumentation process is not running (probably crashed). Check the server log and/or the logcat output for more details
Stacktrace:
InvalidContextError: 'GET /session/1dfeaff2-643e-4e8b-807b-980f5267a060/source' cannot be proxied to UiAutomator2 server because the instrumentation process is not running (probably crashed). Check the server log and/or the logcat output for more details
    at UIA2Proxy.proxyCommand (/Users/vc.rajdeep.kumar/.appium/node_modules/appium-uiautomator2-driver/build/lib/uiautomator2.js:32:19)
    at UIA2Proxy.proxyReqRes (/opt/homebrew/lib/node_modules/appium/node_modules/@appium/base-driver/build/lib/jsonwp-proxy/proxy.js:325:49)
    at runCommandPromise (/opt/homebrew/lib/node_modules/appium/node_modules/@appium/base-driver/build/lib/basedriver/driver.js:121:30)
    at /opt/homebrew/lib/node_modules/appium/node_modules/async-lock/lib/index.js:171:12
    at AsyncLock._promiseTry (/opt/homebrew/lib/node_modules/appium/node_modules/async-lock/lib/index.js:306:31)
    at exec (/opt/homebrew/lib/node_modules/appium/node_modules/async-lock/lib/index.js:170:9)
    at AsyncLock.acquire (/opt/homebrew/lib/node_modules/appium/node_modules/async-lock/lib/index.js:189:3)
    at AndroidUiautomator2Driver.executeCommand (/opt/homebrew/lib/node_modules/appium/node_modules/@appium/base-driver/build/lib/basedriver/driver.js:161:45)
    at process.processTicksAndRejections (node:internal/process/task_queues:104:5)
    at async defaultBehavior (/opt/homebrew/lib/node_modules/appium/build/lib/appium.js:634:20)
    at async AppiumDriver.executeWrappedCommand (/opt/homebrew/lib/node_modules/appium/build/lib/appium.js:726:22)
    at async AppiumDriver.executeCommand (/opt/homebrew/lib/node_modules/appium/build/lib/appium.js:645:21)
    at async doJwpProxy (/opt/homebrew/lib/node_modules/appium/node_modules/@appium/base-driver/build/lib/protocol/protocol.js:476:9)
    at async asyncHandler (/opt/homebrew/lib/node_modules/appium/node_modules/@appium/base-driver/build/lib/protocol/protocol.js:307:21)
2026-08-12 14:01:31 [WARNING ] login_page.py:139 — Attempt 2 did not reach the login sheet, recovering and retrying...
2026-08-12 14:01:31 [WARNING ] base_page.py:262 — Attempting to recover application state...
2026-08-12 14:01:35 [INFO    ] base_page.py:266 — App recovery attempt completed.
2026-08-12 14:01:37 [ERROR   ] login_page.py:152 — Unable to open profile tab / reach login sheet after 2 attempts
2026-08-12 14:01:37 [ERROR   ] screenshot_utils.py:58 — Screenshot capture failed: Message: 'GET /screenshot' cannot be proxied to UiAutomator2 server because the instrumentation process is not running (probably crashed). Check the server log and/or the logcat output for more details
Stacktrace:
UnknownError: 'GET /screenshot' cannot be proxied to UiAutomator2 server because the instrumentation process is not running (probably crashed). Check the server log and/or the logcat output for more details
    at UIA2Proxy.command (/opt/homebrew/lib/node_modules/appium/node_modules/@appium/base-driver/build/lib/jsonwp-proxy/proxy.js:272:19)
    at process.processTicksAndRejections (node:internal/process/task_queues:104:5)
    at async AndroidUiautomator2Driver.getScreenshot (/Users/vc.rajdeep.kumar/.appium/node_modules/appium-uiautomator2-driver/build/lib/commands/screenshot.js:72:19)
2026-08-12 14:01:37 [ERROR   ] screenshot_utils.py:81 — Page source save failed: Message: 'GET /session/1dfeaff2-643e-4e8b-807b-980f5267a060/source' cannot be proxied to UiAutomator2 server because the instrumentation process is not running (probably crashed). Check the server log and/or the logcat output for more details
Stacktrace:
InvalidContextError: 'GET /session/1dfeaff2-643e-4e8b-807b-980f5267a060/source' cannot be proxied to UiAutomator2 server because the instrumentation process is not running (probably crashed). Check the server log and/or the logcat output for more details
    at UIA2Proxy.proxyCommand (/Users/vc.rajdeep.kumar/.appium/node_modules/appium-uiautomator2-driver/build/lib/uiautomator2.js:32:19)
    at UIA2Proxy.proxyReqRes (/opt/homebrew/lib/node_modules/appium/node_modules/@appium/base-driver/build/lib/jsonwp-proxy/proxy.js:325:49)
    at runCommandPromise (/opt/homebrew/lib/node_modules/appium/node_modules/@appium/base-driver/build/lib/basedriver/driver.js:121:30)
    at /opt/homebrew/lib/node_modules/appium/node_modules/async-lock/lib/index.js:171:12
    at AsyncLock._promiseTry (/opt/homebrew/lib/node_modules/appium/node_modules/async-lock/lib/index.js:306:31)
    at exec (/opt/homebrew/lib/node_modules/appium/node_modules/async-lock/lib/index.js:170:9)
    at AsyncLock.acquire (/opt/homebrew/lib/node_modules/appium/node_modules/async-lock/lib/index.js:189:3)
    at AndroidUiautomator2Driver.executeCommand (/opt/homebrew/lib/node_modules/appium/node_modules/@appium/base-driver/build/lib/basedriver/driver.js:161:45)
    at process.processTicksAndRejections (node:internal/process/task_queues:104:5)
    at async defaultBehavior (/opt/homebrew/lib/node_modules/appium/build/lib/appium.js:634:20)
    at async AppiumDriver.executeWrappedCommand (/opt/homebrew/lib/node_modules/appium/build/lib/appium.js:726:22)
    at async AppiumDriver.executeCommand (/opt/homebrew/lib/node_modules/appium/build/lib/appium.js:645:21)
    at async doJwpProxy (/opt/homebrew/lib/node_modules/appium/node_modules/@appium/base-driver/build/lib/protocol/protocol.js:476:9)
    at async asyncHandler (/opt/homebrew/lib/node_modules/appium/node_modules/@appium/base-driver/build/lib/protocol/protocol.js:307:21)
2026-08-12 14:01:37 [ERROR   ] login_page.py:725 — Login flow failed: Unable to open profile tab / reach login sheet after 2 attempts
2026-08-12 14:01:37 [ERROR   ] screenshot_utils.py:58 — Screenshot capture failed: Message: 'GET /screenshot' cannot be proxied to UiAutomator2 server because the instrumentation process is not running (probably crashed). Check the server log and/or the logcat output for more details
Stacktrace:
UnknownError: 'GET /screenshot' cannot be proxied to UiAutomator2 server because the instrumentation process is not running (probably crashed). Check the server log and/or the logcat output for more details
    at UIA2Proxy.command (/opt/homebrew/lib/node_modules/appium/node_modules/@appium/base-driver/build/lib/jsonwp-proxy/proxy.js:272:19)
    at process.processTicksAndRejections (node:internal/process/task_queues:104:5)
    at async AndroidUiautomator2Driver.getScreenshot (/Users/vc.rajdeep.kumar/.appium/node_modules/appium-uiautomator2-driver/build/lib/commands/screenshot.js:72:19)
2026-08-12 14:01:37 [ERROR   ] screenshot_utils.py:81 — Page source save failed: Message: 'GET /session/1dfeaff2-643e-4e8b-807b-980f5267a060/source' cannot be proxied to UiAutomator2 server because the instrumentation process is not running (probably crashed). Check the server log and/or the logcat output for more details
Stacktrace:
InvalidContextError: 'GET /session/1dfeaff2-643e-4e8b-807b-980f5267a060/source' cannot be proxied to UiAutomator2 server because the instrumentation process is not running (probably crashed). Check the server log and/or the logcat output for more details
    at UIA2Proxy.proxyCommand (/Users/vc.rajdeep.kumar/.appium/node_modules/appium-uiautomator2-driver/build/lib/uiautomator2.js:32:19)
    at UIA2Proxy.proxyReqRes (/opt/homebrew/lib/node_modules/appium/node_modules/@appium/base-driver/build/lib/jsonwp-proxy/proxy.js:325:49)
    at runCommandPromise (/opt/homebrew/lib/node_modules/appium/node_modules/@appium/base-driver/build/lib/basedriver/driver.js:121:30)
    at /opt/homebrew/lib/node_modules/appium/node_modules/async-lock/lib/index.js:171:12
    at AsyncLock._promiseTry (/opt/homebrew/lib/node_modules/appium/node_modules/async-lock/lib/index.js:306:31)
    at exec (/opt/homebrew/lib/node_modules/appium/node_modules/async-lock/lib/index.js:170:9)
    at AsyncLock.acquire (/opt/homebrew/lib/node_modules/appium/node_modules/async-lock/lib/index.js:189:3)
    at AndroidUiautomator2Driver.executeCommand (/opt/homebrew/lib/node_modules/appium/node_modules/@appium/base-driver/build/lib/basedriver/driver.js:161:45)
    at process.processTicksAndRejections (node:internal/process/task_queues:104:5)
    at async defaultBehavior (/opt/homebrew/lib/node_modules/appium/build/lib/appium.js:634:20)
    at async AppiumDriver.executeWrappedCommand (/opt/homebrew/lib/node_modules/appium/build/lib/appium.js:726:22)
    at async AppiumDriver.executeCommand (/opt/homebrew/lib/node_modules/appium/build/lib/appium.js:645:21)
    at async doJwpProxy (/opt/homebrew/lib/node_modules/appium/node_modules/@appium/base-driver/build/lib/protocol/protocol.js:476:9)
    at async asyncHandler (/opt/homebrew/lib/node_modules/appium/node_modules/@appium/base-driver/build/lib/protocol/protocol.js:307:21)
2026-08-12 14:01:37 [ERROR   ] screenshot_utils.py:58 — Screenshot capture failed: Message: 'GET /screenshot' cannot be proxied to UiAutomator2 server because the instrumentation process is not running (probably crashed). Check the server log and/or the logcat output for more details
Stacktrace:
UnknownError: 'GET /screenshot' cannot be proxied to UiAutomator2 server because the instrumentation process is not running (probably crashed). Check the server log and/or the logcat output for more details
    at UIA2Proxy.command (/opt/homebrew/lib/node_modules/appium/node_modules/@appium/base-driver/build/lib/jsonwp-proxy/proxy.js:272:19)
    at process.processTicksAndRejections (node:internal/process/task_queues:104:5)
    at async AndroidUiautomator2Driver.getScreenshot (/Users/vc.rajdeep.kumar/.appium/node_modules/appium-uiautomator2-driver/build/lib/commands/screenshot.js:72:19)
2026-08-12 14:01:37 [ERROR   ] screenshot_utils.py:81 — Page source save failed: Message: 'GET /session/1dfeaff2-643e-4e8b-807b-980f5267a060/source' cannot be proxied to UiAutomator2 server because the instrumentation process is not running (probably crashed). Check the server log and/or the logcat output for more details
Stacktrace:
InvalidContextError: 'GET /session/1dfeaff2-643e-4e8b-807b-980f5267a060/source' cannot be proxied to UiAutomator2 server because the instrumentation process is not running (probably crashed). Check the server log and/or the logcat output for more details
    at UIA2Proxy.proxyCommand (/Users/vc.rajdeep.kumar/.appium/node_modules/appium-uiautomator2-driver/build/lib/uiautomator2.js:32:19)
    at UIA2Proxy.proxyReqRes (/opt/homebrew/lib/node_modules/appium/node_modules/@appium/base-driver/build/lib/jsonwp-proxy/proxy.js:325:49)
    at runCommandPromise (/opt/homebrew/lib/node_modules/appium/node_modules/@appium/base-driver/build/lib/basedriver/driver.js:121:30)
    at /opt/homebrew/lib/node_modules/appium/node_modules/async-lock/lib/index.js:171:12
    at AsyncLock._promiseTry (/opt/homebrew/lib/node_modules/appium/node_modules/async-lock/lib/index.js:306:31)
    at exec (/opt/homebrew/lib/node_modules/appium/node_modules/async-lock/lib/index.js:170:9)
    at AsyncLock.acquire (/opt/homebrew/lib/node_modules/appium/node_modules/async-lock/lib/index.js:189:3)
    at AndroidUiautomator2Driver.executeCommand (/opt/homebrew/lib/node_modules/appium/node_modules/@appium/base-driver/build/lib/basedriver/driver.js:161:45)
    at process.processTicksAndRejections (node:internal/process/task_queues:104:5)
    at async defaultBehavior (/opt/homebrew/lib/node_modules/appium/build/lib/appium.js:634:20)
    at async AppiumDriver.executeWrappedCommand (/opt/homebrew/lib/node_modules/appium/build/lib/appium.js:726:22)
    at async AppiumDriver.executeCommand (/opt/homebrew/lib/node_modules/appium/build/lib/appium.js:645:21)
    at async doJwpProxy (/opt/homebrew/lib/node_modules/appium/node_modules/@appium/base-driver/build/lib/protocol/protocol.js:476:9)
    at async asyncHandler (/opt/homebrew/lib/node_modules/appium/node_modules/@appium/base-driver/build/lib/protocol/protocol.js:307:21)
2026-08-12 14:01:37 [ERROR   ] conftest.py:355 — Test FAILED: test_swipe_to_next_video
2026-08-12 14:01:37 [INFO    ] conftest.py:262 — Closing driver session.
2026-08-12 14:01:44 [INFO    ] conftest.py:227 — ==================================================
2026-08-12 14:01:44 [INFO    ] conftest.py:228 — DRIVER SETUP START
2026-08-12 14:01:44 [INFO    ] conftest.py:229 — ==================================================
2026-08-12 14:01:44 [INFO    ] conftest.py:116 — Driver creation attempt 1/2
2026-08-12 14:01:44 [INFO    ] driver_factory.py:53 — ========== DRIVER CREATION START ==========
2026-08-12 14:01:44 [INFO    ] driver_factory.py:70 — Device: emulator | Env: qa | Platform: Android
2026-08-12 14:01:44 [INFO    ] driver_factory.py:132 — Device Name: Android Emulator
2026-08-12 14:01:44 [INFO    ] driver_factory.py:133 — UDID: emulator-5554
2026-08-12 14:01:44 [INFO    ] driver_factory.py:147 — App Package: com.zee5.hipi (noReset=true, activity not set)
2026-08-12 14:01:53 [INFO    ] driver_factory.py:108 — App launched by driver. Waiting for stabilization...
2026-08-12 14:01:58 [INFO    ] driver_factory.py:111 — ========== DRIVER CREATED SUCCESSFULLY ==========
2026-08-12 14:01:58 [INFO    ] conftest.py:238 — Driver created successfully.
2026-08-12 14:02:03 [INFO    ] popup_handler.py:122 — Checking for 'Get Started' screen...
2026-08-12 14:02:15 [INFO    ] popup_handler.py:134 — 'Get Started' screen not present — skipping.
2026-08-12 14:02:15 [INFO    ] conftest.py:153 — App readiness probe: HiPi is in foreground (com.zee5.hipi).
2026-08-12 14:02:15 [INFO    ] conftest.py:251 — DRIVER SETUP COMPLETE
2026-08-12 14:02:15 [INFO    ] base_test.py:20 — BaseTest setup completed.
2026-08-12 14:02:15 [INFO    ] test_login.py:126 — ========== SMOKE LOGIN START ==========
2026-08-12 14:02:15 [INFO    ] base_test.py:30 — Logging in as default test user.
2026-08-12 14:02:15 [INFO    ] login_page.py:590 — ========== LOGIN FLOW START ==========
2026-08-12 14:02:16 [INFO    ] login_page.py:34 — Opening profile tab
2026-08-12 14:02:17 [INFO    ] login_page.py:44 — Profile tab open attempt 1/2
2026-08-12 14:02:19 [ERROR   ] base_page.py:118 — Click failed on attempt 1 for ('-android uiautomator', 'new UiSelector().className("android.view.View").instance(24)'): Message: 'POST /element' cannot be proxied to UiAutomator2 server because the instrumentation process is not running (probably crashed). Check the server log and/or the logcat output for more details
Stacktrace:
UnknownError: 'POST /element' cannot be proxied to UiAutomator2 server because the instrumentation process is not running (probably crashed). Check the server log and/or the logcat output for more details
    at UIA2Proxy.command (/opt/homebrew/lib/node_modules/appium/node_modules/@appium/base-driver/build/lib/jsonwp-proxy/proxy.js:272:19)
    at async AndroidUiautomator2Driver.doFindElementOrEls (/Users/vc.rajdeep.kumar/.appium/node_modules/appium-uiautomator2-driver/build/lib/commands/find.js:24:13)
    at async doFind (/Users/vc.rajdeep.kumar/.appium/node_modules/appium-uiautomator2-driver/node_modules/appium-android-driver/build/lib/commands/find.js:24:23)
    at async wrappedCondFn (/opt/homebrew/lib/node_modules/appium/node_modules/@appium/base-driver/build/lib/basedriver/commands/timeout.js:97:20)
    at async spin (/opt/homebrew/lib/node_modules/appium/node_modules/asyncbox/build/lib/asyncbox.js:174:24)
    at async spin (/opt/homebrew/lib/node_modules/appium/node_modules/asyncbox/build/lib/asyncbox.js:184:20)
    at async spin (/opt/homebrew/lib/node_modules/appium/node_modules/asyncbox/build/lib/asyncbox.js:184:20)
    at async waitForCondition (/opt/homebrew/lib/node_modules/appium/node_modules/asyncbox/build/lib/asyncbox.js:192:12)
    at async AndroidUiautomator2Driver.implicitWaitForCondition (/opt/homebrew/lib/node_modules/appium/node_modules/@appium/base-driver/build/lib/basedriver/commands/timeout.js:99:16)
    at async AndroidUiautomator2Driver.findElOrEls (/Users/vc.rajdeep.kumar/.appium/node_modules/appium-uiautomator2-driver/node_modules/appium-android-driver/build/lib/commands/find.js:45:9)
    at async AndroidUiautomator2Driver.findElOrElsWithProcessing (/opt/homebrew/lib/node_modules/appium/node_modules/@appium/base-driver/build/lib/basedriver/commands/find.js:12:16)
    at async AndroidUiautomator2Driver.findElement (/opt/homebrew/lib/node_modules/appium/node_modules/@appium/base-driver/build/lib/basedriver/commands/find.js:27:16)
2026-08-12 14:02:19 [WARNING ] base_page.py:262 — Attempting to recover application state...
2026-08-12 14:02:23 [INFO    ] base_page.py:266 — App recovery attempt completed.
2026-08-12 14:02:23 [ERROR   ] screenshot_utils.py:58 — Screenshot capture failed: Message: 'GET /screenshot' cannot be proxied to UiAutomator2 server because the instrumentation process is not running (probably crashed). Check the server log and/or the logcat output for more details
Stacktrace:
UnknownError: 'GET /screenshot' cannot be proxied to UiAutomator2 server because the instrumentation process is not running (probably crashed). Check the server log and/or the logcat output for more details
    at UIA2Proxy.command (/opt/homebrew/lib/node_modules/appium/node_modules/@appium/base-driver/build/lib/jsonwp-proxy/proxy.js:272:19)
    at process.processTicksAndRejections (node:internal/process/task_queues:104:5)
    at async AndroidUiautomator2Driver.getScreenshot (/Users/vc.rajdeep.kumar/.appium/node_modules/appium-uiautomator2-driver/build/lib/commands/screenshot.js:72:19)
2026-08-12 14:02:23 [ERROR   ] screenshot_utils.py:81 — Page source save failed: Message: 'GET /session/e725a88d-5a33-4127-b365-98b77083e507/source' cannot be proxied to UiAutomator2 server because the instrumentation process is not running (probably crashed). Check the server log and/or the logcat output for more details
Stacktrace:
InvalidContextError: 'GET /session/e725a88d-5a33-4127-b365-98b77083e507/source' cannot be proxied to UiAutomator2 server because the instrumentation process is not running (probably crashed). Check the server log and/or the logcat output for more details
    at UIA2Proxy.proxyCommand (/Users/vc.rajdeep.kumar/.appium/node_modules/appium-uiautomator2-driver/build/lib/uiautomator2.js:32:19)
    at UIA2Proxy.proxyReqRes (/opt/homebrew/lib/node_modules/appium/node_modules/@appium/base-driver/build/lib/jsonwp-proxy/proxy.js:325:49)
    at runCommandPromise (/opt/homebrew/lib/node_modules/appium/node_modules/@appium/base-driver/build/lib/basedriver/driver.js:121:30)
    at /opt/homebrew/lib/node_modules/appium/node_modules/async-lock/lib/index.js:171:12
    at AsyncLock._promiseTry (/opt/homebrew/lib/node_modules/appium/node_modules/async-lock/lib/index.js:306:31)
    at exec (/opt/homebrew/lib/node_modules/appium/node_modules/async-lock/lib/index.js:170:9)
    at AsyncLock.acquire (/opt/homebrew/lib/node_modules/appium/node_modules/async-lock/lib/index.js:189:3)
    at AndroidUiautomator2Driver.executeCommand (/opt/homebrew/lib/node_modules/appium/node_modules/@appium/base-driver/build/lib/basedriver/driver.js:161:45)
    at process.processTicksAndRejections (node:internal/process/task_queues:104:5)
    at async defaultBehavior (/opt/homebrew/lib/node_modules/appium/build/lib/appium.js:634:20)
    at async AppiumDriver.executeWrappedCommand (/opt/homebrew/lib/node_modules/appium/build/lib/appium.js:726:22)
    at async AppiumDriver.executeCommand (/opt/homebrew/lib/node_modules/appium/build/lib/appium.js:645:21)
    at async doJwpProxy (/opt/homebrew/lib/node_modules/appium/node_modules/@appium/base-driver/build/lib/protocol/protocol.js:476:9)
    at async asyncHandler (/opt/homebrew/lib/node_modules/appium/node_modules/@appium/base-driver/build/lib/protocol/protocol.js:307:21)
2026-08-12 14:02:23 [WARNING ] login_page.py:88 — Element-based click failed: Unable to click ('-android uiautomator', 'new UiSelector().className("android.view.View").instance(24)') after 1 retries. Last exception: Message: 'POST /element' cannot be proxied to UiAutomator2 server because the instrumentation process is not running (probably crashed). Check the server log and/or the logcat output for more details
Stacktrace:
UnknownError: 'POST /element' cannot be proxied to UiAutomator2 server because the instrumentation process is not running (probably crashed). Check the server log and/or the logcat output for more details
    at UIA2Proxy.command (/opt/homebrew/lib/node_modules/appium/node_modules/@appium/base-driver/build/lib/jsonwp-proxy/proxy.js:272:19)
    at async AndroidUiautomator2Driver.doFindElementOrEls (/Users/vc.rajdeep.kumar/.appium/node_modules/appium-uiautomator2-driver/build/lib/commands/find.js:24:13)
    at async doFind (/Users/vc.rajdeep.kumar/.appium/node_modules/appium-uiautomator2-driver/node_modules/appium-android-driver/build/lib/commands/find.js:24:23)
    at async wrappedCondFn (/opt/homebrew/lib/node_modules/appium/node_modules/@appium/base-driver/build/lib/basedriver/commands/timeout.js:97:20)
    at async spin (/opt/homebrew/lib/node_modules/appium/node_modules/asyncbox/build/lib/asyncbox.js:174:24)
    at async spin (/opt/homebrew/lib/node_modules/appium/node_modules/asyncbox/build/lib/asyncbox.js:184:20)
    at async spin (/opt/homebrew/lib/node_modules/appium/node_modules/asyncbox/build/lib/asyncbox.js:184:20)
    at async waitForCondition (/opt/homebrew/lib/node_modules/appium/node_modules/asyncbox/build/lib/asyncbox.js:192:12)
    at async AndroidUiautomator2Driver.implicitWaitForCondition (/opt/homebrew/lib/node_modules/appium/node_modules/@appium/base-driver/build/lib/basedriver/commands/timeout.js:99:16)
    at async AndroidUiautomator2Driver.findElOrEls (/Users/vc.rajdeep.kumar/.appium/node_modules/appium-uiautomator2-driver/node_modules/appium-android-driver/build/lib/commands/find.js:45:9)
    at async AndroidUiautomator2Driver.findElOrElsWithProcessing (/opt/homebrew/lib/node_modules/appium/node_modules/@appium/base-driver/build/lib/basedriver/commands/find.js:12:16)
    at async AndroidUiautomator2Driver.findElement (/opt/homebrew/lib/node_modules/appium/node_modules/@appium/base-driver/build/lib/basedriver/commands/find.js:27:16)
2026-08-12 14:02:23 [WARNING ] login_page.py:115 — Coordinate tap failed: Message: 'GET /window/current/size' cannot be proxied to UiAutomator2 server because the instrumentation process is not running (probably crashed). Check the server log and/or the logcat output for more details
Stacktrace:
UnknownError: 'GET /window/current/size' cannot be proxied to UiAutomator2 server because the instrumentation process is not running (probably crashed). Check the server log and/or the logcat output for more details
    at UIA2Proxy.command (/opt/homebrew/lib/node_modules/appium/node_modules/@appium/base-driver/build/lib/jsonwp-proxy/proxy.js:272:19)
    at process.processTicksAndRejections (node:internal/process/task_queues:104:5)
    at async AndroidUiautomator2Driver.getWindowSize (/Users/vc.rajdeep.kumar/.appium/node_modules/appium-uiautomator2-driver/build/lib/commands/viewport.js:73:13)
    at async AndroidUiautomator2Driver.getWindowRect (/Users/vc.rajdeep.kumar/.appium/node_modules/appium-uiautomator2-driver/build/lib/commands/viewport.js:53:31)
2026-08-12 14:02:29 [ERROR   ] base_page.py:92 — None of the candidate locators became visible within 6s. Candidates: [('-android uiautomator', 'new UiSelector().textContains("Continue")'), ('class name', 'android.widget.EditText')]. Last error: Message: 'POST /elements' cannot be proxied to UiAutomator2 server because the instrumentation process is not running (probably crashed). Check the server log and/or the logcat output for more details
Stacktrace:
UnknownError: 'POST /elements' cannot be proxied to UiAutomator2 server because the instrumentation process is not running (probably crashed). Check the server log and/or the logcat output for more details
    at UIA2Proxy.command (/opt/homebrew/lib/node_modules/appium/node_modules/@appium/base-driver/build/lib/jsonwp-proxy/proxy.js:272:19)
    at process.processTicksAndRejections (node:internal/process/task_queues:104:5)
    at async AndroidUiautomator2Driver.doFindElementOrEls (/Users/vc.rajdeep.kumar/.appium/node_modules/appium-uiautomator2-driver/build/lib/commands/find.js:24:13)
    at async doFind (/Users/vc.rajdeep.kumar/.appium/node_modules/appium-uiautomator2-driver/node_modules/appium-android-driver/build/lib/commands/find.js:24:23)
    at async wrappedCondFn (/opt/homebrew/lib/node_modules/appium/node_modules/@appium/base-driver/build/lib/basedriver/commands/timeout.js:97:20)
    at async spin (/opt/homebrew/lib/node_modules/appium/node_modules/asyncbox/build/lib/asyncbox.js:174:24)
    at async waitForCondition (/opt/homebrew/lib/node_modules/appium/node_modules/asyncbox/build/lib/asyncbox.js:192:12)
    at async AndroidUiautomator2Driver.implicitWaitForCondition (/opt/homebrew/lib/node_modules/appium/node_modules/@appium/base-driver/build/lib/basedriver/commands/timeout.js:99:16)
    at async AndroidUiautomator2Driver.findElOrEls (/Users/vc.rajdeep.kumar/.appium/node_modules/appium-uiautomator2-driver/node_modules/appium-android-driver/build/lib/commands/find.js:45:9)
    at async AndroidUiautomator2Driver.findElOrElsWithProcessing (/opt/homebrew/lib/node_modules/appium/node_modules/@appium/base-driver/build/lib/basedriver/commands/find.js:12:16)
    at async AndroidUiautomator2Driver.findElements (/opt/homebrew/lib/node_modules/appium/node_modules/@appium/base-driver/build/lib/basedriver/commands/find.js:30:16)
2026-08-12 14:02:29 [ERROR   ] screenshot_utils.py:58 — Screenshot capture failed: Message: 'GET /screenshot' cannot be proxied to UiAutomator2 server because the instrumentation process is not running (probably crashed). Check the server log and/or the logcat output for more details
Stacktrace:
UnknownError: 'GET /screenshot' cannot be proxied to UiAutomator2 server because the instrumentation process is not running (probably crashed). Check the server log and/or the logcat output for more details
    at UIA2Proxy.command (/opt/homebrew/lib/node_modules/appium/node_modules/@appium/base-driver/build/lib/jsonwp-proxy/proxy.js:272:19)
    at process.processTicksAndRejections (node:internal/process/task_queues:104:5)
    at async AndroidUiautomator2Driver.getScreenshot (/Users/vc.rajdeep.kumar/.appium/node_modules/appium-uiautomator2-driver/build/lib/commands/screenshot.js:72:19)
2026-08-12 14:02:29 [ERROR   ] screenshot_utils.py:81 — Page source save failed: Message: 'GET /session/e725a88d-5a33-4127-b365-98b77083e507/source' cannot be proxied to UiAutomator2 server because the instrumentation process is not running (probably crashed). Check the server log and/or the logcat output for more details
Stacktrace:
InvalidContextError: 'GET /session/e725a88d-5a33-4127-b365-98b77083e507/source' cannot be proxied to UiAutomator2 server because the instrumentation process is not running (probably crashed). Check the server log and/or the logcat output for more details
    at UIA2Proxy.proxyCommand (/Users/vc.rajdeep.kumar/.appium/node_modules/appium-uiautomator2-driver/build/lib/uiautomator2.js:32:19)
    at UIA2Proxy.proxyReqRes (/opt/homebrew/lib/node_modules/appium/node_modules/@appium/base-driver/build/lib/jsonwp-proxy/proxy.js:325:49)
    at runCommandPromise (/opt/homebrew/lib/node_modules/appium/node_modules/@appium/base-driver/build/lib/basedriver/driver.js:121:30)
    at /opt/homebrew/lib/node_modules/appium/node_modules/async-lock/lib/index.js:171:12
    at AsyncLock._promiseTry (/opt/homebrew/lib/node_modules/appium/node_modules/async-lock/lib/index.js:306:31)
    at exec (/opt/homebrew/lib/node_modules/appium/node_modules/async-lock/lib/index.js:170:9)
    at AsyncLock.acquire (/opt/homebrew/lib/node_modules/appium/node_modules/async-lock/lib/index.js:189:3)
    at AndroidUiautomator2Driver.executeCommand (/opt/homebrew/lib/node_modules/appium/node_modules/@appium/base-driver/build/lib/basedriver/driver.js:161:45)
    at process.processTicksAndRejections (node:internal/process/task_queues:104:5)
    at async defaultBehavior (/opt/homebrew/lib/node_modules/appium/build/lib/appium.js:634:20)
    at async AppiumDriver.executeWrappedCommand (/opt/homebrew/lib/node_modules/appium/build/lib/appium.js:726:22)
    at async AppiumDriver.executeCommand (/opt/homebrew/lib/node_modules/appium/build/lib/appium.js:645:21)
    at async doJwpProxy (/opt/homebrew/lib/node_modules/appium/node_modules/@appium/base-driver/build/lib/protocol/protocol.js:476:9)
    at async asyncHandler (/opt/homebrew/lib/node_modules/appium/node_modules/@appium/base-driver/build/lib/protocol/protocol.js:307:21)
2026-08-12 14:02:29 [WARNING ] login_page.py:139 — Attempt 1 did not reach the login sheet, recovering and retrying...
2026-08-12 14:02:29 [WARNING ] base_page.py:262 — Attempting to recover application state...
2026-08-12 14:02:33 [INFO    ] base_page.py:266 — App recovery attempt completed.
2026-08-12 14:02:35 [INFO    ] login_page.py:44 — Profile tab open attempt 2/2
2026-08-12 14:02:35 [ERROR   ] base_page.py:118 — Click failed on attempt 1 for ('-android uiautomator', 'new UiSelector().className("android.view.View").instance(24)'): Message: 'POST /element' cannot be proxied to UiAutomator2 server because the instrumentation process is not running (probably crashed). Check the server log and/or the logcat output for more details
Stacktrace:
UnknownError: 'POST /element' cannot be proxied to UiAutomator2 server because the instrumentation process is not running (probably crashed). Check the server log and/or the logcat output for more details
    at UIA2Proxy.command (/opt/homebrew/lib/node_modules/appium/node_modules/@appium/base-driver/build/lib/jsonwp-proxy/proxy.js:272:19)
    at process.processTicksAndRejections (node:internal/process/task_queues:104:5)
    at async AndroidUiautomator2Driver.doFindElementOrEls (/Users/vc.rajdeep.kumar/.appium/node_modules/appium-uiautomator2-driver/build/lib/commands/find.js:24:13)
    at async doFind (/Users/vc.rajdeep.kumar/.appium/node_modules/appium-uiautomator2-driver/node_modules/appium-android-driver/build/lib/commands/find.js:24:23)
    at async wrappedCondFn (/opt/homebrew/lib/node_modules/appium/node_modules/@appium/base-driver/build/lib/basedriver/commands/timeout.js:97:20)
    at async spin (/opt/homebrew/lib/node_modules/appium/node_modules/asyncbox/build/lib/asyncbox.js:174:24)
    at async waitForCondition (/opt/homebrew/lib/node_modules/appium/node_modules/asyncbox/build/lib/asyncbox.js:192:12)
    at async AndroidUiautomator2Driver.implicitWaitForCondition (/opt/homebrew/lib/node_modules/appium/node_modules/@appium/base-driver/build/lib/basedriver/commands/timeout.js:99:16)
    at async AndroidUiautomator2Driver.findElOrEls (/Users/vc.rajdeep.kumar/.appium/node_modules/appium-uiautomator2-driver/node_modules/appium-android-driver/build/lib/commands/find.js:45:9)
    at async AndroidUiautomator2Driver.findElOrElsWithProcessing (/opt/homebrew/lib/node_modules/appium/node_modules/@appium/base-driver/build/lib/basedriver/commands/find.js:12:16)
    at async AndroidUiautomator2Driver.findElement (/opt/homebrew/lib/node_modules/appium/node_modules/@appium/base-driver/build/lib/basedriver/commands/find.js:27:16)
2026-08-12 14:02:35 [WARNING ] base_page.py:262 — Attempting to recover application state...
2026-08-12 14:02:38 [INFO    ] base_page.py:266 — App recovery attempt completed.
2026-08-12 14:02:38 [ERROR   ] screenshot_utils.py:58 — Screenshot capture failed: Message: 'GET /screenshot' cannot be proxied to UiAutomator2 server because the instrumentation process is not running (probably crashed). Check the server log and/or the logcat output for more details
Stacktrace:
UnknownError: 'GET /screenshot' cannot be proxied to UiAutomator2 server because the instrumentation process is not running (probably crashed). Check the server log and/or the logcat output for more details
    at UIA2Proxy.command (/opt/homebrew/lib/node_modules/appium/node_modules/@appium/base-driver/build/lib/jsonwp-proxy/proxy.js:272:19)
    at process.processTicksAndRejections (node:internal/process/task_queues:104:5)
    at async AndroidUiautomator2Driver.getScreenshot (/Users/vc.rajdeep.kumar/.appium/node_modules/appium-uiautomator2-driver/build/lib/commands/screenshot.js:72:19)
2026-08-12 14:02:38 [ERROR   ] screenshot_utils.py:81 — Page source save failed: Message: 'GET /session/e725a88d-5a33-4127-b365-98b77083e507/source' cannot be proxied to UiAutomator2 server because the instrumentation process is not running (probably crashed). Check the server log and/or the logcat output for more details
Stacktrace:
InvalidContextError: 'GET /session/e725a88d-5a33-4127-b365-98b77083e507/source' cannot be proxied to UiAutomator2 server because the instrumentation process is not running (probably crashed). Check the server log and/or the logcat output for more details
    at UIA2Proxy.proxyCommand (/Users/vc.rajdeep.kumar/.appium/node_modules/appium-uiautomator2-driver/build/lib/uiautomator2.js:32:19)
    at UIA2Proxy.proxyReqRes (/opt/homebrew/lib/node_modules/appium/node_modules/@appium/base-driver/build/lib/jsonwp-proxy/proxy.js:325:49)
    at runCommandPromise (/opt/homebrew/lib/node_modules/appium/node_modules/@appium/base-driver/build/lib/basedriver/driver.js:121:30)
    at /opt/homebrew/lib/node_modules/appium/node_modules/async-lock/lib/index.js:171:12
    at AsyncLock._promiseTry (/opt/homebrew/lib/node_modules/appium/node_modules/async-lock/lib/index.js:306:31)
    at exec (/opt/homebrew/lib/node_modules/appium/node_modules/async-lock/lib/index.js:170:9)
    at AsyncLock.acquire (/opt/homebrew/lib/node_modules/appium/node_modules/async-lock/lib/index.js:189:3)
    at AndroidUiautomator2Driver.executeCommand (/opt/homebrew/lib/node_modules/appium/node_modules/@appium/base-driver/build/lib/basedriver/driver.js:161:45)
    at process.processTicksAndRejections (node:internal/process/task_queues:104:5)
    at async defaultBehavior (/opt/homebrew/lib/node_modules/appium/build/lib/appium.js:634:20)
    at async AppiumDriver.executeWrappedCommand (/opt/homebrew/lib/node_modules/appium/build/lib/appium.js:726:22)
    at async AppiumDriver.executeCommand (/opt/homebrew/lib/node_modules/appium/build/lib/appium.js:645:21)
    at async doJwpProxy (/opt/homebrew/lib/node_modules/appium/node_modules/@appium/base-driver/build/lib/protocol/protocol.js:476:9)
    at async asyncHandler (/opt/homebrew/lib/node_modules/appium/node_modules/@appium/base-driver/build/lib/protocol/protocol.js:307:21)
2026-08-12 14:02:38 [WARNING ] login_page.py:88 — Element-based click failed: Unable to click ('-android uiautomator', 'new UiSelector().className("android.view.View").instance(24)') after 1 retries. Last exception: Message: 'POST /element' cannot be proxied to UiAutomator2 server because the instrumentation process is not running (probably crashed). Check the server log and/or the logcat output for more details
Stacktrace:
UnknownError: 'POST /element' cannot be proxied to UiAutomator2 server because the instrumentation process is not running (probably crashed). Check the server log and/or the logcat output for more details
    at UIA2Proxy.command (/opt/homebrew/lib/node_modules/appium/node_modules/@appium/base-driver/build/lib/jsonwp-proxy/proxy.js:272:19)
    at process.processTicksAndRejections (node:internal/process/task_queues:104:5)
    at async AndroidUiautomator2Driver.doFindElementOrEls (/Users/vc.rajdeep.kumar/.appium/node_modules/appium-uiautomator2-driver/build/lib/commands/find.js:24:13)
    at async doFind (/Users/vc.rajdeep.kumar/.appium/node_modules/appium-uiautomator2-driver/node_modules/appium-android-driver/build/lib/commands/find.js:24:23)
    at async wrappedCondFn (/opt/homebrew/lib/node_modules/appium/node_modules/@appium/base-driver/build/lib/basedriver/commands/timeout.js:97:20)
    at async spin (/opt/homebrew/lib/node_modules/appium/node_modules/asyncbox/build/lib/asyncbox.js:174:24)
    at async waitForCondition (/opt/homebrew/lib/node_modules/appium/node_modules/asyncbox/build/lib/asyncbox.js:192:12)
    at async AndroidUiautomator2Driver.implicitWaitForCondition (/opt/homebrew/lib/node_modules/appium/node_modules/@appium/base-driver/build/lib/basedriver/commands/timeout.js:99:16)
    at async AndroidUiautomator2Driver.findElOrEls (/Users/vc.rajdeep.kumar/.appium/node_modules/appium-uiautomator2-driver/node_modules/appium-android-driver/build/lib/commands/find.js:45:9)
    at async AndroidUiautomator2Driver.findElOrElsWithProcessing (/opt/homebrew/lib/node_modules/appium/node_modules/@appium/base-driver/build/lib/basedriver/commands/find.js:12:16)
    at async AndroidUiautomator2Driver.findElement (/opt/homebrew/lib/node_modules/appium/node_modules/@appium/base-driver/build/lib/basedriver/commands/find.js:27:16)
2026-08-12 14:02:39 [WARNING ] login_page.py:115 — Coordinate tap failed: Message: 'GET /window/current/size' cannot be proxied to UiAutomator2 server because the instrumentation process is not running (probably crashed). Check the server log and/or the logcat output for more details
Stacktrace:
UnknownError: 'GET /window/current/size' cannot be proxied to UiAutomator2 server because the instrumentation process is not running (probably crashed). Check the server log and/or the logcat output for more details
    at UIA2Proxy.command (/opt/homebrew/lib/node_modules/appium/node_modules/@appium/base-driver/build/lib/jsonwp-proxy/proxy.js:272:19)
    at process.processTicksAndRejections (node:internal/process/task_queues:104:5)
    at async AndroidUiautomator2Driver.getWindowSize (/Users/vc.rajdeep.kumar/.appium/node_modules/appium-uiautomator2-driver/build/lib/commands/viewport.js:73:13)
    at async AndroidUiautomator2Driver.getWindowRect (/Users/vc.rajdeep.kumar/.appium/node_modules/appium-uiautomator2-driver/build/lib/commands/viewport.js:53:31)
2026-08-12 14:02:45 [ERROR   ] base_page.py:92 — None of the candidate locators became visible within 6s. Candidates: [('-android uiautomator', 'new UiSelector().textContains("Continue")'), ('class name', 'android.widget.EditText')]. Last error: Message: 'POST /elements' cannot be proxied to UiAutomator2 server because the instrumentation process is not running (probably crashed). Check the server log and/or the logcat output for more details
Stacktrace:
UnknownError: 'POST /elements' cannot be proxied to UiAutomator2 server because the instrumentation process is not running (probably crashed). Check the server log and/or the logcat output for more details
    at UIA2Proxy.command (/opt/homebrew/lib/node_modules/appium/node_modules/@appium/base-driver/build/lib/jsonwp-proxy/proxy.js:272:19)
    at process.processTicksAndRejections (node:internal/process/task_queues:104:5)
    at async AndroidUiautomator2Driver.doFindElementOrEls (/Users/vc.rajdeep.kumar/.appium/node_modules/appium-uiautomator2-driver/build/lib/commands/find.js:24:13)
    at async doFind (/Users/vc.rajdeep.kumar/.appium/node_modules/appium-uiautomator2-driver/node_modules/appium-android-driver/build/lib/commands/find.js:24:23)
    at async wrappedCondFn (/opt/homebrew/lib/node_modules/appium/node_modules/@appium/base-driver/build/lib/basedriver/commands/timeout.js:97:20)
    at async spin (/opt/homebrew/lib/node_modules/appium/node_modules/asyncbox/build/lib/asyncbox.js:174:24)
    at async waitForCondition (/opt/homebrew/lib/node_modules/appium/node_modules/asyncbox/build/lib/asyncbox.js:192:12)
    at async AndroidUiautomator2Driver.implicitWaitForCondition (/opt/homebrew/lib/node_modules/appium/node_modules/@appium/base-driver/build/lib/basedriver/commands/timeout.js:99:16)
    at async AndroidUiautomator2Driver.findElOrEls (/Users/vc.rajdeep.kumar/.appium/node_modules/appium-uiautomator2-driver/node_modules/appium-android-driver/build/lib/commands/find.js:45:9)
    at async AndroidUiautomator2Driver.findElOrElsWithProcessing (/opt/homebrew/lib/node_modules/appium/node_modules/@appium/base-driver/build/lib/basedriver/commands/find.js:12:16)
    at async AndroidUiautomator2Driver.findElements (/opt/homebrew/lib/node_modules/appium/node_modules/@appium/base-driver/build/lib/basedriver/commands/find.js:30:16)
2026-08-12 14:02:45 [ERROR   ] screenshot_utils.py:58 — Screenshot capture failed: Message: 'GET /screenshot' cannot be proxied to UiAutomator2 server because the instrumentation process is not running (probably crashed). Check the server log and/or the logcat output for more details
Stacktrace:
UnknownError: 'GET /screenshot' cannot be proxied to UiAutomator2 server because the instrumentation process is not running (probably crashed). Check the server log and/or the logcat output for more details
    at UIA2Proxy.command (/opt/homebrew/lib/node_modules/appium/node_modules/@appium/base-driver/build/lib/jsonwp-proxy/proxy.js:272:19)
    at process.processTicksAndRejections (node:internal/process/task_queues:104:5)
    at async AndroidUiautomator2Driver.getScreenshot (/Users/vc.rajdeep.kumar/.appium/node_modules/appium-uiautomator2-driver/build/lib/commands/screenshot.js:72:19)
2026-08-12 14:02:45 [ERROR   ] screenshot_utils.py:81 — Page source save failed: Message: 'GET /session/e725a88d-5a33-4127-b365-98b77083e507/source' cannot be proxied to UiAutomator2 server because the instrumentation process is not running (probably crashed). Check the server log and/or the logcat output for more details
Stacktrace:
InvalidContextError: 'GET /session/e725a88d-5a33-4127-b365-98b77083e507/source' cannot be proxied to UiAutomator2 server because the instrumentation process is not running (probably crashed). Check the server log and/or the logcat output for more details
    at UIA2Proxy.proxyCommand (/Users/vc.rajdeep.kumar/.appium/node_modules/appium-uiautomator2-driver/build/lib/uiautomator2.js:32:19)
    at UIA2Proxy.proxyReqRes (/opt/homebrew/lib/node_modules/appium/node_modules/@appium/base-driver/build/lib/jsonwp-proxy/proxy.js:325:49)
    at runCommandPromise (/opt/homebrew/lib/node_modules/appium/node_modules/@appium/base-driver/build/lib/basedriver/driver.js:121:30)
    at /opt/homebrew/lib/node_modules/appium/node_modules/async-lock/lib/index.js:171:12
    at AsyncLock._promiseTry (/opt/homebrew/lib/node_modules/appium/node_modules/async-lock/lib/index.js:306:31)
    at exec (/opt/homebrew/lib/node_modules/appium/node_modules/async-lock/lib/index.js:170:9)
    at AsyncLock.acquire (/opt/homebrew/lib/node_modules/appium/node_modules/async-lock/lib/index.js:189:3)
    at AndroidUiautomator2Driver.executeCommand (/opt/homebrew/lib/node_modules/appium/node_modules/@appium/base-driver/build/lib/basedriver/driver.js:161:45)
    at process.processTicksAndRejections (node:internal/process/task_queues:104:5)
    at async defaultBehavior (/opt/homebrew/lib/node_modules/appium/build/lib/appium.js:634:20)
    at async AppiumDriver.executeWrappedCommand (/opt/homebrew/lib/node_modules/appium/build/lib/appium.js:726:22)
    at async AppiumDriver.executeCommand (/opt/homebrew/lib/node_modules/appium/build/lib/appium.js:645:21)
    at async doJwpProxy (/opt/homebrew/lib/node_modules/appium/node_modules/@appium/base-driver/build/lib/protocol/protocol.js:476:9)
    at async asyncHandler (/opt/homebrew/lib/node_modules/appium/node_modules/@appium/base-driver/build/lib/protocol/protocol.js:307:21)
2026-08-12 14:02:45 [WARNING ] login_page.py:139 — Attempt 2 did not reach the login sheet, recovering and retrying...
2026-08-12 14:02:45 [WARNING ] base_page.py:262 — Attempting to recover application state...
2026-08-12 14:02:48 [INFO    ] base_page.py:266 — App recovery attempt completed.
2026-08-12 14:02:50 [ERROR   ] login_page.py:152 — Unable to open profile tab / reach login sheet after 2 attempts
2026-08-12 14:02:50 [ERROR   ] screenshot_utils.py:58 — Screenshot capture failed: Message: 'GET /screenshot' cannot be proxied to UiAutomator2 server because the instrumentation process is not running (probably crashed). Check the server log and/or the logcat output for more details
Stacktrace:
UnknownError: 'GET /screenshot' cannot be proxied to UiAutomator2 server because the instrumentation process is not running (probably crashed). Check the server log and/or the logcat output for more details
    at UIA2Proxy.command (/opt/homebrew/lib/node_modules/appium/node_modules/@appium/base-driver/build/lib/jsonwp-proxy/proxy.js:272:19)
    at process.processTicksAndRejections (node:internal/process/task_queues:104:5)
    at async AndroidUiautomator2Driver.getScreenshot (/Users/vc.rajdeep.kumar/.appium/node_modules/appium-uiautomator2-driver/build/lib/commands/screenshot.js:72:19)
2026-08-12 14:02:50 [ERROR   ] screenshot_utils.py:81 — Page source save failed: Message: 'GET /session/e725a88d-5a33-4127-b365-98b77083e507/source' cannot be proxied to UiAutomator2 server because the instrumentation process is not running (probably crashed). Check the server log and/or the logcat output for more details
Stacktrace:
InvalidContextError: 'GET /session/e725a88d-5a33-4127-b365-98b77083e507/source' cannot be proxied to UiAutomator2 server because the instrumentation process is not running (probably crashed). Check the server log and/or the logcat output for more details
    at UIA2Proxy.proxyCommand (/Users/vc.rajdeep.kumar/.appium/node_modules/appium-uiautomator2-driver/build/lib/uiautomator2.js:32:19)
    at UIA2Proxy.proxyReqRes (/opt/homebrew/lib/node_modules/appium/node_modules/@appium/base-driver/build/lib/jsonwp-proxy/proxy.js:325:49)
    at runCommandPromise (/opt/homebrew/lib/node_modules/appium/node_modules/@appium/base-driver/build/lib/basedriver/driver.js:121:30)
    at /opt/homebrew/lib/node_modules/appium/node_modules/async-lock/lib/index.js:171:12
    at AsyncLock._promiseTry (/opt/homebrew/lib/node_modules/appium/node_modules/async-lock/lib/index.js:306:31)
    at exec (/opt/homebrew/lib/node_modules/appium/node_modules/async-lock/lib/index.js:170:9)
    at AsyncLock.acquire (/opt/homebrew/lib/node_modules/appium/node_modules/async-lock/lib/index.js:189:3)
    at AndroidUiautomator2Driver.executeCommand (/opt/homebrew/lib/node_modules/appium/node_modules/@appium/base-driver/build/lib/basedriver/driver.js:161:45)
    at process.processTicksAndRejections (node:internal/process/task_queues:104:5)
    at async defaultBehavior (/opt/homebrew/lib/node_modules/appium/build/lib/appium.js:634:20)
    at async AppiumDriver.executeWrappedCommand (/opt/homebrew/lib/node_modules/appium/build/lib/appium.js:726:22)
    at async AppiumDriver.executeCommand (/opt/homebrew/lib/node_modules/appium/build/lib/appium.js:645:21)
    at async doJwpProxy (/opt/homebrew/lib/node_modules/appium/node_modules/@appium/base-driver/build/lib/protocol/protocol.js:476:9)
    at async asyncHandler (/opt/homebrew/lib/node_modules/appium/node_modules/@appium/base-driver/build/lib/protocol/protocol.js:307:21)
2026-08-12 14:02:50 [ERROR   ] login_page.py:725 — Login flow failed: Unable to open profile tab / reach login sheet after 2 attempts
2026-08-12 14:02:50 [ERROR   ] screenshot_utils.py:58 — Screenshot capture failed: Message: 'GET /screenshot' cannot be proxied to UiAutomator2 server because the instrumentation process is not running (probably crashed). Check the server log and/or the logcat output for more details
Stacktrace:
UnknownError: 'GET /screenshot' cannot be proxied to UiAutomator2 server because the instrumentation process is not running (probably crashed). Check the server log and/or the logcat output for more details
    at UIA2Proxy.command (/opt/homebrew/lib/node_modules/appium/node_modules/@appium/base-driver/build/lib/jsonwp-proxy/proxy.js:272:19)
    at process.processTicksAndRejections (node:internal/process/task_queues:104:5)
    at async AndroidUiautomator2Driver.getScreenshot (/Users/vc.rajdeep.kumar/.appium/node_modules/appium-uiautomator2-driver/build/lib/commands/screenshot.js:72:19)
2026-08-12 14:02:50 [ERROR   ] screenshot_utils.py:81 — Page source save failed: Message: 'GET /session/e725a88d-5a33-4127-b365-98b77083e507/source' cannot be proxied to UiAutomator2 server because the instrumentation process is not running (probably crashed). Check the server log and/or the logcat output for more details
Stacktrace:
InvalidContextError: 'GET /session/e725a88d-5a33-4127-b365-98b77083e507/source' cannot be proxied to UiAutomator2 server because the instrumentation process is not running (probably crashed). Check the server log and/or the logcat output for more details
    at UIA2Proxy.proxyCommand (/Users/vc.rajdeep.kumar/.appium/node_modules/appium-uiautomator2-driver/build/lib/uiautomator2.js:32:19)
    at UIA2Proxy.proxyReqRes (/opt/homebrew/lib/node_modules/appium/node_modules/@appium/base-driver/build/lib/jsonwp-proxy/proxy.js:325:49)
    at runCommandPromise (/opt/homebrew/lib/node_modules/appium/node_modules/@appium/base-driver/build/lib/basedriver/driver.js:121:30)
    at /opt/homebrew/lib/node_modules/appium/node_modules/async-lock/lib/index.js:171:12
    at AsyncLock._promiseTry (/opt/homebrew/lib/node_modules/appium/node_modules/async-lock/lib/index.js:306:31)
    at exec (/opt/homebrew/lib/node_modules/appium/node_modules/async-lock/lib/index.js:170:9)
    at AsyncLock.acquire (/opt/homebrew/lib/node_modules/appium/node_modules/async-lock/lib/index.js:189:3)
    at AndroidUiautomator2Driver.executeCommand (/opt/homebrew/lib/node_modules/appium/node_modules/@appium/base-driver/build/lib/basedriver/driver.js:161:45)
    at process.processTicksAndRejections (node:internal/process/task_queues:104:5)
    at async defaultBehavior (/opt/homebrew/lib/node_modules/appium/build/lib/appium.js:634:20)
    at async AppiumDriver.executeWrappedCommand (/opt/homebrew/lib/node_modules/appium/build/lib/appium.js:726:22)
    at async AppiumDriver.executeCommand (/opt/homebrew/lib/node_modules/appium/build/lib/appium.js:645:21)
    at async doJwpProxy (/opt/homebrew/lib/node_modules/appium/node_modules/@appium/base-driver/build/lib/protocol/protocol.js:476:9)
    at async asyncHandler (/opt/homebrew/lib/node_modules/appium/node_modules/@appium/base-driver/build/lib/protocol/protocol.js:307:21)
2026-08-12 14:02:50 [ERROR   ] screenshot_utils.py:58 — Screenshot capture failed: Message: 'GET /screenshot' cannot be proxied to UiAutomator2 server because the instrumentation process is not running (probably crashed). Check the server log and/or the logcat output for more details
Stacktrace:
UnknownError: 'GET /screenshot' cannot be proxied to UiAutomator2 server because the instrumentation process is not running (probably crashed). Check the server log and/or the logcat output for more details
    at UIA2Proxy.command (/opt/homebrew/lib/node_modules/appium/node_modules/@appium/base-driver/build/lib/jsonwp-proxy/proxy.js:272:19)
    at process.processTicksAndRejections (node:internal/process/task_queues:104:5)
    at async AndroidUiautomator2Driver.getScreenshot (/Users/vc.rajdeep.kumar/.appium/node_modules/appium-uiautomator2-driver/build/lib/commands/screenshot.js:72:19)
2026-08-12 14:02:50 [ERROR   ] screenshot_utils.py:81 — Page source save failed: Message: 'GET /session/e725a88d-5a33-4127-b365-98b77083e507/source' cannot be proxied to UiAutomator2 server because the instrumentation process is not running (probably crashed). Check the server log and/or the logcat output for more details
Stacktrace:
InvalidContextError: 'GET /session/e725a88d-5a33-4127-b365-98b77083e507/source' cannot be proxied to UiAutomator2 server because the instrumentation process is not running (probably crashed). Check the server log and/or the logcat output for more details
    at UIA2Proxy.proxyCommand (/Users/vc.rajdeep.kumar/.appium/node_modules/appium-uiautomator2-driver/build/lib/uiautomator2.js:32:19)
    at UIA2Proxy.proxyReqRes (/opt/homebrew/lib/node_modules/appium/node_modules/@appium/base-driver/build/lib/jsonwp-proxy/proxy.js:325:49)
    at runCommandPromise (/opt/homebrew/lib/node_modules/appium/node_modules/@appium/base-driver/build/lib/basedriver/driver.js:121:30)
    at /opt/homebrew/lib/node_modules/appium/node_modules/async-lock/lib/index.js:171:12
    at AsyncLock._promiseTry (/opt/homebrew/lib/node_modules/appium/node_modules/async-lock/lib/index.js:306:31)
    at exec (/opt/homebrew/lib/node_modules/appium/node_modules/async-lock/lib/index.js:170:9)
    at AsyncLock.acquire (/opt/homebrew/lib/node_modules/appium/node_modules/async-lock/lib/index.js:189:3)
    at AndroidUiautomator2Driver.executeCommand (/opt/homebrew/lib/node_modules/appium/node_modules/@appium/base-driver/build/lib/basedriver/driver.js:161:45)
    at process.processTicksAndRejections (node:internal/process/task_queues:104:5)
    at async defaultBehavior (/opt/homebrew/lib/node_modules/appium/build/lib/appium.js:634:20)
    at async AppiumDriver.executeWrappedCommand (/opt/homebrew/lib/node_modules/appium/build/lib/appium.js:726:22)
    at async AppiumDriver.executeCommand (/opt/homebrew/lib/node_modules/appium/build/lib/appium.js:645:21)
    at async doJwpProxy (/opt/homebrew/lib/node_modules/appium/node_modules/@appium/base-driver/build/lib/protocol/protocol.js:476:9)
    at async asyncHandler (/opt/homebrew/lib/node_modules/appium/node_modules/@appium/base-driver/build/lib/protocol/protocol.js:307:21)
2026-08-12 14:02:50 [ERROR   ] conftest.py:355 — Test FAILED: test_valid_login_smoke
2026-08-12 14:02:50 [INFO    ] conftest.py:262 — Closing driver session.
2026-08-12 14:02:59 [INFO    ] conftest.py:227 — ==================================================
2026-08-12 14:02:59 [INFO    ] conftest.py:228 — DRIVER SETUP START
2026-08-12 14:02:59 [INFO    ] conftest.py:229 — ==================================================
2026-08-12 14:02:59 [INFO    ] conftest.py:116 — Driver creation attempt 1/2
2026-08-12 14:02:59 [INFO    ] driver_factory.py:53 — ========== DRIVER CREATION START ==========
2026-08-12 14:02:59 [INFO    ] driver_factory.py:70 — Device: emulator | Env: qa | Platform: Android
2026-08-12 14:02:59 [INFO    ] driver_factory.py:132 — Device Name: Android Emulator
2026-08-12 14:02:59 [INFO    ] driver_factory.py:133 — UDID: emulator-5554
2026-08-12 14:02:59 [INFO    ] driver_factory.py:147 — App Package: com.zee5.hipi (noReset=true, activity not set)
2026-08-12 14:03:10 [INFO    ] driver_factory.py:108 — App launched by driver. Waiting for stabilization...
2026-08-12 14:03:15 [INFO    ] driver_factory.py:111 — ========== DRIVER CREATED SUCCESSFULLY ==========
2026-08-12 14:03:15 [INFO    ] conftest.py:238 — Driver created successfully.
2026-08-12 14:03:21 [INFO    ] popup_handler.py:122 — Checking for 'Get Started' screen...
2026-08-12 14:03:32 [ERROR   ] popup_handler.py:137 — 'Get Started' handling failed: Message: Could not proxy command to the remote server. Original error: socket hang up
Stacktrace:
UnknownError: Could not proxy command to the remote server. Original error: socket hang up
    at ProxyRequestError.getActualError (/opt/homebrew/lib/node_modules/appium/node_modules/@appium/base-driver/build/lib/protocol/errors.js:692:16)
    at UIA2Proxy.command (/opt/homebrew/lib/node_modules/appium/node_modules/@appium/base-driver/build/lib/jsonwp-proxy/proxy.js:270:27)
    at process.processTicksAndRejections (node:internal/process/task_queues:104:5)
    at async AndroidUiautomator2Driver.doFindElementOrEls (/Users/vc.rajdeep.kumar/.appium/node_modules/appium-uiautomator2-driver/build/lib/commands/find.js:24:13)
    at async doFind (/Users/vc.rajdeep.kumar/.appium/node_modules/appium-uiautomator2-driver/node_modules/appium-android-driver/build/lib/commands/find.js:24:23)
    at async wrappedCondFn (/opt/homebrew/lib/node_modules/appium/node_modules/@appium/base-driver/build/lib/basedriver/commands/timeout.js:97:20)
    at async spin (/opt/homebrew/lib/node_modules/appium/node_modules/asyncbox/build/lib/asyncbox.js:174:24)
    at async spin (/opt/homebrew/lib/node_modules/appium/node_modules/asyncbox/build/lib/asyncbox.js:184:20)
    at async spin (/opt/homebrew/lib/node_modules/appium/node_modules/asyncbox/build/lib/asyncbox.js:184:20)
    at async spin (/opt/homebrew/lib/node_modules/appium/node_modules/asyncbox/build/lib/asyncbox.js:184:20)
    at async spin (/opt/homebrew/lib/node_modules/appium/node_modules/asyncbox/build/lib/asyncbox.js:184:20)
    at async spin (/opt/homebrew/lib/node_modules/appium/node_modules/asyncbox/build/lib/asyncbox.js:184:20)
    at async spin (/opt/homebrew/lib/node_modules/appium/node_modules/asyncbox/build/lib/asyncbox.js:184:20)
    at async spin (/opt/homebrew/lib/node_modules/appium/node_modules/asyncbox/build/lib/asyncbox.js:184:20)
    at async waitForCondition (/opt/homebrew/lib/node_modules/appium/node_modules/asyncbox/build/lib/asyncbox.js:192:12)
    at async AndroidUiautomator2Driver.implicitWaitForCondition (/opt/homebrew/lib/node_modules/appium/node_modules/@appium/base-driver/build/lib/basedriver/commands/timeout.js:99:16)
    at async AndroidUiautomator2Driver.findElOrEls (/Users/vc.rajdeep.kumar/.appium/node_modules/appium-uiautomator2-driver/node_modules/appium-android-driver/build/lib/commands/find.js:45:9)
    at async AndroidUiautomator2Driver.findElOrElsWithProcessing (/opt/homebrew/lib/node_modules/appium/node_modules/@appium/base-driver/build/lib/basedriver/commands/find.js:12:16)
    at async AndroidUiautomator2Driver.findElement (/opt/homebrew/lib/node_modules/appium/node_modules/@appium/base-driver/build/lib/basedriver/commands/find.js:27:16)
2026-08-12 14:03:32 [ERROR   ] screenshot_utils.py:58 — Screenshot capture failed: Message: Could not proxy command to the remote server. Original error: socket hang up
Stacktrace:
UnknownError: Could not proxy command to the remote server. Original error: socket hang up
    at ProxyRequestError.getActualError (/opt/homebrew/lib/node_modules/appium/node_modules/@appium/base-driver/build/lib/protocol/errors.js:692:16)
    at UIA2Proxy.command (/opt/homebrew/lib/node_modules/appium/node_modules/@appium/base-driver/build/lib/jsonwp-proxy/proxy.js:270:27)
    at process.processTicksAndRejections (node:internal/process/task_queues:104:5)
    at async AndroidUiautomator2Driver.getScreenshot (/Users/vc.rajdeep.kumar/.appium/node_modules/appium-uiautomator2-driver/build/lib/commands/screenshot.js:72:19)
2026-08-12 14:03:33 [INFO    ] conftest.py:153 — App readiness probe: HiPi is in foreground (com.zee5.hipi).
2026-08-12 14:03:33 [INFO    ] conftest.py:251 — DRIVER SETUP COMPLETE
2026-08-12 14:03:33 [INFO    ] base_test.py:20 — BaseTest setup completed.
2026-08-12 14:03:33 [INFO    ] test_login.py:126 — ========== SMOKE LOGIN START ==========
2026-08-12 14:03:33 [INFO    ] base_test.py:30 — Logging in as default test user.
2026-08-12 14:03:33 [INFO    ] login_page.py:590 — ========== LOGIN FLOW START ==========
2026-08-12 14:03:34 [INFO    ] login_page.py:34 — Opening profile tab
2026-08-12 14:03:35 [INFO    ] login_page.py:44 — Profile tab open attempt 1/2
2026-08-12 14:03:35 [ERROR   ] base_page.py:118 — Click failed on attempt 1 for ('-android uiautomator', 'new UiSelector().className("android.view.View").instance(24)'): Message: 'POST /element' cannot be proxied to UiAutomator2 server because the instrumentation process is not running (probably crashed). Check the server log and/or the logcat output for more details
Stacktrace:
UnknownError: 'POST /element' cannot be proxied to UiAutomator2 server because the instrumentation process is not running (probably crashed). Check the server log and/or the logcat output for more details
    at UIA2Proxy.command (/opt/homebrew/lib/node_modules/appium/node_modules/@appium/base-driver/build/lib/jsonwp-proxy/proxy.js:272:19)
    at process.processTicksAndRejections (node:internal/process/task_queues:104:5)
    at async AndroidUiautomator2Driver.doFindElementOrEls (/Users/vc.rajdeep.kumar/.appium/node_modules/appium-uiautomator2-driver/build/lib/commands/find.js:24:13)
    at async doFind (/Users/vc.rajdeep.kumar/.appium/node_modules/appium-uiautomator2-driver/node_modules/appium-android-driver/build/lib/commands/find.js:24:23)
    at async wrappedCondFn (/opt/homebrew/lib/node_modules/appium/node_modules/@appium/base-driver/build/lib/basedriver/commands/timeout.js:97:20)
    at async spin (/opt/homebrew/lib/node_modules/appium/node_modules/asyncbox/build/lib/asyncbox.js:174:24)
    at async waitForCondition (/opt/homebrew/lib/node_modules/appium/node_modules/asyncbox/build/lib/asyncbox.js:192:12)
    at async AndroidUiautomator2Driver.implicitWaitForCondition (/opt/homebrew/lib/node_modules/appium/node_modules/@appium/base-driver/build/lib/basedriver/commands/timeout.js:99:16)
    at async AndroidUiautomator2Driver.findElOrEls (/Users/vc.rajdeep.kumar/.appium/node_modules/appium-uiautomator2-driver/node_modules/appium-android-driver/build/lib/commands/find.js:45:9)
    at async AndroidUiautomator2Driver.findElOrElsWithProcessing (/opt/homebrew/lib/node_modules/appium/node_modules/@appium/base-driver/build/lib/basedriver/commands/find.js:12:16)
    at async AndroidUiautomator2Driver.findElement (/opt/homebrew/lib/node_modules/appium/node_modules/@appium/base-driver/build/lib/basedriver/commands/find.js:27:16)
2026-08-12 14:03:35 [WARNING ] base_page.py:262 — Attempting to recover application state...
2026-08-12 14:03:38 [INFO    ] base_page.py:266 — App recovery attempt completed.
2026-08-12 14:03:38 [ERROR   ] screenshot_utils.py:58 — Screenshot capture failed: Message: 'GET /screenshot' cannot be proxied to UiAutomator2 server because the instrumentation process is not running (probably crashed). Check the server log and/or the logcat output for more details
Stacktrace:
UnknownError: 'GET /screenshot' cannot be proxied to UiAutomator2 server because the instrumentation process is not running (probably crashed). Check the server log and/or the logcat output for more details
    at UIA2Proxy.command (/opt/homebrew/lib/node_modules/appium/node_modules/@appium/base-driver/build/lib/jsonwp-proxy/proxy.js:272:19)
    at process.processTicksAndRejections (node:internal/process/task_queues:104:5)
    at async AndroidUiautomator2Driver.getScreenshot (/Users/vc.rajdeep.kumar/.appium/node_modules/appium-uiautomator2-driver/build/lib/commands/screenshot.js:72:19)
2026-08-12 14:03:38 [ERROR   ] screenshot_utils.py:81 — Page source save failed: Message: 'GET /session/7639f0e0-b2f2-4a57-972a-c2dfab158ddb/source' cannot be proxied to UiAutomator2 server because the instrumentation process is not running (probably crashed). Check the server log and/or the logcat output for more details
Stacktrace:
InvalidContextError: 'GET /session/7639f0e0-b2f2-4a57-972a-c2dfab158ddb/source' cannot be proxied to UiAutomator2 server because the instrumentation process is not running (probably crashed). Check the server log and/or the logcat output for more details
    at UIA2Proxy.proxyCommand (/Users/vc.rajdeep.kumar/.appium/node_modules/appium-uiautomator2-driver/build/lib/uiautomator2.js:32:19)
    at UIA2Proxy.proxyReqRes (/opt/homebrew/lib/node_modules/appium/node_modules/@appium/base-driver/build/lib/jsonwp-proxy/proxy.js:325:49)
    at runCommandPromise (/opt/homebrew/lib/node_modules/appium/node_modules/@appium/base-driver/build/lib/basedriver/driver.js:121:30)
    at /opt/homebrew/lib/node_modules/appium/node_modules/async-lock/lib/index.js:171:12
    at AsyncLock._promiseTry (/opt/homebrew/lib/node_modules/appium/node_modules/async-lock/lib/index.js:306:31)
    at exec (/opt/homebrew/lib/node_modules/appium/node_modules/async-lock/lib/index.js:170:9)
    at AsyncLock.acquire (/opt/homebrew/lib/node_modules/appium/node_modules/async-lock/lib/index.js:189:3)
    at AndroidUiautomator2Driver.executeCommand (/opt/homebrew/lib/node_modules/appium/node_modules/@appium/base-driver/build/lib/basedriver/driver.js:161:45)
    at process.processTicksAndRejections (node:internal/process/task_queues:104:5)
    at async defaultBehavior (/opt/homebrew/lib/node_modules/appium/build/lib/appium.js:634:20)
    at async AppiumDriver.executeWrappedCommand (/opt/homebrew/lib/node_modules/appium/build/lib/appium.js:726:22)
    at async AppiumDriver.executeCommand (/opt/homebrew/lib/node_modules/appium/build/lib/appium.js:645:21)
    at async doJwpProxy (/opt/homebrew/lib/node_modules/appium/node_modules/@appium/base-driver/build/lib/protocol/protocol.js:476:9)
    at async asyncHandler (/opt/homebrew/lib/node_modules/appium/node_modules/@appium/base-driver/build/lib/protocol/protocol.js:307:21)
2026-08-12 14:03:38 [WARNING ] login_page.py:88 — Element-based click failed: Unable to click ('-android uiautomator', 'new UiSelector().className("android.view.View").instance(24)') after 1 retries. Last exception: Message: 'POST /element' cannot be proxied to UiAutomator2 server because the instrumentation process is not running (probably crashed). Check the server log and/or the logcat output for more details
Stacktrace:
UnknownError: 'POST /element' cannot be proxied to UiAutomator2 server because the instrumentation process is not running (probably crashed). Check the server log and/or the logcat output for more details
    at UIA2Proxy.command (/opt/homebrew/lib/node_modules/appium/node_modules/@appium/base-driver/build/lib/jsonwp-proxy/proxy.js:272:19)
    at process.processTicksAndRejections (node:internal/process/task_queues:104:5)
    at async AndroidUiautomator2Driver.doFindElementOrEls (/Users/vc.rajdeep.kumar/.appium/node_modules/appium-uiautomator2-driver/build/lib/commands/find.js:24:13)
    at async doFind (/Users/vc.rajdeep.kumar/.appium/node_modules/appium-uiautomator2-driver/node_modules/appium-android-driver/build/lib/commands/find.js:24:23)
    at async wrappedCondFn (/opt/homebrew/lib/node_modules/appium/node_modules/@appium/base-driver/build/lib/basedriver/commands/timeout.js:97:20)
    at async spin (/opt/homebrew/lib/node_modules/appium/node_modules/asyncbox/build/lib/asyncbox.js:174:24)
    at async waitForCondition (/opt/homebrew/lib/node_modules/appium/node_modules/asyncbox/build/lib/asyncbox.js:192:12)
    at async AndroidUiautomator2Driver.implicitWaitForCondition (/opt/homebrew/lib/node_modules/appium/node_modules/@appium/base-driver/build/lib/basedriver/commands/timeout.js:99:16)
    at async AndroidUiautomator2Driver.findElOrEls (/Users/vc.rajdeep.kumar/.appium/node_modules/appium-uiautomator2-driver/node_modules/appium-android-driver/build/lib/commands/find.js:45:9)
    at async AndroidUiautomator2Driver.findElOrElsWithProcessing (/opt/homebrew/lib/node_modules/appium/node_modules/@appium/base-driver/build/lib/basedriver/commands/find.js:12:16)
    at async AndroidUiautomator2Driver.findElement (/opt/homebrew/lib/node_modules/appium/node_modules/@appium/base-driver/build/lib/basedriver/commands/find.js:27:16)
2026-08-12 14:03:39 [WARNING ] login_page.py:115 — Coordinate tap failed: Message: 'GET /window/current/size' cannot be proxied to UiAutomator2 server because the instrumentation process is not running (probably crashed). Check the server log and/or the logcat output for more details
Stacktrace:
UnknownError: 'GET /window/current/size' cannot be proxied to UiAutomator2 server because the instrumentation process is not running (probably crashed). Check the server log and/or the logcat output for more details
    at UIA2Proxy.command (/opt/homebrew/lib/node_modules/appium/node_modules/@appium/base-driver/build/lib/jsonwp-proxy/proxy.js:272:19)
    at process.processTicksAndRejections (node:internal/process/task_queues:104:5)
    at async AndroidUiautomator2Driver.getWindowSize (/Users/vc.rajdeep.kumar/.appium/node_modules/appium-uiautomator2-driver/build/lib/commands/viewport.js:73:13)
    at async AndroidUiautomator2Driver.getWindowRect (/Users/vc.rajdeep.kumar/.appium/node_modules/appium-uiautomator2-driver/build/lib/commands/viewport.js:53:31)
2026-08-12 14:03:45 [ERROR   ] base_page.py:92 — None of the candidate locators became visible within 6s. Candidates: [('-android uiautomator', 'new UiSelector().textContains("Continue")'), ('class name', 'android.widget.EditText')]. Last error: Message: 'POST /elements' cannot be proxied to UiAutomator2 server because the instrumentation process is not running (probably crashed). Check the server log and/or the logcat output for more details
Stacktrace:
UnknownError: 'POST /elements' cannot be proxied to UiAutomator2 server because the instrumentation process is not running (probably crashed). Check the server log and/or the logcat output for more details
    at UIA2Proxy.command (/opt/homebrew/lib/node_modules/appium/node_modules/@appium/base-driver/build/lib/jsonwp-proxy/proxy.js:272:19)
    at process.processTicksAndRejections (node:internal/process/task_queues:104:5)
    at async AndroidUiautomator2Driver.doFindElementOrEls (/Users/vc.rajdeep.kumar/.appium/node_modules/appium-uiautomator2-driver/build/lib/commands/find.js:24:13)
    at async doFind (/Users/vc.rajdeep.kumar/.appium/node_modules/appium-uiautomator2-driver/node_modules/appium-android-driver/build/lib/commands/find.js:24:23)
    at async wrappedCondFn (/opt/homebrew/lib/node_modules/appium/node_modules/@appium/base-driver/build/lib/basedriver/commands/timeout.js:97:20)
    at async spin (/opt/homebrew/lib/node_modules/appium/node_modules/asyncbox/build/lib/asyncbox.js:174:24)
    at async waitForCondition (/opt/homebrew/lib/node_modules/appium/node_modules/asyncbox/build/lib/asyncbox.js:192:12)
    at async AndroidUiautomator2Driver.implicitWaitForCondition (/opt/homebrew/lib/node_modules/appium/node_modules/@appium/base-driver/build/lib/basedriver/commands/timeout.js:99:16)
    at async AndroidUiautomator2Driver.findElOrEls (/Users/vc.rajdeep.kumar/.appium/node_modules/appium-uiautomator2-driver/node_modules/appium-android-driver/build/lib/commands/find.js:45:9)
    at async AndroidUiautomator2Driver.findElOrElsWithProcessing (/opt/homebrew/lib/node_modules/appium/node_modules/@appium/base-driver/build/lib/basedriver/commands/find.js:12:16)
    at async AndroidUiautomator2Driver.findElements (/opt/homebrew/lib/node_modules/appium/node_modules/@appium/base-driver/build/lib/basedriver/commands/find.js:30:16)
2026-08-12 14:03:45 [ERROR   ] screenshot_utils.py:58 — Screenshot capture failed: Message: 'GET /screenshot' cannot be proxied to UiAutomator2 server because the instrumentation process is not running (probably crashed). Check the server log and/or the logcat output for more details
Stacktrace:
UnknownError: 'GET /screenshot' cannot be proxied to UiAutomator2 server because the instrumentation process is not running (probably crashed). Check the server log and/or the logcat output for more details
    at UIA2Proxy.command (/opt/homebrew/lib/node_modules/appium/node_modules/@appium/base-driver/build/lib/jsonwp-proxy/proxy.js:272:19)
    at process.processTicksAndRejections (node:internal/process/task_queues:104:5)
    at async AndroidUiautomator2Driver.getScreenshot (/Users/vc.rajdeep.kumar/.appium/node_modules/appium-uiautomator2-driver/build/lib/commands/screenshot.js:72:19)
2026-08-12 14:03:45 [ERROR   ] screenshot_utils.py:81 — Page source save failed: Message: 'GET /session/7639f0e0-b2f2-4a57-972a-c2dfab158ddb/source' cannot be proxied to UiAutomator2 server because the instrumentation process is not running (probably crashed). Check the server log and/or the logcat output for more details
Stacktrace:
InvalidContextError: 'GET /session/7639f0e0-b2f2-4a57-972a-c2dfab158ddb/source' cannot be proxied to UiAutomator2 server because the instrumentation process is not running (probably crashed). Check the server log and/or the logcat output for more details
    at UIA2Proxy.proxyCommand (/Users/vc.rajdeep.kumar/.appium/node_modules/appium-uiautomator2-driver/build/lib/uiautomator2.js:32:19)
    at UIA2Proxy.proxyReqRes (/opt/homebrew/lib/node_modules/appium/node_modules/@appium/base-driver/build/lib/jsonwp-proxy/proxy.js:325:49)
    at runCommandPromise (/opt/homebrew/lib/node_modules/appium/node_modules/@appium/base-driver/build/lib/basedriver/driver.js:121:30)
    at /opt/homebrew/lib/node_modules/appium/node_modules/async-lock/lib/index.js:171:12
    at AsyncLock._promiseTry (/opt/homebrew/lib/node_modules/appium/node_modules/async-lock/lib/index.js:306:31)
    at exec (/opt/homebrew/lib/node_modules/appium/node_modules/async-lock/lib/index.js:170:9)
    at AsyncLock.acquire (/opt/homebrew/lib/node_modules/appium/node_modules/async-lock/lib/index.js:189:3)
    at AndroidUiautomator2Driver.executeCommand (/opt/homebrew/lib/node_modules/appium/node_modules/@appium/base-driver/build/lib/basedriver/driver.js:161:45)
    at process.processTicksAndRejections (node:internal/process/task_queues:104:5)
    at async defaultBehavior (/opt/homebrew/lib/node_modules/appium/build/lib/appium.js:634:20)
    at async AppiumDriver.executeWrappedCommand (/opt/homebrew/lib/node_modules/appium/build/lib/appium.js:726:22)
    at async AppiumDriver.executeCommand (/opt/homebrew/lib/node_modules/appium/build/lib/appium.js:645:21)
    at async doJwpProxy (/opt/homebrew/lib/node_modules/appium/node_modules/@appium/base-driver/build/lib/protocol/protocol.js:476:9)
    at async asyncHandler (/opt/homebrew/lib/node_modules/appium/node_modules/@appium/base-driver/build/lib/protocol/protocol.js:307:21)
2026-08-12 14:03:45 [WARNING ] login_page.py:139 — Attempt 1 did not reach the login sheet, recovering and retrying...
2026-08-12 14:03:45 [WARNING ] base_page.py:262 — Attempting to recover application state...
2026-08-12 14:03:48 [INFO    ] base_page.py:266 — App recovery attempt completed.
2026-08-12 14:03:50 [INFO    ] login_page.py:44 — Profile tab open attempt 2/2
2026-08-12 14:03:50 [ERROR   ] base_page.py:118 — Click failed on attempt 1 for ('-android uiautomator', 'new UiSelector().className("android.view.View").instance(24)'): Message: 'POST /element' cannot be proxied to UiAutomator2 server because the instrumentation process is not running (probably crashed). Check the server log and/or the logcat output for more details
Stacktrace:
UnknownError: 'POST /element' cannot be proxied to UiAutomator2 server because the instrumentation process is not running (probably crashed). Check the server log and/or the logcat output for more details
    at UIA2Proxy.command (/opt/homebrew/lib/node_modules/appium/node_modules/@appium/base-driver/build/lib/jsonwp-proxy/proxy.js:272:19)
    at process.processTicksAndRejections (node:internal/process/task_queues:104:5)
    at async AndroidUiautomator2Driver.doFindElementOrEls (/Users/vc.rajdeep.kumar/.appium/node_modules/appium-uiautomator2-driver/build/lib/commands/find.js:24:13)
    at async doFind (/Users/vc.rajdeep.kumar/.appium/node_modules/appium-uiautomator2-driver/node_modules/appium-android-driver/build/lib/commands/find.js:24:23)
    at async wrappedCondFn (/opt/homebrew/lib/node_modules/appium/node_modules/@appium/base-driver/build/lib/basedriver/commands/timeout.js:97:20)
    at async spin (/opt/homebrew/lib/node_modules/appium/node_modules/asyncbox/build/lib/asyncbox.js:174:24)
    at async waitForCondition (/opt/homebrew/lib/node_modules/appium/node_modules/asyncbox/build/lib/asyncbox.js:192:12)
    at async AndroidUiautomator2Driver.implicitWaitForCondition (/opt/homebrew/lib/node_modules/appium/node_modules/@appium/base-driver/build/lib/basedriver/commands/timeout.js:99:16)
    at async AndroidUiautomator2Driver.findElOrEls (/Users/vc.rajdeep.kumar/.appium/node_modules/appium-uiautomator2-driver/node_modules/appium-android-driver/build/lib/commands/find.js:45:9)
    at async AndroidUiautomator2Driver.findElOrElsWithProcessing (/opt/homebrew/lib/node_modules/appium/node_modules/@appium/base-driver/build/lib/basedriver/commands/find.js:12:16)
    at async AndroidUiautomator2Driver.findElement (/opt/homebrew/lib/node_modules/appium/node_modules/@appium/base-driver/build/lib/basedriver/commands/find.js:27:16)
2026-08-12 14:03:50 [WARNING ] base_page.py:262 — Attempting to recover application state...
2026-08-12 14:03:54 [INFO    ] base_page.py:266 — App recovery attempt completed.
2026-08-12 14:03:54 [ERROR   ] screenshot_utils.py:58 — Screenshot capture failed: Message: 'GET /screenshot' cannot be proxied to UiAutomator2 server because the instrumentation process is not running (probably crashed). Check the server log and/or the logcat output for more details
Stacktrace:
UnknownError: 'GET /screenshot' cannot be proxied to UiAutomator2 server because the instrumentation process is not running (probably crashed). Check the server log and/or the logcat output for more details
    at UIA2Proxy.command (/opt/homebrew/lib/node_modules/appium/node_modules/@appium/base-driver/build/lib/jsonwp-proxy/proxy.js:272:19)
    at process.processTicksAndRejections (node:internal/process/task_queues:104:5)
    at async AndroidUiautomator2Driver.getScreenshot (/Users/vc.rajdeep.kumar/.appium/node_modules/appium-uiautomator2-driver/build/lib/commands/screenshot.js:72:19)
2026-08-12 14:03:54 [ERROR   ] screenshot_utils.py:81 — Page source save failed: Message: 'GET /session/7639f0e0-b2f2-4a57-972a-c2dfab158ddb/source' cannot be proxied to UiAutomator2 server because the instrumentation process is not running (probably crashed). Check the server log and/or the logcat output for more details
Stacktrace:
InvalidContextError: 'GET /session/7639f0e0-b2f2-4a57-972a-c2dfab158ddb/source' cannot be proxied to UiAutomator2 server because the instrumentation process is not running (probably crashed). Check the server log and/or the logcat output for more details
    at UIA2Proxy.proxyCommand (/Users/vc.rajdeep.kumar/.appium/node_modules/appium-uiautomator2-driver/build/lib/uiautomator2.js:32:19)
    at UIA2Proxy.proxyReqRes (/opt/homebrew/lib/node_modules/appium/node_modules/@appium/base-driver/build/lib/jsonwp-proxy/proxy.js:325:49)
    at runCommandPromise (/opt/homebrew/lib/node_modules/appium/node_modules/@appium/base-driver/build/lib/basedriver/driver.js:121:30)
    at /opt/homebrew/lib/node_modules/appium/node_modules/async-lock/lib/index.js:171:12
    at AsyncLock._promiseTry (/opt/homebrew/lib/node_modules/appium/node_modules/async-lock/lib/index.js:306:31)
    at exec (/opt/homebrew/lib/node_modules/appium/node_modules/async-lock/lib/index.js:170:9)
    at AsyncLock.acquire (/opt/homebrew/lib/node_modules/appium/node_modules/async-lock/lib/index.js:189:3)
    at AndroidUiautomator2Driver.executeCommand (/opt/homebrew/lib/node_modules/appium/node_modules/@appium/base-driver/build/lib/basedriver/driver.js:161:45)
    at process.processTicksAndRejections (node:internal/process/task_queues:104:5)
    at async defaultBehavior (/opt/homebrew/lib/node_modules/appium/build/lib/appium.js:634:20)
    at async AppiumDriver.executeWrappedCommand (/opt/homebrew/lib/node_modules/appium/build/lib/appium.js:726:22)
    at async AppiumDriver.executeCommand (/opt/homebrew/lib/node_modules/appium/build/lib/appium.js:645:21)
    at async doJwpProxy (/opt/homebrew/lib/node_modules/appium/node_modules/@appium/base-driver/build/lib/protocol/protocol.js:476:9)
    at async asyncHandler (/opt/homebrew/lib/node_modules/appium/node_modules/@appium/base-driver/build/lib/protocol/protocol.js:307:21)
2026-08-12 14:03:54 [WARNING ] login_page.py:88 — Element-based click failed: Unable to click ('-android uiautomator', 'new UiSelector().className("android.view.View").instance(24)') after 1 retries. Last exception: Message: 'POST /element' cannot be proxied to UiAutomator2 server because the instrumentation process is not running (probably crashed). Check the server log and/or the logcat output for more details
Stacktrace:
UnknownError: 'POST /element' cannot be proxied to UiAutomator2 server because the instrumentation process is not running (probably crashed). Check the server log and/or the logcat output for more details
    at UIA2Proxy.command (/opt/homebrew/lib/node_modules/appium/node_modules/@appium/base-driver/build/lib/jsonwp-proxy/proxy.js:272:19)
    at process.processTicksAndRejections (node:internal/process/task_queues:104:5)
    at async AndroidUiautomator2Driver.doFindElementOrEls (/Users/vc.rajdeep.kumar/.appium/node_modules/appium-uiautomator2-driver/build/lib/commands/find.js:24:13)
    at async doFind (/Users/vc.rajdeep.kumar/.appium/node_modules/appium-uiautomator2-driver/node_modules/appium-android-driver/build/lib/commands/find.js:24:23)
    at async wrappedCondFn (/opt/homebrew/lib/node_modules/appium/node_modules/@appium/base-driver/build/lib/basedriver/commands/timeout.js:97:20)
    at async spin (/opt/homebrew/lib/node_modules/appium/node_modules/asyncbox/build/lib/asyncbox.js:174:24)
    at async waitForCondition (/opt/homebrew/lib/node_modules/appium/node_modules/asyncbox/build/lib/asyncbox.js:192:12)
    at async AndroidUiautomator2Driver.implicitWaitForCondition (/opt/homebrew/lib/node_modules/appium/node_modules/@appium/base-driver/build/lib/basedriver/commands/timeout.js:99:16)
    at async AndroidUiautomator2Driver.findElOrEls (/Users/vc.rajdeep.kumar/.appium/node_modules/appium-uiautomator2-driver/node_modules/appium-android-driver/build/lib/commands/find.js:45:9)
    at async AndroidUiautomator2Driver.findElOrElsWithProcessing (/opt/homebrew/lib/node_modules/appium/node_modules/@appium/base-driver/build/lib/basedriver/commands/find.js:12:16)
    at async AndroidUiautomator2Driver.findElement (/opt/homebrew/lib/node_modules/appium/node_modules/@appium/base-driver/build/lib/basedriver/commands/find.js:27:16)
2026-08-12 14:03:54 [WARNING ] login_page.py:115 — Coordinate tap failed: Message: 'GET /window/current/size' cannot be proxied to UiAutomator2 server because the instrumentation process is not running (probably crashed). Check the server log and/or the logcat output for more details
Stacktrace:
UnknownError: 'GET /window/current/size' cannot be proxied to UiAutomator2 server because the instrumentation process is not running (probably crashed). Check the server log and/or the logcat output for more details
    at UIA2Proxy.command (/opt/homebrew/lib/node_modules/appium/node_modules/@appium/base-driver/build/lib/jsonwp-proxy/proxy.js:272:19)
    at process.processTicksAndRejections (node:internal/process/task_queues:104:5)
    at async AndroidUiautomator2Driver.getWindowSize (/Users/vc.rajdeep.kumar/.appium/node_modules/appium-uiautomator2-driver/build/lib/commands/viewport.js:73:13)
    at async AndroidUiautomator2Driver.getWindowRect (/Users/vc.rajdeep.kumar/.appium/node_modules/appium-uiautomator2-driver/build/lib/commands/viewport.js:53:31)
2026-08-12 14:04:00 [ERROR   ] base_page.py:92 — None of the candidate locators became visible within 6s. Candidates: [('-android uiautomator', 'new UiSelector().textContains("Continue")'), ('class name', 'android.widget.EditText')]. Last error: Message: 'POST /elements' cannot be proxied to UiAutomator2 server because the instrumentation process is not running (probably crashed). Check the server log and/or the logcat output for more details
Stacktrace:
UnknownError: 'POST /elements' cannot be proxied to UiAutomator2 server because the instrumentation process is not running (probably crashed). Check the server log and/or the logcat output for more details
    at UIA2Proxy.command (/opt/homebrew/lib/node_modules/appium/node_modules/@appium/base-driver/build/lib/jsonwp-proxy/proxy.js:272:19)
    at process.processTicksAndRejections (node:internal/process/task_queues:104:5)
    at async AndroidUiautomator2Driver.doFindElementOrEls (/Users/vc.rajdeep.kumar/.appium/node_modules/appium-uiautomator2-driver/build/lib/commands/find.js:24:13)
    at async doFind (/Users/vc.rajdeep.kumar/.appium/node_modules/appium-uiautomator2-driver/node_modules/appium-android-driver/build/lib/commands/find.js:24:23)
    at async wrappedCondFn (/opt/homebrew/lib/node_modules/appium/node_modules/@appium/base-driver/build/lib/basedriver/commands/timeout.js:97:20)
    at async spin (/opt/homebrew/lib/node_modules/appium/node_modules/asyncbox/build/lib/asyncbox.js:174:24)
    at async waitForCondition (/opt/homebrew/lib/node_modules/appium/node_modules/asyncbox/build/lib/asyncbox.js:192:12)
    at async AndroidUiautomator2Driver.implicitWaitForCondition (/opt/homebrew/lib/node_modules/appium/node_modules/@appium/base-driver/build/lib/basedriver/commands/timeout.js:99:16)
    at async AndroidUiautomator2Driver.findElOrEls (/Users/vc.rajdeep.kumar/.appium/node_modules/appium-uiautomator2-driver/node_modules/appium-android-driver/build/lib/commands/find.js:45:9)
    at async AndroidUiautomator2Driver.findElOrElsWithProcessing (/opt/homebrew/lib/node_modules/appium/node_modules/@appium/base-driver/build/lib/basedriver/commands/find.js:12:16)
    at async AndroidUiautomator2Driver.findElements (/opt/homebrew/lib/node_modules/appium/node_modules/@appium/base-driver/build/lib/basedriver/commands/find.js:30:16)
2026-08-12 14:04:00 [ERROR   ] screenshot_utils.py:58 — Screenshot capture failed: Message: 'GET /screenshot' cannot be proxied to UiAutomator2 server because the instrumentation process is not running (probably crashed). Check the server log and/or the logcat output for more details
Stacktrace:
UnknownError: 'GET /screenshot' cannot be proxied to UiAutomator2 server because the instrumentation process is not running (probably crashed). Check the server log and/or the logcat output for more details
    at UIA2Proxy.command (/opt/homebrew/lib/node_modules/appium/node_modules/@appium/base-driver/build/lib/jsonwp-proxy/proxy.js:272:19)
    at process.processTicksAndRejections (node:internal/process/task_queues:104:5)
    at async AndroidUiautomator2Driver.getScreenshot (/Users/vc.rajdeep.kumar/.appium/node_modules/appium-uiautomator2-driver/build/lib/commands/screenshot.js:72:19)
2026-08-12 14:04:00 [ERROR   ] screenshot_utils.py:81 — Page source save failed: Message: 'GET /session/7639f0e0-b2f2-4a57-972a-c2dfab158ddb/source' cannot be proxied to UiAutomator2 server because the instrumentation process is not running (probably crashed). Check the server log and/or the logcat output for more details
Stacktrace:
InvalidContextError: 'GET /session/7639f0e0-b2f2-4a57-972a-c2dfab158ddb/source' cannot be proxied to UiAutomator2 server because the instrumentation process is not running (probably crashed). Check the server log and/or the logcat output for more details
    at UIA2Proxy.proxyCommand (/Users/vc.rajdeep.kumar/.appium/node_modules/appium-uiautomator2-driver/build/lib/uiautomator2.js:32:19)
    at UIA2Proxy.proxyReqRes (/opt/homebrew/lib/node_modules/appium/node_modules/@appium/base-driver/build/lib/jsonwp-proxy/proxy.js:325:49)
    at runCommandPromise (/opt/homebrew/lib/node_modules/appium/node_modules/@appium/base-driver/build/lib/basedriver/driver.js:121:30)
    at /opt/homebrew/lib/node_modules/appium/node_modules/async-lock/lib/index.js:171:12
    at AsyncLock._promiseTry (/opt/homebrew/lib/node_modules/appium/node_modules/async-lock/lib/index.js:306:31)
    at exec (/opt/homebrew/lib/node_modules/appium/node_modules/async-lock/lib/index.js:170:9)
    at AsyncLock.acquire (/opt/homebrew/lib/node_modules/appium/node_modules/async-lock/lib/index.js:189:3)
    at AndroidUiautomator2Driver.executeCommand (/opt/homebrew/lib/node_modules/appium/node_modules/@appium/base-driver/build/lib/basedriver/driver.js:161:45)
    at process.processTicksAndRejections (node:internal/process/task_queues:104:5)
    at async defaultBehavior (/opt/homebrew/lib/node_modules/appium/build/lib/appium.js:634:20)
    at async AppiumDriver.executeWrappedCommand (/opt/homebrew/lib/node_modules/appium/build/lib/appium.js:726:22)
    at async AppiumDriver.executeCommand (/opt/homebrew/lib/node_modules/appium/build/lib/appium.js:645:21)
    at async doJwpProxy (/opt/homebrew/lib/node_modules/appium/node_modules/@appium/base-driver/build/lib/protocol/protocol.js:476:9)
    at async asyncHandler (/opt/homebrew/lib/node_modules/appium/node_modules/@appium/base-driver/build/lib/protocol/protocol.js:307:21)
2026-08-12 14:04:00 [WARNING ] login_page.py:139 — Attempt 2 did not reach the login sheet, recovering and retrying...
2026-08-12 14:04:00 [WARNING ] base_page.py:262 — Attempting to recover application state...
2026-08-12 14:04:03 [INFO    ] base_page.py:266 — App recovery attempt completed.
2026-08-12 14:04:05 [ERROR   ] login_page.py:152 — Unable to open profile tab / reach login sheet after 2 attempts
2026-08-12 14:04:05 [ERROR   ] screenshot_utils.py:58 — Screenshot capture failed: Message: 'GET /screenshot' cannot be proxied to UiAutomator2 server because the instrumentation process is not running (probably crashed). Check the server log and/or the logcat output for more details
Stacktrace:
UnknownError: 'GET /screenshot' cannot be proxied to UiAutomator2 server because the instrumentation process is not running (probably crashed). Check the server log and/or the logcat output for more details
    at UIA2Proxy.command (/opt/homebrew/lib/node_modules/appium/node_modules/@appium/base-driver/build/lib/jsonwp-proxy/proxy.js:272:19)
    at process.processTicksAndRejections (node:internal/process/task_queues:104:5)
    at async AndroidUiautomator2Driver.getScreenshot (/Users/vc.rajdeep.kumar/.appium/node_modules/appium-uiautomator2-driver/build/lib/commands/screenshot.js:72:19)
2026-08-12 14:04:05 [ERROR   ] screenshot_utils.py:81 — Page source save failed: Message: 'GET /session/7639f0e0-b2f2-4a57-972a-c2dfab158ddb/source' cannot be proxied to UiAutomator2 server because the instrumentation process is not running (probably crashed). Check the server log and/or the logcat output for more details
Stacktrace:
InvalidContextError: 'GET /session/7639f0e0-b2f2-4a57-972a-c2dfab158ddb/source' cannot be proxied to UiAutomator2 server because the instrumentation process is not running (probably crashed). Check the server log and/or the logcat output for more details
    at UIA2Proxy.proxyCommand (/Users/vc.rajdeep.kumar/.appium/node_modules/appium-uiautomator2-driver/build/lib/uiautomator2.js:32:19)
    at UIA2Proxy.proxyReqRes (/opt/homebrew/lib/node_modules/appium/node_modules/@appium/base-driver/build/lib/jsonwp-proxy/proxy.js:325:49)
    at runCommandPromise (/opt/homebrew/lib/node_modules/appium/node_modules/@appium/base-driver/build/lib/basedriver/driver.js:121:30)
    at /opt/homebrew/lib/node_modules/appium/node_modules/async-lock/lib/index.js:171:12
    at AsyncLock._promiseTry (/opt/homebrew/lib/node_modules/appium/node_modules/async-lock/lib/index.js:306:31)
    at exec (/opt/homebrew/lib/node_modules/appium/node_modules/async-lock/lib/index.js:170:9)
    at AsyncLock.acquire (/opt/homebrew/lib/node_modules/appium/node_modules/async-lock/lib/index.js:189:3)
    at AndroidUiautomator2Driver.executeCommand (/opt/homebrew/lib/node_modules/appium/node_modules/@appium/base-driver/build/lib/basedriver/driver.js:161:45)
    at process.processTicksAndRejections (node:internal/process/task_queues:104:5)
    at async defaultBehavior (/opt/homebrew/lib/node_modules/appium/build/lib/appium.js:634:20)
    at async AppiumDriver.executeWrappedCommand (/opt/homebrew/lib/node_modules/appium/build/lib/appium.js:726:22)
    at async AppiumDriver.executeCommand (/opt/homebrew/lib/node_modules/appium/build/lib/appium.js:645:21)
    at async doJwpProxy (/opt/homebrew/lib/node_modules/appium/node_modules/@appium/base-driver/build/lib/protocol/protocol.js:476:9)
    at async asyncHandler (/opt/homebrew/lib/node_modules/appium/node_modules/@appium/base-driver/build/lib/protocol/protocol.js:307:21)
2026-08-12 14:04:05 [ERROR   ] login_page.py:725 — Login flow failed: Unable to open profile tab / reach login sheet after 2 attempts
2026-08-12 14:04:05 [ERROR   ] screenshot_utils.py:58 — Screenshot capture failed: Message: 'GET /screenshot' cannot be proxied to UiAutomator2 server because the instrumentation process is not running (probably crashed). Check the server log and/or the logcat output for more details
Stacktrace:
UnknownError: 'GET /screenshot' cannot be proxied to UiAutomator2 server because the instrumentation process is not running (probably crashed). Check the server log and/or the logcat output for more details
    at UIA2Proxy.command (/opt/homebrew/lib/node_modules/appium/node_modules/@appium/base-driver/build/lib/jsonwp-proxy/proxy.js:272:19)
    at process.processTicksAndRejections (node:internal/process/task_queues:104:5)
    at async AndroidUiautomator2Driver.getScreenshot (/Users/vc.rajdeep.kumar/.appium/node_modules/appium-uiautomator2-driver/build/lib/commands/screenshot.js:72:19)
2026-08-12 14:04:05 [ERROR   ] screenshot_utils.py:81 — Page source save failed: Message: 'GET /session/7639f0e0-b2f2-4a57-972a-c2dfab158ddb/source' cannot be proxied to UiAutomator2 server because the instrumentation process is not running (probably crashed). Check the server log and/or the logcat output for more details
Stacktrace:
InvalidContextError: 'GET /session/7639f0e0-b2f2-4a57-972a-c2dfab158ddb/source' cannot be proxied to UiAutomator2 server because the instrumentation process is not running (probably crashed). Check the server log and/or the logcat output for more details
    at UIA2Proxy.proxyCommand (/Users/vc.rajdeep.kumar/.appium/node_modules/appium-uiautomator2-driver/build/lib/uiautomator2.js:32:19)
    at UIA2Proxy.proxyReqRes (/opt/homebrew/lib/node_modules/appium/node_modules/@appium/base-driver/build/lib/jsonwp-proxy/proxy.js:325:49)
    at runCommandPromise (/opt/homebrew/lib/node_modules/appium/node_modules/@appium/base-driver/build/lib/basedriver/driver.js:121:30)
    at /opt/homebrew/lib/node_modules/appium/node_modules/async-lock/lib/index.js:171:12
    at AsyncLock._promiseTry (/opt/homebrew/lib/node_modules/appium/node_modules/async-lock/lib/index.js:306:31)
    at exec (/opt/homebrew/lib/node_modules/appium/node_modules/async-lock/lib/index.js:170:9)
    at AsyncLock.acquire (/opt/homebrew/lib/node_modules/appium/node_modules/async-lock/lib/index.js:189:3)
    at AndroidUiautomator2Driver.executeCommand (/opt/homebrew/lib/node_modules/appium/node_modules/@appium/base-driver/build/lib/basedriver/driver.js:161:45)
    at process.processTicksAndRejections (node:internal/process/task_queues:104:5)
    at async defaultBehavior (/opt/homebrew/lib/node_modules/appium/build/lib/appium.js:634:20)
    at async AppiumDriver.executeWrappedCommand (/opt/homebrew/lib/node_modules/appium/build/lib/appium.js:726:22)
    at async AppiumDriver.executeCommand (/opt/homebrew/lib/node_modules/appium/build/lib/appium.js:645:21)
    at async doJwpProxy (/opt/homebrew/lib/node_modules/appium/node_modules/@appium/base-driver/build/lib/protocol/protocol.js:476:9)
    at async asyncHandler (/opt/homebrew/lib/node_modules/appium/node_modules/@appium/base-driver/build/lib/protocol/protocol.js:307:21)
2026-08-12 14:04:05 [ERROR   ] screenshot_utils.py:58 — Screenshot capture failed: Message: 'GET /screenshot' cannot be proxied to UiAutomator2 server because the instrumentation process is not running (probably crashed). Check the server log and/or the logcat output for more details
Stacktrace:
UnknownError: 'GET /screenshot' cannot be proxied to UiAutomator2 server because the instrumentation process is not running (probably crashed). Check the server log and/or the logcat output for more details
    at UIA2Proxy.command (/opt/homebrew/lib/node_modules/appium/node_modules/@appium/base-driver/build/lib/jsonwp-proxy/proxy.js:272:19)
    at process.processTicksAndRejections (node:internal/process/task_queues:104:5)
    at async AndroidUiautomator2Driver.getScreenshot (/Users/vc.rajdeep.kumar/.appium/node_modules/appium-uiautomator2-driver/build/lib/commands/screenshot.js:72:19)
2026-08-12 14:04:05 [ERROR   ] screenshot_utils.py:81 — Page source save failed: Message: 'GET /session/7639f0e0-b2f2-4a57-972a-c2dfab158ddb/source' cannot be proxied to UiAutomator2 server because the instrumentation process is not running (probably crashed). Check the server log and/or the logcat output for more details
Stacktrace:
InvalidContextError: 'GET /session/7639f0e0-b2f2-4a57-972a-c2dfab158ddb/source' cannot be proxied to UiAutomator2 server because the instrumentation process is not running (probably crashed). Check the server log and/or the logcat output for more details
    at UIA2Proxy.proxyCommand (/Users/vc.rajdeep.kumar/.appium/node_modules/appium-uiautomator2-driver/build/lib/uiautomator2.js:32:19)
    at UIA2Proxy.proxyReqRes (/opt/homebrew/lib/node_modules/appium/node_modules/@appium/base-driver/build/lib/jsonwp-proxy/proxy.js:325:49)
    at runCommandPromise (/opt/homebrew/lib/node_modules/appium/node_modules/@appium/base-driver/build/lib/basedriver/driver.js:121:30)
    at /opt/homebrew/lib/node_modules/appium/node_modules/async-lock/lib/index.js:171:12
    at AsyncLock._promiseTry (/opt/homebrew/lib/node_modules/appium/node_modules/async-lock/lib/index.js:306:31)
    at exec (/opt/homebrew/lib/node_modules/appium/node_modules/async-lock/lib/index.js:170:9)
    at AsyncLock.acquire (/opt/homebrew/lib/node_modules/appium/node_modules/async-lock/lib/index.js:189:3)
    at AndroidUiautomator2Driver.executeCommand (/opt/homebrew/lib/node_modules/appium/node_modules/@appium/base-driver/build/lib/basedriver/driver.js:161:45)
    at process.processTicksAndRejections (node:internal/process/task_queues:104:5)
    at async defaultBehavior (/opt/homebrew/lib/node_modules/appium/build/lib/appium.js:634:20)
    at async AppiumDriver.executeWrappedCommand (/opt/homebrew/lib/node_modules/appium/build/lib/appium.js:726:22)
    at async AppiumDriver.executeCommand (/opt/homebrew/lib/node_modules/appium/build/lib/appium.js:645:21)
    at async doJwpProxy (/opt/homebrew/lib/node_modules/appium/node_modules/@appium/base-driver/build/lib/protocol/protocol.js:476:9)
    at async asyncHandler (/opt/homebrew/lib/node_modules/appium/node_modules/@appium/base-driver/build/lib/protocol/protocol.js:307:21)
2026-08-12 14:04:05 [ERROR   ] conftest.py:355 — Test FAILED: test_valid_login_smoke
2026-08-12 14:04:05 [INFO    ] conftest.py:262 — Closing driver session.
2026-08-12 14:04:12 [INFO    ] conftest.py:369 — ==================================================
2026-08-12 14:04:12 [INFO    ] conftest.py:370 — PYTEST SESSION END | Exit status: 1
2026-08-12 14:04:12 [INFO    ] conftest.py:371 — ==================================================
