2026-08-17 18:12:29 [INFO    ] conftest.py:525 — ==================================================
2026-08-17 18:12:29 [INFO    ] conftest.py:526 — PYTEST SESSION START
2026-08-17 18:12:29 [INFO    ] conftest.py:527 — ==================================================
2026-08-17 18:12:29 [INFO    ] conftest.py:464 — LOGGED-IN DRIVER: creating shared feed session...
2026-08-17 18:12:29 [INFO    ] conftest.py:158 — Driver creation attempt 1/3
2026-08-17 18:12:30 [INFO    ] driver_factory.py:53 — ========== DRIVER CREATION START ==========
2026-08-17 18:12:30 [INFO    ] driver_factory.py:70 — Device: emulator | Env: qa | Platform: Android
2026-08-17 18:12:30 [INFO    ] driver_factory.py:136 — Device Name: Android Emulator
2026-08-17 18:12:30 [INFO    ] driver_factory.py:137 — UDID: emulator-5554
2026-08-17 18:12:30 [INFO    ] driver_factory.py:151 — App Package: com.zee5.hipi (noReset=true, activity not set)
2026-08-17 18:12:35 [INFO    ] driver_factory.py:112 — App launched by driver. Waiting for stabilization...
2026-08-17 18:12:37 [INFO    ] driver_factory.py:115 — ========== DRIVER CREATED SUCCESSFULLY ==========
2026-08-17 18:12:40 [INFO    ] popup_handler.py:122 — Checking for 'Get Started' screen...
2026-08-17 18:12:44 [INFO    ] popup_handler.py:134 — 'Get Started' screen not present — skipping.
2026-08-17 18:12:44 [INFO    ] login_page.py:599 — ========== LOGIN FLOW START ==========
2026-08-17 18:12:45 [INFO    ] login_page.py:43 — Opening profile tab
2026-08-17 18:12:46 [INFO    ] login_page.py:53 — Profile tab open attempt 1/2
2026-08-17 18:12:47 [INFO    ] base_page.py:173 — Clicked: ('xpath', "//android.view.View[@clickable='true'][.//android.widget.TextView[@text='Profile']]")
2026-08-17 18:12:53 [ERROR   ] base_page.py:148 — None of the candidate locators became visible within 6s. Candidates: [('-android uiautomator', 'new UiSelector().textContains("Continue")'), ('class name', 'android.widget.EditText')]. Last error: None
2026-08-17 18:12:53 [INFO    ] screenshot_utils.py:60 — Screenshot saved: reports/screenshots/wait_for_any_visible_failed_20260817_181253.png
2026-08-17 18:12:53 [INFO    ] screenshot_utils.py:83 — Page source saved: reports/screenshots/wait_for_any_visible_failed_20260817_181253.xml
2026-08-17 18:12:53 [INFO    ] login_page.py:200 — Already logged in — 'Edit Profile' visible. noReset=true preserved a previous session. Navigating to home feed.
2026-08-17 18:12:54 [INFO    ] base_page.py:173 — Clicked: ('xpath', "//android.view.View[@clickable='true'][.//android.widget.TextView[@text='Home']]")
2026-08-17 18:12:54 [INFO    ] login_page.py:211 — Navigated to home tab.
2026-08-17 18:12:54 [INFO    ] login_page.py:616 — ========== LOGIN SKIPPED (ALREADY LOGGED IN) ==========
2026-08-17 18:12:54 [INFO    ] conftest.py:468 — LOGGED-IN DRIVER: login successful.
2026-08-17 18:12:54 [INFO    ] base_test.py:137 — BaseFeedTest setup completed (session-scoped, already logged in).
2026-08-17 18:12:54 [INFO    ] base_test.py:151 — login_and_reach_feed: START (session-scoped)
2026-08-17 18:12:54 [INFO    ] login_page.py:556 — Validating home page
2026-08-17 18:12:56 [INFO    ] login_page.py:566 — Home page displayed (exo_content_frame visible)
2026-08-17 18:12:56 [INFO    ] base_test.py:154 — login_and_reach_feed: already on home feed (session reused)
2026-08-17 18:12:56 [INFO    ] base_test.py:155 — login_and_reach_feed: COMPLETE
2026-08-17 18:12:56 [INFO    ] feed_page.py:171 — Liking current video
2026-08-17 18:12:56 [INFO    ] base_page.py:173 — Clicked: ('-android uiautomator', 'new UiSelector().className("android.widget.Button").instance(0)')
2026-08-17 18:12:56 [INFO    ] feed_page.py:181 — Video liked
2026-08-17 18:12:56 [INFO    ] test_feed.py:99 — TEST PASSED: Like video
2026-08-17 18:12:56 [INFO    ] base_test.py:137 — BaseFeedTest setup completed (session-scoped, already logged in).
2026-08-17 18:12:56 [INFO    ] base_test.py:151 — login_and_reach_feed: START (session-scoped)
2026-08-17 18:12:56 [INFO    ] login_page.py:556 — Validating home page
2026-08-17 18:12:57 [INFO    ] login_page.py:566 — Home page displayed (exo_content_frame visible)
2026-08-17 18:12:57 [INFO    ] base_test.py:154 — login_and_reach_feed: already on home feed (session reused)
2026-08-17 18:12:57 [INFO    ] base_test.py:155 — login_and_reach_feed: COMPLETE
2026-08-17 18:12:57 [INFO    ] feed_page.py:171 — Liking current video
2026-08-17 18:13:00 [INFO    ] base_page.py:173 — Clicked: ('-android uiautomator', 'new UiSelector().className("android.widget.Button").instance(0)')
2026-08-17 18:13:00 [INFO    ] feed_page.py:181 — Video liked
2026-08-17 18:13:01 [INFO    ] feed_page.py:213 — Unliking current video
2026-08-17 18:13:02 [INFO    ] base_page.py:173 — Clicked: ('-android uiautomator', 'new UiSelector().className("android.widget.Button").instance(0)')
2026-08-17 18:13:02 [INFO    ] feed_page.py:223 — Video unliked
2026-08-17 18:13:02 [INFO    ] test_feed.py:122 — TEST PASSED: Like/unlike toggle
2026-08-17 18:13:02 [INFO    ] base_test.py:137 — BaseFeedTest setup completed (session-scoped, already logged in).
2026-08-17 18:13:02 [INFO    ] base_test.py:151 — login_and_reach_feed: START (session-scoped)
2026-08-17 18:13:02 [INFO    ] login_page.py:556 — Validating home page
2026-08-17 18:13:02 [INFO    ] login_page.py:566 — Home page displayed (exo_content_frame visible)
2026-08-17 18:13:02 [INFO    ] base_test.py:154 — login_and_reach_feed: already on home feed (session reused)
2026-08-17 18:13:02 [INFO    ] base_test.py:155 — login_and_reach_feed: COMPLETE
2026-08-17 18:13:02 [INFO    ] feed_page.py:363 — Adding comment: Awesome 🔥
2026-08-17 18:13:02 [INFO    ] feed_page.py:253 — Opening comment sheet
2026-08-17 18:13:02 [INFO    ] base_page.py:173 — Clicked: ('-android uiautomator', 'new UiSelector().className("android.widget.Button").instance(1)')
2026-08-17 18:13:04 [INFO    ] feed_page.py:267 — Comment sheet opened
2026-08-17 18:13:04 [INFO    ] base_page.py:209 — Entered text 'Awesome 🔥' into ('xpath', "//*[@resource-id='com.zee5.hipi:id/etComment' or (@class='android.widget.EditText' and @package='com.zee5.hipi')]")
2026-08-17 18:13:05 [INFO    ] base_page.py:287 — Keyboard hidden.
2026-08-17 18:13:05 [INFO    ] base_page.py:173 — Clicked: ('xpath', "//*[@resource-id='com.zee5.hipi:id/ivSend' or (@content-desc='Send' and @package='com.zee5.hipi')]")
2026-08-17 18:13:07 [INFO    ] base_page.py:173 — Clicked: ('xpath', "//*[@resource-id='com.zee5.hipi:id/ivClose' or (@content-desc='Close' and @package='com.zee5.hipi')]")
2026-08-17 18:13:07 [INFO    ] feed_page.py:392 — Comment added
2026-08-17 18:13:07 [INFO    ] base_page.py:277 — Element ('xpath', "//*[@resource-id='com.zee5.hipi:id/etComment' or (@class='android.widget.EditText' and @package='com.zee5.hipi')]") disappeared.
2026-08-17 18:13:07 [INFO    ] test_feed.py:149 — TEST PASSED: Add comment
2026-08-17 18:13:07 [INFO    ] base_test.py:137 — BaseFeedTest setup completed (session-scoped, already logged in).
2026-08-17 18:13:07 [INFO    ] base_test.py:151 — login_and_reach_feed: START (session-scoped)
2026-08-17 18:13:07 [INFO    ] login_page.py:556 — Validating home page
2026-08-17 18:13:07 [INFO    ] login_page.py:566 — Home page displayed (exo_content_frame visible)
2026-08-17 18:13:07 [INFO    ] base_test.py:154 — login_and_reach_feed: already on home feed (session reused)
2026-08-17 18:13:07 [INFO    ] base_test.py:155 — login_and_reach_feed: COMPLETE
2026-08-17 18:13:07 [INFO    ] feed_page.py:363 — Adding comment: Awesome 🔥
2026-08-17 18:13:07 [INFO    ] feed_page.py:253 — Opening comment sheet
2026-08-17 18:13:08 [INFO    ] base_page.py:173 — Clicked: ('-android uiautomator', 'new UiSelector().className("android.widget.Button").instance(1)')
2026-08-17 18:13:09 [INFO    ] feed_page.py:267 — Comment sheet opened
2026-08-17 18:13:10 [INFO    ] base_page.py:209 — Entered text 'Awesome 🔥' into ('xpath', "//*[@resource-id='com.zee5.hipi:id/etComment' or (@class='android.widget.EditText' and @package='com.zee5.hipi')]")
2026-08-17 18:13:10 [INFO    ] base_page.py:287 — Keyboard hidden.
2026-08-17 18:13:11 [INFO    ] base_page.py:173 — Clicked: ('xpath', "//*[@resource-id='com.zee5.hipi:id/ivSend' or (@content-desc='Send' and @package='com.zee5.hipi')]")
2026-08-17 18:13:12 [INFO    ] base_page.py:173 — Clicked: ('xpath', "//*[@resource-id='com.zee5.hipi:id/ivClose' or (@content-desc='Close' and @package='com.zee5.hipi')]")
2026-08-17 18:13:12 [INFO    ] feed_page.py:392 — Comment added
2026-08-17 18:13:13 [INFO    ] base_page.py:277 — Element ('xpath', "//*[@resource-id='com.zee5.hipi:id/etComment' or (@class='android.widget.EditText' and @package='com.zee5.hipi')]") disappeared.
2026-08-17 18:13:13 [INFO    ] test_feed.py:172 — TEST PASSED: Add comment variant — 'Awesome 🔥'
2026-08-17 18:13:13 [INFO    ] base_test.py:137 — BaseFeedTest setup completed (session-scoped, already logged in).
2026-08-17 18:13:13 [INFO    ] base_test.py:151 — login_and_reach_feed: START (session-scoped)
2026-08-17 18:13:13 [INFO    ] login_page.py:556 — Validating home page
2026-08-17 18:13:13 [INFO    ] login_page.py:566 — Home page displayed (exo_content_frame visible)
2026-08-17 18:13:13 [INFO    ] base_test.py:154 — login_and_reach_feed: already on home feed (session reused)
2026-08-17 18:13:13 [INFO    ] base_test.py:155 — login_and_reach_feed: COMPLETE
2026-08-17 18:13:13 [INFO    ] feed_page.py:363 — Adding comment: Nice ❤️
2026-08-17 18:13:13 [INFO    ] feed_page.py:253 — Opening comment sheet
2026-08-17 18:13:13 [INFO    ] base_page.py:173 — Clicked: ('-android uiautomator', 'new UiSelector().className("android.widget.Button").instance(1)')
2026-08-17 18:13:15 [INFO    ] feed_page.py:267 — Comment sheet opened
2026-08-17 18:13:15 [INFO    ] base_page.py:209 — Entered text 'Nice ❤️' into ('xpath', "//*[@resource-id='com.zee5.hipi:id/etComment' or (@class='android.widget.EditText' and @package='com.zee5.hipi')]")
2026-08-17 18:13:15 [INFO    ] base_page.py:287 — Keyboard hidden.
2026-08-17 18:13:16 [INFO    ] base_page.py:173 — Clicked: ('xpath', "//*[@resource-id='com.zee5.hipi:id/ivSend' or (@content-desc='Send' and @package='com.zee5.hipi')]")
2026-08-17 18:13:18 [INFO    ] base_page.py:173 — Clicked: ('xpath', "//*[@resource-id='com.zee5.hipi:id/ivClose' or (@content-desc='Close' and @package='com.zee5.hipi')]")
2026-08-17 18:13:18 [INFO    ] feed_page.py:392 — Comment added
2026-08-17 18:13:18 [INFO    ] base_page.py:277 — Element ('xpath', "//*[@resource-id='com.zee5.hipi:id/etComment' or (@class='android.widget.EditText' and @package='com.zee5.hipi')]") disappeared.
2026-08-17 18:13:18 [INFO    ] test_feed.py:172 — TEST PASSED: Add comment variant — 'Nice ❤️'
2026-08-17 18:13:18 [INFO    ] base_test.py:137 — BaseFeedTest setup completed (session-scoped, already logged in).
2026-08-17 18:13:18 [INFO    ] base_test.py:151 — login_and_reach_feed: START (session-scoped)
2026-08-17 18:13:18 [INFO    ] login_page.py:556 — Validating home page
2026-08-17 18:13:18 [INFO    ] login_page.py:566 — Home page displayed (exo_content_frame visible)
2026-08-17 18:13:18 [INFO    ] base_test.py:154 — login_and_reach_feed: already on home feed (session reused)
2026-08-17 18:13:18 [INFO    ] base_test.py:155 — login_and_reach_feed: COMPLETE
2026-08-17 18:13:18 [INFO    ] feed_page.py:363 — Adding comment: Amazing 😍
2026-08-17 18:13:18 [INFO    ] feed_page.py:253 — Opening comment sheet
2026-08-17 18:13:18 [INFO    ] base_page.py:173 — Clicked: ('-android uiautomator', 'new UiSelector().className("android.widget.Button").instance(1)')
2026-08-17 18:13:19 [INFO    ] feed_page.py:267 — Comment sheet opened
2026-08-17 18:13:20 [INFO    ] base_page.py:209 — Entered text 'Amazing 😍' into ('xpath', "//*[@resource-id='com.zee5.hipi:id/etComment' or (@class='android.widget.EditText' and @package='com.zee5.hipi')]")
2026-08-17 18:13:20 [INFO    ] base_page.py:287 — Keyboard hidden.
2026-08-17 18:13:21 [INFO    ] base_page.py:173 — Clicked: ('xpath', "//*[@resource-id='com.zee5.hipi:id/ivSend' or (@content-desc='Send' and @package='com.zee5.hipi')]")
2026-08-17 18:13:23 [INFO    ] base_page.py:173 — Clicked: ('xpath', "//*[@resource-id='com.zee5.hipi:id/ivClose' or (@content-desc='Close' and @package='com.zee5.hipi')]")
2026-08-17 18:13:23 [INFO    ] feed_page.py:392 — Comment added
2026-08-17 18:13:23 [INFO    ] base_page.py:277 — Element ('xpath', "//*[@resource-id='com.zee5.hipi:id/etComment' or (@class='android.widget.EditText' and @package='com.zee5.hipi')]") disappeared.
2026-08-17 18:13:23 [INFO    ] test_feed.py:172 — TEST PASSED: Add comment variant — 'Amazing 😍'
2026-08-17 18:13:23 [INFO    ] base_test.py:137 — BaseFeedTest setup completed (session-scoped, already logged in).
2026-08-17 18:13:23 [INFO    ] base_test.py:151 — login_and_reach_feed: START (session-scoped)
2026-08-17 18:13:23 [INFO    ] login_page.py:556 — Validating home page
2026-08-17 18:13:23 [INFO    ] login_page.py:566 — Home page displayed (exo_content_frame visible)
2026-08-17 18:13:23 [INFO    ] base_test.py:154 — login_and_reach_feed: already on home feed (session reused)
2026-08-17 18:13:23 [INFO    ] base_test.py:155 — login_and_reach_feed: COMPLETE
2026-08-17 18:13:23 [INFO    ] feed_page.py:363 — Adding comment: Superb 🔥
2026-08-17 18:13:23 [INFO    ] feed_page.py:253 — Opening comment sheet
2026-08-17 18:13:24 [INFO    ] base_page.py:173 — Clicked: ('-android uiautomator', 'new UiSelector().className("android.widget.Button").instance(1)')
2026-08-17 18:13:25 [INFO    ] feed_page.py:267 — Comment sheet opened
2026-08-17 18:13:26 [INFO    ] base_page.py:209 — Entered text 'Superb 🔥' into ('xpath', "//*[@resource-id='com.zee5.hipi:id/etComment' or (@class='android.widget.EditText' and @package='com.zee5.hipi')]")
2026-08-17 18:13:26 [INFO    ] base_page.py:287 — Keyboard hidden.
2026-08-17 18:13:27 [INFO    ] base_page.py:173 — Clicked: ('xpath', "//*[@resource-id='com.zee5.hipi:id/ivSend' or (@content-desc='Send' and @package='com.zee5.hipi')]")
2026-08-17 18:13:28 [INFO    ] base_page.py:173 — Clicked: ('xpath', "//*[@resource-id='com.zee5.hipi:id/ivClose' or (@content-desc='Close' and @package='com.zee5.hipi')]")
2026-08-17 18:13:28 [INFO    ] feed_page.py:392 — Comment added
2026-08-17 18:13:28 [INFO    ] base_page.py:277 — Element ('xpath', "//*[@resource-id='com.zee5.hipi:id/etComment' or (@class='android.widget.EditText' and @package='com.zee5.hipi')]") disappeared.
2026-08-17 18:13:28 [INFO    ] test_feed.py:172 — TEST PASSED: Add comment variant — 'Superb 🔥'
2026-08-17 18:13:28 [INFO    ] base_test.py:137 — BaseFeedTest setup completed (session-scoped, already logged in).
2026-08-17 18:13:28 [INFO    ] base_test.py:151 — login_and_reach_feed: START (session-scoped)
2026-08-17 18:13:28 [INFO    ] login_page.py:556 — Validating home page
2026-08-17 18:13:28 [INFO    ] login_page.py:566 — Home page displayed (exo_content_frame visible)
2026-08-17 18:13:28 [INFO    ] base_test.py:154 — login_and_reach_feed: already on home feed (session reused)
2026-08-17 18:13:28 [INFO    ] base_test.py:155 — login_and_reach_feed: COMPLETE
2026-08-17 18:13:28 [INFO    ] feed_page.py:363 — Adding comment: Cool Video 😎
2026-08-17 18:13:28 [INFO    ] feed_page.py:253 — Opening comment sheet
2026-08-17 18:13:29 [INFO    ] base_page.py:173 — Clicked: ('-android uiautomator', 'new UiSelector().className("android.widget.Button").instance(1)')
2026-08-17 18:13:30 [INFO    ] feed_page.py:267 — Comment sheet opened
2026-08-17 18:13:31 [INFO    ] base_page.py:209 — Entered text 'Cool Video 😎' into ('xpath', "//*[@resource-id='com.zee5.hipi:id/etComment' or (@class='android.widget.EditText' and @package='com.zee5.hipi')]")
2026-08-17 18:13:31 [INFO    ] base_page.py:287 — Keyboard hidden.
2026-08-17 18:13:32 [INFO    ] base_page.py:173 — Clicked: ('xpath', "//*[@resource-id='com.zee5.hipi:id/ivSend' or (@content-desc='Send' and @package='com.zee5.hipi')]")
2026-08-17 18:13:34 [INFO    ] base_page.py:173 — Clicked: ('xpath', "//*[@resource-id='com.zee5.hipi:id/ivClose' or (@content-desc='Close' and @package='com.zee5.hipi')]")
2026-08-17 18:13:34 [INFO    ] feed_page.py:392 — Comment added
2026-08-17 18:13:34 [INFO    ] base_page.py:277 — Element ('xpath', "//*[@resource-id='com.zee5.hipi:id/etComment' or (@class='android.widget.EditText' and @package='com.zee5.hipi')]") disappeared.
2026-08-17 18:13:34 [INFO    ] test_feed.py:172 — TEST PASSED: Add comment variant — 'Cool Video 😎'
2026-08-17 18:13:34 [INFO    ] base_test.py:137 — BaseFeedTest setup completed (session-scoped, already logged in).
2026-08-17 18:13:34 [INFO    ] base_test.py:151 — login_and_reach_feed: START (session-scoped)
2026-08-17 18:13:34 [INFO    ] login_page.py:556 — Validating home page
2026-08-17 18:13:34 [INFO    ] login_page.py:566 — Home page displayed (exo_content_frame visible)
2026-08-17 18:13:34 [INFO    ] base_test.py:154 — login_and_reach_feed: already on home feed (session reused)
2026-08-17 18:13:34 [INFO    ] base_test.py:155 — login_and_reach_feed: COMPLETE
2026-08-17 18:13:34 [INFO    ] feed_page.py:363 — Adding comment: Great Reel 🚀
2026-08-17 18:13:34 [INFO    ] feed_page.py:253 — Opening comment sheet
2026-08-17 18:13:34 [INFO    ] base_page.py:173 — Clicked: ('-android uiautomator', 'new UiSelector().className("android.widget.Button").instance(1)')
2026-08-17 18:13:36 [INFO    ] feed_page.py:267 — Comment sheet opened
2026-08-17 18:13:36 [INFO    ] base_page.py:209 — Entered text 'Great Reel 🚀' into ('xpath', "//*[@resource-id='com.zee5.hipi:id/etComment' or (@class='android.widget.EditText' and @package='com.zee5.hipi')]")
2026-08-17 18:13:36 [INFO    ] base_page.py:287 — Keyboard hidden.
2026-08-17 18:13:37 [INFO    ] base_page.py:173 — Clicked: ('xpath', "//*[@resource-id='com.zee5.hipi:id/ivSend' or (@content-desc='Send' and @package='com.zee5.hipi')]")
2026-08-17 18:13:39 [INFO    ] base_page.py:173 — Clicked: ('xpath', "//*[@resource-id='com.zee5.hipi:id/ivClose' or (@content-desc='Close' and @package='com.zee5.hipi')]")
2026-08-17 18:13:39 [INFO    ] feed_page.py:392 — Comment added
2026-08-17 18:13:39 [INFO    ] base_page.py:277 — Element ('xpath', "//*[@resource-id='com.zee5.hipi:id/etComment' or (@class='android.widget.EditText' and @package='com.zee5.hipi')]") disappeared.
2026-08-17 18:13:39 [INFO    ] test_feed.py:172 — TEST PASSED: Add comment variant — 'Great Reel 🚀'
2026-08-17 18:13:39 [INFO    ] base_test.py:137 — BaseFeedTest setup completed (session-scoped, already logged in).
2026-08-17 18:13:39 [INFO    ] base_test.py:151 — login_and_reach_feed: START (session-scoped)
2026-08-17 18:13:39 [INFO    ] login_page.py:556 — Validating home page
2026-08-17 18:13:39 [INFO    ] login_page.py:566 — Home page displayed (exo_content_frame visible)
2026-08-17 18:13:39 [INFO    ] base_test.py:154 — login_and_reach_feed: already on home feed (session reused)
2026-08-17 18:13:39 [INFO    ] base_test.py:155 — login_and_reach_feed: COMPLETE
2026-08-17 18:13:39 [INFO    ] feed_page.py:473 — Saving current video
2026-08-17 18:13:40 [INFO    ] base_page.py:173 — Clicked: ('-android uiautomator', 'new UiSelector().className("android.widget.Button").instance(3)')
2026-08-17 18:13:40 [INFO    ] feed_page.py:483 — Video saved
2026-08-17 18:13:40 [INFO    ] test_feed.py:190 — TEST PASSED: Save video
2026-08-17 18:13:40 [INFO    ] base_test.py:137 — BaseFeedTest setup completed (session-scoped, already logged in).
2026-08-17 18:13:40 [INFO    ] base_test.py:151 — login_and_reach_feed: START (session-scoped)
2026-08-17 18:13:40 [INFO    ] login_page.py:556 — Validating home page
2026-08-17 18:13:40 [INFO    ] login_page.py:566 — Home page displayed (exo_content_frame visible)
2026-08-17 18:13:40 [INFO    ] base_test.py:154 — login_and_reach_feed: already on home feed (session reused)
2026-08-17 18:13:40 [INFO    ] base_test.py:155 — login_and_reach_feed: COMPLETE
2026-08-17 18:13:40 [INFO    ] feed_page.py:416 — Sharing current video
2026-08-17 18:13:41 [INFO    ] base_page.py:173 — Clicked: ('-android uiautomator', 'new UiSelector().className("android.widget.Button").instance(2)')
2026-08-17 18:13:43 [INFO    ] base_page.py:295 — Pressed back button.
2026-08-17 18:13:44 [WARNING ] base_page.py:358 — App moved to background (android). Activating com.zee5.hipi.
2026-08-17 18:14:08 [ERROR   ] base_page.py:106 — Element not visible after 18s: ('id', 'com.zee5.hipi:id/exo_content_frame')
2026-08-17 18:14:12 [INFO    ] screenshot_utils.py:60 — Screenshot saved: reports/screenshots/element_not_visible_com.zee5.hipi_id_exo_content_frame_20260817_181408.png
2026-08-17 18:14:12 [INFO    ] screenshot_utils.py:83 — Page source saved: reports/screenshots/element_not_visible_com.zee5.hipi_id_exo_content_frame_20260817_181412.xml
2026-08-17 18:14:12 [WARNING ] feed_page.py:444 — Feed not visible 20s after share sheet was dismissed. App may be on a different screen.
2026-08-17 18:14:12 [INFO    ] feed_page.py:449 — Share sheet dismissed
2026-08-17 18:14:23 [ERROR   ] base_page.py:106 — Element not visible after 10s: ('id', 'com.zee5.hipi:id/exo_content_frame')
2026-08-17 18:14:26 [INFO    ] screenshot_utils.py:60 — Screenshot saved: reports/screenshots/element_not_visible_com.zee5.hipi_id_exo_content_frame_20260817_181423.png
2026-08-17 18:14:26 [INFO    ] screenshot_utils.py:83 — Page source saved: reports/screenshots/element_not_visible_com.zee5.hipi_id_exo_content_frame_20260817_181426.xml
2026-08-17 18:14:28 [INFO    ] screenshot_utils.py:60 — Screenshot saved: reports/screenshots/test_share_video_20260817_181426.png
2026-08-17 18:14:29 [INFO    ] screenshot_utils.py:83 — Page source saved: reports/screenshots/test_share_video_20260817_181428.xml
2026-08-17 18:14:29 [ERROR   ] conftest.py:517 — Test FAILED: test_share_video
2026-08-17 18:14:29 [INFO    ] base_test.py:137 — BaseFeedTest setup completed (session-scoped, already logged in).
2026-08-17 18:14:29 [INFO    ] base_test.py:151 — login_and_reach_feed: START (session-scoped)
2026-08-17 18:14:29 [INFO    ] login_page.py:556 — Validating home page
2026-08-17 18:14:37 [ERROR   ] base_page.py:106 — Element not visible after 8s: ('id', 'com.zee5.hipi:id/exo_content_frame')
2026-08-17 18:14:39 [INFO    ] screenshot_utils.py:60 — Screenshot saved: reports/screenshots/element_not_visible_com.zee5.hipi_id_exo_content_frame_20260817_181437.png
2026-08-17 18:14:40 [INFO    ] screenshot_utils.py:83 — Page source saved: reports/screenshots/element_not_visible_com.zee5.hipi_id_exo_content_frame_20260817_181439.xml
2026-08-17 18:14:40 [WARNING ] login_page.py:568 — Home page not displayed within timeout
2026-08-17 18:14:40 [WARNING ] base_test.py:158 — Session-scoped driver is not on the home feed — logging in again.
2026-08-17 18:14:40 [INFO    ] base_test.py:39 — Logging in as default test user.
2026-08-17 18:14:40 [INFO    ] login_page.py:599 — ========== LOGIN FLOW START ==========
2026-08-17 18:14:40 [WARNING ] base_page.py:358 — App moved to background (android). Activating com.zee5.hipi.
2026-08-17 18:14:44 [INFO    ] login_page.py:43 — Opening profile tab
2026-08-17 18:14:45 [INFO    ] login_page.py:53 — Profile tab open attempt 1/2
2026-08-17 18:14:45 [WARNING ] base_page.py:358 — App moved to background (android). Activating com.zee5.hipi.
2026-08-17 18:14:57 [ERROR   ] base_page.py:115 — Element not clickable after 8s: ('xpath', "//android.view.View[@clickable='true'][.//android.widget.TextView[@text='Profile']]")
2026-08-17 18:15:01 [INFO    ] screenshot_utils.py:60 — Screenshot saved: reports/screenshots/element_not_clickable___android.view.View__clickable=_true___.__android.widget.TextView__text=_Profile____20260817_181457.png
2026-08-17 18:15:01 [INFO    ] screenshot_utils.py:83 — Page source saved: reports/screenshots/element_not_clickable___android.view.View__clickable=_true___.__android.widget.TextView__text=_Profile____20260817_181501.xml
2026-08-17 18:15:01 [ERROR   ] base_page.py:189 — Click failed on attempt 1 for ('xpath', "//android.view.View[@clickable='true'][.//android.widget.TextView[@text='Profile']]"): Message: 
Stacktrace:
NoSuchElementError: An element could not be located on the page using the given search parameters.
    at AndroidUiautomator2Driver.findElOrEls (/Users/vc.rajdeep.kumar/.appium/node_modules/appium-uiautomator2-driver/node_modules/appium-android-driver/build/lib/commands/find.js:62:15)
    at process.processTicksAndRejections (node:internal/process/task_queues:104:5)
    at async AndroidUiautomator2Driver.findElOrElsWithProcessing (/opt/homebrew/lib/node_modules/appium/node_modules/@appium/base-driver/build/lib/basedriver/commands/find.js:12:16)
    at async AndroidUiautomator2Driver.findElement (/opt/homebrew/lib/node_modules/appium/node_modules/@appium/base-driver/build/lib/basedriver/commands/find.js:27:16)
2026-08-17 18:15:01 [WARNING ] base_page.py:419 — Attempting to recover application state...
2026-08-17 18:15:02 [WARNING ] base_page.py:358 — App moved to background (android). Activating com.zee5.hipi.
2026-08-17 18:15:08 [INFO    ] base_page.py:424 — App recovery attempt completed.
2026-08-17 18:15:10 [INFO    ] screenshot_utils.py:60 — Screenshot saved: reports/screenshots/click_failed_20260817_181508.png
2026-08-17 18:15:10 [INFO    ] screenshot_utils.py:83 — Page source saved: reports/screenshots/click_failed_20260817_181510.xml
2026-08-17 18:15:10 [WARNING ] login_page.py:98 — Element-based click failed: Unable to click ('xpath', "//android.view.View[@clickable='true'][.//android.widget.TextView[@text='Profile']]") after 1 retries. Last exception: Message: 
Stacktrace:
NoSuchElementError: An element could not be located on the page using the given search parameters.
    at AndroidUiautomator2Driver.findElOrEls (/Users/vc.rajdeep.kumar/.appium/node_modules/appium-uiautomator2-driver/node_modules/appium-android-driver/build/lib/commands/find.js:62:15)
    at process.processTicksAndRejections (node:internal/process/task_queues:104:5)
    at async AndroidUiautomator2Driver.findElOrElsWithProcessing (/opt/homebrew/lib/node_modules/appium/node_modules/@appium/base-driver/build/lib/basedriver/commands/find.js:12:16)
    at async AndroidUiautomator2Driver.findElement (/opt/homebrew/lib/node_modules/appium/node_modules/@appium/base-driver/build/lib/basedriver/commands/find.js:27:16)
2026-08-17 18:15:18 [ERROR   ] base_page.py:106 — Element not visible after 8s: ('-android uiautomator', 'new UiSelector().text("Edit Profile")')
2026-08-17 18:15:21 [INFO    ] screenshot_utils.py:60 — Screenshot saved: reports/screenshots/element_not_visible_new UiSelector().text(_Edit Profile_)_20260817_181518.png
2026-08-17 18:15:21 [INFO    ] screenshot_utils.py:83 — Page source saved: reports/screenshots/element_not_visible_new UiSelector().text(_Edit Profile_)_20260817_181521.xml
2026-08-17 18:15:24 [ERROR   ] base_page.py:106 — Element not visible after 3s: ('id', 'com.zee5.hipi:id/exo_content_frame')
2026-08-17 18:15:26 [INFO    ] screenshot_utils.py:60 — Screenshot saved: reports/screenshots/element_not_visible_com.zee5.hipi_id_exo_content_frame_20260817_181524.png
2026-08-17 18:15:26 [INFO    ] screenshot_utils.py:83 — Page source saved: reports/screenshots/element_not_visible_com.zee5.hipi_id_exo_content_frame_20260817_181526.xml
2026-08-17 18:15:26 [WARNING ] base_page.py:358 — App moved to background (android). Activating com.zee5.hipi.
2026-08-17 18:15:30 [INFO    ] gestures.py:29 — Tap performed at X:760 Y:2246
2026-08-17 18:15:37 [ERROR   ] base_page.py:148 — None of the candidate locators became visible within 6s. Candidates: [('-android uiautomator', 'new UiSelector().textContains("Continue")'), ('class name', 'android.widget.EditText')]. Last error: None
2026-08-17 18:15:39 [INFO    ] screenshot_utils.py:60 — Screenshot saved: reports/screenshots/wait_for_any_visible_failed_20260817_181537.png
2026-08-17 18:15:40 [INFO    ] screenshot_utils.py:83 — Page source saved: reports/screenshots/wait_for_any_visible_failed_20260817_181539.xml
2026-08-17 18:15:40 [WARNING ] login_page.py:158 — Attempt 1 did not reach the login sheet, recovering and retrying...
2026-08-17 18:15:40 [WARNING ] base_page.py:419 — Attempting to recover application state...
2026-08-17 18:15:40 [WARNING ] base_page.py:358 — App moved to background (com.google.android.marvin.talkback). Activating com.zee5.hipi.
2026-08-17 18:15:46 [INFO    ] base_page.py:424 — App recovery attempt completed.
2026-08-17 18:15:48 [INFO    ] login_page.py:53 — Profile tab open attempt 2/2
2026-08-17 18:15:49 [INFO    ] base_page.py:173 — Clicked: ('xpath', "//android.view.View[@clickable='true'][.//android.widget.TextView[@text='Profile']]")
2026-08-17 18:15:55 [ERROR   ] base_page.py:148 — None of the candidate locators became visible within 6s. Candidates: [('-android uiautomator', 'new UiSelector().textContains("Continue")'), ('class name', 'android.widget.EditText')]. Last error: None
2026-08-17 18:15:56 [INFO    ] screenshot_utils.py:60 — Screenshot saved: reports/screenshots/wait_for_any_visible_failed_20260817_181555.png
2026-08-17 18:15:56 [INFO    ] screenshot_utils.py:83 — Page source saved: reports/screenshots/wait_for_any_visible_failed_20260817_181556.xml
2026-08-17 18:15:56 [INFO    ] login_page.py:200 — Already logged in — 'Edit Profile' visible. noReset=true preserved a previous session. Navigating to home feed.
2026-08-17 18:15:56 [INFO    ] base_page.py:173 — Clicked: ('xpath', "//android.view.View[@clickable='true'][.//android.widget.TextView[@text='Home']]")
2026-08-17 18:15:56 [INFO    ] login_page.py:211 — Navigated to home tab.
2026-08-17 18:15:56 [INFO    ] login_page.py:616 — ========== LOGIN SKIPPED (ALREADY LOGGED IN) ==========
2026-08-17 18:15:56 [INFO    ] login_page.py:556 — Validating home page
2026-08-17 18:15:59 [INFO    ] login_page.py:566 — Home page displayed (exo_content_frame visible)
2026-08-17 18:15:59 [INFO    ] base_test.py:163 — login_and_reach_feed: COMPLETE
2026-08-17 18:15:59 [WARNING ] base_page.py:255 — Error checking display status for ('xpath', "//android.view.View[@clickable='true'][.//android.widget.TextView[@text='Following']]"): Message: Could not proxy command to the remote server. Original error: socket hang up
Stacktrace:
UnknownError: Could not proxy command to the remote server. Original error: socket hang up
    at ProxyRequestError.getActualError (/opt/homebrew/lib/node_modules/appium/node_modules/@appium/base-driver/build/lib/protocol/errors.js:692:16)
    at UIA2Proxy.command (/opt/homebrew/lib/node_modules/appium/node_modules/@appium/base-driver/build/lib/jsonwp-proxy/proxy.js:270:27)
    at process.processTicksAndRejections (node:internal/process/task_queues:104:5)
    at async AndroidUiautomator2Driver.doFindElementOrEls (/Users/vc.rajdeep.kumar/.appium/node_modules/appium-uiautomator2-driver/build/lib/commands/find.js:24:13)
    at async doFind (/Users/vc.rajdeep.kumar/.appium/node_modules/appium-uiautomator2-driver/node_modules/appium-android-driver/build/lib/commands/find.js:24:23)
    at async wrappedCondFn (/opt/homebrew/lib/node_modules/appium/node_modules/@appium/base-driver/build/lib/basedriver/commands/timeout.js:97:20)
    at async spin (/opt/homebrew/lib/node_modules/appium/node_modules/asyncbox/build/lib/asyncbox.js:174:24)
    at async waitForCondition (/opt/homebrew/lib/node_modules/appium/node_modules/asyncbox/build/lib/asyncbox.js:192:12)
    at async AndroidUiautomator2Driver.implicitWaitForCondition (/opt/homebrew/lib/node_modules/appium/node_modules/@appium/base-driver/build/lib/basedriver/commands/timeout.js:99:16)
    at async AndroidUiautomator2Driver.findElOrEls (/Users/vc.rajdeep.kumar/.appium/node_modules/appium-uiautomator2-driver/node_modules/appium-android-driver/build/lib/commands/find.js:45:9)
    at async AndroidUiautomator2Driver.findElOrElsWithProcessing (/opt/homebrew/lib/node_modules/appium/node_modules/@appium/base-driver/build/lib/basedriver/commands/find.js:12:16)
    at async AndroidUiautomator2Driver.findElement (/opt/homebrew/lib/node_modules/appium/node_modules/@appium/base-driver/build/lib/basedriver/commands/find.js:27:16)
2026-08-17 18:15:59 [INFO    ] test_feed.py:240 — Pre-test follow state: Not following
2026-08-17 18:15:59 [INFO    ] feed_page.py:518 — Following current user
2026-08-17 18:15:59 [WARNING ] base_page.py:255 — Error checking display status for ('xpath', "//android.view.View[@clickable='true'][.//android.widget.TextView[@text='Following']]"): Message: 'POST /element' cannot be proxied to UiAutomator2 server because the instrumentation process is not running (probably crashed). Check the server log and/or the logcat output for more details
Stacktrace:
UnknownError: 'POST /element' cannot be proxied to UiAutomator2 server because the instrumentation process is not running (probably crashed). Check the server log and/or the logcat output for more details
    at UIA2Proxy.command (/opt/homebrew/lib/node_modules/appium/node_modules/@appium/base-driver/build/lib/jsonwp-proxy/proxy.js:272:19)
    at process.processTicksAndRejections (node:internal/process/task_queues:104:5)
    at async AndroidUiautomator2Driver.doFindElementOrEls (/Users/vc.rajdeep.kumar/.appium/node_modules/appium-uiautomator2-driver/build/lib/commands/find.js:24:13)
    at async doFind (/Users/vc.rajdeep.kumar/.appium/node_modules/appium-uiautomator2-driver/node_modules/appium-android-driver/build/lib/commands/find.js:24:23)
    at async wrappedCondFn (/opt/homebrew/lib/node_modules/appium/node_modules/@appium/base-driver/build/lib/basedriver/commands/timeout.js:97:20)
    at async spin (/opt/homebrew/lib/node_modules/appium/node_modules/asyncbox/build/lib/asyncbox.js:174:24)
    at async waitForCondition (/opt/homebrew/lib/node_modules/appium/node_modules/asyncbox/build/lib/asyncbox.js:192:12)
    at async AndroidUiautomator2Driver.implicitWaitForCondition (/opt/homebrew/lib/node_modules/appium/node_modules/@appium/base-driver/build/lib/basedriver/commands/timeout.js:99:16)
    at async AndroidUiautomator2Driver.findElOrEls (/Users/vc.rajdeep.kumar/.appium/node_modules/appium-uiautomator2-driver/node_modules/appium-android-driver/build/lib/commands/find.js:45:9)
    at async AndroidUiautomator2Driver.findElOrElsWithProcessing (/opt/homebrew/lib/node_modules/appium/node_modules/@appium/base-driver/build/lib/basedriver/commands/find.js:12:16)
    at async AndroidUiautomator2Driver.findElement (/opt/homebrew/lib/node_modules/appium/node_modules/@appium/base-driver/build/lib/basedriver/commands/find.js:27:16)
2026-08-17 18:15:59 [ERROR   ] base_page.py:362 — Failed to ensure app is in foreground: Message: Could not retrieve the currently focused package and activity. Original error: Error executing adbExec. Original error: 'Command '/Users/vc.rajdeep.kumar/Library/Android/sdk/platform-tools/adb -P 5037 -s emulator-5554 shell dumpsys window displays' exited with code 1'; Command output: adb: device offline

Stacktrace:
UnknownError: Could not retrieve the currently focused package and activity. Original error: Error executing adbExec. Original error: 'Command '/Users/vc.rajdeep.kumar/Library/Android/sdk/platform-tools/adb -P 5037 -s emulator-5554 shell dumpsys window displays' exited with code 1'; Command output: adb: device offline

    at getResponseForW3CError (/opt/homebrew/lib/node_modules/appium/node_modules/@appium/base-driver/build/lib/protocol/errors.js:824:36)
    at asyncHandler (/opt/homebrew/lib/node_modules/appium/node_modules/@appium/base-driver/build/lib/protocol/protocol.js:430:77)
The above error is caused by
Error: Could not retrieve the currently focused package and activity. Original error: Error executing adbExec. Original error: 'Command '/Users/vc.rajdeep.kumar/Library/Android/sdk/platform-tools/adb -P 5037 -s emulator-5554 shell dumpsys window displays' exited with code 1'; Command output: adb: device offline

    at ADB.getFocusedPackageAndActivity (/Users/vc.rajdeep.kumar/.appium/node_modules/appium-uiautomator2-driver/node_modules/appium-adb/build/lib/tools/app-commands.js:643:15)
    at process.processTicksAndRejections (node:internal/process/task_queues:104:5)
    at async AndroidUiautomator2Driver.getCurrentPackage (/Users/vc.rajdeep.kumar/.appium/node_modules/appium-uiautomator2-driver/node_modules/appium-android-driver/build/lib/commands/app-management.js:308:13)
    at async AndroidUiautomator2Driver.executeMethod (/opt/homebrew/lib/node_modules/appium/node_modules/@appium/base-driver/build/lib/basedriver/commands/execute.js:43:16)
    at async AndroidUiautomator2Driver.execute (/Users/vc.rajdeep.kumar/.appium/node_modules/appium-uiautomator2-driver/node_modules/appium-android-driver/build/lib/commands/execute.js:24:16)
2026-08-17 18:15:59 [ERROR   ] screenshot_utils.py:64 — Screenshot capture failed: Message: 'GET /screenshot' cannot be proxied to UiAutomator2 server because the instrumentation process is not running (probably crashed). Check the server log and/or the logcat output for more details
Stacktrace:
UnknownError: 'GET /screenshot' cannot be proxied to UiAutomator2 server because the instrumentation process is not running (probably crashed). Check the server log and/or the logcat output for more details
    at UIA2Proxy.command (/opt/homebrew/lib/node_modules/appium/node_modules/@appium/base-driver/build/lib/jsonwp-proxy/proxy.js:272:19)
    at process.processTicksAndRejections (node:internal/process/task_queues:104:5)
    at async AndroidUiautomator2Driver.getScreenshot (/Users/vc.rajdeep.kumar/.appium/node_modules/appium-uiautomator2-driver/build/lib/commands/screenshot.js:72:19)
2026-08-17 18:15:59 [ERROR   ] screenshot_utils.py:87 — Page source save failed: Message: 'GET /session/5edff59e-204f-494c-a6d6-d606e8da3029/source' cannot be proxied to UiAutomator2 server because the instrumentation process is not running (probably crashed). Check the server log and/or the logcat output for more details
Stacktrace:
InvalidContextError: 'GET /session/5edff59e-204f-494c-a6d6-d606e8da3029/source' cannot be proxied to UiAutomator2 server because the instrumentation process is not running (probably crashed). Check the server log and/or the logcat output for more details
    at UIA2Proxy.proxyCommand (/Users/vc.rajdeep.kumar/.appium/node_modules/appium-uiautomator2-driver/build/lib/uiautomator2.js:32:19)
    at UIA2Proxy.proxyReqRes (/opt/homebrew/lib/node_modules/appium/node_modules/@appium/base-driver/build/lib/jsonwp-proxy/proxy.js:325:49)
    at runCommandPromise (/opt/homebrew/lib/node_modules/appium/node_modules/@appium/base-driver/build/lib/basedriver/driver.js:121:30)
    at /opt/homebrew/lib/node_modules/appium/node_modules/async-lock/lib/index.js:171:12
    at AsyncLock._promiseTry (/opt/homebrew/lib/node_modules/appium/node_modules/async-lock/lib/index.js:306:31)
    at exec (/opt/homebrew/lib/node_modules/appium/node_modules/async-lock/lib/index.js:170:9)
    at AsyncLock.acquire (/opt/homebrew/lib/node_modules/appium/node_modules/async-lock/lib/index.js:189:3)
    at AndroidUiautomator2Driver.executeCommand (/opt/homebrew/lib/node_modules/appium/node_modules/@appium/base-driver/build/lib/basedriver/driver.js:161:45)
    at process.processTicksAndRejections (node:internal/process/task_queues:104:5)
    at async defaultBehavior (/opt/homebrew/lib/node_modules/appium/build/lib/appium.js:634:20)
    at async AppiumDriver.executeWrappedCommand (/opt/homebrew/lib/node_modules/appium/build/lib/appium.js:726:22)
    at async AppiumDriver.executeCommand (/opt/homebrew/lib/node_modules/appium/build/lib/appium.js:645:21)
    at async doJwpProxy (/opt/homebrew/lib/node_modules/appium/node_modules/@appium/base-driver/build/lib/protocol/protocol.js:476:9)
    at async asyncHandler (/opt/homebrew/lib/node_modules/appium/node_modules/@appium/base-driver/build/lib/protocol/protocol.js:307:21)
2026-08-17 18:15:59 [ERROR   ] base_page.py:182 — Fatal session error clicking ('xpath', "//android.view.View[@clickable='true'][.//android.widget.TextView[@text='Follow']]") — session is dead, not retrying: Message: 'POST /element' cannot be proxied to UiAutomator2 server because the instrumentation process is not running (probably crashed). Check the server log and/or the logcat output for more details
Stacktrace:
UnknownError: 'POST /element' cannot be proxied to UiAutomator2 server because the instrumentation process is not running (probably crashed). Check the server log and/or the logcat output for more details
    at UIA2Proxy.command (/opt/homebrew/lib/node_modules/appium/node_modules/@appium/base-driver/build/lib/jsonwp-proxy/proxy.js:272:19)
    at process.processTicksAndRejections (node:internal/process/task_queues:104:5)
    at async AndroidUiautomator2Driver.doFindElementOrEls (/Users/vc.rajdeep.kumar/.appium/node_modules/appium-uiautomator2-driver/build/lib/commands/find.js:24:13)
    at async doFind (/Users/vc.rajdeep.kumar/.appium/node_modules/appium-uiautomator2-driver/node_modules/appium-android-driver/build/lib/commands/find.js:24:23)
    at async wrappedCondFn (/opt/homebrew/lib/node_modules/appium/node_modules/@appium/base-driver/build/lib/basedriver/commands/timeout.js:97:20)
    at async spin (/opt/homebrew/lib/node_modules/appium/node_modules/asyncbox/build/lib/asyncbox.js:174:24)
    at async waitForCondition (/opt/homebrew/lib/node_modules/appium/node_modules/asyncbox/build/lib/asyncbox.js:192:12)
    at async AndroidUiautomator2Driver.implicitWaitForCondition (/opt/homebrew/lib/node_modules/appium/node_modules/@appium/base-driver/build/lib/basedriver/commands/timeout.js:99:16)
    at async AndroidUiautomator2Driver.findElOrEls (/Users/vc.rajdeep.kumar/.appium/node_modules/appium-uiautomator2-driver/node_modules/appium-android-driver/build/lib/commands/find.js:45:9)
    at async AndroidUiautomator2Driver.findElOrElsWithProcessing (/opt/homebrew/lib/node_modules/appium/node_modules/@appium/base-driver/build/lib/basedriver/commands/find.js:12:16)
    at async AndroidUiautomator2Driver.findElement (/opt/homebrew/lib/node_modules/appium/node_modules/@appium/base-driver/build/lib/basedriver/commands/find.js:27:16)
2026-08-17 18:15:59 [ERROR   ] feed_page.py:547 — Follow user failed: Session/instrumentation dead while clicking ('xpath', "//android.view.View[@clickable='true'][.//android.widget.TextView[@text='Follow']]"): Message: 'POST /element' cannot be proxied to UiAutomator2 server because the instrumentation process is not running (probably crashed). Check the server log and/or the logcat output for more details
Stacktrace:
UnknownError: 'POST /element' cannot be proxied to UiAutomator2 server because the instrumentation process is not running (probably crashed). Check the server log and/or the logcat output for more details
    at UIA2Proxy.command (/opt/homebrew/lib/node_modules/appium/node_modules/@appium/base-driver/build/lib/jsonwp-proxy/proxy.js:272:19)
    at process.processTicksAndRejections (node:internal/process/task_queues:104:5)
    at async AndroidUiautomator2Driver.doFindElementOrEls (/Users/vc.rajdeep.kumar/.appium/node_modules/appium-uiautomator2-driver/build/lib/commands/find.js:24:13)
    at async doFind (/Users/vc.rajdeep.kumar/.appium/node_modules/appium-uiautomator2-driver/node_modules/appium-android-driver/build/lib/commands/find.js:24:23)
    at async wrappedCondFn (/opt/homebrew/lib/node_modules/appium/node_modules/@appium/base-driver/build/lib/basedriver/commands/timeout.js:97:20)
    at async spin (/opt/homebrew/lib/node_modules/appium/node_modules/asyncbox/build/lib/asyncbox.js:174:24)
    at async waitForCondition (/opt/homebrew/lib/node_modules/appium/node_modules/asyncbox/build/lib/asyncbox.js:192:12)
    at async AndroidUiautomator2Driver.implicitWaitForCondition (/opt/homebrew/lib/node_modules/appium/node_modules/@appium/base-driver/build/lib/basedriver/commands/timeout.js:99:16)
    at async AndroidUiautomator2Driver.findElOrEls (/Users/vc.rajdeep.kumar/.appium/node_modules/appium-uiautomator2-driver/node_modules/appium-android-driver/build/lib/commands/find.js:45:9)
    at async AndroidUiautomator2Driver.findElOrElsWithProcessing (/opt/homebrew/lib/node_modules/appium/node_modules/@appium/base-driver/build/lib/basedriver/commands/find.js:12:16)
    at async AndroidUiautomator2Driver.findElement (/opt/homebrew/lib/node_modules/appium/node_modules/@appium/base-driver/build/lib/basedriver/commands/find.js:27:16)
2026-08-17 18:15:59 [ERROR   ] screenshot_utils.py:64 — Screenshot capture failed: Message: 'GET /screenshot' cannot be proxied to UiAutomator2 server because the instrumentation process is not running (probably crashed). Check the server log and/or the logcat output for more details
Stacktrace:
UnknownError: 'GET /screenshot' cannot be proxied to UiAutomator2 server because the instrumentation process is not running (probably crashed). Check the server log and/or the logcat output for more details
    at UIA2Proxy.command (/opt/homebrew/lib/node_modules/appium/node_modules/@appium/base-driver/build/lib/jsonwp-proxy/proxy.js:272:19)
    at process.processTicksAndRejections (node:internal/process/task_queues:104:5)
    at async AndroidUiautomator2Driver.getScreenshot (/Users/vc.rajdeep.kumar/.appium/node_modules/appium-uiautomator2-driver/build/lib/commands/screenshot.js:72:19)
2026-08-17 18:15:59 [ERROR   ] screenshot_utils.py:87 — Page source save failed: Message: 'GET /session/5edff59e-204f-494c-a6d6-d606e8da3029/source' cannot be proxied to UiAutomator2 server because the instrumentation process is not running (probably crashed). Check the server log and/or the logcat output for more details
Stacktrace:
InvalidContextError: 'GET /session/5edff59e-204f-494c-a6d6-d606e8da3029/source' cannot be proxied to UiAutomator2 server because the instrumentation process is not running (probably crashed). Check the server log and/or the logcat output for more details
    at UIA2Proxy.proxyCommand (/Users/vc.rajdeep.kumar/.appium/node_modules/appium-uiautomator2-driver/build/lib/uiautomator2.js:32:19)
    at UIA2Proxy.proxyReqRes (/opt/homebrew/lib/node_modules/appium/node_modules/@appium/base-driver/build/lib/jsonwp-proxy/proxy.js:325:49)
    at runCommandPromise (/opt/homebrew/lib/node_modules/appium/node_modules/@appium/base-driver/build/lib/basedriver/driver.js:121:30)
    at /opt/homebrew/lib/node_modules/appium/node_modules/async-lock/lib/index.js:171:12
    at AsyncLock._promiseTry (/opt/homebrew/lib/node_modules/appium/node_modules/async-lock/lib/index.js:306:31)
    at exec (/opt/homebrew/lib/node_modules/appium/node_modules/async-lock/lib/index.js:170:9)
    at AsyncLock.acquire (/opt/homebrew/lib/node_modules/appium/node_modules/async-lock/lib/index.js:189:3)
    at AndroidUiautomator2Driver.executeCommand (/opt/homebrew/lib/node_modules/appium/node_modules/@appium/base-driver/build/lib/basedriver/driver.js:161:45)
    at process.processTicksAndRejections (node:internal/process/task_queues:104:5)
    at async defaultBehavior (/opt/homebrew/lib/node_modules/appium/build/lib/appium.js:634:20)
    at async AppiumDriver.executeWrappedCommand (/opt/homebrew/lib/node_modules/appium/build/lib/appium.js:726:22)
    at async AppiumDriver.executeCommand (/opt/homebrew/lib/node_modules/appium/build/lib/appium.js:645:21)
    at async doJwpProxy (/opt/homebrew/lib/node_modules/appium/node_modules/@appium/base-driver/build/lib/protocol/protocol.js:476:9)
    at async asyncHandler (/opt/homebrew/lib/node_modules/appium/node_modules/@appium/base-driver/build/lib/protocol/protocol.js:307:21)
2026-08-17 18:15:59 [ERROR   ] screenshot_utils.py:64 — Screenshot capture failed: Message: 'GET /screenshot' cannot be proxied to UiAutomator2 server because the instrumentation process is not running (probably crashed). Check the server log and/or the logcat output for more details
Stacktrace:
UnknownError: 'GET /screenshot' cannot be proxied to UiAutomator2 server because the instrumentation process is not running (probably crashed). Check the server log and/or the logcat output for more details
    at UIA2Proxy.command (/opt/homebrew/lib/node_modules/appium/node_modules/@appium/base-driver/build/lib/jsonwp-proxy/proxy.js:272:19)
    at process.processTicksAndRejections (node:internal/process/task_queues:104:5)
    at async AndroidUiautomator2Driver.getScreenshot (/Users/vc.rajdeep.kumar/.appium/node_modules/appium-uiautomator2-driver/build/lib/commands/screenshot.js:72:19)
2026-08-17 18:15:59 [ERROR   ] screenshot_utils.py:87 — Page source save failed: Message: 'GET /session/5edff59e-204f-494c-a6d6-d606e8da3029/source' cannot be proxied to UiAutomator2 server because the instrumentation process is not running (probably crashed). Check the server log and/or the logcat output for more details
Stacktrace:
InvalidContextError: 'GET /session/5edff59e-204f-494c-a6d6-d606e8da3029/source' cannot be proxied to UiAutomator2 server because the instrumentation process is not running (probably crashed). Check the server log and/or the logcat output for more details
    at UIA2Proxy.proxyCommand (/Users/vc.rajdeep.kumar/.appium/node_modules/appium-uiautomator2-driver/build/lib/uiautomator2.js:32:19)
    at UIA2Proxy.proxyReqRes (/opt/homebrew/lib/node_modules/appium/node_modules/@appium/base-driver/build/lib/jsonwp-proxy/proxy.js:325:49)
    at runCommandPromise (/opt/homebrew/lib/node_modules/appium/node_modules/@appium/base-driver/build/lib/basedriver/driver.js:121:30)
    at /opt/homebrew/lib/node_modules/appium/node_modules/async-lock/lib/index.js:171:12
    at AsyncLock._promiseTry (/opt/homebrew/lib/node_modules/appium/node_modules/async-lock/lib/index.js:306:31)
    at exec (/opt/homebrew/lib/node_modules/appium/node_modules/async-lock/lib/index.js:170:9)
    at AsyncLock.acquire (/opt/homebrew/lib/node_modules/appium/node_modules/async-lock/lib/index.js:189:3)
    at AndroidUiautomator2Driver.executeCommand (/opt/homebrew/lib/node_modules/appium/node_modules/@appium/base-driver/build/lib/basedriver/driver.js:161:45)
    at process.processTicksAndRejections (node:internal/process/task_queues:104:5)
    at async defaultBehavior (/opt/homebrew/lib/node_modules/appium/build/lib/appium.js:634:20)
    at async AppiumDriver.executeWrappedCommand (/opt/homebrew/lib/node_modules/appium/build/lib/appium.js:726:22)
    at async AppiumDriver.executeCommand (/opt/homebrew/lib/node_modules/appium/build/lib/appium.js:645:21)
    at async doJwpProxy (/opt/homebrew/lib/node_modules/appium/node_modules/@appium/base-driver/build/lib/protocol/protocol.js:476:9)
    at async asyncHandler (/opt/homebrew/lib/node_modules/appium/node_modules/@appium/base-driver/build/lib/protocol/protocol.js:307:21)
2026-08-17 18:15:59 [ERROR   ] conftest.py:517 — Test FAILED: test_follow_user
2026-08-17 18:15:59 [WARNING ] conftest.py:452 — Shared feed session is dead (UiAutomator2 crash or similar) — recreating it instead of failing every remaining feed test.
2026-08-17 18:15:59 [INFO    ] conftest.py:464 — LOGGED-IN DRIVER: creating shared feed session...
2026-08-17 18:15:59 [INFO    ] conftest.py:158 — Driver creation attempt 1/3
2026-08-17 18:16:02 [INFO    ] driver_factory.py:53 — ========== DRIVER CREATION START ==========
2026-08-17 18:16:02 [INFO    ] driver_factory.py:70 — Device: emulator | Env: qa | Platform: Android
2026-08-17 18:16:02 [INFO    ] driver_factory.py:136 — Device Name: Android Emulator
2026-08-17 18:16:02 [INFO    ] driver_factory.py:137 — UDID: emulator-5554
2026-08-17 18:16:02 [INFO    ] driver_factory.py:151 — App Package: com.zee5.hipi (noReset=true, activity not set)
2026-08-17 18:16:08 [INFO    ] driver_factory.py:112 — App launched by driver. Waiting for stabilization...
2026-08-17 18:16:10 [INFO    ] driver_factory.py:115 — ========== DRIVER CREATED SUCCESSFULLY ==========
2026-08-17 18:16:13 [INFO    ] popup_handler.py:122 — Checking for 'Get Started' screen...
2026-08-17 18:16:16 [INFO    ] popup_handler.py:134 — 'Get Started' screen not present — skipping.
2026-08-17 18:16:16 [INFO    ] login_page.py:599 — ========== LOGIN FLOW START ==========
2026-08-17 18:16:16 [ERROR   ] base_page.py:362 — Failed to ensure app is in foreground: Message: Could not retrieve the currently focused package and activity. Original error: Error executing adbExec. Original error: 'Command '/Users/vc.rajdeep.kumar/Library/Android/sdk/platform-tools/adb -P 5037 -s emulator-5554 shell dumpsys window displays' exited with code 1'; Command output: error: closed

Stacktrace:
UnknownError: Could not retrieve the currently focused package and activity. Original error: Error executing adbExec. Original error: 'Command '/Users/vc.rajdeep.kumar/Library/Android/sdk/platform-tools/adb -P 5037 -s emulator-5554 shell dumpsys window displays' exited with code 1'; Command output: error: closed

    at getResponseForW3CError (/opt/homebrew/lib/node_modules/appium/node_modules/@appium/base-driver/build/lib/protocol/errors.js:824:36)
    at asyncHandler (/opt/homebrew/lib/node_modules/appium/node_modules/@appium/base-driver/build/lib/protocol/protocol.js:430:77)
The above error is caused by
Error: Could not retrieve the currently focused package and activity. Original error: Error executing adbExec. Original error: 'Command '/Users/vc.rajdeep.kumar/Library/Android/sdk/platform-tools/adb -P 5037 -s emulator-5554 shell dumpsys window displays' exited with code 1'; Command output: error: closed

    at ADB.getFocusedPackageAndActivity (/Users/vc.rajdeep.kumar/.appium/node_modules/appium-uiautomator2-driver/node_modules/appium-adb/build/lib/tools/app-commands.js:643:15)
    at async AndroidUiautomator2Driver.getCurrentPackage (/Users/vc.rajdeep.kumar/.appium/node_modules/appium-uiautomator2-driver/node_modules/appium-android-driver/build/lib/commands/app-management.js:308:13)
    at async AndroidUiautomator2Driver.executeMethod (/opt/homebrew/lib/node_modules/appium/node_modules/@appium/base-driver/build/lib/basedriver/commands/execute.js:43:16)
    at async AndroidUiautomator2Driver.execute (/Users/vc.rajdeep.kumar/.appium/node_modules/appium-uiautomator2-driver/node_modules/appium-android-driver/build/lib/commands/execute.js:24:16)
2026-08-17 18:16:16 [ERROR   ] screenshot_utils.py:64 — Screenshot capture failed: Message: 'GET /screenshot' cannot be proxied to UiAutomator2 server because the instrumentation process is not running (probably crashed). Check the server log and/or the logcat output for more details
Stacktrace:
UnknownError: 'GET /screenshot' cannot be proxied to UiAutomator2 server because the instrumentation process is not running (probably crashed). Check the server log and/or the logcat output for more details
    at UIA2Proxy.command (/opt/homebrew/lib/node_modules/appium/node_modules/@appium/base-driver/build/lib/jsonwp-proxy/proxy.js:272:19)
    at process.processTicksAndRejections (node:internal/process/task_queues:104:5)
    at async AndroidUiautomator2Driver.getScreenshot (/Users/vc.rajdeep.kumar/.appium/node_modules/appium-uiautomator2-driver/build/lib/commands/screenshot.js:72:19)
2026-08-17 18:16:16 [ERROR   ] screenshot_utils.py:87 — Page source save failed: Message: 'GET /session/637aceda-331d-412a-962b-7a0fdd8836d3/source' cannot be proxied to UiAutomator2 server because the instrumentation process is not running (probably crashed). Check the server log and/or the logcat output for more details
Stacktrace:
InvalidContextError: 'GET /session/637aceda-331d-412a-962b-7a0fdd8836d3/source' cannot be proxied to UiAutomator2 server because the instrumentation process is not running (probably crashed). Check the server log and/or the logcat output for more details
    at UIA2Proxy.proxyCommand (/Users/vc.rajdeep.kumar/.appium/node_modules/appium-uiautomator2-driver/build/lib/uiautomator2.js:32:19)
    at UIA2Proxy.proxyReqRes (/opt/homebrew/lib/node_modules/appium/node_modules/@appium/base-driver/build/lib/jsonwp-proxy/proxy.js:325:49)
    at runCommandPromise (/opt/homebrew/lib/node_modules/appium/node_modules/@appium/base-driver/build/lib/basedriver/driver.js:121:30)
    at /opt/homebrew/lib/node_modules/appium/node_modules/async-lock/lib/index.js:171:12
    at AsyncLock._promiseTry (/opt/homebrew/lib/node_modules/appium/node_modules/async-lock/lib/index.js:306:31)
    at exec (/opt/homebrew/lib/node_modules/appium/node_modules/async-lock/lib/index.js:170:9)
    at AsyncLock.acquire (/opt/homebrew/lib/node_modules/appium/node_modules/async-lock/lib/index.js:189:3)
    at AndroidUiautomator2Driver.executeCommand (/opt/homebrew/lib/node_modules/appium/node_modules/@appium/base-driver/build/lib/basedriver/driver.js:161:45)
    at process.processTicksAndRejections (node:internal/process/task_queues:104:5)
    at async defaultBehavior (/opt/homebrew/lib/node_modules/appium/build/lib/appium.js:634:20)
    at async AppiumDriver.executeWrappedCommand (/opt/homebrew/lib/node_modules/appium/build/lib/appium.js:726:22)
    at async AppiumDriver.executeCommand (/opt/homebrew/lib/node_modules/appium/build/lib/appium.js:645:21)
    at async doJwpProxy (/opt/homebrew/lib/node_modules/appium/node_modules/@appium/base-driver/build/lib/protocol/protocol.js:476:9)
    at async asyncHandler (/opt/homebrew/lib/node_modules/appium/node_modules/@appium/base-driver/build/lib/protocol/protocol.js:307:21)
2026-08-17 18:16:17 [INFO    ] login_page.py:43 — Opening profile tab
2026-08-17 18:16:18 [INFO    ] login_page.py:53 — Profile tab open attempt 1/2
2026-08-17 18:16:19 [ERROR   ] base_page.py:182 — Fatal session error clicking ('xpath', "//android.view.View[@clickable='true'][.//android.widget.TextView[@text='Profile']]") — session is dead, not retrying: Message: 'POST /element' cannot be proxied to UiAutomator2 server because the instrumentation process is not running (probably crashed). Check the server log and/or the logcat output for more details
Stacktrace:
UnknownError: 'POST /element' cannot be proxied to UiAutomator2 server because the instrumentation process is not running (probably crashed). Check the server log and/or the logcat output for more details
    at UIA2Proxy.command (/opt/homebrew/lib/node_modules/appium/node_modules/@appium/base-driver/build/lib/jsonwp-proxy/proxy.js:272:19)
    at process.processTicksAndRejections (node:internal/process/task_queues:104:5)
    at async AndroidUiautomator2Driver.doFindElementOrEls (/Users/vc.rajdeep.kumar/.appium/node_modules/appium-uiautomator2-driver/build/lib/commands/find.js:24:13)
    at async doFind (/Users/vc.rajdeep.kumar/.appium/node_modules/appium-uiautomator2-driver/node_modules/appium-android-driver/build/lib/commands/find.js:24:23)
    at async wrappedCondFn (/opt/homebrew/lib/node_modules/appium/node_modules/@appium/base-driver/build/lib/basedriver/commands/timeout.js:97:20)
    at async spin (/opt/homebrew/lib/node_modules/appium/node_modules/asyncbox/build/lib/asyncbox.js:174:24)
    at async waitForCondition (/opt/homebrew/lib/node_modules/appium/node_modules/asyncbox/build/lib/asyncbox.js:192:12)
    at async AndroidUiautomator2Driver.implicitWaitForCondition (/opt/homebrew/lib/node_modules/appium/node_modules/@appium/base-driver/build/lib/basedriver/commands/timeout.js:99:16)
    at async AndroidUiautomator2Driver.findElOrEls (/Users/vc.rajdeep.kumar/.appium/node_modules/appium-uiautomator2-driver/node_modules/appium-android-driver/build/lib/commands/find.js:45:9)
    at async AndroidUiautomator2Driver.findElOrElsWithProcessing (/opt/homebrew/lib/node_modules/appium/node_modules/@appium/base-driver/build/lib/basedriver/commands/find.js:12:16)
    at async AndroidUiautomator2Driver.findElement (/opt/homebrew/lib/node_modules/appium/node_modules/@appium/base-driver/build/lib/basedriver/commands/find.js:27:16)
2026-08-17 18:16:19 [WARNING ] login_page.py:98 — Element-based click failed: Session/instrumentation dead while clicking ('xpath', "//android.view.View[@clickable='true'][.//android.widget.TextView[@text='Profile']]"): Message: 'POST /element' cannot be proxied to UiAutomator2 server because the instrumentation process is not running (probably crashed). Check the server log and/or the logcat output for more details
Stacktrace:
UnknownError: 'POST /element' cannot be proxied to UiAutomator2 server because the instrumentation process is not running (probably crashed). Check the server log and/or the logcat output for more details
    at UIA2Proxy.command (/opt/homebrew/lib/node_modules/appium/node_modules/@appium/base-driver/build/lib/jsonwp-proxy/proxy.js:272:19)
    at process.processTicksAndRejections (node:internal/process/task_queues:104:5)
    at async AndroidUiautomator2Driver.doFindElementOrEls (/Users/vc.rajdeep.kumar/.appium/node_modules/appium-uiautomator2-driver/build/lib/commands/find.js:24:13)
    at async doFind (/Users/vc.rajdeep.kumar/.appium/node_modules/appium-uiautomator2-driver/node_modules/appium-android-driver/build/lib/commands/find.js:24:23)
    at async wrappedCondFn (/opt/homebrew/lib/node_modules/appium/node_modules/@appium/base-driver/build/lib/basedriver/commands/timeout.js:97:20)
    at async spin (/opt/homebrew/lib/node_modules/appium/node_modules/asyncbox/build/lib/asyncbox.js:174:24)
    at async waitForCondition (/opt/homebrew/lib/node_modules/appium/node_modules/asyncbox/build/lib/asyncbox.js:192:12)
    at async AndroidUiautomator2Driver.implicitWaitForCondition (/opt/homebrew/lib/node_modules/appium/node_modules/@appium/base-driver/build/lib/basedriver/commands/timeout.js:99:16)
    at async AndroidUiautomator2Driver.findElOrEls (/Users/vc.rajdeep.kumar/.appium/node_modules/appium-uiautomator2-driver/node_modules/appium-android-driver/build/lib/commands/find.js:45:9)
    at async AndroidUiautomator2Driver.findElOrElsWithProcessing (/opt/homebrew/lib/node_modules/appium/node_modules/@appium/base-driver/build/lib/basedriver/commands/find.js:12:16)
    at async AndroidUiautomator2Driver.findElement (/opt/homebrew/lib/node_modules/appium/node_modules/@appium/base-driver/build/lib/basedriver/commands/find.js:27:16)
2026-08-17 18:16:19 [WARNING ] base_page.py:255 — Error checking display status for ('-android uiautomator', 'new UiSelector().text("Edit Profile")'): Message: 'POST /element' cannot be proxied to UiAutomator2 server because the instrumentation process is not running (probably crashed). Check the server log and/or the logcat output for more details
Stacktrace:
UnknownError: 'POST /element' cannot be proxied to UiAutomator2 server because the instrumentation process is not running (probably crashed). Check the server log and/or the logcat output for more details
    at UIA2Proxy.command (/opt/homebrew/lib/node_modules/appium/node_modules/@appium/base-driver/build/lib/jsonwp-proxy/proxy.js:272:19)
    at process.processTicksAndRejections (node:internal/process/task_queues:104:5)
    at async AndroidUiautomator2Driver.doFindElementOrEls (/Users/vc.rajdeep.kumar/.appium/node_modules/appium-uiautomator2-driver/build/lib/commands/find.js:24:13)
    at async doFind (/Users/vc.rajdeep.kumar/.appium/node_modules/appium-uiautomator2-driver/node_modules/appium-android-driver/build/lib/commands/find.js:24:23)
    at async wrappedCondFn (/opt/homebrew/lib/node_modules/appium/node_modules/@appium/base-driver/build/lib/basedriver/commands/timeout.js:97:20)
    at async spin (/opt/homebrew/lib/node_modules/appium/node_modules/asyncbox/build/lib/asyncbox.js:174:24)
    at async waitForCondition (/opt/homebrew/lib/node_modules/appium/node_modules/asyncbox/build/lib/asyncbox.js:192:12)
    at async AndroidUiautomator2Driver.implicitWaitForCondition (/opt/homebrew/lib/node_modules/appium/node_modules/@appium/base-driver/build/lib/basedriver/commands/timeout.js:99:16)
    at async AndroidUiautomator2Driver.findElOrEls (/Users/vc.rajdeep.kumar/.appium/node_modules/appium-uiautomator2-driver/node_modules/appium-android-driver/build/lib/commands/find.js:45:9)
    at async AndroidUiautomator2Driver.findElOrElsWithProcessing (/opt/homebrew/lib/node_modules/appium/node_modules/@appium/base-driver/build/lib/basedriver/commands/find.js:12:16)
    at async AndroidUiautomator2Driver.findElement (/opt/homebrew/lib/node_modules/appium/node_modules/@appium/base-driver/build/lib/basedriver/commands/find.js:27:16)
2026-08-17 18:16:19 [WARNING ] base_page.py:255 — Error checking display status for ('id', 'com.zee5.hipi:id/exo_content_frame'): Message: 'POST /element' cannot be proxied to UiAutomator2 server because the instrumentation process is not running (probably crashed). Check the server log and/or the logcat output for more details
Stacktrace:
UnknownError: 'POST /element' cannot be proxied to UiAutomator2 server because the instrumentation process is not running (probably crashed). Check the server log and/or the logcat output for more details
    at UIA2Proxy.command (/opt/homebrew/lib/node_modules/appium/node_modules/@appium/base-driver/build/lib/jsonwp-proxy/proxy.js:272:19)
    at process.processTicksAndRejections (node:internal/process/task_queues:104:5)
    at async AndroidUiautomator2Driver.doFindElementOrEls (/Users/vc.rajdeep.kumar/.appium/node_modules/appium-uiautomator2-driver/build/lib/commands/find.js:24:13)
    at async doFind (/Users/vc.rajdeep.kumar/.appium/node_modules/appium-uiautomator2-driver/node_modules/appium-android-driver/build/lib/commands/find.js:24:23)
    at async wrappedCondFn (/opt/homebrew/lib/node_modules/appium/node_modules/@appium/base-driver/build/lib/basedriver/commands/timeout.js:97:20)
    at async spin (/opt/homebrew/lib/node_modules/appium/node_modules/asyncbox/build/lib/asyncbox.js:174:24)
    at async waitForCondition (/opt/homebrew/lib/node_modules/appium/node_modules/asyncbox/build/lib/asyncbox.js:192:12)
    at async AndroidUiautomator2Driver.implicitWaitForCondition (/opt/homebrew/lib/node_modules/appium/node_modules/@appium/base-driver/build/lib/basedriver/commands/timeout.js:99:16)
    at async AndroidUiautomator2Driver.findElOrEls (/Users/vc.rajdeep.kumar/.appium/node_modules/appium-uiautomator2-driver/node_modules/appium-android-driver/build/lib/commands/find.js:45:9)
    at async AndroidUiautomator2Driver.findElOrElsWithProcessing (/opt/homebrew/lib/node_modules/appium/node_modules/@appium/base-driver/build/lib/basedriver/commands/find.js:12:16)
    at async AndroidUiautomator2Driver.findElement (/opt/homebrew/lib/node_modules/appium/node_modules/@appium/base-driver/build/lib/basedriver/commands/find.js:27:16)
2026-08-17 18:16:19 [WARNING ] login_page.py:135 — Coordinate tap failed: Message: 'GET /window/current/size' cannot be proxied to UiAutomator2 server because the instrumentation process is not running (probably crashed). Check the server log and/or the logcat output for more details
Stacktrace:
UnknownError: 'GET /window/current/size' cannot be proxied to UiAutomator2 server because the instrumentation process is not running (probably crashed). Check the server log and/or the logcat output for more details
    at UIA2Proxy.command (/opt/homebrew/lib/node_modules/appium/node_modules/@appium/base-driver/build/lib/jsonwp-proxy/proxy.js:272:19)
    at process.processTicksAndRejections (node:internal/process/task_queues:104:5)
    at async AndroidUiautomator2Driver.getWindowSize (/Users/vc.rajdeep.kumar/.appium/node_modules/appium-uiautomator2-driver/build/lib/commands/viewport.js:73:13)
    at async AndroidUiautomator2Driver.getWindowRect (/Users/vc.rajdeep.kumar/.appium/node_modules/appium-uiautomator2-driver/build/lib/commands/viewport.js:53:31)
2026-08-17 18:16:25 [ERROR   ] base_page.py:148 — None of the candidate locators became visible within 6s. Candidates: [('-android uiautomator', 'new UiSelector().textContains("Continue")'), ('class name', 'android.widget.EditText')]. Last error: Message: 'POST /elements' cannot be proxied to UiAutomator2 server because the instrumentation process is not running (probably crashed). Check the server log and/or the logcat output for more details
Stacktrace:
UnknownError: 'POST /elements' cannot be proxied to UiAutomator2 server because the instrumentation process is not running (probably crashed). Check the server log and/or the logcat output for more details
    at UIA2Proxy.command (/opt/homebrew/lib/node_modules/appium/node_modules/@appium/base-driver/build/lib/jsonwp-proxy/proxy.js:272:19)
    at process.processTicksAndRejections (node:internal/process/task_queues:104:5)
    at async AndroidUiautomator2Driver.doFindElementOrEls (/Users/vc.rajdeep.kumar/.appium/node_modules/appium-uiautomator2-driver/build/lib/commands/find.js:24:13)
    at async doFind (/Users/vc.rajdeep.kumar/.appium/node_modules/appium-uiautomator2-driver/node_modules/appium-android-driver/build/lib/commands/find.js:24:23)
    at async wrappedCondFn (/opt/homebrew/lib/node_modules/appium/node_modules/@appium/base-driver/build/lib/basedriver/commands/timeout.js:97:20)
    at async spin (/opt/homebrew/lib/node_modules/appium/node_modules/asyncbox/build/lib/asyncbox.js:174:24)
    at async waitForCondition (/opt/homebrew/lib/node_modules/appium/node_modules/asyncbox/build/lib/asyncbox.js:192:12)
    at async AndroidUiautomator2Driver.implicitWaitForCondition (/opt/homebrew/lib/node_modules/appium/node_modules/@appium/base-driver/build/lib/basedriver/commands/timeout.js:99:16)
    at async AndroidUiautomator2Driver.findElOrEls (/Users/vc.rajdeep.kumar/.appium/node_modules/appium-uiautomator2-driver/node_modules/appium-android-driver/build/lib/commands/find.js:45:9)
    at async AndroidUiautomator2Driver.findElOrElsWithProcessing (/opt/homebrew/lib/node_modules/appium/node_modules/@appium/base-driver/build/lib/basedriver/commands/find.js:12:16)
    at async AndroidUiautomator2Driver.findElements (/opt/homebrew/lib/node_modules/appium/node_modules/@appium/base-driver/build/lib/basedriver/commands/find.js:30:16)
2026-08-17 18:16:25 [ERROR   ] screenshot_utils.py:64 — Screenshot capture failed: Message: 'GET /screenshot' cannot be proxied to UiAutomator2 server because the instrumentation process is not running (probably crashed). Check the server log and/or the logcat output for more details
Stacktrace:
UnknownError: 'GET /screenshot' cannot be proxied to UiAutomator2 server because the instrumentation process is not running (probably crashed). Check the server log and/or the logcat output for more details
    at UIA2Proxy.command (/opt/homebrew/lib/node_modules/appium/node_modules/@appium/base-driver/build/lib/jsonwp-proxy/proxy.js:272:19)
    at process.processTicksAndRejections (node:internal/process/task_queues:104:5)
    at async AndroidUiautomator2Driver.getScreenshot (/Users/vc.rajdeep.kumar/.appium/node_modules/appium-uiautomator2-driver/build/lib/commands/screenshot.js:72:19)
2026-08-17 18:16:25 [ERROR   ] screenshot_utils.py:87 — Page source save failed: Message: 'GET /session/637aceda-331d-412a-962b-7a0fdd8836d3/source' cannot be proxied to UiAutomator2 server because the instrumentation process is not running (probably crashed). Check the server log and/or the logcat output for more details
Stacktrace:
InvalidContextError: 'GET /session/637aceda-331d-412a-962b-7a0fdd8836d3/source' cannot be proxied to UiAutomator2 server because the instrumentation process is not running (probably crashed). Check the server log and/or the logcat output for more details
    at UIA2Proxy.proxyCommand (/Users/vc.rajdeep.kumar/.appium/node_modules/appium-uiautomator2-driver/build/lib/uiautomator2.js:32:19)
    at UIA2Proxy.proxyReqRes (/opt/homebrew/lib/node_modules/appium/node_modules/@appium/base-driver/build/lib/jsonwp-proxy/proxy.js:325:49)
    at runCommandPromise (/opt/homebrew/lib/node_modules/appium/node_modules/@appium/base-driver/build/lib/basedriver/driver.js:121:30)
    at /opt/homebrew/lib/node_modules/appium/node_modules/async-lock/lib/index.js:171:12
    at AsyncLock._promiseTry (/opt/homebrew/lib/node_modules/appium/node_modules/async-lock/lib/index.js:306:31)
    at exec (/opt/homebrew/lib/node_modules/appium/node_modules/async-lock/lib/index.js:170:9)
    at AsyncLock.acquire (/opt/homebrew/lib/node_modules/appium/node_modules/async-lock/lib/index.js:189:3)
    at AndroidUiautomator2Driver.executeCommand (/opt/homebrew/lib/node_modules/appium/node_modules/@appium/base-driver/build/lib/basedriver/driver.js:161:45)
    at process.processTicksAndRejections (node:internal/process/task_queues:104:5)
    at async defaultBehavior (/opt/homebrew/lib/node_modules/appium/build/lib/appium.js:634:20)
    at async AppiumDriver.executeWrappedCommand (/opt/homebrew/lib/node_modules/appium/build/lib/appium.js:726:22)
    at async AppiumDriver.executeCommand (/opt/homebrew/lib/node_modules/appium/build/lib/appium.js:645:21)
    at async doJwpProxy (/opt/homebrew/lib/node_modules/appium/node_modules/@appium/base-driver/build/lib/protocol/protocol.js:476:9)
    at async asyncHandler (/opt/homebrew/lib/node_modules/appium/node_modules/@appium/base-driver/build/lib/protocol/protocol.js:307:21)
2026-08-17 18:16:25 [WARNING ] login_page.py:158 — Attempt 1 did not reach the login sheet, recovering and retrying...
2026-08-17 18:16:25 [WARNING ] base_page.py:419 — Attempting to recover application state...
2026-08-17 18:16:28 [INFO    ] base_page.py:424 — App recovery attempt completed.
2026-08-17 18:16:30 [INFO    ] login_page.py:53 — Profile tab open attempt 2/2
2026-08-17 18:16:30 [ERROR   ] base_page.py:182 — Fatal session error clicking ('xpath', "//android.view.View[@clickable='true'][.//android.widget.TextView[@text='Profile']]") — session is dead, not retrying: Message: 'POST /element' cannot be proxied to UiAutomator2 server because the instrumentation process is not running (probably crashed). Check the server log and/or the logcat output for more details
Stacktrace:
UnknownError: 'POST /element' cannot be proxied to UiAutomator2 server because the instrumentation process is not running (probably crashed). Check the server log and/or the logcat output for more details
    at UIA2Proxy.command (/opt/homebrew/lib/node_modules/appium/node_modules/@appium/base-driver/build/lib/jsonwp-proxy/proxy.js:272:19)
    at process.processTicksAndRejections (node:internal/process/task_queues:104:5)
    at async AndroidUiautomator2Driver.doFindElementOrEls (/Users/vc.rajdeep.kumar/.appium/node_modules/appium-uiautomator2-driver/build/lib/commands/find.js:24:13)
    at async doFind (/Users/vc.rajdeep.kumar/.appium/node_modules/appium-uiautomator2-driver/node_modules/appium-android-driver/build/lib/commands/find.js:24:23)
    at async wrappedCondFn (/opt/homebrew/lib/node_modules/appium/node_modules/@appium/base-driver/build/lib/basedriver/commands/timeout.js:97:20)
    at async spin (/opt/homebrew/lib/node_modules/appium/node_modules/asyncbox/build/lib/asyncbox.js:174:24)
    at async waitForCondition (/opt/homebrew/lib/node_modules/appium/node_modules/asyncbox/build/lib/asyncbox.js:192:12)
    at async AndroidUiautomator2Driver.implicitWaitForCondition (/opt/homebrew/lib/node_modules/appium/node_modules/@appium/base-driver/build/lib/basedriver/commands/timeout.js:99:16)
    at async AndroidUiautomator2Driver.findElOrEls (/Users/vc.rajdeep.kumar/.appium/node_modules/appium-uiautomator2-driver/node_modules/appium-android-driver/build/lib/commands/find.js:45:9)
    at async AndroidUiautomator2Driver.findElOrElsWithProcessing (/opt/homebrew/lib/node_modules/appium/node_modules/@appium/base-driver/build/lib/basedriver/commands/find.js:12:16)
    at async AndroidUiautomator2Driver.findElement (/opt/homebrew/lib/node_modules/appium/node_modules/@appium/base-driver/build/lib/basedriver/commands/find.js:27:16)
2026-08-17 18:16:30 [WARNING ] login_page.py:98 — Element-based click failed: Session/instrumentation dead while clicking ('xpath', "//android.view.View[@clickable='true'][.//android.widget.TextView[@text='Profile']]"): Message: 'POST /element' cannot be proxied to UiAutomator2 server because the instrumentation process is not running (probably crashed). Check the server log and/or the logcat output for more details
Stacktrace:
UnknownError: 'POST /element' cannot be proxied to UiAutomator2 server because the instrumentation process is not running (probably crashed). Check the server log and/or the logcat output for more details
    at UIA2Proxy.command (/opt/homebrew/lib/node_modules/appium/node_modules/@appium/base-driver/build/lib/jsonwp-proxy/proxy.js:272:19)
    at process.processTicksAndRejections (node:internal/process/task_queues:104:5)
    at async AndroidUiautomator2Driver.doFindElementOrEls (/Users/vc.rajdeep.kumar/.appium/node_modules/appium-uiautomator2-driver/build/lib/commands/find.js:24:13)
    at async doFind (/Users/vc.rajdeep.kumar/.appium/node_modules/appium-uiautomator2-driver/node_modules/appium-android-driver/build/lib/commands/find.js:24:23)
    at async wrappedCondFn (/opt/homebrew/lib/node_modules/appium/node_modules/@appium/base-driver/build/lib/basedriver/commands/timeout.js:97:20)
    at async spin (/opt/homebrew/lib/node_modules/appium/node_modules/asyncbox/build/lib/asyncbox.js:174:24)
    at async waitForCondition (/opt/homebrew/lib/node_modules/appium/node_modules/asyncbox/build/lib/asyncbox.js:192:12)
    at async AndroidUiautomator2Driver.implicitWaitForCondition (/opt/homebrew/lib/node_modules/appium/node_modules/@appium/base-driver/build/lib/basedriver/commands/timeout.js:99:16)
    at async AndroidUiautomator2Driver.findElOrEls (/Users/vc.rajdeep.kumar/.appium/node_modules/appium-uiautomator2-driver/node_modules/appium-android-driver/build/lib/commands/find.js:45:9)
    at async AndroidUiautomator2Driver.findElOrElsWithProcessing (/opt/homebrew/lib/node_modules/appium/node_modules/@appium/base-driver/build/lib/basedriver/commands/find.js:12:16)
    at async AndroidUiautomator2Driver.findElement (/opt/homebrew/lib/node_modules/appium/node_modules/@appium/base-driver/build/lib/basedriver/commands/find.js:27:16)
2026-08-17 18:16:30 [WARNING ] base_page.py:255 — Error checking display status for ('-android uiautomator', 'new UiSelector().text("Edit Profile")'): Message: 'POST /element' cannot be proxied to UiAutomator2 server because the instrumentation process is not running (probably crashed). Check the server log and/or the logcat output for more details
Stacktrace:
UnknownError: 'POST /element' cannot be proxied to UiAutomator2 server because the instrumentation process is not running (probably crashed). Check the server log and/or the logcat output for more details
    at UIA2Proxy.command (/opt/homebrew/lib/node_modules/appium/node_modules/@appium/base-driver/build/lib/jsonwp-proxy/proxy.js:272:19)
    at process.processTicksAndRejections (node:internal/process/task_queues:104:5)
    at async AndroidUiautomator2Driver.doFindElementOrEls (/Users/vc.rajdeep.kumar/.appium/node_modules/appium-uiautomator2-driver/build/lib/commands/find.js:24:13)
    at async doFind (/Users/vc.rajdeep.kumar/.appium/node_modules/appium-uiautomator2-driver/node_modules/appium-android-driver/build/lib/commands/find.js:24:23)
    at async wrappedCondFn (/opt/homebrew/lib/node_modules/appium/node_modules/@appium/base-driver/build/lib/basedriver/commands/timeout.js:97:20)
    at async spin (/opt/homebrew/lib/node_modules/appium/node_modules/asyncbox/build/lib/asyncbox.js:174:24)
    at async waitForCondition (/opt/homebrew/lib/node_modules/appium/node_modules/asyncbox/build/lib/asyncbox.js:192:12)
    at async AndroidUiautomator2Driver.implicitWaitForCondition (/opt/homebrew/lib/node_modules/appium/node_modules/@appium/base-driver/build/lib/basedriver/commands/timeout.js:99:16)
    at async AndroidUiautomator2Driver.findElOrEls (/Users/vc.rajdeep.kumar/.appium/node_modules/appium-uiautomator2-driver/node_modules/appium-android-driver/build/lib/commands/find.js:45:9)
    at async AndroidUiautomator2Driver.findElOrElsWithProcessing (/opt/homebrew/lib/node_modules/appium/node_modules/@appium/base-driver/build/lib/basedriver/commands/find.js:12:16)
    at async AndroidUiautomator2Driver.findElement (/opt/homebrew/lib/node_modules/appium/node_modules/@appium/base-driver/build/lib/basedriver/commands/find.js:27:16)
2026-08-17 18:16:30 [WARNING ] base_page.py:255 — Error checking display status for ('id', 'com.zee5.hipi:id/exo_content_frame'): Message: 'POST /element' cannot be proxied to UiAutomator2 server because the instrumentation process is not running (probably crashed). Check the server log and/or the logcat output for more details
Stacktrace:
UnknownError: 'POST /element' cannot be proxied to UiAutomator2 server because the instrumentation process is not running (probably crashed). Check the server log and/or the logcat output for more details
    at UIA2Proxy.command (/opt/homebrew/lib/node_modules/appium/node_modules/@appium/base-driver/build/lib/jsonwp-proxy/proxy.js:272:19)
    at process.processTicksAndRejections (node:internal/process/task_queues:104:5)
    at async AndroidUiautomator2Driver.doFindElementOrEls (/Users/vc.rajdeep.kumar/.appium/node_modules/appium-uiautomator2-driver/build/lib/commands/find.js:24:13)
    at async doFind (/Users/vc.rajdeep.kumar/.appium/node_modules/appium-uiautomator2-driver/node_modules/appium-android-driver/build/lib/commands/find.js:24:23)
    at async wrappedCondFn (/opt/homebrew/lib/node_modules/appium/node_modules/@appium/base-driver/build/lib/basedriver/commands/timeout.js:97:20)
    at async spin (/opt/homebrew/lib/node_modules/appium/node_modules/asyncbox/build/lib/asyncbox.js:174:24)
    at async waitForCondition (/opt/homebrew/lib/node_modules/appium/node_modules/asyncbox/build/lib/asyncbox.js:192:12)
    at async AndroidUiautomator2Driver.implicitWaitForCondition (/opt/homebrew/lib/node_modules/appium/node_modules/@appium/base-driver/build/lib/basedriver/commands/timeout.js:99:16)
    at async AndroidUiautomator2Driver.findElOrEls (/Users/vc.rajdeep.kumar/.appium/node_modules/appium-uiautomator2-driver/node_modules/appium-android-driver/build/lib/commands/find.js:45:9)
    at async AndroidUiautomator2Driver.findElOrElsWithProcessing (/opt/homebrew/lib/node_modules/appium/node_modules/@appium/base-driver/build/lib/basedriver/commands/find.js:12:16)
    at async AndroidUiautomator2Driver.findElement (/opt/homebrew/lib/node_modules/appium/node_modules/@appium/base-driver/build/lib/basedriver/commands/find.js:27:16)
2026-08-17 18:16:30 [WARNING ] login_page.py:135 — Coordinate tap failed: Message: 'GET /window/current/size' cannot be proxied to UiAutomator2 server because the instrumentation process is not running (probably crashed). Check the server log and/or the logcat output for more details
Stacktrace:
UnknownError: 'GET /window/current/size' cannot be proxied to UiAutomator2 server because the instrumentation process is not running (probably crashed). Check the server log and/or the logcat output for more details
    at UIA2Proxy.command (/opt/homebrew/lib/node_modules/appium/node_modules/@appium/base-driver/build/lib/jsonwp-proxy/proxy.js:272:19)
    at process.processTicksAndRejections (node:internal/process/task_queues:104:5)
    at async AndroidUiautomator2Driver.getWindowSize (/Users/vc.rajdeep.kumar/.appium/node_modules/appium-uiautomator2-driver/build/lib/commands/viewport.js:73:13)
    at async AndroidUiautomator2Driver.getWindowRect (/Users/vc.rajdeep.kumar/.appium/node_modules/appium-uiautomator2-driver/build/lib/commands/viewport.js:53:31)
2026-08-17 18:16:36 [ERROR   ] base_page.py:148 — None of the candidate locators became visible within 6s. Candidates: [('-android uiautomator', 'new UiSelector().textContains("Continue")'), ('class name', 'android.widget.EditText')]. Last error: Message: 'POST /elements' cannot be proxied to UiAutomator2 server because the instrumentation process is not running (probably crashed). Check the server log and/or the logcat output for more details
Stacktrace:
UnknownError: 'POST /elements' cannot be proxied to UiAutomator2 server because the instrumentation process is not running (probably crashed). Check the server log and/or the logcat output for more details
    at UIA2Proxy.command (/opt/homebrew/lib/node_modules/appium/node_modules/@appium/base-driver/build/lib/jsonwp-proxy/proxy.js:272:19)
    at process.processTicksAndRejections (node:internal/process/task_queues:104:5)
    at async AndroidUiautomator2Driver.doFindElementOrEls (/Users/vc.rajdeep.kumar/.appium/node_modules/appium-uiautomator2-driver/build/lib/commands/find.js:24:13)
    at async doFind (/Users/vc.rajdeep.kumar/.appium/node_modules/appium-uiautomator2-driver/node_modules/appium-android-driver/build/lib/commands/find.js:24:23)
    at async wrappedCondFn (/opt/homebrew/lib/node_modules/appium/node_modules/@appium/base-driver/build/lib/basedriver/commands/timeout.js:97:20)
    at async spin (/opt/homebrew/lib/node_modules/appium/node_modules/asyncbox/build/lib/asyncbox.js:174:24)
    at async waitForCondition (/opt/homebrew/lib/node_modules/appium/node_modules/asyncbox/build/lib/asyncbox.js:192:12)
    at async AndroidUiautomator2Driver.implicitWaitForCondition (/opt/homebrew/lib/node_modules/appium/node_modules/@appium/base-driver/build/lib/basedriver/commands/timeout.js:99:16)
    at async AndroidUiautomator2Driver.findElOrEls (/Users/vc.rajdeep.kumar/.appium/node_modules/appium-uiautomator2-driver/node_modules/appium-android-driver/build/lib/commands/find.js:45:9)
    at async AndroidUiautomator2Driver.findElOrElsWithProcessing (/opt/homebrew/lib/node_modules/appium/node_modules/@appium/base-driver/build/lib/basedriver/commands/find.js:12:16)
    at async AndroidUiautomator2Driver.findElements (/opt/homebrew/lib/node_modules/appium/node_modules/@appium/base-driver/build/lib/basedriver/commands/find.js:30:16)
2026-08-17 18:16:36 [ERROR   ] screenshot_utils.py:64 — Screenshot capture failed: Message: 'GET /screenshot' cannot be proxied to UiAutomator2 server because the instrumentation process is not running (probably crashed). Check the server log and/or the logcat output for more details
Stacktrace:
UnknownError: 'GET /screenshot' cannot be proxied to UiAutomator2 server because the instrumentation process is not running (probably crashed). Check the server log and/or the logcat output for more details
    at UIA2Proxy.command (/opt/homebrew/lib/node_modules/appium/node_modules/@appium/base-driver/build/lib/jsonwp-proxy/proxy.js:272:19)
    at process.processTicksAndRejections (node:internal/process/task_queues:104:5)
    at async AndroidUiautomator2Driver.getScreenshot (/Users/vc.rajdeep.kumar/.appium/node_modules/appium-uiautomator2-driver/build/lib/commands/screenshot.js:72:19)
2026-08-17 18:16:36 [ERROR   ] screenshot_utils.py:87 — Page source save failed: Message: 'GET /session/637aceda-331d-412a-962b-7a0fdd8836d3/source' cannot be proxied to UiAutomator2 server because the instrumentation process is not running (probably crashed). Check the server log and/or the logcat output for more details
Stacktrace:
InvalidContextError: 'GET /session/637aceda-331d-412a-962b-7a0fdd8836d3/source' cannot be proxied to UiAutomator2 server because the instrumentation process is not running (probably crashed). Check the server log and/or the logcat output for more details
    at UIA2Proxy.proxyCommand (/Users/vc.rajdeep.kumar/.appium/node_modules/appium-uiautomator2-driver/build/lib/uiautomator2.js:32:19)
    at UIA2Proxy.proxyReqRes (/opt/homebrew/lib/node_modules/appium/node_modules/@appium/base-driver/build/lib/jsonwp-proxy/proxy.js:325:49)
    at runCommandPromise (/opt/homebrew/lib/node_modules/appium/node_modules/@appium/base-driver/build/lib/basedriver/driver.js:121:30)
    at /opt/homebrew/lib/node_modules/appium/node_modules/async-lock/lib/index.js:171:12
    at AsyncLock._promiseTry (/opt/homebrew/lib/node_modules/appium/node_modules/async-lock/lib/index.js:306:31)
    at exec (/opt/homebrew/lib/node_modules/appium/node_modules/async-lock/lib/index.js:170:9)
    at AsyncLock.acquire (/opt/homebrew/lib/node_modules/appium/node_modules/async-lock/lib/index.js:189:3)
    at AndroidUiautomator2Driver.executeCommand (/opt/homebrew/lib/node_modules/appium/node_modules/@appium/base-driver/build/lib/basedriver/driver.js:161:45)
    at process.processTicksAndRejections (node:internal/process/task_queues:104:5)
    at async defaultBehavior (/opt/homebrew/lib/node_modules/appium/build/lib/appium.js:634:20)
    at async AppiumDriver.executeWrappedCommand (/opt/homebrew/lib/node_modules/appium/build/lib/appium.js:726:22)
    at async AppiumDriver.executeCommand (/opt/homebrew/lib/node_modules/appium/build/lib/appium.js:645:21)
    at async doJwpProxy (/opt/homebrew/lib/node_modules/appium/node_modules/@appium/base-driver/build/lib/protocol/protocol.js:476:9)
    at async asyncHandler (/opt/homebrew/lib/node_modules/appium/node_modules/@appium/base-driver/build/lib/protocol/protocol.js:307:21)
2026-08-17 18:16:36 [WARNING ] login_page.py:158 — Attempt 2 did not reach the login sheet, recovering and retrying...
2026-08-17 18:16:36 [WARNING ] base_page.py:419 — Attempting to recover application state...
2026-08-17 18:16:39 [INFO    ] base_page.py:424 — App recovery attempt completed.
2026-08-17 18:16:41 [ERROR   ] login_page.py:171 — Unable to open profile tab / reach login sheet after 2 attempts
2026-08-17 18:16:41 [ERROR   ] screenshot_utils.py:64 — Screenshot capture failed: Message: 'GET /screenshot' cannot be proxied to UiAutomator2 server because the instrumentation process is not running (probably crashed). Check the server log and/or the logcat output for more details
Stacktrace:
UnknownError: 'GET /screenshot' cannot be proxied to UiAutomator2 server because the instrumentation process is not running (probably crashed). Check the server log and/or the logcat output for more details
    at UIA2Proxy.command (/opt/homebrew/lib/node_modules/appium/node_modules/@appium/base-driver/build/lib/jsonwp-proxy/proxy.js:272:19)
    at process.processTicksAndRejections (node:internal/process/task_queues:104:5)
    at async AndroidUiautomator2Driver.getScreenshot (/Users/vc.rajdeep.kumar/.appium/node_modules/appium-uiautomator2-driver/build/lib/commands/screenshot.js:72:19)
2026-08-17 18:16:41 [ERROR   ] screenshot_utils.py:87 — Page source save failed: Message: 'GET /session/637aceda-331d-412a-962b-7a0fdd8836d3/source' cannot be proxied to UiAutomator2 server because the instrumentation process is not running (probably crashed). Check the server log and/or the logcat output for more details
Stacktrace:
InvalidContextError: 'GET /session/637aceda-331d-412a-962b-7a0fdd8836d3/source' cannot be proxied to UiAutomator2 server because the instrumentation process is not running (probably crashed). Check the server log and/or the logcat output for more details
    at UIA2Proxy.proxyCommand (/Users/vc.rajdeep.kumar/.appium/node_modules/appium-uiautomator2-driver/build/lib/uiautomator2.js:32:19)
    at UIA2Proxy.proxyReqRes (/opt/homebrew/lib/node_modules/appium/node_modules/@appium/base-driver/build/lib/jsonwp-proxy/proxy.js:325:49)
    at runCommandPromise (/opt/homebrew/lib/node_modules/appium/node_modules/@appium/base-driver/build/lib/basedriver/driver.js:121:30)
    at /opt/homebrew/lib/node_modules/appium/node_modules/async-lock/lib/index.js:171:12
    at AsyncLock._promiseTry (/opt/homebrew/lib/node_modules/appium/node_modules/async-lock/lib/index.js:306:31)
    at exec (/opt/homebrew/lib/node_modules/appium/node_modules/async-lock/lib/index.js:170:9)
    at AsyncLock.acquire (/opt/homebrew/lib/node_modules/appium/node_modules/async-lock/lib/index.js:189:3)
    at AndroidUiautomator2Driver.executeCommand (/opt/homebrew/lib/node_modules/appium/node_modules/@appium/base-driver/build/lib/basedriver/driver.js:161:45)
    at process.processTicksAndRejections (node:internal/process/task_queues:104:5)
    at async defaultBehavior (/opt/homebrew/lib/node_modules/appium/build/lib/appium.js:634:20)
    at async AppiumDriver.executeWrappedCommand (/opt/homebrew/lib/node_modules/appium/build/lib/appium.js:726:22)
    at async AppiumDriver.executeCommand (/opt/homebrew/lib/node_modules/appium/build/lib/appium.js:645:21)
    at async doJwpProxy (/opt/homebrew/lib/node_modules/appium/node_modules/@appium/base-driver/build/lib/protocol/protocol.js:476:9)
    at async asyncHandler (/opt/homebrew/lib/node_modules/appium/node_modules/@appium/base-driver/build/lib/protocol/protocol.js:307:21)
2026-08-17 18:16:41 [WARNING ] base_page.py:255 — Error checking display status for ('-android uiautomator', 'new UiSelector().text("Edit Profile")'): Message: 'POST /element' cannot be proxied to UiAutomator2 server because the instrumentation process is not running (probably crashed). Check the server log and/or the logcat output for more details
Stacktrace:
UnknownError: 'POST /element' cannot be proxied to UiAutomator2 server because the instrumentation process is not running (probably crashed). Check the server log and/or the logcat output for more details
    at UIA2Proxy.command (/opt/homebrew/lib/node_modules/appium/node_modules/@appium/base-driver/build/lib/jsonwp-proxy/proxy.js:272:19)
    at process.processTicksAndRejections (node:internal/process/task_queues:104:5)
    at async AndroidUiautomator2Driver.doFindElementOrEls (/Users/vc.rajdeep.kumar/.appium/node_modules/appium-uiautomator2-driver/build/lib/commands/find.js:24:13)
    at async doFind (/Users/vc.rajdeep.kumar/.appium/node_modules/appium-uiautomator2-driver/node_modules/appium-android-driver/build/lib/commands/find.js:24:23)
    at async wrappedCondFn (/opt/homebrew/lib/node_modules/appium/node_modules/@appium/base-driver/build/lib/basedriver/commands/timeout.js:97:20)
    at async spin (/opt/homebrew/lib/node_modules/appium/node_modules/asyncbox/build/lib/asyncbox.js:174:24)
    at async waitForCondition (/opt/homebrew/lib/node_modules/appium/node_modules/asyncbox/build/lib/asyncbox.js:192:12)
    at async AndroidUiautomator2Driver.implicitWaitForCondition (/opt/homebrew/lib/node_modules/appium/node_modules/@appium/base-driver/build/lib/basedriver/commands/timeout.js:99:16)
    at async AndroidUiautomator2Driver.findElOrEls (/Users/vc.rajdeep.kumar/.appium/node_modules/appium-uiautomator2-driver/node_modules/appium-android-driver/build/lib/commands/find.js:45:9)
    at async AndroidUiautomator2Driver.findElOrElsWithProcessing (/opt/homebrew/lib/node_modules/appium/node_modules/@appium/base-driver/build/lib/basedriver/commands/find.js:12:16)
    at async AndroidUiautomator2Driver.findElement (/opt/homebrew/lib/node_modules/appium/node_modules/@appium/base-driver/build/lib/basedriver/commands/find.js:27:16)
2026-08-17 18:16:41 [WARNING ] base_page.py:255 — Error checking display status for ('id', 'com.zee5.hipi:id/exo_content_frame'): Message: 'POST /element' cannot be proxied to UiAutomator2 server because the instrumentation process is not running (probably crashed). Check the server log and/or the logcat output for more details
Stacktrace:
UnknownError: 'POST /element' cannot be proxied to UiAutomator2 server because the instrumentation process is not running (probably crashed). Check the server log and/or the logcat output for more details
    at UIA2Proxy.command (/opt/homebrew/lib/node_modules/appium/node_modules/@appium/base-driver/build/lib/jsonwp-proxy/proxy.js:272:19)
    at process.processTicksAndRejections (node:internal/process/task_queues:104:5)
    at async AndroidUiautomator2Driver.doFindElementOrEls (/Users/vc.rajdeep.kumar/.appium/node_modules/appium-uiautomator2-driver/build/lib/commands/find.js:24:13)
    at async doFind (/Users/vc.rajdeep.kumar/.appium/node_modules/appium-uiautomator2-driver/node_modules/appium-android-driver/build/lib/commands/find.js:24:23)
    at async wrappedCondFn (/opt/homebrew/lib/node_modules/appium/node_modules/@appium/base-driver/build/lib/basedriver/commands/timeout.js:97:20)
    at async spin (/opt/homebrew/lib/node_modules/appium/node_modules/asyncbox/build/lib/asyncbox.js:174:24)
    at async waitForCondition (/opt/homebrew/lib/node_modules/appium/node_modules/asyncbox/build/lib/asyncbox.js:192:12)
    at async AndroidUiautomator2Driver.implicitWaitForCondition (/opt/homebrew/lib/node_modules/appium/node_modules/@appium/base-driver/build/lib/basedriver/commands/timeout.js:99:16)
    at async AndroidUiautomator2Driver.findElOrEls (/Users/vc.rajdeep.kumar/.appium/node_modules/appium-uiautomator2-driver/node_modules/appium-android-driver/build/lib/commands/find.js:45:9)
    at async AndroidUiautomator2Driver.findElOrElsWithProcessing (/opt/homebrew/lib/node_modules/appium/node_modules/@appium/base-driver/build/lib/basedriver/commands/find.js:12:16)
    at async AndroidUiautomator2Driver.findElement (/opt/homebrew/lib/node_modules/appium/node_modules/@appium/base-driver/build/lib/basedriver/commands/find.js:27:16)
2026-08-17 18:16:41 [ERROR   ] login_page.py:733 — Login flow failed: Unable to open profile tab / reach login sheet after 2 attempts
2026-08-17 18:16:41 [ERROR   ] screenshot_utils.py:64 — Screenshot capture failed: Message: 'GET /screenshot' cannot be proxied to UiAutomator2 server because the instrumentation process is not running (probably crashed). Check the server log and/or the logcat output for more details
Stacktrace:
UnknownError: 'GET /screenshot' cannot be proxied to UiAutomator2 server because the instrumentation process is not running (probably crashed). Check the server log and/or the logcat output for more details
    at UIA2Proxy.command (/opt/homebrew/lib/node_modules/appium/node_modules/@appium/base-driver/build/lib/jsonwp-proxy/proxy.js:272:19)
    at process.processTicksAndRejections (node:internal/process/task_queues:104:5)
    at async AndroidUiautomator2Driver.getScreenshot (/Users/vc.rajdeep.kumar/.appium/node_modules/appium-uiautomator2-driver/build/lib/commands/screenshot.js:72:19)
2026-08-17 18:16:41 [ERROR   ] screenshot_utils.py:87 — Page source save failed: Message: 'GET /session/637aceda-331d-412a-962b-7a0fdd8836d3/source' cannot be proxied to UiAutomator2 server because the instrumentation process is not running (probably crashed). Check the server log and/or the logcat output for more details
Stacktrace:
InvalidContextError: 'GET /session/637aceda-331d-412a-962b-7a0fdd8836d3/source' cannot be proxied to UiAutomator2 server because the instrumentation process is not running (probably crashed). Check the server log and/or the logcat output for more details
    at UIA2Proxy.proxyCommand (/Users/vc.rajdeep.kumar/.appium/node_modules/appium-uiautomator2-driver/build/lib/uiautomator2.js:32:19)
    at UIA2Proxy.proxyReqRes (/opt/homebrew/lib/node_modules/appium/node_modules/@appium/base-driver/build/lib/jsonwp-proxy/proxy.js:325:49)
    at runCommandPromise (/opt/homebrew/lib/node_modules/appium/node_modules/@appium/base-driver/build/lib/basedriver/driver.js:121:30)
    at /opt/homebrew/lib/node_modules/appium/node_modules/async-lock/lib/index.js:171:12
    at AsyncLock._promiseTry (/opt/homebrew/lib/node_modules/appium/node_modules/async-lock/lib/index.js:306:31)
    at exec (/opt/homebrew/lib/node_modules/appium/node_modules/async-lock/lib/index.js:170:9)
    at AsyncLock.acquire (/opt/homebrew/lib/node_modules/appium/node_modules/async-lock/lib/index.js:189:3)
    at AndroidUiautomator2Driver.executeCommand (/opt/homebrew/lib/node_modules/appium/node_modules/@appium/base-driver/build/lib/basedriver/driver.js:161:45)
    at process.processTicksAndRejections (node:internal/process/task_queues:104:5)
    at async defaultBehavior (/opt/homebrew/lib/node_modules/appium/build/lib/appium.js:634:20)
    at async AppiumDriver.executeWrappedCommand (/opt/homebrew/lib/node_modules/appium/build/lib/appium.js:726:22)
    at async AppiumDriver.executeCommand (/opt/homebrew/lib/node_modules/appium/build/lib/appium.js:645:21)
    at async doJwpProxy (/opt/homebrew/lib/node_modules/appium/node_modules/@appium/base-driver/build/lib/protocol/protocol.js:476:9)
    at async asyncHandler (/opt/homebrew/lib/node_modules/appium/node_modules/@appium/base-driver/build/lib/protocol/protocol.js:307:21)
2026-08-17 18:16:41 [ERROR   ] conftest.py:470 — logged_in_driver setup failed: Unable to open profile tab / reach login sheet after 2 attempts
2026-08-17 18:16:41 [WARNING ] conftest.py:452 — Shared feed session is dead (UiAutomator2 crash or similar) — recreating it instead of failing every remaining feed test.
2026-08-17 18:16:41 [INFO    ] conftest.py:464 — LOGGED-IN DRIVER: creating shared feed session...
2026-08-17 18:16:41 [INFO    ] conftest.py:158 — Driver creation attempt 1/3
2026-08-17 18:16:42 [INFO    ] driver_factory.py:53 — ========== DRIVER CREATION START ==========
2026-08-17 18:16:42 [INFO    ] driver_factory.py:70 — Device: emulator | Env: qa | Platform: Android
2026-08-17 18:16:42 [INFO    ] driver_factory.py:136 — Device Name: Android Emulator
2026-08-17 18:16:42 [INFO    ] driver_factory.py:137 — UDID: emulator-5554
2026-08-17 18:16:42 [INFO    ] driver_factory.py:151 — App Package: com.zee5.hipi (noReset=true, activity not set)
2026-08-17 18:16:45 [INFO    ] driver_factory.py:112 — App launched by driver. Waiting for stabilization...
2026-08-17 18:16:47 [INFO    ] driver_factory.py:115 — ========== DRIVER CREATED SUCCESSFULLY ==========
2026-08-17 18:16:50 [INFO    ] popup_handler.py:122 — Checking for 'Get Started' screen...
2026-08-17 18:16:53 [INFO    ] popup_handler.py:134 — 'Get Started' screen not present — skipping.
2026-08-17 18:16:53 [INFO    ] login_page.py:599 — ========== LOGIN FLOW START ==========
2026-08-17 18:16:54 [INFO    ] login_page.py:43 — Opening profile tab
2026-08-17 18:16:55 [INFO    ] login_page.py:53 — Profile tab open attempt 1/2
2026-08-17 18:16:55 [INFO    ] base_page.py:173 — Clicked: ('xpath', "//android.view.View[@clickable='true'][.//android.widget.TextView[@text='Profile']]")
2026-08-17 18:17:01 [ERROR   ] base_page.py:148 — None of the candidate locators became visible within 6s. Candidates: [('-android uiautomator', 'new UiSelector().textContains("Continue")'), ('class name', 'android.widget.EditText')]. Last error: None
2026-08-17 18:17:02 [INFO    ] screenshot_utils.py:60 — Screenshot saved: reports/screenshots/wait_for_any_visible_failed_20260817_181701.png
2026-08-17 18:17:02 [ERROR   ] screenshot_utils.py:87 — Page source save failed: Message: Could not proxy command to the remote server. Original error: socket hang up
Stacktrace:
UnknownError: Could not proxy command to the remote server. Original error: socket hang up
    at ProxyRequestError.getActualError (/opt/homebrew/lib/node_modules/appium/node_modules/@appium/base-driver/build/lib/protocol/errors.js:692:16)
    at UIA2Proxy.proxyReqRes (/opt/homebrew/lib/node_modules/appium/node_modules/@appium/base-driver/build/lib/jsonwp-proxy/proxy.js:330:149)
    at process.processTicksAndRejections (node:internal/process/task_queues:104:5)
2026-08-17 18:17:02 [WARNING ] base_page.py:255 — Error checking display status for ('-android uiautomator', 'new UiSelector().text("Edit Profile")'): Message: 'POST /element' cannot be proxied to UiAutomator2 server because the instrumentation process is not running (probably crashed). Check the server log and/or the logcat output for more details
Stacktrace:
UnknownError: 'POST /element' cannot be proxied to UiAutomator2 server because the instrumentation process is not running (probably crashed). Check the server log and/or the logcat output for more details
    at UIA2Proxy.command (/opt/homebrew/lib/node_modules/appium/node_modules/@appium/base-driver/build/lib/jsonwp-proxy/proxy.js:272:19)
    at process.processTicksAndRejections (node:internal/process/task_queues:104:5)
    at async AndroidUiautomator2Driver.doFindElementOrEls (/Users/vc.rajdeep.kumar/.appium/node_modules/appium-uiautomator2-driver/build/lib/commands/find.js:24:13)
    at async doFind (/Users/vc.rajdeep.kumar/.appium/node_modules/appium-uiautomator2-driver/node_modules/appium-android-driver/build/lib/commands/find.js:24:23)
    at async wrappedCondFn (/opt/homebrew/lib/node_modules/appium/node_modules/@appium/base-driver/build/lib/basedriver/commands/timeout.js:97:20)
    at async spin (/opt/homebrew/lib/node_modules/appium/node_modules/asyncbox/build/lib/asyncbox.js:174:24)
    at async waitForCondition (/opt/homebrew/lib/node_modules/appium/node_modules/asyncbox/build/lib/asyncbox.js:192:12)
    at async AndroidUiautomator2Driver.implicitWaitForCondition (/opt/homebrew/lib/node_modules/appium/node_modules/@appium/base-driver/build/lib/basedriver/commands/timeout.js:99:16)
    at async AndroidUiautomator2Driver.findElOrEls (/Users/vc.rajdeep.kumar/.appium/node_modules/appium-uiautomator2-driver/node_modules/appium-android-driver/build/lib/commands/find.js:45:9)
    at async AndroidUiautomator2Driver.findElOrElsWithProcessing (/opt/homebrew/lib/node_modules/appium/node_modules/@appium/base-driver/build/lib/basedriver/commands/find.js:12:16)
    at async AndroidUiautomator2Driver.findElement (/opt/homebrew/lib/node_modules/appium/node_modules/@appium/base-driver/build/lib/basedriver/commands/find.js:27:16)
2026-08-17 18:17:02 [WARNING ] base_page.py:255 — Error checking display status for ('id', 'com.zee5.hipi:id/exo_content_frame'): Message: 'POST /element' cannot be proxied to UiAutomator2 server because the instrumentation process is not running (probably crashed). Check the server log and/or the logcat output for more details
Stacktrace:
UnknownError: 'POST /element' cannot be proxied to UiAutomator2 server because the instrumentation process is not running (probably crashed). Check the server log and/or the logcat output for more details
    at UIA2Proxy.command (/opt/homebrew/lib/node_modules/appium/node_modules/@appium/base-driver/build/lib/jsonwp-proxy/proxy.js:272:19)
    at process.processTicksAndRejections (node:internal/process/task_queues:104:5)
    at async AndroidUiautomator2Driver.doFindElementOrEls (/Users/vc.rajdeep.kumar/.appium/node_modules/appium-uiautomator2-driver/build/lib/commands/find.js:24:13)
    at async doFind (/Users/vc.rajdeep.kumar/.appium/node_modules/appium-uiautomator2-driver/node_modules/appium-android-driver/build/lib/commands/find.js:24:23)
    at async wrappedCondFn (/opt/homebrew/lib/node_modules/appium/node_modules/@appium/base-driver/build/lib/basedriver/commands/timeout.js:97:20)
    at async spin (/opt/homebrew/lib/node_modules/appium/node_modules/asyncbox/build/lib/asyncbox.js:174:24)
    at async waitForCondition (/opt/homebrew/lib/node_modules/appium/node_modules/asyncbox/build/lib/asyncbox.js:192:12)
    at async AndroidUiautomator2Driver.implicitWaitForCondition (/opt/homebrew/lib/node_modules/appium/node_modules/@appium/base-driver/build/lib/basedriver/commands/timeout.js:99:16)
    at async AndroidUiautomator2Driver.findElOrEls (/Users/vc.rajdeep.kumar/.appium/node_modules/appium-uiautomator2-driver/node_modules/appium-android-driver/build/lib/commands/find.js:45:9)
    at async AndroidUiautomator2Driver.findElOrElsWithProcessing (/opt/homebrew/lib/node_modules/appium/node_modules/@appium/base-driver/build/lib/basedriver/commands/find.js:12:16)
    at async AndroidUiautomator2Driver.findElement (/opt/homebrew/lib/node_modules/appium/node_modules/@appium/base-driver/build/lib/basedriver/commands/find.js:27:16)
2026-08-17 18:17:02 [ERROR   ] base_page.py:362 — Failed to ensure app is in foreground: Message: Could not retrieve the currently focused package and activity. Original error: Error executing adbExec. Original error: 'Command '/Users/vc.rajdeep.kumar/Library/Android/sdk/platform-tools/adb -P 5037 -s emulator-5554 shell dumpsys window displays' exited with code 1'; Command output: adb: device 'emulator-5554' not found

Stacktrace:
UnknownError: Could not retrieve the currently focused package and activity. Original error: Error executing adbExec. Original error: 'Command '/Users/vc.rajdeep.kumar/Library/Android/sdk/platform-tools/adb -P 5037 -s emulator-5554 shell dumpsys window displays' exited with code 1'; Command output: adb: device 'emulator-5554' not found

    at getResponseForW3CError (/opt/homebrew/lib/node_modules/appium/node_modules/@appium/base-driver/build/lib/protocol/errors.js:824:36)
    at asyncHandler (/opt/homebrew/lib/node_modules/appium/node_modules/@appium/base-driver/build/lib/protocol/protocol.js:430:77)
The above error is caused by
Error: Could not retrieve the currently focused package and activity. Original error: Error executing adbExec. Original error: 'Command '/Users/vc.rajdeep.kumar/Library/Android/sdk/platform-tools/adb -P 5037 -s emulator-5554 shell dumpsys window displays' exited with code 1'; Command output: adb: device 'emulator-5554' not found

    at ADB.getFocusedPackageAndActivity (/Users/vc.rajdeep.kumar/.appium/node_modules/appium-uiautomator2-driver/node_modules/appium-adb/build/lib/tools/app-commands.js:643:15)
    at process.processTicksAndRejections (node:internal/process/task_queues:104:5)
    at async AndroidUiautomator2Driver.getCurrentPackage (/Users/vc.rajdeep.kumar/.appium/node_modules/appium-uiautomator2-driver/node_modules/appium-android-driver/build/lib/commands/app-management.js:308:13)
    at async AndroidUiautomator2Driver.executeMethod (/opt/homebrew/lib/node_modules/appium/node_modules/@appium/base-driver/build/lib/basedriver/commands/execute.js:43:16)
    at async AndroidUiautomator2Driver.execute (/Users/vc.rajdeep.kumar/.appium/node_modules/appium-uiautomator2-driver/node_modules/appium-android-driver/build/lib/commands/execute.js:24:16)
2026-08-17 18:17:02 [ERROR   ] screenshot_utils.py:64 — Screenshot capture failed: Message: 'GET /screenshot' cannot be proxied to UiAutomator2 server because the instrumentation process is not running (probably crashed). Check the server log and/or the logcat output for more details
Stacktrace:
UnknownError: 'GET /screenshot' cannot be proxied to UiAutomator2 server because the instrumentation process is not running (probably crashed). Check the server log and/or the logcat output for more details
    at UIA2Proxy.command (/opt/homebrew/lib/node_modules/appium/node_modules/@appium/base-driver/build/lib/jsonwp-proxy/proxy.js:272:19)
    at process.processTicksAndRejections (node:internal/process/task_queues:104:5)
    at async AndroidUiautomator2Driver.getScreenshot (/Users/vc.rajdeep.kumar/.appium/node_modules/appium-uiautomator2-driver/build/lib/commands/screenshot.js:72:19)
2026-08-17 18:17:02 [ERROR   ] screenshot_utils.py:87 — Page source save failed: Message: 'GET /session/6cb8e306-a393-492d-8439-b6dacaa501b0/source' cannot be proxied to UiAutomator2 server because the instrumentation process is not running (probably crashed). Check the server log and/or the logcat output for more details
Stacktrace:
InvalidContextError: 'GET /session/6cb8e306-a393-492d-8439-b6dacaa501b0/source' cannot be proxied to UiAutomator2 server because the instrumentation process is not running (probably crashed). Check the server log and/or the logcat output for more details
    at UIA2Proxy.proxyCommand (/Users/vc.rajdeep.kumar/.appium/node_modules/appium-uiautomator2-driver/build/lib/uiautomator2.js:32:19)
    at UIA2Proxy.proxyReqRes (/opt/homebrew/lib/node_modules/appium/node_modules/@appium/base-driver/build/lib/jsonwp-proxy/proxy.js:325:49)
    at runCommandPromise (/opt/homebrew/lib/node_modules/appium/node_modules/@appium/base-driver/build/lib/basedriver/driver.js:121:30)
    at /opt/homebrew/lib/node_modules/appium/node_modules/async-lock/lib/index.js:171:12
    at AsyncLock._promiseTry (/opt/homebrew/lib/node_modules/appium/node_modules/async-lock/lib/index.js:306:31)
    at exec (/opt/homebrew/lib/node_modules/appium/node_modules/async-lock/lib/index.js:170:9)
    at AsyncLock.acquire (/opt/homebrew/lib/node_modules/appium/node_modules/async-lock/lib/index.js:189:3)
    at AndroidUiautomator2Driver.executeCommand (/opt/homebrew/lib/node_modules/appium/node_modules/@appium/base-driver/build/lib/basedriver/driver.js:161:45)
    at process.processTicksAndRejections (node:internal/process/task_queues:104:5)
    at async defaultBehavior (/opt/homebrew/lib/node_modules/appium/build/lib/appium.js:634:20)
    at async AppiumDriver.executeWrappedCommand (/opt/homebrew/lib/node_modules/appium/build/lib/appium.js:726:22)
    at async AppiumDriver.executeCommand (/opt/homebrew/lib/node_modules/appium/build/lib/appium.js:645:21)
    at async doJwpProxy (/opt/homebrew/lib/node_modules/appium/node_modules/@appium/base-driver/build/lib/protocol/protocol.js:476:9)
    at async asyncHandler (/opt/homebrew/lib/node_modules/appium/node_modules/@appium/base-driver/build/lib/protocol/protocol.js:307:21)
2026-08-17 18:17:02 [WARNING ] login_page.py:135 — Coordinate tap failed: Message: 'GET /window/current/size' cannot be proxied to UiAutomator2 server because the instrumentation process is not running (probably crashed). Check the server log and/or the logcat output for more details
Stacktrace:
UnknownError: 'GET /window/current/size' cannot be proxied to UiAutomator2 server because the instrumentation process is not running (probably crashed). Check the server log and/or the logcat output for more details
    at UIA2Proxy.command (/opt/homebrew/lib/node_modules/appium/node_modules/@appium/base-driver/build/lib/jsonwp-proxy/proxy.js:272:19)
    at process.processTicksAndRejections (node:internal/process/task_queues:104:5)
    at async AndroidUiautomator2Driver.getWindowSize (/Users/vc.rajdeep.kumar/.appium/node_modules/appium-uiautomator2-driver/build/lib/commands/viewport.js:73:13)
    at async AndroidUiautomator2Driver.getWindowRect (/Users/vc.rajdeep.kumar/.appium/node_modules/appium-uiautomator2-driver/build/lib/commands/viewport.js:53:31)
2026-08-17 18:17:08 [ERROR   ] base_page.py:148 — None of the candidate locators became visible within 6s. Candidates: [('-android uiautomator', 'new UiSelector().textContains("Continue")'), ('class name', 'android.widget.EditText')]. Last error: Message: 'POST /elements' cannot be proxied to UiAutomator2 server because the instrumentation process is not running (probably crashed). Check the server log and/or the logcat output for more details
Stacktrace:
UnknownError: 'POST /elements' cannot be proxied to UiAutomator2 server because the instrumentation process is not running (probably crashed). Check the server log and/or the logcat output for more details
    at UIA2Proxy.command (/opt/homebrew/lib/node_modules/appium/node_modules/@appium/base-driver/build/lib/jsonwp-proxy/proxy.js:272:19)
    at process.processTicksAndRejections (node:internal/process/task_queues:104:5)
    at async AndroidUiautomator2Driver.doFindElementOrEls (/Users/vc.rajdeep.kumar/.appium/node_modules/appium-uiautomator2-driver/build/lib/commands/find.js:24:13)
    at async doFind (/Users/vc.rajdeep.kumar/.appium/node_modules/appium-uiautomator2-driver/node_modules/appium-android-driver/build/lib/commands/find.js:24:23)
    at async wrappedCondFn (/opt/homebrew/lib/node_modules/appium/node_modules/@appium/base-driver/build/lib/basedriver/commands/timeout.js:97:20)
    at async spin (/opt/homebrew/lib/node_modules/appium/node_modules/asyncbox/build/lib/asyncbox.js:174:24)
    at async waitForCondition (/opt/homebrew/lib/node_modules/appium/node_modules/asyncbox/build/lib/asyncbox.js:192:12)
    at async AndroidUiautomator2Driver.implicitWaitForCondition (/opt/homebrew/lib/node_modules/appium/node_modules/@appium/base-driver/build/lib/basedriver/commands/timeout.js:99:16)
    at async AndroidUiautomator2Driver.findElOrEls (/Users/vc.rajdeep.kumar/.appium/node_modules/appium-uiautomator2-driver/node_modules/appium-android-driver/build/lib/commands/find.js:45:9)
    at async AndroidUiautomator2Driver.findElOrElsWithProcessing (/opt/homebrew/lib/node_modules/appium/node_modules/@appium/base-driver/build/lib/basedriver/commands/find.js:12:16)
    at async AndroidUiautomator2Driver.findElements (/opt/homebrew/lib/node_modules/appium/node_modules/@appium/base-driver/build/lib/basedriver/commands/find.js:30:16)
2026-08-17 18:17:08 [ERROR   ] screenshot_utils.py:64 — Screenshot capture failed: Message: 'GET /screenshot' cannot be proxied to UiAutomator2 server because the instrumentation process is not running (probably crashed). Check the server log and/or the logcat output for more details
Stacktrace:
UnknownError: 'GET /screenshot' cannot be proxied to UiAutomator2 server because the instrumentation process is not running (probably crashed). Check the server log and/or the logcat output for more details
    at UIA2Proxy.command (/opt/homebrew/lib/node_modules/appium/node_modules/@appium/base-driver/build/lib/jsonwp-proxy/proxy.js:272:19)
    at process.processTicksAndRejections (node:internal/process/task_queues:104:5)
    at async AndroidUiautomator2Driver.getScreenshot (/Users/vc.rajdeep.kumar/.appium/node_modules/appium-uiautomator2-driver/build/lib/commands/screenshot.js:72:19)
2026-08-17 18:17:08 [ERROR   ] screenshot_utils.py:87 — Page source save failed: Message: 'GET /session/6cb8e306-a393-492d-8439-b6dacaa501b0/source' cannot be proxied to UiAutomator2 server because the instrumentation process is not running (probably crashed). Check the server log and/or the logcat output for more details
Stacktrace:
InvalidContextError: 'GET /session/6cb8e306-a393-492d-8439-b6dacaa501b0/source' cannot be proxied to UiAutomator2 server because the instrumentation process is not running (probably crashed). Check the server log and/or the logcat output for more details
    at UIA2Proxy.proxyCommand (/Users/vc.rajdeep.kumar/.appium/node_modules/appium-uiautomator2-driver/build/lib/uiautomator2.js:32:19)
    at UIA2Proxy.proxyReqRes (/opt/homebrew/lib/node_modules/appium/node_modules/@appium/base-driver/build/lib/jsonwp-proxy/proxy.js:325:49)
    at runCommandPromise (/opt/homebrew/lib/node_modules/appium/node_modules/@appium/base-driver/build/lib/basedriver/driver.js:121:30)
    at /opt/homebrew/lib/node_modules/appium/node_modules/async-lock/lib/index.js:171:12
    at AsyncLock._promiseTry (/opt/homebrew/lib/node_modules/appium/node_modules/async-lock/lib/index.js:306:31)
    at exec (/opt/homebrew/lib/node_modules/appium/node_modules/async-lock/lib/index.js:170:9)
    at AsyncLock.acquire (/opt/homebrew/lib/node_modules/appium/node_modules/async-lock/lib/index.js:189:3)
    at AndroidUiautomator2Driver.executeCommand (/opt/homebrew/lib/node_modules/appium/node_modules/@appium/base-driver/build/lib/basedriver/driver.js:161:45)
    at process.processTicksAndRejections (node:internal/process/task_queues:104:5)
    at async defaultBehavior (/opt/homebrew/lib/node_modules/appium/build/lib/appium.js:634:20)
    at async AppiumDriver.executeWrappedCommand (/opt/homebrew/lib/node_modules/appium/build/lib/appium.js:726:22)
    at async AppiumDriver.executeCommand (/opt/homebrew/lib/node_modules/appium/build/lib/appium.js:645:21)
    at async doJwpProxy (/opt/homebrew/lib/node_modules/appium/node_modules/@appium/base-driver/build/lib/protocol/protocol.js:476:9)
    at async asyncHandler (/opt/homebrew/lib/node_modules/appium/node_modules/@appium/base-driver/build/lib/protocol/protocol.js:307:21)
2026-08-17 18:17:08 [WARNING ] login_page.py:158 — Attempt 1 did not reach the login sheet, recovering and retrying...
2026-08-17 18:17:08 [WARNING ] base_page.py:419 — Attempting to recover application state...
2026-08-17 18:17:11 [INFO    ] base_page.py:424 — App recovery attempt completed.
2026-08-17 18:17:13 [INFO    ] login_page.py:53 — Profile tab open attempt 2/2
2026-08-17 18:17:13 [ERROR   ] base_page.py:182 — Fatal session error clicking ('xpath', "//android.view.View[@clickable='true'][.//android.widget.TextView[@text='Profile']]") — session is dead, not retrying: Message: 'POST /element' cannot be proxied to UiAutomator2 server because the instrumentation process is not running (probably crashed). Check the server log and/or the logcat output for more details
Stacktrace:
UnknownError: 'POST /element' cannot be proxied to UiAutomator2 server because the instrumentation process is not running (probably crashed). Check the server log and/or the logcat output for more details
    at UIA2Proxy.command (/opt/homebrew/lib/node_modules/appium/node_modules/@appium/base-driver/build/lib/jsonwp-proxy/proxy.js:272:19)
    at process.processTicksAndRejections (node:internal/process/task_queues:104:5)
    at async AndroidUiautomator2Driver.doFindElementOrEls (/Users/vc.rajdeep.kumar/.appium/node_modules/appium-uiautomator2-driver/build/lib/commands/find.js:24:13)
    at async doFind (/Users/vc.rajdeep.kumar/.appium/node_modules/appium-uiautomator2-driver/node_modules/appium-android-driver/build/lib/commands/find.js:24:23)
    at async wrappedCondFn (/opt/homebrew/lib/node_modules/appium/node_modules/@appium/base-driver/build/lib/basedriver/commands/timeout.js:97:20)
    at async spin (/opt/homebrew/lib/node_modules/appium/node_modules/asyncbox/build/lib/asyncbox.js:174:24)
    at async waitForCondition (/opt/homebrew/lib/node_modules/appium/node_modules/asyncbox/build/lib/asyncbox.js:192:12)
    at async AndroidUiautomator2Driver.implicitWaitForCondition (/opt/homebrew/lib/node_modules/appium/node_modules/@appium/base-driver/build/lib/basedriver/commands/timeout.js:99:16)
    at async AndroidUiautomator2Driver.findElOrEls (/Users/vc.rajdeep.kumar/.appium/node_modules/appium-uiautomator2-driver/node_modules/appium-android-driver/build/lib/commands/find.js:45:9)
    at async AndroidUiautomator2Driver.findElOrElsWithProcessing (/opt/homebrew/lib/node_modules/appium/node_modules/@appium/base-driver/build/lib/basedriver/commands/find.js:12:16)
    at async AndroidUiautomator2Driver.findElement (/opt/homebrew/lib/node_modules/appium/node_modules/@appium/base-driver/build/lib/basedriver/commands/find.js:27:16)
2026-08-17 18:17:13 [WARNING ] login_page.py:98 — Element-based click failed: Session/instrumentation dead while clicking ('xpath', "//android.view.View[@clickable='true'][.//android.widget.TextView[@text='Profile']]"): Message: 'POST /element' cannot be proxied to UiAutomator2 server because the instrumentation process is not running (probably crashed). Check the server log and/or the logcat output for more details
Stacktrace:
UnknownError: 'POST /element' cannot be proxied to UiAutomator2 server because the instrumentation process is not running (probably crashed). Check the server log and/or the logcat output for more details
    at UIA2Proxy.command (/opt/homebrew/lib/node_modules/appium/node_modules/@appium/base-driver/build/lib/jsonwp-proxy/proxy.js:272:19)
    at process.processTicksAndRejections (node:internal/process/task_queues:104:5)
    at async AndroidUiautomator2Driver.doFindElementOrEls (/Users/vc.rajdeep.kumar/.appium/node_modules/appium-uiautomator2-driver/build/lib/commands/find.js:24:13)
    at async doFind (/Users/vc.rajdeep.kumar/.appium/node_modules/appium-uiautomator2-driver/node_modules/appium-android-driver/build/lib/commands/find.js:24:23)
    at async wrappedCondFn (/opt/homebrew/lib/node_modules/appium/node_modules/@appium/base-driver/build/lib/basedriver/commands/timeout.js:97:20)
    at async spin (/opt/homebrew/lib/node_modules/appium/node_modules/asyncbox/build/lib/asyncbox.js:174:24)
    at async waitForCondition (/opt/homebrew/lib/node_modules/appium/node_modules/asyncbox/build/lib/asyncbox.js:192:12)
    at async AndroidUiautomator2Driver.implicitWaitForCondition (/opt/homebrew/lib/node_modules/appium/node_modules/@appium/base-driver/build/lib/basedriver/commands/timeout.js:99:16)
    at async AndroidUiautomator2Driver.findElOrEls (/Users/vc.rajdeep.kumar/.appium/node_modules/appium-uiautomator2-driver/node_modules/appium-android-driver/build/lib/commands/find.js:45:9)
    at async AndroidUiautomator2Driver.findElOrElsWithProcessing (/opt/homebrew/lib/node_modules/appium/node_modules/@appium/base-driver/build/lib/basedriver/commands/find.js:12:16)
    at async AndroidUiautomator2Driver.findElement (/opt/homebrew/lib/node_modules/appium/node_modules/@appium/base-driver/build/lib/basedriver/commands/find.js:27:16)
2026-08-17 18:17:13 [WARNING ] base_page.py:255 — Error checking display status for ('-android uiautomator', 'new UiSelector().text("Edit Profile")'): Message: 'POST /element' cannot be proxied to UiAutomator2 server because the instrumentation process is not running (probably crashed). Check the server log and/or the logcat output for more details
Stacktrace:
UnknownError: 'POST /element' cannot be proxied to UiAutomator2 server because the instrumentation process is not running (probably crashed). Check the server log and/or the logcat output for more details
    at UIA2Proxy.command (/opt/homebrew/lib/node_modules/appium/node_modules/@appium/base-driver/build/lib/jsonwp-proxy/proxy.js:272:19)
    at process.processTicksAndRejections (node:internal/process/task_queues:104:5)
    at async AndroidUiautomator2Driver.doFindElementOrEls (/Users/vc.rajdeep.kumar/.appium/node_modules/appium-uiautomator2-driver/build/lib/commands/find.js:24:13)
    at async doFind (/Users/vc.rajdeep.kumar/.appium/node_modules/appium-uiautomator2-driver/node_modules/appium-android-driver/build/lib/commands/find.js:24:23)
    at async wrappedCondFn (/opt/homebrew/lib/node_modules/appium/node_modules/@appium/base-driver/build/lib/basedriver/commands/timeout.js:97:20)
    at async spin (/opt/homebrew/lib/node_modules/appium/node_modules/asyncbox/build/lib/asyncbox.js:174:24)
    at async waitForCondition (/opt/homebrew/lib/node_modules/appium/node_modules/asyncbox/build/lib/asyncbox.js:192:12)
    at async AndroidUiautomator2Driver.implicitWaitForCondition (/opt/homebrew/lib/node_modules/appium/node_modules/@appium/base-driver/build/lib/basedriver/commands/timeout.js:99:16)
    at async AndroidUiautomator2Driver.findElOrEls (/Users/vc.rajdeep.kumar/.appium/node_modules/appium-uiautomator2-driver/node_modules/appium-android-driver/build/lib/commands/find.js:45:9)
    at async AndroidUiautomator2Driver.findElOrElsWithProcessing (/opt/homebrew/lib/node_modules/appium/node_modules/@appium/base-driver/build/lib/basedriver/commands/find.js:12:16)
    at async AndroidUiautomator2Driver.findElement (/opt/homebrew/lib/node_modules/appium/node_modules/@appium/base-driver/build/lib/basedriver/commands/find.js:27:16)
2026-08-17 18:17:13 [WARNING ] base_page.py:255 — Error checking display status for ('id', 'com.zee5.hipi:id/exo_content_frame'): Message: 'POST /element' cannot be proxied to UiAutomator2 server because the instrumentation process is not running (probably crashed). Check the server log and/or the logcat output for more details
Stacktrace:
UnknownError: 'POST /element' cannot be proxied to UiAutomator2 server because the instrumentation process is not running (probably crashed). Check the server log and/or the logcat output for more details
    at UIA2Proxy.command (/opt/homebrew/lib/node_modules/appium/node_modules/@appium/base-driver/build/lib/jsonwp-proxy/proxy.js:272:19)
    at process.processTicksAndRejections (node:internal/process/task_queues:104:5)
    at async AndroidUiautomator2Driver.doFindElementOrEls (/Users/vc.rajdeep.kumar/.appium/node_modules/appium-uiautomator2-driver/build/lib/commands/find.js:24:13)
    at async doFind (/Users/vc.rajdeep.kumar/.appium/node_modules/appium-uiautomator2-driver/node_modules/appium-android-driver/build/lib/commands/find.js:24:23)
    at async wrappedCondFn (/opt/homebrew/lib/node_modules/appium/node_modules/@appium/base-driver/build/lib/basedriver/commands/timeout.js:97:20)
    at async spin (/opt/homebrew/lib/node_modules/appium/node_modules/asyncbox/build/lib/asyncbox.js:174:24)
    at async waitForCondition (/opt/homebrew/lib/node_modules/appium/node_modules/asyncbox/build/lib/asyncbox.js:192:12)
    at async AndroidUiautomator2Driver.implicitWaitForCondition (/opt/homebrew/lib/node_modules/appium/node_modules/@appium/base-driver/build/lib/basedriver/commands/timeout.js:99:16)
    at async AndroidUiautomator2Driver.findElOrEls (/Users/vc.rajdeep.kumar/.appium/node_modules/appium-uiautomator2-driver/node_modules/appium-android-driver/build/lib/commands/find.js:45:9)
    at async AndroidUiautomator2Driver.findElOrElsWithProcessing (/opt/homebrew/lib/node_modules/appium/node_modules/@appium/base-driver/build/lib/basedriver/commands/find.js:12:16)
    at async AndroidUiautomator2Driver.findElement (/opt/homebrew/lib/node_modules/appium/node_modules/@appium/base-driver/build/lib/basedriver/commands/find.js:27:16)
2026-08-17 18:17:13 [WARNING ] login_page.py:135 — Coordinate tap failed: Message: 'GET /window/current/size' cannot be proxied to UiAutomator2 server because the instrumentation process is not running (probably crashed). Check the server log and/or the logcat output for more details
Stacktrace:
UnknownError: 'GET /window/current/size' cannot be proxied to UiAutomator2 server because the instrumentation process is not running (probably crashed). Check the server log and/or the logcat output for more details
    at UIA2Proxy.command (/opt/homebrew/lib/node_modules/appium/node_modules/@appium/base-driver/build/lib/jsonwp-proxy/proxy.js:272:19)
    at process.processTicksAndRejections (node:internal/process/task_queues:104:5)
    at async AndroidUiautomator2Driver.getWindowSize (/Users/vc.rajdeep.kumar/.appium/node_modules/appium-uiautomator2-driver/build/lib/commands/viewport.js:73:13)
    at async AndroidUiautomator2Driver.getWindowRect (/Users/vc.rajdeep.kumar/.appium/node_modules/appium-uiautomator2-driver/build/lib/commands/viewport.js:53:31)
2026-08-17 18:17:19 [ERROR   ] base_page.py:148 — None of the candidate locators became visible within 6s. Candidates: [('-android uiautomator', 'new UiSelector().textContains("Continue")'), ('class name', 'android.widget.EditText')]. Last error: Message: 'POST /elements' cannot be proxied to UiAutomator2 server because the instrumentation process is not running (probably crashed). Check the server log and/or the logcat output for more details
Stacktrace:
UnknownError: 'POST /elements' cannot be proxied to UiAutomator2 server because the instrumentation process is not running (probably crashed). Check the server log and/or the logcat output for more details
    at UIA2Proxy.command (/opt/homebrew/lib/node_modules/appium/node_modules/@appium/base-driver/build/lib/jsonwp-proxy/proxy.js:272:19)
    at process.processTicksAndRejections (node:internal/process/task_queues:104:5)
    at async AndroidUiautomator2Driver.doFindElementOrEls (/Users/vc.rajdeep.kumar/.appium/node_modules/appium-uiautomator2-driver/build/lib/commands/find.js:24:13)
    at async doFind (/Users/vc.rajdeep.kumar/.appium/node_modules/appium-uiautomator2-driver/node_modules/appium-android-driver/build/lib/commands/find.js:24:23)
    at async wrappedCondFn (/opt/homebrew/lib/node_modules/appium/node_modules/@appium/base-driver/build/lib/basedriver/commands/timeout.js:97:20)
    at async spin (/opt/homebrew/lib/node_modules/appium/node_modules/asyncbox/build/lib/asyncbox.js:174:24)
    at async waitForCondition (/opt/homebrew/lib/node_modules/appium/node_modules/asyncbox/build/lib/asyncbox.js:192:12)
    at async AndroidUiautomator2Driver.implicitWaitForCondition (/opt/homebrew/lib/node_modules/appium/node_modules/@appium/base-driver/build/lib/basedriver/commands/timeout.js:99:16)
    at async AndroidUiautomator2Driver.findElOrEls (/Users/vc.rajdeep.kumar/.appium/node_modules/appium-uiautomator2-driver/node_modules/appium-android-driver/build/lib/commands/find.js:45:9)
    at async AndroidUiautomator2Driver.findElOrElsWithProcessing (/opt/homebrew/lib/node_modules/appium/node_modules/@appium/base-driver/build/lib/basedriver/commands/find.js:12:16)
    at async AndroidUiautomator2Driver.findElements (/opt/homebrew/lib/node_modules/appium/node_modules/@appium/base-driver/build/lib/basedriver/commands/find.js:30:16)
2026-08-17 18:17:19 [ERROR   ] screenshot_utils.py:64 — Screenshot capture failed: Message: 'GET /screenshot' cannot be proxied to UiAutomator2 server because the instrumentation process is not running (probably crashed). Check the server log and/or the logcat output for more details
Stacktrace:
UnknownError: 'GET /screenshot' cannot be proxied to UiAutomator2 server because the instrumentation process is not running (probably crashed). Check the server log and/or the logcat output for more details
    at UIA2Proxy.command (/opt/homebrew/lib/node_modules/appium/node_modules/@appium/base-driver/build/lib/jsonwp-proxy/proxy.js:272:19)
    at process.processTicksAndRejections (node:internal/process/task_queues:104:5)
    at async AndroidUiautomator2Driver.getScreenshot (/Users/vc.rajdeep.kumar/.appium/node_modules/appium-uiautomator2-driver/build/lib/commands/screenshot.js:72:19)
2026-08-17 18:17:19 [ERROR   ] screenshot_utils.py:87 — Page source save failed: Message: 'GET /session/6cb8e306-a393-492d-8439-b6dacaa501b0/source' cannot be proxied to UiAutomator2 server because the instrumentation process is not running (probably crashed). Check the server log and/or the logcat output for more details
Stacktrace:
InvalidContextError: 'GET /session/6cb8e306-a393-492d-8439-b6dacaa501b0/source' cannot be proxied to UiAutomator2 server because the instrumentation process is not running (probably crashed). Check the server log and/or the logcat output for more details
    at UIA2Proxy.proxyCommand (/Users/vc.rajdeep.kumar/.appium/node_modules/appium-uiautomator2-driver/build/lib/uiautomator2.js:32:19)
    at UIA2Proxy.proxyReqRes (/opt/homebrew/lib/node_modules/appium/node_modules/@appium/base-driver/build/lib/jsonwp-proxy/proxy.js:325:49)
    at runCommandPromise (/opt/homebrew/lib/node_modules/appium/node_modules/@appium/base-driver/build/lib/basedriver/driver.js:121:30)
    at /opt/homebrew/lib/node_modules/appium/node_modules/async-lock/lib/index.js:171:12
    at AsyncLock._promiseTry (/opt/homebrew/lib/node_modules/appium/node_modules/async-lock/lib/index.js:306:31)
    at exec (/opt/homebrew/lib/node_modules/appium/node_modules/async-lock/lib/index.js:170:9)
    at AsyncLock.acquire (/opt/homebrew/lib/node_modules/appium/node_modules/async-lock/lib/index.js:189:3)
    at AndroidUiautomator2Driver.executeCommand (/opt/homebrew/lib/node_modules/appium/node_modules/@appium/base-driver/build/lib/basedriver/driver.js:161:45)
    at process.processTicksAndRejections (node:internal/process/task_queues:104:5)
    at async defaultBehavior (/opt/homebrew/lib/node_modules/appium/build/lib/appium.js:634:20)
    at async AppiumDriver.executeWrappedCommand (/opt/homebrew/lib/node_modules/appium/build/lib/appium.js:726:22)
    at async AppiumDriver.executeCommand (/opt/homebrew/lib/node_modules/appium/build/lib/appium.js:645:21)
    at async doJwpProxy (/opt/homebrew/lib/node_modules/appium/node_modules/@appium/base-driver/build/lib/protocol/protocol.js:476:9)
    at async asyncHandler (/opt/homebrew/lib/node_modules/appium/node_modules/@appium/base-driver/build/lib/protocol/protocol.js:307:21)
2026-08-17 18:17:19 [WARNING ] login_page.py:158 — Attempt 2 did not reach the login sheet, recovering and retrying...
2026-08-17 18:17:19 [WARNING ] base_page.py:419 — Attempting to recover application state...
2026-08-17 18:17:22 [INFO    ] base_page.py:424 — App recovery attempt completed.
2026-08-17 18:17:25 [ERROR   ] login_page.py:171 — Unable to open profile tab / reach login sheet after 2 attempts
2026-08-17 18:17:25 [ERROR   ] screenshot_utils.py:64 — Screenshot capture failed: Message: 'GET /screenshot' cannot be proxied to UiAutomator2 server because the instrumentation process is not running (probably crashed). Check the server log and/or the logcat output for more details
Stacktrace:
UnknownError: 'GET /screenshot' cannot be proxied to UiAutomator2 server because the instrumentation process is not running (probably crashed). Check the server log and/or the logcat output for more details
    at UIA2Proxy.command (/opt/homebrew/lib/node_modules/appium/node_modules/@appium/base-driver/build/lib/jsonwp-proxy/proxy.js:272:19)
    at process.processTicksAndRejections (node:internal/process/task_queues:104:5)
    at async AndroidUiautomator2Driver.getScreenshot (/Users/vc.rajdeep.kumar/.appium/node_modules/appium-uiautomator2-driver/build/lib/commands/screenshot.js:72:19)
2026-08-17 18:17:25 [ERROR   ] screenshot_utils.py:87 — Page source save failed: Message: 'GET /session/6cb8e306-a393-492d-8439-b6dacaa501b0/source' cannot be proxied to UiAutomator2 server because the instrumentation process is not running (probably crashed). Check the server log and/or the logcat output for more details
Stacktrace:
InvalidContextError: 'GET /session/6cb8e306-a393-492d-8439-b6dacaa501b0/source' cannot be proxied to UiAutomator2 server because the instrumentation process is not running (probably crashed). Check the server log and/or the logcat output for more details
    at UIA2Proxy.proxyCommand (/Users/vc.rajdeep.kumar/.appium/node_modules/appium-uiautomator2-driver/build/lib/uiautomator2.js:32:19)
    at UIA2Proxy.proxyReqRes (/opt/homebrew/lib/node_modules/appium/node_modules/@appium/base-driver/build/lib/jsonwp-proxy/proxy.js:325:49)
    at runCommandPromise (/opt/homebrew/lib/node_modules/appium/node_modules/@appium/base-driver/build/lib/basedriver/driver.js:121:30)
    at /opt/homebrew/lib/node_modules/appium/node_modules/async-lock/lib/index.js:171:12
    at AsyncLock._promiseTry (/opt/homebrew/lib/node_modules/appium/node_modules/async-lock/lib/index.js:306:31)
    at exec (/opt/homebrew/lib/node_modules/appium/node_modules/async-lock/lib/index.js:170:9)
    at AsyncLock.acquire (/opt/homebrew/lib/node_modules/appium/node_modules/async-lock/lib/index.js:189:3)
    at AndroidUiautomator2Driver.executeCommand (/opt/homebrew/lib/node_modules/appium/node_modules/@appium/base-driver/build/lib/basedriver/driver.js:161:45)
    at process.processTicksAndRejections (node:internal/process/task_queues:104:5)
    at async defaultBehavior (/opt/homebrew/lib/node_modules/appium/build/lib/appium.js:634:20)
    at async AppiumDriver.executeWrappedCommand (/opt/homebrew/lib/node_modules/appium/build/lib/appium.js:726:22)
    at async AppiumDriver.executeCommand (/opt/homebrew/lib/node_modules/appium/build/lib/appium.js:645:21)
    at async doJwpProxy (/opt/homebrew/lib/node_modules/appium/node_modules/@appium/base-driver/build/lib/protocol/protocol.js:476:9)
    at async asyncHandler (/opt/homebrew/lib/node_modules/appium/node_modules/@appium/base-driver/build/lib/protocol/protocol.js:307:21)
2026-08-17 18:17:25 [WARNING ] base_page.py:255 — Error checking display status for ('-android uiautomator', 'new UiSelector().text("Edit Profile")'): Message: 'POST /element' cannot be proxied to UiAutomator2 server because the instrumentation process is not running (probably crashed). Check the server log and/or the logcat output for more details
Stacktrace:
UnknownError: 'POST /element' cannot be proxied to UiAutomator2 server because the instrumentation process is not running (probably crashed). Check the server log and/or the logcat output for more details
    at UIA2Proxy.command (/opt/homebrew/lib/node_modules/appium/node_modules/@appium/base-driver/build/lib/jsonwp-proxy/proxy.js:272:19)
    at process.processTicksAndRejections (node:internal/process/task_queues:104:5)
    at async AndroidUiautomator2Driver.doFindElementOrEls (/Users/vc.rajdeep.kumar/.appium/node_modules/appium-uiautomator2-driver/build/lib/commands/find.js:24:13)
    at async doFind (/Users/vc.rajdeep.kumar/.appium/node_modules/appium-uiautomator2-driver/node_modules/appium-android-driver/build/lib/commands/find.js:24:23)
    at async wrappedCondFn (/opt/homebrew/lib/node_modules/appium/node_modules/@appium/base-driver/build/lib/basedriver/commands/timeout.js:97:20)
    at async spin (/opt/homebrew/lib/node_modules/appium/node_modules/asyncbox/build/lib/asyncbox.js:174:24)
    at async waitForCondition (/opt/homebrew/lib/node_modules/appium/node_modules/asyncbox/build/lib/asyncbox.js:192:12)
    at async AndroidUiautomator2Driver.implicitWaitForCondition (/opt/homebrew/lib/node_modules/appium/node_modules/@appium/base-driver/build/lib/basedriver/commands/timeout.js:99:16)
    at async AndroidUiautomator2Driver.findElOrEls (/Users/vc.rajdeep.kumar/.appium/node_modules/appium-uiautomator2-driver/node_modules/appium-android-driver/build/lib/commands/find.js:45:9)
    at async AndroidUiautomator2Driver.findElOrElsWithProcessing (/opt/homebrew/lib/node_modules/appium/node_modules/@appium/base-driver/build/lib/basedriver/commands/find.js:12:16)
    at async AndroidUiautomator2Driver.findElement (/opt/homebrew/lib/node_modules/appium/node_modules/@appium/base-driver/build/lib/basedriver/commands/find.js:27:16)
2026-08-17 18:17:25 [WARNING ] base_page.py:255 — Error checking display status for ('id', 'com.zee5.hipi:id/exo_content_frame'): Message: 'POST /element' cannot be proxied to UiAutomator2 server because the instrumentation process is not running (probably crashed). Check the server log and/or the logcat output for more details
Stacktrace:
UnknownError: 'POST /element' cannot be proxied to UiAutomator2 server because the instrumentation process is not running (probably crashed). Check the server log and/or the logcat output for more details
    at UIA2Proxy.command (/opt/homebrew/lib/node_modules/appium/node_modules/@appium/base-driver/build/lib/jsonwp-proxy/proxy.js:272:19)
    at process.processTicksAndRejections (node:internal/process/task_queues:104:5)
    at async AndroidUiautomator2Driver.doFindElementOrEls (/Users/vc.rajdeep.kumar/.appium/node_modules/appium-uiautomator2-driver/build/lib/commands/find.js:24:13)
    at async doFind (/Users/vc.rajdeep.kumar/.appium/node_modules/appium-uiautomator2-driver/node_modules/appium-android-driver/build/lib/commands/find.js:24:23)
    at async wrappedCondFn (/opt/homebrew/lib/node_modules/appium/node_modules/@appium/base-driver/build/lib/basedriver/commands/timeout.js:97:20)
    at async spin (/opt/homebrew/lib/node_modules/appium/node_modules/asyncbox/build/lib/asyncbox.js:174:24)
    at async waitForCondition (/opt/homebrew/lib/node_modules/appium/node_modules/asyncbox/build/lib/asyncbox.js:192:12)
    at async AndroidUiautomator2Driver.implicitWaitForCondition (/opt/homebrew/lib/node_modules/appium/node_modules/@appium/base-driver/build/lib/basedriver/commands/timeout.js:99:16)
    at async AndroidUiautomator2Driver.findElOrEls (/Users/vc.rajdeep.kumar/.appium/node_modules/appium-uiautomator2-driver/node_modules/appium-android-driver/build/lib/commands/find.js:45:9)
    at async AndroidUiautomator2Driver.findElOrElsWithProcessing (/opt/homebrew/lib/node_modules/appium/node_modules/@appium/base-driver/build/lib/basedriver/commands/find.js:12:16)
    at async AndroidUiautomator2Driver.findElement (/opt/homebrew/lib/node_modules/appium/node_modules/@appium/base-driver/build/lib/basedriver/commands/find.js:27:16)
2026-08-17 18:17:25 [ERROR   ] login_page.py:733 — Login flow failed: Unable to open profile tab / reach login sheet after 2 attempts
2026-08-17 18:17:25 [ERROR   ] screenshot_utils.py:64 — Screenshot capture failed: Message: 'GET /screenshot' cannot be proxied to UiAutomator2 server because the instrumentation process is not running (probably crashed). Check the server log and/or the logcat output for more details
Stacktrace:
UnknownError: 'GET /screenshot' cannot be proxied to UiAutomator2 server because the instrumentation process is not running (probably crashed). Check the server log and/or the logcat output for more details
    at UIA2Proxy.command (/opt/homebrew/lib/node_modules/appium/node_modules/@appium/base-driver/build/lib/jsonwp-proxy/proxy.js:272:19)
    at process.processTicksAndRejections (node:internal/process/task_queues:104:5)
    at async AndroidUiautomator2Driver.getScreenshot (/Users/vc.rajdeep.kumar/.appium/node_modules/appium-uiautomator2-driver/build/lib/commands/screenshot.js:72:19)
2026-08-17 18:17:25 [ERROR   ] screenshot_utils.py:87 — Page source save failed: Message: 'GET /session/6cb8e306-a393-492d-8439-b6dacaa501b0/source' cannot be proxied to UiAutomator2 server because the instrumentation process is not running (probably crashed). Check the server log and/or the logcat output for more details
Stacktrace:
InvalidContextError: 'GET /session/6cb8e306-a393-492d-8439-b6dacaa501b0/source' cannot be proxied to UiAutomator2 server because the instrumentation process is not running (probably crashed). Check the server log and/or the logcat output for more details
    at UIA2Proxy.proxyCommand (/Users/vc.rajdeep.kumar/.appium/node_modules/appium-uiautomator2-driver/build/lib/uiautomator2.js:32:19)
    at UIA2Proxy.proxyReqRes (/opt/homebrew/lib/node_modules/appium/node_modules/@appium/base-driver/build/lib/jsonwp-proxy/proxy.js:325:49)
    at runCommandPromise (/opt/homebrew/lib/node_modules/appium/node_modules/@appium/base-driver/build/lib/basedriver/driver.js:121:30)
    at /opt/homebrew/lib/node_modules/appium/node_modules/async-lock/lib/index.js:171:12
    at AsyncLock._promiseTry (/opt/homebrew/lib/node_modules/appium/node_modules/async-lock/lib/index.js:306:31)
    at exec (/opt/homebrew/lib/node_modules/appium/node_modules/async-lock/lib/index.js:170:9)
    at AsyncLock.acquire (/opt/homebrew/lib/node_modules/appium/node_modules/async-lock/lib/index.js:189:3)
    at AndroidUiautomator2Driver.executeCommand (/opt/homebrew/lib/node_modules/appium/node_modules/@appium/base-driver/build/lib/basedriver/driver.js:161:45)
    at process.processTicksAndRejections (node:internal/process/task_queues:104:5)
    at async defaultBehavior (/opt/homebrew/lib/node_modules/appium/build/lib/appium.js:634:20)
    at async AppiumDriver.executeWrappedCommand (/opt/homebrew/lib/node_modules/appium/build/lib/appium.js:726:22)
    at async AppiumDriver.executeCommand (/opt/homebrew/lib/node_modules/appium/build/lib/appium.js:645:21)
    at async doJwpProxy (/opt/homebrew/lib/node_modules/appium/node_modules/@appium/base-driver/build/lib/protocol/protocol.js:476:9)
    at async asyncHandler (/opt/homebrew/lib/node_modules/appium/node_modules/@appium/base-driver/build/lib/protocol/protocol.js:307:21)
2026-08-17 18:17:25 [ERROR   ] conftest.py:470 — logged_in_driver setup failed: Unable to open profile tab / reach login sheet after 2 attempts
2026-08-17 18:17:25 [WARNING ] conftest.py:452 — Shared feed session is dead (UiAutomator2 crash or similar) — recreating it instead of failing every remaining feed test.
2026-08-17 18:17:25 [INFO    ] conftest.py:464 — LOGGED-IN DRIVER: creating shared feed session...
2026-08-17 18:17:25 [INFO    ] conftest.py:158 — Driver creation attempt 1/3
2026-08-17 18:17:25 [INFO    ] driver_factory.py:53 — ========== DRIVER CREATION START ==========
2026-08-17 18:17:25 [INFO    ] driver_factory.py:70 — Device: emulator | Env: qa | Platform: Android
2026-08-17 18:17:25 [INFO    ] driver_factory.py:136 — Device Name: Android Emulator
2026-08-17 18:17:25 [INFO    ] driver_factory.py:137 — UDID: emulator-5554
2026-08-17 18:17:25 [INFO    ] driver_factory.py:151 — App Package: com.zee5.hipi (noReset=true, activity not set)
2026-08-17 18:18:36 [ERROR   ] conftest.py:166 — Attempt 1 failed: Message: The instrumentation process cannot be initialized within 60000ms timeout. Make sure the application under test does not crash and investigate the logcat output. You could also try to increase the value of 'uiautomator2ServerLaunchTimeout' capability
Stacktrace:
UnknownError: The instrumentation process cannot be initialized within 60000ms timeout. Make sure the application under test does not crash and investigate the logcat output. You could also try to increase the value of 'uiautomator2ServerLaunchTimeout' capability
    at getResponseForW3CError (/opt/homebrew/lib/node_modules/appium/node_modules/@appium/base-driver/build/lib/protocol/errors.js:824:36)
    at asyncHandler (/opt/homebrew/lib/node_modules/appium/node_modules/@appium/base-driver/build/lib/protocol/protocol.js:430:77)
The above error is caused by
Error: The instrumentation process cannot be initialized within 60000ms timeout. Make sure the application under test does not crash and investigate the logcat output. You could also try to increase the value of 'uiautomator2ServerLaunchTimeout' capability
    at Object.errorWithException (/opt/homebrew/lib/node_modules/appium/node_modules/@appium/support/build/lib/logging.js:78:66)
    at UiAutomator2Server.startSession (/Users/vc.rajdeep.kumar/.appium/node_modules/appium-uiautomator2-driver/build/lib/uiautomator2.js:167:36)
    at process.processTicksAndRejections (node:internal/process/task_queues:104:5)
    at async AndroidUiautomator2Driver.performSessionExecution (/Users/vc.rajdeep.kumar/.appium/node_modules/appium-uiautomator2-driver/build/lib/driver.js:424:9)
    at async AndroidUiautomator2Driver.startUiAutomator2Session (/Users/vc.rajdeep.kumar/.appium/node_modules/appium-uiautomator2-driver/build/lib/driver.js:482:9)
    at async AndroidUiautomator2Driver.createSession (/Users/vc.rajdeep.kumar/.appium/node_modules/appium-uiautomator2-driver/build/lib/driver.js:249:28)
    at async AppiumDriver.createSession (/opt/homebrew/lib/node_modules/appium/build/lib/appium.js:324:43)
2026-08-17 18:18:36 [INFO    ] conftest.py:195 — Waiting 3s before retry...
2026-08-17 18:18:40 [INFO    ] conftest.py:158 — Driver creation attempt 2/3
2026-08-17 18:18:40 [INFO    ] driver_factory.py:53 — ========== DRIVER CREATION START ==========
2026-08-17 18:18:40 [INFO    ] driver_factory.py:70 — Device: emulator | Env: qa | Platform: Android
2026-08-17 18:18:40 [INFO    ] driver_factory.py:136 — Device Name: Android Emulator
2026-08-17 18:18:40 [INFO    ] driver_factory.py:137 — UDID: emulator-5554
2026-08-17 18:18:40 [INFO    ] driver_factory.py:151 — App Package: com.zee5.hipi (noReset=true, activity not set)
2026-08-17 18:19:31 [ERROR   ] conftest.py:166 — Attempt 2 failed: Message: The instrumentation process cannot be initialized. Make sure the application under test does not crash and investigate the logcat output.
Stacktrace:
UnknownError: The instrumentation process cannot be initialized. Make sure the application under test does not crash and investigate the logcat output.
    at getResponseForW3CError (/opt/homebrew/lib/node_modules/appium/node_modules/@appium/base-driver/build/lib/protocol/errors.js:824:36)
    at asyncHandler (/opt/homebrew/lib/node_modules/appium/node_modules/@appium/base-driver/build/lib/protocol/protocol.js:430:77)
The above error is caused by
Error: The instrumentation process cannot be initialized. Make sure the application under test does not crash and investigate the logcat output.
    at Object.errorWithException (/opt/homebrew/lib/node_modules/appium/node_modules/@appium/support/build/lib/logging.js:78:66)
    at UiAutomator2Server.startSession (/Users/vc.rajdeep.kumar/.appium/node_modules/appium-uiautomator2-driver/build/lib/uiautomator2.js:177:32)
    at async AndroidUiautomator2Driver.performSessionExecution (/Users/vc.rajdeep.kumar/.appium/node_modules/appium-uiautomator2-driver/build/lib/driver.js:424:9)
    at async AndroidUiautomator2Driver.startUiAutomator2Session (/Users/vc.rajdeep.kumar/.appium/node_modules/appium-uiautomator2-driver/build/lib/driver.js:482:9)
    at async AndroidUiautomator2Driver.createSession (/Users/vc.rajdeep.kumar/.appium/node_modules/appium-uiautomator2-driver/build/lib/driver.js:249:28)
    at async AppiumDriver.createSession (/opt/homebrew/lib/node_modules/appium/build/lib/appium.js:324:43)
2026-08-17 18:19:31 [INFO    ] conftest.py:195 — Waiting 3s before retry...
2026-08-17 18:19:34 [INFO    ] conftest.py:158 — Driver creation attempt 3/3
2026-08-17 18:19:34 [INFO    ] driver_factory.py:53 — ========== DRIVER CREATION START ==========
2026-08-17 18:19:34 [INFO    ] driver_factory.py:70 — Device: emulator | Env: qa | Platform: Android
2026-08-17 18:19:34 [INFO    ] driver_factory.py:136 — Device Name: Android Emulator
2026-08-17 18:19:34 [INFO    ] driver_factory.py:137 — UDID: emulator-5554
2026-08-17 18:19:34 [INFO    ] driver_factory.py:151 — App Package: com.zee5.hipi (noReset=true, activity not set)
2026-08-17 18:19:41 [INFO    ] driver_factory.py:112 — App launched by driver. Waiting for stabilization...
2026-08-17 18:19:43 [INFO    ] driver_factory.py:115 — ========== DRIVER CREATED SUCCESSFULLY ==========
2026-08-17 18:19:46 [INFO    ] popup_handler.py:122 — Checking for 'Get Started' screen...
2026-08-17 18:19:49 [INFO    ] popup_handler.py:134 — 'Get Started' screen not present — skipping.
2026-08-17 18:19:49 [INFO    ] login_page.py:599 — ========== LOGIN FLOW START ==========
2026-08-17 18:19:50 [INFO    ] login_page.py:43 — Opening profile tab
2026-08-17 18:19:51 [INFO    ] login_page.py:53 — Profile tab open attempt 1/2
2026-08-17 18:19:52 [INFO    ] base_page.py:173 — Clicked: ('xpath', "//android.view.View[@clickable='true'][.//android.widget.TextView[@text='Profile']]")
2026-08-17 18:19:58 [ERROR   ] base_page.py:148 — None of the candidate locators became visible within 6s. Candidates: [('-android uiautomator', 'new UiSelector().textContains("Continue")'), ('class name', 'android.widget.EditText')]. Last error: None
2026-08-17 18:19:59 [INFO    ] screenshot_utils.py:60 — Screenshot saved: reports/screenshots/wait_for_any_visible_failed_20260817_181958.png
2026-08-17 18:19:59 [INFO    ] screenshot_utils.py:83 — Page source saved: reports/screenshots/wait_for_any_visible_failed_20260817_181959.xml
2026-08-17 18:19:59 [INFO    ] login_page.py:200 — Already logged in — 'Edit Profile' visible. noReset=true preserved a previous session. Navigating to home feed.
2026-08-17 18:20:00 [INFO    ] base_page.py:173 — Clicked: ('xpath', "//android.view.View[@clickable='true'][.//android.widget.TextView[@text='Home']]")
2026-08-17 18:20:00 [INFO    ] login_page.py:211 — Navigated to home tab.
2026-08-17 18:20:00 [INFO    ] login_page.py:616 — ========== LOGIN SKIPPED (ALREADY LOGGED IN) ==========
2026-08-17 18:20:00 [INFO    ] conftest.py:468 — LOGGED-IN DRIVER: login successful.
2026-08-17 18:20:00 [INFO    ] base_test.py:137 — BaseFeedTest setup completed (session-scoped, already logged in).
2026-08-17 18:20:00 [INFO    ] base_test.py:151 — login_and_reach_feed: START (session-scoped)
2026-08-17 18:20:00 [INFO    ] login_page.py:556 — Validating home page
2026-08-17 18:20:02 [INFO    ] login_page.py:566 — Home page displayed (exo_content_frame visible)
2026-08-17 18:20:02 [INFO    ] base_test.py:154 — login_and_reach_feed: already on home feed (session reused)
2026-08-17 18:20:02 [INFO    ] base_test.py:155 — login_and_reach_feed: COMPLETE
2026-08-17 18:20:02 [INFO    ] feed_page.py:668 — Pausing current reel
2026-08-17 18:20:03 [INFO    ] gestures.py:29 — Tap performed at X:432 Y:960
2026-08-17 18:20:03 [INFO    ] feed_page.py:683 — Reel paused (coordinate tap on video area)
2026-08-17 18:20:08 [WARNING ] base_page.py:255 — Error checking display status for ('id', 'com.zee5.hipi:id/exo_content_frame'): Message: Could not proxy command to the remote server. Original error: socket hang up
Stacktrace:
UnknownError: Could not proxy command to the remote server. Original error: socket hang up
    at ProxyRequestError.getActualError (/opt/homebrew/lib/node_modules/appium/node_modules/@appium/base-driver/build/lib/protocol/errors.js:692:16)
    at UIA2Proxy.command (/opt/homebrew/lib/node_modules/appium/node_modules/@appium/base-driver/build/lib/jsonwp-proxy/proxy.js:270:27)
    at process.processTicksAndRejections (node:internal/process/task_queues:104:5)
    at async AndroidUiautomator2Driver.doFindElementOrEls (/Users/vc.rajdeep.kumar/.appium/node_modules/appium-uiautomator2-driver/build/lib/commands/find.js:24:13)
    at async doFind (/Users/vc.rajdeep.kumar/.appium/node_modules/appium-uiautomator2-driver/node_modules/appium-android-driver/build/lib/commands/find.js:24:23)
    at async wrappedCondFn (/opt/homebrew/lib/node_modules/appium/node_modules/@appium/base-driver/build/lib/basedriver/commands/timeout.js:97:20)
    at async spin (/opt/homebrew/lib/node_modules/appium/node_modules/asyncbox/build/lib/asyncbox.js:174:24)
    at async waitForCondition (/opt/homebrew/lib/node_modules/appium/node_modules/asyncbox/build/lib/asyncbox.js:192:12)
    at async AndroidUiautomator2Driver.implicitWaitForCondition (/opt/homebrew/lib/node_modules/appium/node_modules/@appium/base-driver/build/lib/basedriver/commands/timeout.js:99:16)
    at async AndroidUiautomator2Driver.findElOrEls (/Users/vc.rajdeep.kumar/.appium/node_modules/appium-uiautomator2-driver/node_modules/appium-android-driver/build/lib/commands/find.js:45:9)
    at async AndroidUiautomator2Driver.findElOrElsWithProcessing (/opt/homebrew/lib/node_modules/appium/node_modules/@appium/base-driver/build/lib/basedriver/commands/find.js:12:16)
    at async AndroidUiautomator2Driver.findElement (/opt/homebrew/lib/node_modules/appium/node_modules/@appium/base-driver/build/lib/basedriver/commands/find.js:27:16)
2026-08-17 18:20:08 [ERROR   ] screenshot_utils.py:64 — Screenshot capture failed: Message: 'GET /screenshot' cannot be proxied to UiAutomator2 server because the instrumentation process is not running (probably crashed). Check the server log and/or the logcat output for more details
Stacktrace:
UnknownError: 'GET /screenshot' cannot be proxied to UiAutomator2 server because the instrumentation process is not running (probably crashed). Check the server log and/or the logcat output for more details
    at UIA2Proxy.command (/opt/homebrew/lib/node_modules/appium/node_modules/@appium/base-driver/build/lib/jsonwp-proxy/proxy.js:272:19)
    at process.processTicksAndRejections (node:internal/process/task_queues:104:5)
    at async AndroidUiautomator2Driver.getScreenshot (/Users/vc.rajdeep.kumar/.appium/node_modules/appium-uiautomator2-driver/build/lib/commands/screenshot.js:72:19)
2026-08-17 18:20:08 [ERROR   ] screenshot_utils.py:87 — Page source save failed: Message: 'GET /session/1237e35b-9d0d-4d47-89ef-c520a30ed4e6/source' cannot be proxied to UiAutomator2 server because the instrumentation process is not running (probably crashed). Check the server log and/or the logcat output for more details
Stacktrace:
InvalidContextError: 'GET /session/1237e35b-9d0d-4d47-89ef-c520a30ed4e6/source' cannot be proxied to UiAutomator2 server because the instrumentation process is not running (probably crashed). Check the server log and/or the logcat output for more details
    at UIA2Proxy.proxyCommand (/Users/vc.rajdeep.kumar/.appium/node_modules/appium-uiautomator2-driver/build/lib/uiautomator2.js:32:19)
    at UIA2Proxy.proxyReqRes (/opt/homebrew/lib/node_modules/appium/node_modules/@appium/base-driver/build/lib/jsonwp-proxy/proxy.js:325:49)
    at runCommandPromise (/opt/homebrew/lib/node_modules/appium/node_modules/@appium/base-driver/build/lib/basedriver/driver.js:121:30)
    at /opt/homebrew/lib/node_modules/appium/node_modules/async-lock/lib/index.js:171:12
    at AsyncLock._promiseTry (/opt/homebrew/lib/node_modules/appium/node_modules/async-lock/lib/index.js:306:31)
    at exec (/opt/homebrew/lib/node_modules/appium/node_modules/async-lock/lib/index.js:170:9)
    at AsyncLock.acquire (/opt/homebrew/lib/node_modules/appium/node_modules/async-lock/lib/index.js:189:3)
    at AndroidUiautomator2Driver.executeCommand (/opt/homebrew/lib/node_modules/appium/node_modules/@appium/base-driver/build/lib/basedriver/driver.js:161:45)
    at process.processTicksAndRejections (node:internal/process/task_queues:104:5)
    at async defaultBehavior (/opt/homebrew/lib/node_modules/appium/build/lib/appium.js:634:20)
    at async AppiumDriver.executeWrappedCommand (/opt/homebrew/lib/node_modules/appium/build/lib/appium.js:726:22)
    at async AppiumDriver.executeCommand (/opt/homebrew/lib/node_modules/appium/build/lib/appium.js:645:21)
    at async doJwpProxy (/opt/homebrew/lib/node_modules/appium/node_modules/@appium/base-driver/build/lib/protocol/protocol.js:476:9)
    at async asyncHandler (/opt/homebrew/lib/node_modules/appium/node_modules/@appium/base-driver/build/lib/protocol/protocol.js:307:21)
2026-08-17 18:20:08 [ERROR   ] conftest.py:517 — Test FAILED: test_pause_reel
2026-08-17 18:20:08 [WARNING ] conftest.py:452 — Shared feed session is dead (UiAutomator2 crash or similar) — recreating it instead of failing every remaining feed test.
2026-08-17 18:20:09 [INFO    ] conftest.py:464 — LOGGED-IN DRIVER: creating shared feed session...
2026-08-17 18:20:09 [INFO    ] conftest.py:158 — Driver creation attempt 1/3
2026-08-17 18:20:13 [INFO    ] driver_factory.py:53 — ========== DRIVER CREATION START ==========
2026-08-17 18:20:13 [INFO    ] driver_factory.py:70 — Device: emulator | Env: qa | Platform: Android
2026-08-17 18:20:13 [INFO    ] driver_factory.py:136 — Device Name: Android Emulator
2026-08-17 18:20:13 [INFO    ] driver_factory.py:137 — UDID: emulator-5554
2026-08-17 18:20:13 [INFO    ] driver_factory.py:151 — App Package: com.zee5.hipi (noReset=true, activity not set)
2026-08-17 18:20:19 [INFO    ] driver_factory.py:112 — App launched by driver. Waiting for stabilization...
2026-08-17 18:20:21 [INFO    ] driver_factory.py:115 — ========== DRIVER CREATED SUCCESSFULLY ==========
2026-08-17 18:20:24 [INFO    ] popup_handler.py:122 — Checking for 'Get Started' screen...
2026-08-17 18:20:28 [INFO    ] popup_handler.py:134 — 'Get Started' screen not present — skipping.
2026-08-17 18:20:28 [INFO    ] login_page.py:599 — ========== LOGIN FLOW START ==========
2026-08-17 18:20:29 [INFO    ] login_page.py:43 — Opening profile tab
2026-08-17 18:20:30 [INFO    ] login_page.py:53 — Profile tab open attempt 1/2
2026-08-17 18:20:31 [INFO    ] base_page.py:173 — Clicked: ('xpath', "//android.view.View[@clickable='true'][.//android.widget.TextView[@text='Profile']]")
2026-08-17 18:20:37 [ERROR   ] base_page.py:148 — None of the candidate locators became visible within 6s. Candidates: [('-android uiautomator', 'new UiSelector().textContains("Continue")'), ('class name', 'android.widget.EditText')]. Last error: None
2026-08-17 18:20:38 [INFO    ] screenshot_utils.py:60 — Screenshot saved: reports/screenshots/wait_for_any_visible_failed_20260817_182037.png
2026-08-17 18:20:38 [INFO    ] screenshot_utils.py:83 — Page source saved: reports/screenshots/wait_for_any_visible_failed_20260817_182038.xml
2026-08-17 18:20:38 [INFO    ] login_page.py:200 — Already logged in — 'Edit Profile' visible. noReset=true preserved a previous session. Navigating to home feed.
2026-08-17 18:20:39 [INFO    ] base_page.py:173 — Clicked: ('xpath', "//android.view.View[@clickable='true'][.//android.widget.TextView[@text='Home']]")
2026-08-17 18:20:39 [INFO    ] login_page.py:211 — Navigated to home tab.
2026-08-17 18:20:39 [INFO    ] login_page.py:616 — ========== LOGIN SKIPPED (ALREADY LOGGED IN) ==========
2026-08-17 18:20:39 [INFO    ] conftest.py:468 — LOGGED-IN DRIVER: login successful.
2026-08-17 18:20:39 [INFO    ] base_test.py:137 — BaseFeedTest setup completed (session-scoped, already logged in).
2026-08-17 18:20:39 [INFO    ] base_test.py:151 — login_and_reach_feed: START (session-scoped)
2026-08-17 18:20:39 [INFO    ] login_page.py:556 — Validating home page
2026-08-17 18:20:45 [WARNING ] base_page.py:255 — Error checking display status for ('id', 'com.zee5.hipi:id/exo_content_frame'): Message: Could not proxy command to the remote server. Original error: socket hang up
Stacktrace:
UnknownError: Could not proxy command to the remote server. Original error: socket hang up
    at ProxyRequestError.getActualError (/opt/homebrew/lib/node_modules/appium/node_modules/@appium/base-driver/build/lib/protocol/errors.js:692:16)
    at UIA2Proxy.command (/opt/homebrew/lib/node_modules/appium/node_modules/@appium/base-driver/build/lib/jsonwp-proxy/proxy.js:270:27)
    at process.processTicksAndRejections (node:internal/process/task_queues:104:5)
    at async AndroidUiautomator2Driver.doFindElementOrEls (/Users/vc.rajdeep.kumar/.appium/node_modules/appium-uiautomator2-driver/build/lib/commands/find.js:24:13)
    at async doFind (/Users/vc.rajdeep.kumar/.appium/node_modules/appium-uiautomator2-driver/node_modules/appium-android-driver/build/lib/commands/find.js:24:23)
    at async wrappedCondFn (/opt/homebrew/lib/node_modules/appium/node_modules/@appium/base-driver/build/lib/basedriver/commands/timeout.js:97:20)
    at async spin (/opt/homebrew/lib/node_modules/appium/node_modules/asyncbox/build/lib/asyncbox.js:174:24)
    at async waitForCondition (/opt/homebrew/lib/node_modules/appium/node_modules/asyncbox/build/lib/asyncbox.js:192:12)
    at async AndroidUiautomator2Driver.implicitWaitForCondition (/opt/homebrew/lib/node_modules/appium/node_modules/@appium/base-driver/build/lib/basedriver/commands/timeout.js:99:16)
    at async AndroidUiautomator2Driver.findElOrEls (/Users/vc.rajdeep.kumar/.appium/node_modules/appium-uiautomator2-driver/node_modules/appium-android-driver/build/lib/commands/find.js:45:9)
    at async AndroidUiautomator2Driver.findElOrElsWithProcessing (/opt/homebrew/lib/node_modules/appium/node_modules/@appium/base-driver/build/lib/basedriver/commands/find.js:12:16)
    at async AndroidUiautomator2Driver.findElement (/opt/homebrew/lib/node_modules/appium/node_modules/@appium/base-driver/build/lib/basedriver/commands/find.js:27:16)
2026-08-17 18:20:45 [WARNING ] login_page.py:568 — Home page not displayed within timeout
2026-08-17 18:20:45 [WARNING ] base_test.py:158 — Session-scoped driver is not on the home feed — logging in again.
2026-08-17 18:20:45 [INFO    ] base_test.py:39 — Logging in as default test user.
2026-08-17 18:20:45 [INFO    ] login_page.py:599 — ========== LOGIN FLOW START ==========
2026-08-17 18:20:45 [ERROR   ] base_page.py:362 — Failed to ensure app is in foreground: Message: Could not retrieve the currently focused package and activity. Original error: Error executing adbExec. Original error: 'Command '/Users/vc.rajdeep.kumar/Library/Android/sdk/platform-tools/adb -P 5037 -s emulator-5554 shell dumpsys window displays' exited with code 1'; Command output: adb: device offline

Stacktrace:
UnknownError: Could not retrieve the currently focused package and activity. Original error: Error executing adbExec. Original error: 'Command '/Users/vc.rajdeep.kumar/Library/Android/sdk/platform-tools/adb -P 5037 -s emulator-5554 shell dumpsys window displays' exited with code 1'; Command output: adb: device offline

    at getResponseForW3CError (/opt/homebrew/lib/node_modules/appium/node_modules/@appium/base-driver/build/lib/protocol/errors.js:824:36)
    at asyncHandler (/opt/homebrew/lib/node_modules/appium/node_modules/@appium/base-driver/build/lib/protocol/protocol.js:430:77)
The above error is caused by
Error: Could not retrieve the currently focused package and activity. Original error: Error executing adbExec. Original error: 'Command '/Users/vc.rajdeep.kumar/Library/Android/sdk/platform-tools/adb -P 5037 -s emulator-5554 shell dumpsys window displays' exited with code 1'; Command output: adb: device offline

    at ADB.getFocusedPackageAndActivity (/Users/vc.rajdeep.kumar/.appium/node_modules/appium-uiautomator2-driver/node_modules/appium-adb/build/lib/tools/app-commands.js:643:15)
    at process.processTicksAndRejections (node:internal/process/task_queues:104:5)
    at async AndroidUiautomator2Driver.getCurrentPackage (/Users/vc.rajdeep.kumar/.appium/node_modules/appium-uiautomator2-driver/node_modules/appium-android-driver/build/lib/commands/app-management.js:308:13)
    at async AndroidUiautomator2Driver.executeMethod (/opt/homebrew/lib/node_modules/appium/node_modules/@appium/base-driver/build/lib/basedriver/commands/execute.js:43:16)
    at async AndroidUiautomator2Driver.execute (/Users/vc.rajdeep.kumar/.appium/node_modules/appium-uiautomator2-driver/node_modules/appium-android-driver/build/lib/commands/execute.js:24:16)
2026-08-17 18:20:45 [ERROR   ] screenshot_utils.py:64 — Screenshot capture failed: Message: 'GET /screenshot' cannot be proxied to UiAutomator2 server because the instrumentation process is not running (probably crashed). Check the server log and/or the logcat output for more details
Stacktrace:
UnknownError: 'GET /screenshot' cannot be proxied to UiAutomator2 server because the instrumentation process is not running (probably crashed). Check the server log and/or the logcat output for more details
    at UIA2Proxy.command (/opt/homebrew/lib/node_modules/appium/node_modules/@appium/base-driver/build/lib/jsonwp-proxy/proxy.js:272:19)
    at process.processTicksAndRejections (node:internal/process/task_queues:104:5)
    at async AndroidUiautomator2Driver.getScreenshot (/Users/vc.rajdeep.kumar/.appium/node_modules/appium-uiautomator2-driver/build/lib/commands/screenshot.js:72:19)
2026-08-17 18:20:45 [ERROR   ] screenshot_utils.py:87 — Page source save failed: Message: 'GET /session/fc1f4598-29b3-464a-a586-bc818d5fb88e/source' cannot be proxied to UiAutomator2 server because the instrumentation process is not running (probably crashed). Check the server log and/or the logcat output for more details
Stacktrace:
InvalidContextError: 'GET /session/fc1f4598-29b3-464a-a586-bc818d5fb88e/source' cannot be proxied to UiAutomator2 server because the instrumentation process is not running (probably crashed). Check the server log and/or the logcat output for more details
    at UIA2Proxy.proxyCommand (/Users/vc.rajdeep.kumar/.appium/node_modules/appium-uiautomator2-driver/build/lib/uiautomator2.js:32:19)
    at UIA2Proxy.proxyReqRes (/opt/homebrew/lib/node_modules/appium/node_modules/@appium/base-driver/build/lib/jsonwp-proxy/proxy.js:325:49)
    at runCommandPromise (/opt/homebrew/lib/node_modules/appium/node_modules/@appium/base-driver/build/lib/basedriver/driver.js:121:30)
    at /opt/homebrew/lib/node_modules/appium/node_modules/async-lock/lib/index.js:171:12
    at AsyncLock._promiseTry (/opt/homebrew/lib/node_modules/appium/node_modules/async-lock/lib/index.js:306:31)
    at exec (/opt/homebrew/lib/node_modules/appium/node_modules/async-lock/lib/index.js:170:9)
    at AsyncLock.acquire (/opt/homebrew/lib/node_modules/appium/node_modules/async-lock/lib/index.js:189:3)
    at AndroidUiautomator2Driver.executeCommand (/opt/homebrew/lib/node_modules/appium/node_modules/@appium/base-driver/build/lib/basedriver/driver.js:161:45)
    at process.processTicksAndRejections (node:internal/process/task_queues:104:5)
    at async defaultBehavior (/opt/homebrew/lib/node_modules/appium/build/lib/appium.js:634:20)
    at async AppiumDriver.executeWrappedCommand (/opt/homebrew/lib/node_modules/appium/build/lib/appium.js:726:22)
    at async AppiumDriver.executeCommand (/opt/homebrew/lib/node_modules/appium/build/lib/appium.js:645:21)
    at async doJwpProxy (/opt/homebrew/lib/node_modules/appium/node_modules/@appium/base-driver/build/lib/protocol/protocol.js:476:9)
    at async asyncHandler (/opt/homebrew/lib/node_modules/appium/node_modules/@appium/base-driver/build/lib/protocol/protocol.js:307:21)
2026-08-17 18:20:46 [INFO    ] login_page.py:43 — Opening profile tab
2026-08-17 18:20:47 [INFO    ] login_page.py:53 — Profile tab open attempt 1/2
2026-08-17 18:20:49 [ERROR   ] base_page.py:362 — Failed to ensure app is in foreground: Message: Could not retrieve the currently focused package and activity. Original error: Error executing adbExec. Original error: 'Command '/Users/vc.rajdeep.kumar/Library/Android/sdk/platform-tools/adb -P 5037 -s emulator-5554 shell dumpsys window displays' exited with code 255'; Command output: <empty>
Stacktrace:
UnknownError: Could not retrieve the currently focused package and activity. Original error: Error executing adbExec. Original error: 'Command '/Users/vc.rajdeep.kumar/Library/Android/sdk/platform-tools/adb -P 5037 -s emulator-5554 shell dumpsys window displays' exited with code 255'; Command output: <empty>
    at getResponseForW3CError (/opt/homebrew/lib/node_modules/appium/node_modules/@appium/base-driver/build/lib/protocol/errors.js:824:36)
    at asyncHandler (/opt/homebrew/lib/node_modules/appium/node_modules/@appium/base-driver/build/lib/protocol/protocol.js:430:77)
The above error is caused by
Error: Could not retrieve the currently focused package and activity. Original error: Error executing adbExec. Original error: 'Command '/Users/vc.rajdeep.kumar/Library/Android/sdk/platform-tools/adb -P 5037 -s emulator-5554 shell dumpsys window displays' exited with code 255'; Command output: <empty>
    at ADB.getFocusedPackageAndActivity (/Users/vc.rajdeep.kumar/.appium/node_modules/appium-uiautomator2-driver/node_modules/appium-adb/build/lib/tools/app-commands.js:643:15)
    at process.processTicksAndRejections (node:internal/process/task_queues:104:5)
    at async AndroidUiautomator2Driver.getCurrentPackage (/Users/vc.rajdeep.kumar/.appium/node_modules/appium-uiautomator2-driver/node_modules/appium-android-driver/build/lib/commands/app-management.js:308:13)
    at async AndroidUiautomator2Driver.executeMethod (/opt/homebrew/lib/node_modules/appium/node_modules/@appium/base-driver/build/lib/basedriver/commands/execute.js:43:16)
    at async AndroidUiautomator2Driver.execute (/Users/vc.rajdeep.kumar/.appium/node_modules/appium-uiautomator2-driver/node_modules/appium-android-driver/build/lib/commands/execute.js:24:16)
2026-08-17 18:20:49 [ERROR   ] screenshot_utils.py:64 — Screenshot capture failed: Message: 'GET /screenshot' cannot be proxied to UiAutomator2 server because the instrumentation process is not running (probably crashed). Check the server log and/or the logcat output for more details
Stacktrace:
UnknownError: 'GET /screenshot' cannot be proxied to UiAutomator2 server because the instrumentation process is not running (probably crashed). Check the server log and/or the logcat output for more details
    at UIA2Proxy.command (/opt/homebrew/lib/node_modules/appium/node_modules/@appium/base-driver/build/lib/jsonwp-proxy/proxy.js:272:19)
    at process.processTicksAndRejections (node:internal/process/task_queues:104:5)
    at async AndroidUiautomator2Driver.getScreenshot (/Users/vc.rajdeep.kumar/.appium/node_modules/appium-uiautomator2-driver/build/lib/commands/screenshot.js:72:19)
2026-08-17 18:20:49 [ERROR   ] screenshot_utils.py:87 — Page source save failed: Message: 'GET /session/fc1f4598-29b3-464a-a586-bc818d5fb88e/source' cannot be proxied to UiAutomator2 server because the instrumentation process is not running (probably crashed). Check the server log and/or the logcat output for more details
Stacktrace:
InvalidContextError: 'GET /session/fc1f4598-29b3-464a-a586-bc818d5fb88e/source' cannot be proxied to UiAutomator2 server because the instrumentation process is not running (probably crashed). Check the server log and/or the logcat output for more details
    at UIA2Proxy.proxyCommand (/Users/vc.rajdeep.kumar/.appium/node_modules/appium-uiautomator2-driver/build/lib/uiautomator2.js:32:19)
    at UIA2Proxy.proxyReqRes (/opt/homebrew/lib/node_modules/appium/node_modules/@appium/base-driver/build/lib/jsonwp-proxy/proxy.js:325:49)
    at runCommandPromise (/opt/homebrew/lib/node_modules/appium/node_modules/@appium/base-driver/build/lib/basedriver/driver.js:121:30)
    at /opt/homebrew/lib/node_modules/appium/node_modules/async-lock/lib/index.js:171:12
    at AsyncLock._promiseTry (/opt/homebrew/lib/node_modules/appium/node_modules/async-lock/lib/index.js:306:31)
    at exec (/opt/homebrew/lib/node_modules/appium/node_modules/async-lock/lib/index.js:170:9)
    at AsyncLock.acquire (/opt/homebrew/lib/node_modules/appium/node_modules/async-lock/lib/index.js:189:3)
    at AndroidUiautomator2Driver.executeCommand (/opt/homebrew/lib/node_modules/appium/node_modules/@appium/base-driver/build/lib/basedriver/driver.js:161:45)
    at process.processTicksAndRejections (node:internal/process/task_queues:104:5)
    at async defaultBehavior (/opt/homebrew/lib/node_modules/appium/build/lib/appium.js:634:20)
    at async AppiumDriver.executeWrappedCommand (/opt/homebrew/lib/node_modules/appium/build/lib/appium.js:726:22)
    at async AppiumDriver.executeCommand (/opt/homebrew/lib/node_modules/appium/build/lib/appium.js:645:21)
    at async doJwpProxy (/opt/homebrew/lib/node_modules/appium/node_modules/@appium/base-driver/build/lib/protocol/protocol.js:476:9)
    at async asyncHandler (/opt/homebrew/lib/node_modules/appium/node_modules/@appium/base-driver/build/lib/protocol/protocol.js:307:21)
2026-08-17 18:20:49 [ERROR   ] base_page.py:182 — Fatal session error clicking ('xpath', "//android.view.View[@clickable='true'][.//android.widget.TextView[@text='Profile']]") — session is dead, not retrying: Message: 'POST /element' cannot be proxied to UiAutomator2 server because the instrumentation process is not running (probably crashed). Check the server log and/or the logcat output for more details
Stacktrace:
UnknownError: 'POST /element' cannot be proxied to UiAutomator2 server because the instrumentation process is not running (probably crashed). Check the server log and/or the logcat output for more details
    at UIA2Proxy.command (/opt/homebrew/lib/node_modules/appium/node_modules/@appium/base-driver/build/lib/jsonwp-proxy/proxy.js:272:19)
    at process.processTicksAndRejections (node:internal/process/task_queues:104:5)
    at async AndroidUiautomator2Driver.doFindElementOrEls (/Users/vc.rajdeep.kumar/.appium/node_modules/appium-uiautomator2-driver/build/lib/commands/find.js:24:13)
    at async doFind (/Users/vc.rajdeep.kumar/.appium/node_modules/appium-uiautomator2-driver/node_modules/appium-android-driver/build/lib/commands/find.js:24:23)
    at async wrappedCondFn (/opt/homebrew/lib/node_modules/appium/node_modules/@appium/base-driver/build/lib/basedriver/commands/timeout.js:97:20)
    at async spin (/opt/homebrew/lib/node_modules/appium/node_modules/asyncbox/build/lib/asyncbox.js:174:24)
    at async waitForCondition (/opt/homebrew/lib/node_modules/appium/node_modules/asyncbox/build/lib/asyncbox.js:192:12)
    at async AndroidUiautomator2Driver.implicitWaitForCondition (/opt/homebrew/lib/node_modules/appium/node_modules/@appium/base-driver/build/lib/basedriver/commands/timeout.js:99:16)
    at async AndroidUiautomator2Driver.findElOrEls (/Users/vc.rajdeep.kumar/.appium/node_modules/appium-uiautomator2-driver/node_modules/appium-android-driver/build/lib/commands/find.js:45:9)
    at async AndroidUiautomator2Driver.findElOrElsWithProcessing (/opt/homebrew/lib/node_modules/appium/node_modules/@appium/base-driver/build/lib/basedriver/commands/find.js:12:16)
    at async AndroidUiautomator2Driver.findElement (/opt/homebrew/lib/node_modules/appium/node_modules/@appium/base-driver/build/lib/basedriver/commands/find.js:27:16)
2026-08-17 18:20:49 [WARNING ] login_page.py:98 — Element-based click failed: Session/instrumentation dead while clicking ('xpath', "//android.view.View[@clickable='true'][.//android.widget.TextView[@text='Profile']]"): Message: 'POST /element' cannot be proxied to UiAutomator2 server because the instrumentation process is not running (probably crashed). Check the server log and/or the logcat output for more details
Stacktrace:
UnknownError: 'POST /element' cannot be proxied to UiAutomator2 server because the instrumentation process is not running (probably crashed). Check the server log and/or the logcat output for more details
    at UIA2Proxy.command (/opt/homebrew/lib/node_modules/appium/node_modules/@appium/base-driver/build/lib/jsonwp-proxy/proxy.js:272:19)
    at process.processTicksAndRejections (node:internal/process/task_queues:104:5)
    at async AndroidUiautomator2Driver.doFindElementOrEls (/Users/vc.rajdeep.kumar/.appium/node_modules/appium-uiautomator2-driver/build/lib/commands/find.js:24:13)
    at async doFind (/Users/vc.rajdeep.kumar/.appium/node_modules/appium-uiautomator2-driver/node_modules/appium-android-driver/build/lib/commands/find.js:24:23)
    at async wrappedCondFn (/opt/homebrew/lib/node_modules/appium/node_modules/@appium/base-driver/build/lib/basedriver/commands/timeout.js:97:20)
    at async spin (/opt/homebrew/lib/node_modules/appium/node_modules/asyncbox/build/lib/asyncbox.js:174:24)
    at async waitForCondition (/opt/homebrew/lib/node_modules/appium/node_modules/asyncbox/build/lib/asyncbox.js:192:12)
    at async AndroidUiautomator2Driver.implicitWaitForCondition (/opt/homebrew/lib/node_modules/appium/node_modules/@appium/base-driver/build/lib/basedriver/commands/timeout.js:99:16)
    at async AndroidUiautomator2Driver.findElOrEls (/Users/vc.rajdeep.kumar/.appium/node_modules/appium-uiautomator2-driver/node_modules/appium-android-driver/build/lib/commands/find.js:45:9)
    at async AndroidUiautomator2Driver.findElOrElsWithProcessing (/opt/homebrew/lib/node_modules/appium/node_modules/@appium/base-driver/build/lib/basedriver/commands/find.js:12:16)
    at async AndroidUiautomator2Driver.findElement (/opt/homebrew/lib/node_modules/appium/node_modules/@appium/base-driver/build/lib/basedriver/commands/find.js:27:16)
2026-08-17 18:20:49 [WARNING ] base_page.py:255 — Error checking display status for ('-android uiautomator', 'new UiSelector().text("Edit Profile")'): Message: 'POST /element' cannot be proxied to UiAutomator2 server because the instrumentation process is not running (probably crashed). Check the server log and/or the logcat output for more details
Stacktrace:
UnknownError: 'POST /element' cannot be proxied to UiAutomator2 server because the instrumentation process is not running (probably crashed). Check the server log and/or the logcat output for more details
    at UIA2Proxy.command (/opt/homebrew/lib/node_modules/appium/node_modules/@appium/base-driver/build/lib/jsonwp-proxy/proxy.js:272:19)
    at process.processTicksAndRejections (node:internal/process/task_queues:104:5)
    at async AndroidUiautomator2Driver.doFindElementOrEls (/Users/vc.rajdeep.kumar/.appium/node_modules/appium-uiautomator2-driver/build/lib/commands/find.js:24:13)
    at async doFind (/Users/vc.rajdeep.kumar/.appium/node_modules/appium-uiautomator2-driver/node_modules/appium-android-driver/build/lib/commands/find.js:24:23)
    at async wrappedCondFn (/opt/homebrew/lib/node_modules/appium/node_modules/@appium/base-driver/build/lib/basedriver/commands/timeout.js:97:20)
    at async spin (/opt/homebrew/lib/node_modules/appium/node_modules/asyncbox/build/lib/asyncbox.js:174:24)
    at async waitForCondition (/opt/homebrew/lib/node_modules/appium/node_modules/asyncbox/build/lib/asyncbox.js:192:12)
    at async AndroidUiautomator2Driver.implicitWaitForCondition (/opt/homebrew/lib/node_modules/appium/node_modules/@appium/base-driver/build/lib/basedriver/commands/timeout.js:99:16)
    at async AndroidUiautomator2Driver.findElOrEls (/Users/vc.rajdeep.kumar/.appium/node_modules/appium-uiautomator2-driver/node_modules/appium-android-driver/build/lib/commands/find.js:45:9)
    at async AndroidUiautomator2Driver.findElOrElsWithProcessing (/opt/homebrew/lib/node_modules/appium/node_modules/@appium/base-driver/build/lib/basedriver/commands/find.js:12:16)
    at async AndroidUiautomator2Driver.findElement (/opt/homebrew/lib/node_modules/appium/node_modules/@appium/base-driver/build/lib/basedriver/commands/find.js:27:16)
2026-08-17 18:20:49 [WARNING ] base_page.py:255 — Error checking display status for ('id', 'com.zee5.hipi:id/exo_content_frame'): Message: 'POST /element' cannot be proxied to UiAutomator2 server because the instrumentation process is not running (probably crashed). Check the server log and/or the logcat output for more details
Stacktrace:
UnknownError: 'POST /element' cannot be proxied to UiAutomator2 server because the instrumentation process is not running (probably crashed). Check the server log and/or the logcat output for more details
    at UIA2Proxy.command (/opt/homebrew/lib/node_modules/appium/node_modules/@appium/base-driver/build/lib/jsonwp-proxy/proxy.js:272:19)
    at process.processTicksAndRejections (node:internal/process/task_queues:104:5)
    at async AndroidUiautomator2Driver.doFindElementOrEls (/Users/vc.rajdeep.kumar/.appium/node_modules/appium-uiautomator2-driver/build/lib/commands/find.js:24:13)
    at async doFind (/Users/vc.rajdeep.kumar/.appium/node_modules/appium-uiautomator2-driver/node_modules/appium-android-driver/build/lib/commands/find.js:24:23)
    at async wrappedCondFn (/opt/homebrew/lib/node_modules/appium/node_modules/@appium/base-driver/build/lib/basedriver/commands/timeout.js:97:20)
    at async spin (/opt/homebrew/lib/node_modules/appium/node_modules/asyncbox/build/lib/asyncbox.js:174:24)
    at async waitForCondition (/opt/homebrew/lib/node_modules/appium/node_modules/asyncbox/build/lib/asyncbox.js:192:12)
    at async AndroidUiautomator2Driver.implicitWaitForCondition (/opt/homebrew/lib/node_modules/appium/node_modules/@appium/base-driver/build/lib/basedriver/commands/timeout.js:99:16)
    at async AndroidUiautomator2Driver.findElOrEls (/Users/vc.rajdeep.kumar/.appium/node_modules/appium-uiautomator2-driver/node_modules/appium-android-driver/build/lib/commands/find.js:45:9)
    at async AndroidUiautomator2Driver.findElOrElsWithProcessing (/opt/homebrew/lib/node_modules/appium/node_modules/@appium/base-driver/build/lib/basedriver/commands/find.js:12:16)
    at async AndroidUiautomator2Driver.findElement (/opt/homebrew/lib/node_modules/appium/node_modules/@appium/base-driver/build/lib/basedriver/commands/find.js:27:16)
2026-08-17 18:20:49 [WARNING ] login_page.py:135 — Coordinate tap failed: Message: 'GET /window/current/size' cannot be proxied to UiAutomator2 server because the instrumentation process is not running (probably crashed). Check the server log and/or the logcat output for more details
Stacktrace:
UnknownError: 'GET /window/current/size' cannot be proxied to UiAutomator2 server because the instrumentation process is not running (probably crashed). Check the server log and/or the logcat output for more details
    at UIA2Proxy.command (/opt/homebrew/lib/node_modules/appium/node_modules/@appium/base-driver/build/lib/jsonwp-proxy/proxy.js:272:19)
    at process.processTicksAndRejections (node:internal/process/task_queues:104:5)
    at async AndroidUiautomator2Driver.getWindowSize (/Users/vc.rajdeep.kumar/.appium/node_modules/appium-uiautomator2-driver/build/lib/commands/viewport.js:73:13)
    at async AndroidUiautomator2Driver.getWindowRect (/Users/vc.rajdeep.kumar/.appium/node_modules/appium-uiautomator2-driver/build/lib/commands/viewport.js:53:31)
2026-08-17 18:20:55 [ERROR   ] base_page.py:148 — None of the candidate locators became visible within 6s. Candidates: [('-android uiautomator', 'new UiSelector().textContains("Continue")'), ('class name', 'android.widget.EditText')]. Last error: Message: 'POST /elements' cannot be proxied to UiAutomator2 server because the instrumentation process is not running (probably crashed). Check the server log and/or the logcat output for more details
Stacktrace:
UnknownError: 'POST /elements' cannot be proxied to UiAutomator2 server because the instrumentation process is not running (probably crashed). Check the server log and/or the logcat output for more details
    at UIA2Proxy.command (/opt/homebrew/lib/node_modules/appium/node_modules/@appium/base-driver/build/lib/jsonwp-proxy/proxy.js:272:19)
    at process.processTicksAndRejections (node:internal/process/task_queues:104:5)
    at async AndroidUiautomator2Driver.doFindElementOrEls (/Users/vc.rajdeep.kumar/.appium/node_modules/appium-uiautomator2-driver/build/lib/commands/find.js:24:13)
    at async doFind (/Users/vc.rajdeep.kumar/.appium/node_modules/appium-uiautomator2-driver/node_modules/appium-android-driver/build/lib/commands/find.js:24:23)
    at async wrappedCondFn (/opt/homebrew/lib/node_modules/appium/node_modules/@appium/base-driver/build/lib/basedriver/commands/timeout.js:97:20)
    at async spin (/opt/homebrew/lib/node_modules/appium/node_modules/asyncbox/build/lib/asyncbox.js:174:24)
    at async waitForCondition (/opt/homebrew/lib/node_modules/appium/node_modules/asyncbox/build/lib/asyncbox.js:192:12)
    at async AndroidUiautomator2Driver.implicitWaitForCondition (/opt/homebrew/lib/node_modules/appium/node_modules/@appium/base-driver/build/lib/basedriver/commands/timeout.js:99:16)
    at async AndroidUiautomator2Driver.findElOrEls (/Users/vc.rajdeep.kumar/.appium/node_modules/appium-uiautomator2-driver/node_modules/appium-android-driver/build/lib/commands/find.js:45:9)
    at async AndroidUiautomator2Driver.findElOrElsWithProcessing (/opt/homebrew/lib/node_modules/appium/node_modules/@appium/base-driver/build/lib/basedriver/commands/find.js:12:16)
    at async AndroidUiautomator2Driver.findElements (/opt/homebrew/lib/node_modules/appium/node_modules/@appium/base-driver/build/lib/basedriver/commands/find.js:30:16)
2026-08-17 18:20:55 [ERROR   ] screenshot_utils.py:64 — Screenshot capture failed: Message: 'GET /screenshot' cannot be proxied to UiAutomator2 server because the instrumentation process is not running (probably crashed). Check the server log and/or the logcat output for more details
Stacktrace:
UnknownError: 'GET /screenshot' cannot be proxied to UiAutomator2 server because the instrumentation process is not running (probably crashed). Check the server log and/or the logcat output for more details
    at UIA2Proxy.command (/opt/homebrew/lib/node_modules/appium/node_modules/@appium/base-driver/build/lib/jsonwp-proxy/proxy.js:272:19)
    at process.processTicksAndRejections (node:internal/process/task_queues:104:5)
    at async AndroidUiautomator2Driver.getScreenshot (/Users/vc.rajdeep.kumar/.appium/node_modules/appium-uiautomator2-driver/build/lib/commands/screenshot.js:72:19)
2026-08-17 18:20:55 [ERROR   ] screenshot_utils.py:87 — Page source save failed: Message: 'GET /session/fc1f4598-29b3-464a-a586-bc818d5fb88e/source' cannot be proxied to UiAutomator2 server because the instrumentation process is not running (probably crashed). Check the server log and/or the logcat output for more details
Stacktrace:
InvalidContextError: 'GET /session/fc1f4598-29b3-464a-a586-bc818d5fb88e/source' cannot be proxied to UiAutomator2 server because the instrumentation process is not running (probably crashed). Check the server log and/or the logcat output for more details
    at UIA2Proxy.proxyCommand (/Users/vc.rajdeep.kumar/.appium/node_modules/appium-uiautomator2-driver/build/lib/uiautomator2.js:32:19)
    at UIA2Proxy.proxyReqRes (/opt/homebrew/lib/node_modules/appium/node_modules/@appium/base-driver/build/lib/jsonwp-proxy/proxy.js:325:49)
    at runCommandPromise (/opt/homebrew/lib/node_modules/appium/node_modules/@appium/base-driver/build/lib/basedriver/driver.js:121:30)
    at /opt/homebrew/lib/node_modules/appium/node_modules/async-lock/lib/index.js:171:12
    at AsyncLock._promiseTry (/opt/homebrew/lib/node_modules/appium/node_modules/async-lock/lib/index.js:306:31)
    at exec (/opt/homebrew/lib/node_modules/appium/node_modules/async-lock/lib/index.js:170:9)
    at AsyncLock.acquire (/opt/homebrew/lib/node_modules/appium/node_modules/async-lock/lib/index.js:189:3)
    at AndroidUiautomator2Driver.executeCommand (/opt/homebrew/lib/node_modules/appium/node_modules/@appium/base-driver/build/lib/basedriver/driver.js:161:45)
    at process.processTicksAndRejections (node:internal/process/task_queues:104:5)
    at async defaultBehavior (/opt/homebrew/lib/node_modules/appium/build/lib/appium.js:634:20)
    at async AppiumDriver.executeWrappedCommand (/opt/homebrew/lib/node_modules/appium/build/lib/appium.js:726:22)
    at async AppiumDriver.executeCommand (/opt/homebrew/lib/node_modules/appium/build/lib/appium.js:645:21)
    at async doJwpProxy (/opt/homebrew/lib/node_modules/appium/node_modules/@appium/base-driver/build/lib/protocol/protocol.js:476:9)
    at async asyncHandler (/opt/homebrew/lib/node_modules/appium/node_modules/@appium/base-driver/build/lib/protocol/protocol.js:307:21)
2026-08-17 18:20:55 [WARNING ] login_page.py:158 — Attempt 1 did not reach the login sheet, recovering and retrying...
2026-08-17 18:20:55 [WARNING ] base_page.py:419 — Attempting to recover application state...
2026-08-17 18:20:58 [INFO    ] base_page.py:424 — App recovery attempt completed.
2026-08-17 18:21:00 [INFO    ] login_page.py:53 — Profile tab open attempt 2/2
2026-08-17 18:21:20 [ERROR   ] base_page.py:362 — Failed to ensure app is in foreground: Message: Could not retrieve the currently focused package and activity. Original error: Error executing adbExec. Original error: 'Command '/Users/vc.rajdeep.kumar/Library/Android/sdk/platform-tools/adb -P 5037 -s emulator-5554 shell dumpsys window displays' timed out after 20000ms'. Try to increase the 20000ms adb execution timeout represented by 'adbExecTimeout' capability
Stacktrace:
UnknownError: Could not retrieve the currently focused package and activity. Original error: Error executing adbExec. Original error: 'Command '/Users/vc.rajdeep.kumar/Library/Android/sdk/platform-tools/adb -P 5037 -s emulator-5554 shell dumpsys window displays' timed out after 20000ms'. Try to increase the 20000ms adb execution timeout represented by 'adbExecTimeout' capability
    at getResponseForW3CError (/opt/homebrew/lib/node_modules/appium/node_modules/@appium/base-driver/build/lib/protocol/errors.js:824:36)
    at asyncHandler (/opt/homebrew/lib/node_modules/appium/node_modules/@appium/base-driver/build/lib/protocol/protocol.js:430:77)
The above error is caused by
Error: Could not retrieve the currently focused package and activity. Original error: Error executing adbExec. Original error: 'Command '/Users/vc.rajdeep.kumar/Library/Android/sdk/platform-tools/adb -P 5037 -s emulator-5554 shell dumpsys window displays' timed out after 20000ms'. Try to increase the 20000ms adb execution timeout represented by 'adbExecTimeout' capability
    at ADB.getFocusedPackageAndActivity (/Users/vc.rajdeep.kumar/.appium/node_modules/appium-uiautomator2-driver/node_modules/appium-adb/build/lib/tools/app-commands.js:643:15)
    at async AndroidUiautomator2Driver.getCurrentPackage (/Users/vc.rajdeep.kumar/.appium/node_modules/appium-uiautomator2-driver/node_modules/appium-android-driver/build/lib/commands/app-management.js:308:13)
    at async AndroidUiautomator2Driver.executeMethod (/opt/homebrew/lib/node_modules/appium/node_modules/@appium/base-driver/build/lib/basedriver/commands/execute.js:43:16)
    at async AndroidUiautomator2Driver.execute (/Users/vc.rajdeep.kumar/.appium/node_modules/appium-uiautomator2-driver/node_modules/appium-android-driver/build/lib/commands/execute.js:24:16)
2026-08-17 18:21:20 [ERROR   ] screenshot_utils.py:64 — Screenshot capture failed: Message: 'GET /screenshot' cannot be proxied to UiAutomator2 server because the instrumentation process is not running (probably crashed). Check the server log and/or the logcat output for more details
Stacktrace:
UnknownError: 'GET /screenshot' cannot be proxied to UiAutomator2 server because the instrumentation process is not running (probably crashed). Check the server log and/or the logcat output for more details
    at UIA2Proxy.command (/opt/homebrew/lib/node_modules/appium/node_modules/@appium/base-driver/build/lib/jsonwp-proxy/proxy.js:272:19)
    at process.processTicksAndRejections (node:internal/process/task_queues:104:5)
    at async AndroidUiautomator2Driver.getScreenshot (/Users/vc.rajdeep.kumar/.appium/node_modules/appium-uiautomator2-driver/build/lib/commands/screenshot.js:72:19)
2026-08-17 18:21:20 [ERROR   ] screenshot_utils.py:87 — Page source save failed: Message: 'GET /session/fc1f4598-29b3-464a-a586-bc818d5fb88e/source' cannot be proxied to UiAutomator2 server because the instrumentation process is not running (probably crashed). Check the server log and/or the logcat output for more details
Stacktrace:
InvalidContextError: 'GET /session/fc1f4598-29b3-464a-a586-bc818d5fb88e/source' cannot be proxied to UiAutomator2 server because the instrumentation process is not running (probably crashed). Check the server log and/or the logcat output for more details
    at UIA2Proxy.proxyCommand (/Users/vc.rajdeep.kumar/.appium/node_modules/appium-uiautomator2-driver/build/lib/uiautomator2.js:32:19)
    at UIA2Proxy.proxyReqRes (/opt/homebrew/lib/node_modules/appium/node_modules/@appium/base-driver/build/lib/jsonwp-proxy/proxy.js:325:49)
    at runCommandPromise (/opt/homebrew/lib/node_modules/appium/node_modules/@appium/base-driver/build/lib/basedriver/driver.js:121:30)
    at /opt/homebrew/lib/node_modules/appium/node_modules/async-lock/lib/index.js:171:12
    at AsyncLock._promiseTry (/opt/homebrew/lib/node_modules/appium/node_modules/async-lock/lib/index.js:306:31)
    at exec (/opt/homebrew/lib/node_modules/appium/node_modules/async-lock/lib/index.js:170:9)
    at AsyncLock.acquire (/opt/homebrew/lib/node_modules/appium/node_modules/async-lock/lib/index.js:189:3)
    at AndroidUiautomator2Driver.executeCommand (/opt/homebrew/lib/node_modules/appium/node_modules/@appium/base-driver/build/lib/basedriver/driver.js:161:45)
    at process.processTicksAndRejections (node:internal/process/task_queues:104:5)
    at async defaultBehavior (/opt/homebrew/lib/node_modules/appium/build/lib/appium.js:634:20)
    at async AppiumDriver.executeWrappedCommand (/opt/homebrew/lib/node_modules/appium/build/lib/appium.js:726:22)
    at async AppiumDriver.executeCommand (/opt/homebrew/lib/node_modules/appium/build/lib/appium.js:645:21)
    at async doJwpProxy (/opt/homebrew/lib/node_modules/appium/node_modules/@appium/base-driver/build/lib/protocol/protocol.js:476:9)
    at async asyncHandler (/opt/homebrew/lib/node_modules/appium/node_modules/@appium/base-driver/build/lib/protocol/protocol.js:307:21)
2026-08-17 18:21:20 [ERROR   ] base_page.py:182 — Fatal session error clicking ('xpath', "//android.view.View[@clickable='true'][.//android.widget.TextView[@text='Profile']]") — session is dead, not retrying: Message: 'POST /element' cannot be proxied to UiAutomator2 server because the instrumentation process is not running (probably crashed). Check the server log and/or the logcat output for more details
Stacktrace:
UnknownError: 'POST /element' cannot be proxied to UiAutomator2 server because the instrumentation process is not running (probably crashed). Check the server log and/or the logcat output for more details
    at UIA2Proxy.command (/opt/homebrew/lib/node_modules/appium/node_modules/@appium/base-driver/build/lib/jsonwp-proxy/proxy.js:272:19)
    at process.processTicksAndRejections (node:internal/process/task_queues:104:5)
    at async AndroidUiautomator2Driver.doFindElementOrEls (/Users/vc.rajdeep.kumar/.appium/node_modules/appium-uiautomator2-driver/build/lib/commands/find.js:24:13)
    at async doFind (/Users/vc.rajdeep.kumar/.appium/node_modules/appium-uiautomator2-driver/node_modules/appium-android-driver/build/lib/commands/find.js:24:23)
    at async wrappedCondFn (/opt/homebrew/lib/node_modules/appium/node_modules/@appium/base-driver/build/lib/basedriver/commands/timeout.js:97:20)
    at async spin (/opt/homebrew/lib/node_modules/appium/node_modules/asyncbox/build/lib/asyncbox.js:174:24)
    at async waitForCondition (/opt/homebrew/lib/node_modules/appium/node_modules/asyncbox/build/lib/asyncbox.js:192:12)
    at async AndroidUiautomator2Driver.implicitWaitForCondition (/opt/homebrew/lib/node_modules/appium/node_modules/@appium/base-driver/build/lib/basedriver/commands/timeout.js:99:16)
    at async AndroidUiautomator2Driver.findElOrEls (/Users/vc.rajdeep.kumar/.appium/node_modules/appium-uiautomator2-driver/node_modules/appium-android-driver/build/lib/commands/find.js:45:9)
    at async AndroidUiautomator2Driver.findElOrElsWithProcessing (/opt/homebrew/lib/node_modules/appium/node_modules/@appium/base-driver/build/lib/basedriver/commands/find.js:12:16)
    at async AndroidUiautomator2Driver.findElement (/opt/homebrew/lib/node_modules/appium/node_modules/@appium/base-driver/build/lib/basedriver/commands/find.js:27:16)
2026-08-17 18:21:20 [WARNING ] login_page.py:98 — Element-based click failed: Session/instrumentation dead while clicking ('xpath', "//android.view.View[@clickable='true'][.//android.widget.TextView[@text='Profile']]"): Message: 'POST /element' cannot be proxied to UiAutomator2 server because the instrumentation process is not running (probably crashed). Check the server log and/or the logcat output for more details
Stacktrace:
UnknownError: 'POST /element' cannot be proxied to UiAutomator2 server because the instrumentation process is not running (probably crashed). Check the server log and/or the logcat output for more details
    at UIA2Proxy.command (/opt/homebrew/lib/node_modules/appium/node_modules/@appium/base-driver/build/lib/jsonwp-proxy/proxy.js:272:19)
    at process.processTicksAndRejections (node:internal/process/task_queues:104:5)
    at async AndroidUiautomator2Driver.doFindElementOrEls (/Users/vc.rajdeep.kumar/.appium/node_modules/appium-uiautomator2-driver/build/lib/commands/find.js:24:13)
    at async doFind (/Users/vc.rajdeep.kumar/.appium/node_modules/appium-uiautomator2-driver/node_modules/appium-android-driver/build/lib/commands/find.js:24:23)
    at async wrappedCondFn (/opt/homebrew/lib/node_modules/appium/node_modules/@appium/base-driver/build/lib/basedriver/commands/timeout.js:97:20)
    at async spin (/opt/homebrew/lib/node_modules/appium/node_modules/asyncbox/build/lib/asyncbox.js:174:24)
    at async waitForCondition (/opt/homebrew/lib/node_modules/appium/node_modules/asyncbox/build/lib/asyncbox.js:192:12)
    at async AndroidUiautomator2Driver.implicitWaitForCondition (/opt/homebrew/lib/node_modules/appium/node_modules/@appium/base-driver/build/lib/basedriver/commands/timeout.js:99:16)
    at async AndroidUiautomator2Driver.findElOrEls (/Users/vc.rajdeep.kumar/.appium/node_modules/appium-uiautomator2-driver/node_modules/appium-android-driver/build/lib/commands/find.js:45:9)
    at async AndroidUiautomator2Driver.findElOrElsWithProcessing (/opt/homebrew/lib/node_modules/appium/node_modules/@appium/base-driver/build/lib/basedriver/commands/find.js:12:16)
    at async AndroidUiautomator2Driver.findElement (/opt/homebrew/lib/node_modules/appium/node_modules/@appium/base-driver/build/lib/basedriver/commands/find.js:27:16)
2026-08-17 18:21:20 [WARNING ] base_page.py:255 — Error checking display status for ('-android uiautomator', 'new UiSelector().text("Edit Profile")'): Message: 'POST /element' cannot be proxied to UiAutomator2 server because the instrumentation process is not running (probably crashed). Check the server log and/or the logcat output for more details
Stacktrace:
UnknownError: 'POST /element' cannot be proxied to UiAutomator2 server because the instrumentation process is not running (probably crashed). Check the server log and/or the logcat output for more details
    at UIA2Proxy.command (/opt/homebrew/lib/node_modules/appium/node_modules/@appium/base-driver/build/lib/jsonwp-proxy/proxy.js:272:19)
    at process.processTicksAndRejections (node:internal/process/task_queues:104:5)
    at async AndroidUiautomator2Driver.doFindElementOrEls (/Users/vc.rajdeep.kumar/.appium/node_modules/appium-uiautomator2-driver/build/lib/commands/find.js:24:13)
    at async doFind (/Users/vc.rajdeep.kumar/.appium/node_modules/appium-uiautomator2-driver/node_modules/appium-android-driver/build/lib/commands/find.js:24:23)
    at async wrappedCondFn (/opt/homebrew/lib/node_modules/appium/node_modules/@appium/base-driver/build/lib/basedriver/commands/timeout.js:97:20)
    at async spin (/opt/homebrew/lib/node_modules/appium/node_modules/asyncbox/build/lib/asyncbox.js:174:24)
    at async waitForCondition (/opt/homebrew/lib/node_modules/appium/node_modules/asyncbox/build/lib/asyncbox.js:192:12)
    at async AndroidUiautomator2Driver.implicitWaitForCondition (/opt/homebrew/lib/node_modules/appium/node_modules/@appium/base-driver/build/lib/basedriver/commands/timeout.js:99:16)
    at async AndroidUiautomator2Driver.findElOrEls (/Users/vc.rajdeep.kumar/.appium/node_modules/appium-uiautomator2-driver/node_modules/appium-android-driver/build/lib/commands/find.js:45:9)
    at async AndroidUiautomator2Driver.findElOrElsWithProcessing (/opt/homebrew/lib/node_modules/appium/node_modules/@appium/base-driver/build/lib/basedriver/commands/find.js:12:16)
    at async AndroidUiautomator2Driver.findElement (/opt/homebrew/lib/node_modules/appium/node_modules/@appium/base-driver/build/lib/basedriver/commands/find.js:27:16)
2026-08-17 18:21:20 [WARNING ] base_page.py:255 — Error checking display status for ('id', 'com.zee5.hipi:id/exo_content_frame'): Message: 'POST /element' cannot be proxied to UiAutomator2 server because the instrumentation process is not running (probably crashed). Check the server log and/or the logcat output for more details
Stacktrace:
UnknownError: 'POST /element' cannot be proxied to UiAutomator2 server because the instrumentation process is not running (probably crashed). Check the server log and/or the logcat output for more details
    at UIA2Proxy.command (/opt/homebrew/lib/node_modules/appium/node_modules/@appium/base-driver/build/lib/jsonwp-proxy/proxy.js:272:19)
    at process.processTicksAndRejections (node:internal/process/task_queues:104:5)
    at async AndroidUiautomator2Driver.doFindElementOrEls (/Users/vc.rajdeep.kumar/.appium/node_modules/appium-uiautomator2-driver/build/lib/commands/find.js:24:13)
    at async doFind (/Users/vc.rajdeep.kumar/.appium/node_modules/appium-uiautomator2-driver/node_modules/appium-android-driver/build/lib/commands/find.js:24:23)
    at async wrappedCondFn (/opt/homebrew/lib/node_modules/appium/node_modules/@appium/base-driver/build/lib/basedriver/commands/timeout.js:97:20)
    at async spin (/opt/homebrew/lib/node_modules/appium/node_modules/asyncbox/build/lib/asyncbox.js:174:24)
    at async waitForCondition (/opt/homebrew/lib/node_modules/appium/node_modules/asyncbox/build/lib/asyncbox.js:192:12)
    at async AndroidUiautomator2Driver.implicitWaitForCondition (/opt/homebrew/lib/node_modules/appium/node_modules/@appium/base-driver/build/lib/basedriver/commands/timeout.js:99:16)
    at async AndroidUiautomator2Driver.findElOrEls (/Users/vc.rajdeep.kumar/.appium/node_modules/appium-uiautomator2-driver/node_modules/appium-android-driver/build/lib/commands/find.js:45:9)
    at async AndroidUiautomator2Driver.findElOrElsWithProcessing (/opt/homebrew/lib/node_modules/appium/node_modules/@appium/base-driver/build/lib/basedriver/commands/find.js:12:16)
    at async AndroidUiautomator2Driver.findElement (/opt/homebrew/lib/node_modules/appium/node_modules/@appium/base-driver/build/lib/basedriver/commands/find.js:27:16)
