2026-08-17 17:09:35 [INFO    ] conftest.py:476 — ==================================================
2026-08-17 17:09:35 [INFO    ] conftest.py:477 — PYTEST SESSION START
2026-08-17 17:09:35 [INFO    ] conftest.py:478 — ==================================================
2026-08-17 17:09:35 [INFO    ] conftest.py:396 — LOGGED-IN DRIVER: setting up session-scoped driver...
2026-08-17 17:09:35 [INFO    ] conftest.py:158 — Driver creation attempt 1/3
2026-08-17 17:09:35 [INFO    ] driver_factory.py:53 — ========== DRIVER CREATION START ==========
2026-08-17 17:09:35 [INFO    ] driver_factory.py:70 — Device: emulator | Env: qa | Platform: Android
2026-08-17 17:09:35 [INFO    ] driver_factory.py:136 — Device Name: Android Emulator
2026-08-17 17:09:35 [INFO    ] driver_factory.py:137 — UDID: emulator-5554
2026-08-17 17:09:35 [INFO    ] driver_factory.py:151 — App Package: com.zee5.hipi (noReset=true, activity not set)
2026-08-17 17:09:39 [INFO    ] driver_factory.py:112 — App launched by driver. Waiting for stabilization...
2026-08-17 17:09:41 [INFO    ] driver_factory.py:115 — ========== DRIVER CREATED SUCCESSFULLY ==========
2026-08-17 17:09:44 [INFO    ] popup_handler.py:122 — Checking for 'Get Started' screen...
2026-08-17 17:09:47 [INFO    ] popup_handler.py:134 — 'Get Started' screen not present — skipping.
2026-08-17 17:09:47 [INFO    ] login_page.py:599 — ========== LOGIN FLOW START ==========
2026-08-17 17:09:48 [INFO    ] login_page.py:43 — Opening profile tab
2026-08-17 17:09:49 [INFO    ] login_page.py:53 — Profile tab open attempt 1/2
2026-08-17 17:09:50 [INFO    ] base_page.py:173 — Clicked: ('xpath', "//android.view.View[@clickable='true'][.//android.widget.TextView[@text='Profile']]")
2026-08-17 17:09:56 [ERROR   ] base_page.py:148 — None of the candidate locators became visible within 6s. Candidates: [('-android uiautomator', 'new UiSelector().textContains("Continue")'), ('class name', 'android.widget.EditText')]. Last error: None
2026-08-17 17:09:57 [INFO    ] screenshot_utils.py:60 — Screenshot saved: reports/screenshots/wait_for_any_visible_failed_20260817_170956.png
2026-08-17 17:09:57 [INFO    ] screenshot_utils.py:83 — Page source saved: reports/screenshots/wait_for_any_visible_failed_20260817_170957.xml
2026-08-17 17:09:57 [INFO    ] login_page.py:200 — Already logged in — 'Edit Profile' visible. noReset=true preserved a previous session. Navigating to home feed.
2026-08-17 17:09:57 [INFO    ] base_page.py:173 — Clicked: ('xpath', "//android.view.View[@clickable='true'][.//android.widget.TextView[@text='Home']]")
2026-08-17 17:09:57 [INFO    ] login_page.py:211 — Navigated to home tab.
2026-08-17 17:09:57 [INFO    ] login_page.py:616 — ========== LOGIN SKIPPED (ALREADY LOGGED IN) ==========
2026-08-17 17:09:57 [INFO    ] conftest.py:415 — LOGGED-IN DRIVER: login successful.
2026-08-17 17:09:57 [INFO    ] base_test.py:137 — BaseFeedTest setup completed (session-scoped, already logged in).
2026-08-17 17:09:57 [INFO    ] base_test.py:151 — login_and_reach_feed: START (session-scoped)
2026-08-17 17:09:57 [INFO    ] login_page.py:556 — Validating home page
2026-08-17 17:10:00 [INFO    ] login_page.py:566 — Home page displayed (exo_content_frame visible)
2026-08-17 17:10:00 [INFO    ] base_test.py:154 — login_and_reach_feed: already on home feed (session reused)
2026-08-17 17:10:00 [INFO    ] base_test.py:155 — login_and_reach_feed: COMPLETE
2026-08-17 17:10:00 [INFO    ] feed_page.py:171 — Liking current video
2026-08-17 17:10:01 [INFO    ] base_page.py:173 — Clicked: ('-android uiautomator', 'new UiSelector().className("android.widget.Button").instance(0)')
2026-08-17 17:10:01 [INFO    ] feed_page.py:181 — Video liked
2026-08-17 17:10:01 [INFO    ] test_feed.py:99 — TEST PASSED: Like video
2026-08-17 17:10:01 [INFO    ] base_test.py:137 — BaseFeedTest setup completed (session-scoped, already logged in).
2026-08-17 17:10:01 [INFO    ] base_test.py:151 — login_and_reach_feed: START (session-scoped)
2026-08-17 17:10:01 [INFO    ] login_page.py:556 — Validating home page
2026-08-17 17:10:01 [INFO    ] login_page.py:566 — Home page displayed (exo_content_frame visible)
2026-08-17 17:10:01 [INFO    ] base_test.py:154 — login_and_reach_feed: already on home feed (session reused)
2026-08-17 17:10:01 [INFO    ] base_test.py:155 — login_and_reach_feed: COMPLETE
2026-08-17 17:10:01 [INFO    ] feed_page.py:171 — Liking current video
2026-08-17 17:10:02 [INFO    ] base_page.py:173 — Clicked: ('-android uiautomator', 'new UiSelector().className("android.widget.Button").instance(0)')
2026-08-17 17:10:02 [INFO    ] feed_page.py:181 — Video liked
2026-08-17 17:10:03 [INFO    ] feed_page.py:213 — Unliking current video
2026-08-17 17:10:03 [INFO    ] base_page.py:173 — Clicked: ('-android uiautomator', 'new UiSelector().className("android.widget.Button").instance(0)')
2026-08-17 17:10:03 [INFO    ] feed_page.py:223 — Video unliked
2026-08-17 17:10:03 [INFO    ] test_feed.py:122 — TEST PASSED: Like/unlike toggle
2026-08-17 17:10:03 [INFO    ] base_test.py:137 — BaseFeedTest setup completed (session-scoped, already logged in).
2026-08-17 17:10:03 [INFO    ] base_test.py:151 — login_and_reach_feed: START (session-scoped)
2026-08-17 17:10:03 [INFO    ] login_page.py:556 — Validating home page
2026-08-17 17:10:03 [INFO    ] login_page.py:566 — Home page displayed (exo_content_frame visible)
2026-08-17 17:10:03 [INFO    ] base_test.py:154 — login_and_reach_feed: already on home feed (session reused)
2026-08-17 17:10:03 [INFO    ] base_test.py:155 — login_and_reach_feed: COMPLETE
2026-08-17 17:10:03 [INFO    ] feed_page.py:363 — Adding comment: Awesome 🔥
2026-08-17 17:10:03 [INFO    ] feed_page.py:253 — Opening comment sheet
2026-08-17 17:10:04 [INFO    ] base_page.py:173 — Clicked: ('-android uiautomator', 'new UiSelector().className("android.widget.Button").instance(1)')
2026-08-17 17:10:05 [INFO    ] feed_page.py:267 — Comment sheet opened
2026-08-17 17:10:06 [INFO    ] base_page.py:209 — Entered text 'Awesome 🔥' into ('xpath', "//*[@resource-id='com.zee5.hipi:id/etComment' or (@class='android.widget.EditText' and @package='com.zee5.hipi')]")
2026-08-17 17:10:06 [INFO    ] base_page.py:287 — Keyboard hidden.
2026-08-17 17:10:07 [INFO    ] base_page.py:173 — Clicked: ('xpath', "//*[@resource-id='com.zee5.hipi:id/ivSend' or (@content-desc='Send' and @package='com.zee5.hipi')]")
2026-08-17 17:10:09 [INFO    ] base_page.py:173 — Clicked: ('xpath', "//*[@resource-id='com.zee5.hipi:id/ivClose' or (@content-desc='Close' and @package='com.zee5.hipi')]")
2026-08-17 17:10:09 [INFO    ] feed_page.py:392 — Comment added
2026-08-17 17:10:09 [INFO    ] base_page.py:277 — Element ('xpath', "//*[@resource-id='com.zee5.hipi:id/etComment' or (@class='android.widget.EditText' and @package='com.zee5.hipi')]") disappeared.
2026-08-17 17:10:09 [INFO    ] test_feed.py:149 — TEST PASSED: Add comment
2026-08-17 17:10:09 [INFO    ] base_test.py:137 — BaseFeedTest setup completed (session-scoped, already logged in).
2026-08-17 17:10:09 [INFO    ] base_test.py:151 — login_and_reach_feed: START (session-scoped)
2026-08-17 17:10:09 [INFO    ] login_page.py:556 — Validating home page
2026-08-17 17:10:09 [INFO    ] login_page.py:566 — Home page displayed (exo_content_frame visible)
2026-08-17 17:10:09 [INFO    ] base_test.py:154 — login_and_reach_feed: already on home feed (session reused)
2026-08-17 17:10:09 [INFO    ] base_test.py:155 — login_and_reach_feed: COMPLETE
2026-08-17 17:10:09 [INFO    ] feed_page.py:363 — Adding comment: Awesome 🔥
2026-08-17 17:10:09 [INFO    ] feed_page.py:253 — Opening comment sheet
2026-08-17 17:10:09 [INFO    ] base_page.py:173 — Clicked: ('-android uiautomator', 'new UiSelector().className("android.widget.Button").instance(1)')
2026-08-17 17:10:10 [INFO    ] feed_page.py:267 — Comment sheet opened
2026-08-17 17:10:11 [INFO    ] base_page.py:209 — Entered text 'Awesome 🔥' into ('xpath', "//*[@resource-id='com.zee5.hipi:id/etComment' or (@class='android.widget.EditText' and @package='com.zee5.hipi')]")
2026-08-17 17:10:11 [INFO    ] base_page.py:287 — Keyboard hidden.
2026-08-17 17:10:12 [INFO    ] base_page.py:173 — Clicked: ('xpath', "//*[@resource-id='com.zee5.hipi:id/ivSend' or (@content-desc='Send' and @package='com.zee5.hipi')]")
2026-08-17 17:10:14 [INFO    ] base_page.py:173 — Clicked: ('xpath', "//*[@resource-id='com.zee5.hipi:id/ivClose' or (@content-desc='Close' and @package='com.zee5.hipi')]")
2026-08-17 17:10:14 [INFO    ] feed_page.py:392 — Comment added
2026-08-17 17:10:14 [INFO    ] base_page.py:277 — Element ('xpath', "//*[@resource-id='com.zee5.hipi:id/etComment' or (@class='android.widget.EditText' and @package='com.zee5.hipi')]") disappeared.
2026-08-17 17:10:14 [INFO    ] test_feed.py:172 — TEST PASSED: Add comment variant — 'Awesome 🔥'
2026-08-17 17:10:14 [INFO    ] base_test.py:137 — BaseFeedTest setup completed (session-scoped, already logged in).
2026-08-17 17:10:14 [INFO    ] base_test.py:151 — login_and_reach_feed: START (session-scoped)
2026-08-17 17:10:14 [INFO    ] login_page.py:556 — Validating home page
2026-08-17 17:10:14 [INFO    ] login_page.py:566 — Home page displayed (exo_content_frame visible)
2026-08-17 17:10:14 [INFO    ] base_test.py:154 — login_and_reach_feed: already on home feed (session reused)
2026-08-17 17:10:14 [INFO    ] base_test.py:155 — login_and_reach_feed: COMPLETE
2026-08-17 17:10:14 [INFO    ] feed_page.py:363 — Adding comment: Nice ❤️
2026-08-17 17:10:14 [INFO    ] feed_page.py:253 — Opening comment sheet
2026-08-17 17:10:14 [INFO    ] base_page.py:173 — Clicked: ('-android uiautomator', 'new UiSelector().className("android.widget.Button").instance(1)')
2026-08-17 17:10:15 [INFO    ] feed_page.py:267 — Comment sheet opened
2026-08-17 17:10:16 [INFO    ] base_page.py:209 — Entered text 'Nice ❤️' into ('xpath', "//*[@resource-id='com.zee5.hipi:id/etComment' or (@class='android.widget.EditText' and @package='com.zee5.hipi')]")
2026-08-17 17:10:16 [INFO    ] base_page.py:287 — Keyboard hidden.
2026-08-17 17:10:17 [INFO    ] base_page.py:173 — Clicked: ('xpath', "//*[@resource-id='com.zee5.hipi:id/ivSend' or (@content-desc='Send' and @package='com.zee5.hipi')]")
2026-08-17 17:10:18 [INFO    ] base_page.py:173 — Clicked: ('xpath', "//*[@resource-id='com.zee5.hipi:id/ivClose' or (@content-desc='Close' and @package='com.zee5.hipi')]")
2026-08-17 17:10:18 [INFO    ] feed_page.py:392 — Comment added
2026-08-17 17:10:18 [INFO    ] base_page.py:277 — Element ('xpath', "//*[@resource-id='com.zee5.hipi:id/etComment' or (@class='android.widget.EditText' and @package='com.zee5.hipi')]") disappeared.
2026-08-17 17:10:18 [INFO    ] test_feed.py:172 — TEST PASSED: Add comment variant — 'Nice ❤️'
2026-08-17 17:10:18 [INFO    ] base_test.py:137 — BaseFeedTest setup completed (session-scoped, already logged in).
2026-08-17 17:10:18 [INFO    ] base_test.py:151 — login_and_reach_feed: START (session-scoped)
2026-08-17 17:10:18 [INFO    ] login_page.py:556 — Validating home page
2026-08-17 17:10:18 [INFO    ] login_page.py:566 — Home page displayed (exo_content_frame visible)
2026-08-17 17:10:18 [INFO    ] base_test.py:154 — login_and_reach_feed: already on home feed (session reused)
2026-08-17 17:10:18 [INFO    ] base_test.py:155 — login_and_reach_feed: COMPLETE
2026-08-17 17:10:18 [INFO    ] feed_page.py:363 — Adding comment: Amazing 😍
2026-08-17 17:10:18 [INFO    ] feed_page.py:253 — Opening comment sheet
2026-08-17 17:10:18 [INFO    ] base_page.py:173 — Clicked: ('-android uiautomator', 'new UiSelector().className("android.widget.Button").instance(1)')
2026-08-17 17:10:19 [INFO    ] feed_page.py:267 — Comment sheet opened
2026-08-17 17:10:20 [INFO    ] base_page.py:209 — Entered text 'Amazing 😍' into ('xpath', "//*[@resource-id='com.zee5.hipi:id/etComment' or (@class='android.widget.EditText' and @package='com.zee5.hipi')]")
2026-08-17 17:10:20 [INFO    ] base_page.py:287 — Keyboard hidden.
2026-08-17 17:10:21 [INFO    ] base_page.py:173 — Clicked: ('xpath', "//*[@resource-id='com.zee5.hipi:id/ivSend' or (@content-desc='Send' and @package='com.zee5.hipi')]")
2026-08-17 17:10:23 [INFO    ] base_page.py:173 — Clicked: ('xpath', "//*[@resource-id='com.zee5.hipi:id/ivClose' or (@content-desc='Close' and @package='com.zee5.hipi')]")
2026-08-17 17:10:23 [INFO    ] feed_page.py:392 — Comment added
2026-08-17 17:10:23 [INFO    ] base_page.py:277 — Element ('xpath', "//*[@resource-id='com.zee5.hipi:id/etComment' or (@class='android.widget.EditText' and @package='com.zee5.hipi')]") disappeared.
2026-08-17 17:10:23 [INFO    ] test_feed.py:172 — TEST PASSED: Add comment variant — 'Amazing 😍'
2026-08-17 17:10:23 [INFO    ] base_test.py:137 — BaseFeedTest setup completed (session-scoped, already logged in).
2026-08-17 17:10:23 [INFO    ] base_test.py:151 — login_and_reach_feed: START (session-scoped)
2026-08-17 17:10:23 [INFO    ] login_page.py:556 — Validating home page
2026-08-17 17:10:23 [INFO    ] login_page.py:566 — Home page displayed (exo_content_frame visible)
2026-08-17 17:10:23 [INFO    ] base_test.py:154 — login_and_reach_feed: already on home feed (session reused)
2026-08-17 17:10:23 [INFO    ] base_test.py:155 — login_and_reach_feed: COMPLETE
2026-08-17 17:10:23 [INFO    ] feed_page.py:363 — Adding comment: Superb 🔥
2026-08-17 17:10:23 [INFO    ] feed_page.py:253 — Opening comment sheet
2026-08-17 17:10:23 [INFO    ] base_page.py:173 — Clicked: ('-android uiautomator', 'new UiSelector().className("android.widget.Button").instance(1)')
2026-08-17 17:10:24 [INFO    ] feed_page.py:267 — Comment sheet opened
2026-08-17 17:10:25 [INFO    ] base_page.py:209 — Entered text 'Superb 🔥' into ('xpath', "//*[@resource-id='com.zee5.hipi:id/etComment' or (@class='android.widget.EditText' and @package='com.zee5.hipi')]")
2026-08-17 17:10:25 [INFO    ] base_page.py:287 — Keyboard hidden.
2026-08-17 17:10:26 [INFO    ] base_page.py:173 — Clicked: ('xpath', "//*[@resource-id='com.zee5.hipi:id/ivSend' or (@content-desc='Send' and @package='com.zee5.hipi')]")
2026-08-17 17:10:27 [INFO    ] base_page.py:173 — Clicked: ('xpath', "//*[@resource-id='com.zee5.hipi:id/ivClose' or (@content-desc='Close' and @package='com.zee5.hipi')]")
2026-08-17 17:10:27 [INFO    ] feed_page.py:392 — Comment added
2026-08-17 17:10:27 [INFO    ] base_page.py:277 — Element ('xpath', "//*[@resource-id='com.zee5.hipi:id/etComment' or (@class='android.widget.EditText' and @package='com.zee5.hipi')]") disappeared.
2026-08-17 17:10:27 [INFO    ] test_feed.py:172 — TEST PASSED: Add comment variant — 'Superb 🔥'
2026-08-17 17:10:28 [INFO    ] base_test.py:137 — BaseFeedTest setup completed (session-scoped, already logged in).
2026-08-17 17:10:28 [INFO    ] base_test.py:151 — login_and_reach_feed: START (session-scoped)
2026-08-17 17:10:28 [INFO    ] login_page.py:556 — Validating home page
2026-08-17 17:10:28 [INFO    ] login_page.py:566 — Home page displayed (exo_content_frame visible)
2026-08-17 17:10:28 [INFO    ] base_test.py:154 — login_and_reach_feed: already on home feed (session reused)
2026-08-17 17:10:28 [INFO    ] base_test.py:155 — login_and_reach_feed: COMPLETE
2026-08-17 17:10:28 [INFO    ] feed_page.py:363 — Adding comment: Cool Video 😎
2026-08-17 17:10:28 [INFO    ] feed_page.py:253 — Opening comment sheet
2026-08-17 17:10:28 [INFO    ] base_page.py:173 — Clicked: ('-android uiautomator', 'new UiSelector().className("android.widget.Button").instance(1)')
2026-08-17 17:10:29 [INFO    ] feed_page.py:267 — Comment sheet opened
2026-08-17 17:10:30 [INFO    ] base_page.py:209 — Entered text 'Cool Video 😎' into ('xpath', "//*[@resource-id='com.zee5.hipi:id/etComment' or (@class='android.widget.EditText' and @package='com.zee5.hipi')]")
2026-08-17 17:10:30 [INFO    ] base_page.py:287 — Keyboard hidden.
2026-08-17 17:10:31 [INFO    ] base_page.py:173 — Clicked: ('xpath', "//*[@resource-id='com.zee5.hipi:id/ivSend' or (@content-desc='Send' and @package='com.zee5.hipi')]")
2026-08-17 17:10:32 [INFO    ] base_page.py:173 — Clicked: ('xpath', "//*[@resource-id='com.zee5.hipi:id/ivClose' or (@content-desc='Close' and @package='com.zee5.hipi')]")
2026-08-17 17:10:32 [INFO    ] feed_page.py:392 — Comment added
2026-08-17 17:10:33 [INFO    ] base_page.py:277 — Element ('xpath', "//*[@resource-id='com.zee5.hipi:id/etComment' or (@class='android.widget.EditText' and @package='com.zee5.hipi')]") disappeared.
2026-08-17 17:10:33 [INFO    ] test_feed.py:172 — TEST PASSED: Add comment variant — 'Cool Video 😎'
2026-08-17 17:10:33 [INFO    ] base_test.py:137 — BaseFeedTest setup completed (session-scoped, already logged in).
2026-08-17 17:10:33 [INFO    ] base_test.py:151 — login_and_reach_feed: START (session-scoped)
2026-08-17 17:10:33 [INFO    ] login_page.py:556 — Validating home page
2026-08-17 17:10:33 [INFO    ] login_page.py:566 — Home page displayed (exo_content_frame visible)
2026-08-17 17:10:33 [INFO    ] base_test.py:154 — login_and_reach_feed: already on home feed (session reused)
2026-08-17 17:10:33 [INFO    ] base_test.py:155 — login_and_reach_feed: COMPLETE
2026-08-17 17:10:33 [INFO    ] feed_page.py:363 — Adding comment: Great Reel 🚀
2026-08-17 17:10:33 [INFO    ] feed_page.py:253 — Opening comment sheet
2026-08-17 17:10:33 [INFO    ] base_page.py:173 — Clicked: ('-android uiautomator', 'new UiSelector().className("android.widget.Button").instance(1)')
2026-08-17 17:10:34 [INFO    ] feed_page.py:267 — Comment sheet opened
2026-08-17 17:10:35 [INFO    ] base_page.py:209 — Entered text 'Great Reel 🚀' into ('xpath', "//*[@resource-id='com.zee5.hipi:id/etComment' or (@class='android.widget.EditText' and @package='com.zee5.hipi')]")
2026-08-17 17:10:35 [INFO    ] base_page.py:287 — Keyboard hidden.
2026-08-17 17:10:36 [INFO    ] base_page.py:173 — Clicked: ('xpath', "//*[@resource-id='com.zee5.hipi:id/ivSend' or (@content-desc='Send' and @package='com.zee5.hipi')]")
2026-08-17 17:10:37 [INFO    ] base_page.py:173 — Clicked: ('xpath', "//*[@resource-id='com.zee5.hipi:id/ivClose' or (@content-desc='Close' and @package='com.zee5.hipi')]")
2026-08-17 17:10:37 [INFO    ] feed_page.py:392 — Comment added
2026-08-17 17:10:37 [INFO    ] base_page.py:277 — Element ('xpath', "//*[@resource-id='com.zee5.hipi:id/etComment' or (@class='android.widget.EditText' and @package='com.zee5.hipi')]") disappeared.
2026-08-17 17:10:37 [INFO    ] test_feed.py:172 — TEST PASSED: Add comment variant — 'Great Reel 🚀'
2026-08-17 17:10:37 [INFO    ] base_test.py:137 — BaseFeedTest setup completed (session-scoped, already logged in).
2026-08-17 17:10:37 [INFO    ] base_test.py:151 — login_and_reach_feed: START (session-scoped)
2026-08-17 17:10:37 [INFO    ] login_page.py:556 — Validating home page
2026-08-17 17:10:37 [INFO    ] login_page.py:566 — Home page displayed (exo_content_frame visible)
2026-08-17 17:10:37 [INFO    ] base_test.py:154 — login_and_reach_feed: already on home feed (session reused)
2026-08-17 17:10:37 [INFO    ] base_test.py:155 — login_and_reach_feed: COMPLETE
2026-08-17 17:10:37 [INFO    ] feed_page.py:473 — Saving current video
2026-08-17 17:10:38 [INFO    ] base_page.py:173 — Clicked: ('-android uiautomator', 'new UiSelector().className("android.widget.Button").instance(3)')
2026-08-17 17:10:38 [INFO    ] feed_page.py:483 — Video saved
2026-08-17 17:10:38 [INFO    ] test_feed.py:190 — TEST PASSED: Save video
2026-08-17 17:10:38 [INFO    ] base_test.py:137 — BaseFeedTest setup completed (session-scoped, already logged in).
2026-08-17 17:10:38 [INFO    ] base_test.py:151 — login_and_reach_feed: START (session-scoped)
2026-08-17 17:10:38 [INFO    ] login_page.py:556 — Validating home page
2026-08-17 17:10:38 [INFO    ] login_page.py:566 — Home page displayed (exo_content_frame visible)
2026-08-17 17:10:38 [INFO    ] base_test.py:154 — login_and_reach_feed: already on home feed (session reused)
2026-08-17 17:10:38 [INFO    ] base_test.py:155 — login_and_reach_feed: COMPLETE
2026-08-17 17:10:38 [INFO    ] feed_page.py:416 — Sharing current video
2026-08-17 17:10:39 [INFO    ] base_page.py:173 — Clicked: ('-android uiautomator', 'new UiSelector().className("android.widget.Button").instance(2)')
2026-08-17 17:10:41 [INFO    ] base_page.py:295 — Pressed back button.
2026-08-17 17:10:43 [WARNING ] base_page.py:358 — App moved to background (android). Activating com.zee5.hipi.
2026-08-17 17:11:06 [ERROR   ] base_page.py:106 — Element not visible after 18s: ('id', 'com.zee5.hipi:id/exo_content_frame')
2026-08-17 17:11:07 [INFO    ] screenshot_utils.py:60 — Screenshot saved: reports/screenshots/element_not_visible_com.zee5.hipi_id_exo_content_frame_20260817_171106.png
2026-08-17 17:11:07 [INFO    ] screenshot_utils.py:83 — Page source saved: reports/screenshots/element_not_visible_com.zee5.hipi_id_exo_content_frame_20260817_171107.xml
2026-08-17 17:11:07 [WARNING ] feed_page.py:444 — Feed not visible 20s after share sheet was dismissed. App may be on a different screen.
2026-08-17 17:11:07 [INFO    ] feed_page.py:449 — Share sheet dismissed
2026-08-17 17:11:17 [ERROR   ] base_page.py:106 — Element not visible after 10s: ('id', 'com.zee5.hipi:id/exo_content_frame')
2026-08-17 17:11:18 [INFO    ] screenshot_utils.py:60 — Screenshot saved: reports/screenshots/element_not_visible_com.zee5.hipi_id_exo_content_frame_20260817_171117.png
2026-08-17 17:11:18 [INFO    ] screenshot_utils.py:83 — Page source saved: reports/screenshots/element_not_visible_com.zee5.hipi_id_exo_content_frame_20260817_171118.xml
2026-08-17 17:11:19 [INFO    ] screenshot_utils.py:60 — Screenshot saved: reports/screenshots/test_share_video_20260817_171118.png
2026-08-17 17:11:19 [INFO    ] screenshot_utils.py:83 — Page source saved: reports/screenshots/test_share_video_20260817_171119.xml
2026-08-17 17:11:19 [ERROR   ] conftest.py:468 — Test FAILED: test_share_video
2026-08-17 17:11:19 [INFO    ] base_test.py:137 — BaseFeedTest setup completed (session-scoped, already logged in).
2026-08-17 17:11:19 [INFO    ] base_test.py:151 — login_and_reach_feed: START (session-scoped)
2026-08-17 17:11:19 [INFO    ] login_page.py:556 — Validating home page
2026-08-17 17:11:25 [INFO    ] login_page.py:566 — Home page displayed (exo_content_frame visible)
2026-08-17 17:11:25 [INFO    ] base_test.py:154 — login_and_reach_feed: already on home feed (session reused)
2026-08-17 17:11:25 [INFO    ] base_test.py:155 — login_and_reach_feed: COMPLETE
2026-08-17 17:11:26 [INFO    ] test_feed.py:240 — Pre-test follow state: Following
2026-08-17 17:11:26 [INFO    ] feed_page.py:518 — Following current user
2026-08-17 17:11:26 [INFO    ] feed_page.py:529 — User already followed - skipping
2026-08-17 17:11:26 [INFO    ] test_feed.py:252 — TEST PASSED: Follow user
2026-08-17 17:11:26 [INFO    ] base_test.py:137 — BaseFeedTest setup completed (session-scoped, already logged in).
2026-08-17 17:11:26 [INFO    ] base_test.py:151 — login_and_reach_feed: START (session-scoped)
2026-08-17 17:11:26 [INFO    ] login_page.py:556 — Validating home page
2026-08-17 17:11:26 [INFO    ] login_page.py:566 — Home page displayed (exo_content_frame visible)
2026-08-17 17:11:26 [INFO    ] base_test.py:154 — login_and_reach_feed: already on home feed (session reused)
2026-08-17 17:11:26 [INFO    ] base_test.py:155 — login_and_reach_feed: COMPLETE
2026-08-17 17:11:26 [INFO    ] feed_page.py:600 — Toggling mute on current video
2026-08-17 17:11:26 [INFO    ] base_page.py:173 — Clicked: ('xpath', '(//android.widget.Button)[last()-1]')
2026-08-17 17:11:30 [ERROR   ] base_page.py:106 — Element not visible after 2s: ('xpath', "//*[@package='com.zee5.hipi' and (contains(@text,'Report') or contains(@text,'Not interested') or contains(@text,'Not Interested') or contains(@text,'Cancel') or contains(@text,'Hide') or contains(@text,'Block') or contains(@text,'Spam'))]")
2026-08-17 17:11:32 [INFO    ] screenshot_utils.py:60 — Screenshot saved: reports/screenshots/element_not_visible______package=_com.zee5.hipi_ and (contains(_text,_Report_) or contains(_text,_Not interested_) or contains(_text,_Not Interested_) or contains(_text,_Cancel_) or contains(_text,_Hide_) or contains(_text,_Block_) or contains(_text,_Spam_))__20260817_171130.png
2026-08-17 17:11:32 [ERROR   ] screenshot_utils.py:87 — Page source save failed: [Errno 63] File name too long: 'reports/screenshots/element_not_visible______package=_com.zee5.hipi_ and (contains(_text,_Report_) or contains(_text,_Not interested_) or contains(_text,_Not Interested_) or contains(_text,_Cancel_) or contains(_text,_Hide_) or contains(_text,_Block_) or contains(_text,_Spam_))__20260817_171132.xml'
2026-08-17 17:11:34 [ERROR   ] base_page.py:106 — Element not visible after 2s: ('xpath', "//*[@resource-id='com.zee5.hipi:id/etComment' or (@class='android.widget.EditText' and @package='com.zee5.hipi')]")
2026-08-17 17:11:37 [INFO    ] screenshot_utils.py:60 — Screenshot saved: reports/screenshots/element_not_visible______resource-id=_com.zee5.hipi_id_etComment_ or (_class=_android.widget.EditText_ and _package=_com.zee5.hipi_)__20260817_171134.png
2026-08-17 17:11:37 [INFO    ] screenshot_utils.py:83 — Page source saved: reports/screenshots/element_not_visible______resource-id=_com.zee5.hipi_id_etComment_ or (_class=_android.widget.EditText_ and _package=_com.zee5.hipi_)__20260817_171137.xml
2026-08-17 17:11:37 [INFO    ] feed_page.py:643 — Mute toggled (verified: correct element, no known wrong-button sheet opened, feed still visible)
2026-08-17 17:11:37 [INFO    ] test_feed.py:279 — TEST PASSED: Mute video
2026-08-17 17:11:37 [INFO    ] base_test.py:137 — BaseFeedTest setup completed (session-scoped, already logged in).
2026-08-17 17:11:37 [INFO    ] base_test.py:151 — login_and_reach_feed: START (session-scoped)
2026-08-17 17:11:37 [INFO    ] login_page.py:556 — Validating home page
2026-08-17 17:11:37 [INFO    ] login_page.py:566 — Home page displayed (exo_content_frame visible)
2026-08-17 17:11:37 [INFO    ] base_test.py:154 — login_and_reach_feed: already on home feed (session reused)
2026-08-17 17:11:37 [INFO    ] base_test.py:155 — login_and_reach_feed: COMPLETE
2026-08-17 17:11:37 [INFO    ] feed_page.py:600 — Toggling mute on current video
2026-08-17 17:11:38 [INFO    ] base_page.py:173 — Clicked: ('xpath', '(//android.widget.Button)[last()-1]')
2026-08-17 17:11:42 [ERROR   ] base_page.py:106 — Element not visible after 2s: ('xpath', "//*[@package='com.zee5.hipi' and (contains(@text,'Report') or contains(@text,'Not interested') or contains(@text,'Not Interested') or contains(@text,'Cancel') or contains(@text,'Hide') or contains(@text,'Block') or contains(@text,'Spam'))]")
2026-08-17 17:11:44 [INFO    ] screenshot_utils.py:60 — Screenshot saved: reports/screenshots/element_not_visible______package=_com.zee5.hipi_ and (contains(_text,_Report_) or contains(_text,_Not interested_) or contains(_text,_Not Interested_) or contains(_text,_Cancel_) or contains(_text,_Hide_) or contains(_text,_Block_) or contains(_text,_Spam_))__20260817_171142.png
2026-08-17 17:11:44 [ERROR   ] screenshot_utils.py:87 — Page source save failed: [Errno 63] File name too long: 'reports/screenshots/element_not_visible______package=_com.zee5.hipi_ and (contains(_text,_Report_) or contains(_text,_Not interested_) or contains(_text,_Not Interested_) or contains(_text,_Cancel_) or contains(_text,_Hide_) or contains(_text,_Block_) or contains(_text,_Spam_))__20260817_171144.xml'
2026-08-17 17:11:46 [ERROR   ] base_page.py:106 — Element not visible after 2s: ('xpath', "//*[@resource-id='com.zee5.hipi:id/etComment' or (@class='android.widget.EditText' and @package='com.zee5.hipi')]")
2026-08-17 17:11:48 [INFO    ] screenshot_utils.py:60 — Screenshot saved: reports/screenshots/element_not_visible______resource-id=_com.zee5.hipi_id_etComment_ or (_class=_android.widget.EditText_ and _package=_com.zee5.hipi_)__20260817_171146.png
2026-08-17 17:11:48 [INFO    ] screenshot_utils.py:83 — Page source saved: reports/screenshots/element_not_visible______resource-id=_com.zee5.hipi_id_etComment_ or (_class=_android.widget.EditText_ and _package=_com.zee5.hipi_)__20260817_171148.xml
2026-08-17 17:11:48 [INFO    ] feed_page.py:643 — Mute toggled (verified: correct element, no known wrong-button sheet opened, feed still visible)
2026-08-17 17:11:49 [INFO    ] feed_page.py:600 — Toggling mute on current video
2026-08-17 17:11:50 [INFO    ] base_page.py:173 — Clicked: ('xpath', '(//android.widget.Button)[last()-1]')
2026-08-17 17:11:53 [ERROR   ] base_page.py:106 — Element not visible after 2s: ('xpath', "//*[@package='com.zee5.hipi' and (contains(@text,'Report') or contains(@text,'Not interested') or contains(@text,'Not Interested') or contains(@text,'Cancel') or contains(@text,'Hide') or contains(@text,'Block') or contains(@text,'Spam'))]")
2026-08-17 17:11:55 [INFO    ] screenshot_utils.py:60 — Screenshot saved: reports/screenshots/element_not_visible______package=_com.zee5.hipi_ and (contains(_text,_Report_) or contains(_text,_Not interested_) or contains(_text,_Not Interested_) or contains(_text,_Cancel_) or contains(_text,_Hide_) or contains(_text,_Block_) or contains(_text,_Spam_))__20260817_171153.png
2026-08-17 17:11:55 [ERROR   ] screenshot_utils.py:87 — Page source save failed: [Errno 63] File name too long: 'reports/screenshots/element_not_visible______package=_com.zee5.hipi_ and (contains(_text,_Report_) or contains(_text,_Not interested_) or contains(_text,_Not Interested_) or contains(_text,_Cancel_) or contains(_text,_Hide_) or contains(_text,_Block_) or contains(_text,_Spam_))__20260817_171155.xml'
2026-08-17 17:11:58 [ERROR   ] base_page.py:106 — Element not visible after 2s: ('xpath', "//*[@resource-id='com.zee5.hipi:id/etComment' or (@class='android.widget.EditText' and @package='com.zee5.hipi')]")
2026-08-17 17:12:00 [INFO    ] screenshot_utils.py:60 — Screenshot saved: reports/screenshots/element_not_visible______resource-id=_com.zee5.hipi_id_etComment_ or (_class=_android.widget.EditText_ and _package=_com.zee5.hipi_)__20260817_171158.png
2026-08-17 17:12:00 [INFO    ] screenshot_utils.py:83 — Page source saved: reports/screenshots/element_not_visible______resource-id=_com.zee5.hipi_id_etComment_ or (_class=_android.widget.EditText_ and _package=_com.zee5.hipi_)__20260817_171200.xml
2026-08-17 17:12:00 [INFO    ] feed_page.py:643 — Mute toggled (verified: correct element, no known wrong-button sheet opened, feed still visible)
2026-08-17 17:12:00 [INFO    ] test_feed.py:302 — TEST PASSED: Mute/unmute toggle
2026-08-17 17:12:00 [INFO    ] base_test.py:137 — BaseFeedTest setup completed (session-scoped, already logged in).
2026-08-17 17:12:00 [INFO    ] base_test.py:151 — login_and_reach_feed: START (session-scoped)
2026-08-17 17:12:00 [INFO    ] login_page.py:556 — Validating home page
2026-08-17 17:12:00 [INFO    ] login_page.py:566 — Home page displayed (exo_content_frame visible)
2026-08-17 17:12:00 [INFO    ] base_test.py:154 — login_and_reach_feed: already on home feed (session reused)
2026-08-17 17:12:00 [INFO    ] base_test.py:155 — login_and_reach_feed: COMPLETE
2026-08-17 17:12:00 [INFO    ] feed_page.py:668 — Pausing current reel
2026-08-17 17:12:01 [INFO    ] gestures.py:29 — Tap performed at X:432 Y:960
2026-08-17 17:12:01 [INFO    ] feed_page.py:683 — Reel paused (coordinate tap on video area)
2026-08-17 17:12:01 [INFO    ] test_feed.py:325 — TEST PASSED: Pause reel
2026-08-17 17:12:01 [INFO    ] base_test.py:137 — BaseFeedTest setup completed (session-scoped, already logged in).
2026-08-17 17:12:01 [INFO    ] base_test.py:151 — login_and_reach_feed: START (session-scoped)
2026-08-17 17:12:01 [INFO    ] login_page.py:556 — Validating home page
2026-08-17 17:12:01 [INFO    ] login_page.py:566 — Home page displayed (exo_content_frame visible)
2026-08-17 17:12:01 [INFO    ] base_test.py:154 — login_and_reach_feed: already on home feed (session reused)
2026-08-17 17:12:01 [INFO    ] base_test.py:155 — login_and_reach_feed: COMPLETE
2026-08-17 17:12:01 [INFO    ] feed_page.py:668 — Pausing current reel
2026-08-17 17:12:01 [INFO    ] gestures.py:29 — Tap performed at X:432 Y:960
2026-08-17 17:12:01 [INFO    ] feed_page.py:683 — Reel paused (coordinate tap on video area)
2026-08-17 17:12:04 [INFO    ] feed_page.py:707 — Resuming current reel
2026-08-17 17:12:04 [INFO    ] gestures.py:29 — Tap performed at X:432 Y:960
2026-08-17 17:12:04 [INFO    ] feed_page.py:717 — Reel resumed (coordinate tap on video area)
2026-08-17 17:12:04 [INFO    ] test_feed.py:356 — TEST PASSED: Pause and resume reel
2026-08-17 17:12:04 [INFO    ] base_test.py:137 — BaseFeedTest setup completed (session-scoped, already logged in).
2026-08-17 17:12:04 [INFO    ] base_test.py:151 — login_and_reach_feed: START (session-scoped)
2026-08-17 17:12:04 [INFO    ] login_page.py:556 — Validating home page
2026-08-17 17:12:04 [INFO    ] login_page.py:566 — Home page displayed (exo_content_frame visible)
2026-08-17 17:12:04 [INFO    ] base_test.py:154 — login_and_reach_feed: already on home feed (session reused)
2026-08-17 17:12:04 [INFO    ] base_test.py:155 — login_and_reach_feed: COMPLETE
2026-08-17 17:12:04 [INFO    ] feed_page.py:913 — Swiping to next video
2026-08-17 17:12:10 [INFO    ] gestures.py:102 — Swipe up performed
2026-08-17 17:12:12 [INFO    ] base_page.py:318 — Page source changed.
2026-08-17 17:12:12 [INFO    ] feed_page.py:934 — Swiped to next video
2026-08-17 17:12:13 [INFO    ] test_feed.py:393 — TEST PASSED: Swipe to next video
2026-08-17 17:12:13 [INFO    ] base_test.py:137 — BaseFeedTest setup completed (session-scoped, already logged in).
2026-08-17 17:12:13 [INFO    ] base_test.py:151 — login_and_reach_feed: START (session-scoped)
2026-08-17 17:12:13 [INFO    ] login_page.py:556 — Validating home page
2026-08-17 17:12:13 [INFO    ] login_page.py:566 — Home page displayed (exo_content_frame visible)
2026-08-17 17:12:13 [INFO    ] base_test.py:154 — login_and_reach_feed: already on home feed (session reused)
2026-08-17 17:12:13 [INFO    ] base_test.py:155 — login_and_reach_feed: COMPLETE
2026-08-17 17:12:13 [INFO    ] feed_page.py:913 — Swiping to next video
2026-08-17 17:12:19 [INFO    ] gestures.py:102 — Swipe up performed
2026-08-17 17:12:21 [INFO    ] base_page.py:318 — Page source changed.
2026-08-17 17:12:21 [INFO    ] feed_page.py:934 — Swiped to next video
2026-08-17 17:12:34 [INFO    ] screenshot_utils.py:60 — Screenshot saved: reports/screenshots/test_swipe_multiple_reels_20260817_171231.png
2026-08-17 17:12:35 [INFO    ] screenshot_utils.py:83 — Page source saved: reports/screenshots/test_swipe_multiple_reels_20260817_171234.xml
2026-08-17 17:12:35 [ERROR   ] conftest.py:468 — Test FAILED: test_swipe_multiple_reels
2026-08-17 17:12:35 [INFO    ] base_test.py:137 — BaseFeedTest setup completed (session-scoped, already logged in).
2026-08-17 17:12:35 [INFO    ] base_test.py:151 — login_and_reach_feed: START (session-scoped)
2026-08-17 17:12:35 [INFO    ] login_page.py:556 — Validating home page
2026-08-17 17:12:35 [INFO    ] login_page.py:566 — Home page displayed (exo_content_frame visible)
2026-08-17 17:12:35 [INFO    ] base_test.py:154 — login_and_reach_feed: already on home feed (session reused)
2026-08-17 17:12:35 [INFO    ] base_test.py:155 — login_and_reach_feed: COMPLETE
2026-08-17 17:12:35 [INFO    ] feed_page.py:116 — Opening creator's profile
2026-08-17 17:12:36 [INFO    ] gestures.py:29 — Tap performed at X:324 Y:1967
2026-08-17 17:12:37 [ERROR   ] base_page.py:324 — Error waiting for page change: Message: Could not proxy command to the remote server. Original error: socket hang up
Stacktrace:
UnknownError: Could not proxy command to the remote server. Original error: socket hang up
    at ProxyRequestError.getActualError (/opt/homebrew/lib/node_modules/appium/node_modules/@appium/base-driver/build/lib/protocol/errors.js:692:16)
    at UIA2Proxy.proxyReqRes (/opt/homebrew/lib/node_modules/appium/node_modules/@appium/base-driver/build/lib/jsonwp-proxy/proxy.js:330:149)
    at process.processTicksAndRejections (node:internal/process/task_queues:104:5)
2026-08-17 17:12:37 [INFO    ] feed_page.py:147 — Creator profile opened (coordinate tap)
2026-08-17 17:12:37 [ERROR   ] screenshot_utils.py:64 — Screenshot capture failed: Message: 'GET /screenshot' cannot be proxied to UiAutomator2 server because the instrumentation process is not running (probably crashed). Check the server log and/or the logcat output for more details
Stacktrace:
UnknownError: 'GET /screenshot' cannot be proxied to UiAutomator2 server because the instrumentation process is not running (probably crashed). Check the server log and/or the logcat output for more details
    at UIA2Proxy.command (/opt/homebrew/lib/node_modules/appium/node_modules/@appium/base-driver/build/lib/jsonwp-proxy/proxy.js:272:19)
    at process.processTicksAndRejections (node:internal/process/task_queues:104:5)
    at async AndroidUiautomator2Driver.getScreenshot (/Users/vc.rajdeep.kumar/.appium/node_modules/appium-uiautomator2-driver/build/lib/commands/screenshot.js:72:19)
2026-08-17 17:12:37 [ERROR   ] screenshot_utils.py:87 — Page source save failed: Message: 'GET /session/2c86b17d-a0bf-4c36-bb87-3f5f0528e79d/source' cannot be proxied to UiAutomator2 server because the instrumentation process is not running (probably crashed). Check the server log and/or the logcat output for more details
Stacktrace:
InvalidContextError: 'GET /session/2c86b17d-a0bf-4c36-bb87-3f5f0528e79d/source' cannot be proxied to UiAutomator2 server because the instrumentation process is not running (probably crashed). Check the server log and/or the logcat output for more details
    at UIA2Proxy.proxyCommand (/Users/vc.rajdeep.kumar/.appium/node_modules/appium-uiautomator2-driver/build/lib/uiautomator2.js:32:19)
    at UIA2Proxy.proxyReqRes (/opt/homebrew/lib/node_modules/appium/node_modules/@appium/base-driver/build/lib/jsonwp-proxy/proxy.js:325:49)
    at runCommandPromise (/opt/homebrew/lib/node_modules/appium/node_modules/@appium/base-driver/build/lib/basedriver/driver.js:121:30)
    at /opt/homebrew/lib/node_modules/appium/node_modules/async-lock/lib/index.js:171:12
    at AsyncLock._promiseTry (/opt/homebrew/lib/node_modules/appium/node_modules/async-lock/lib/index.js:306:31)
    at exec (/opt/homebrew/lib/node_modules/appium/node_modules/async-lock/lib/index.js:170:9)
    at AsyncLock.acquire (/opt/homebrew/lib/node_modules/appium/node_modules/async-lock/lib/index.js:189:3)
    at AndroidUiautomator2Driver.executeCommand (/opt/homebrew/lib/node_modules/appium/node_modules/@appium/base-driver/build/lib/basedriver/driver.js:161:45)
    at process.processTicksAndRejections (node:internal/process/task_queues:104:5)
    at async defaultBehavior (/opt/homebrew/lib/node_modules/appium/build/lib/appium.js:634:20)
    at async AppiumDriver.executeWrappedCommand (/opt/homebrew/lib/node_modules/appium/build/lib/appium.js:726:22)
    at async AppiumDriver.executeCommand (/opt/homebrew/lib/node_modules/appium/build/lib/appium.js:645:21)
    at async doJwpProxy (/opt/homebrew/lib/node_modules/appium/node_modules/@appium/base-driver/build/lib/protocol/protocol.js:476:9)
    at async asyncHandler (/opt/homebrew/lib/node_modules/appium/node_modules/@appium/base-driver/build/lib/protocol/protocol.js:307:21)
2026-08-17 17:12:37 [ERROR   ] conftest.py:468 — Test FAILED: test_open_creator_profile
2026-08-17 17:12:37 [INFO    ] base_test.py:137 — BaseFeedTest setup completed (session-scoped, already logged in).
2026-08-17 17:12:37 [INFO    ] base_test.py:151 — login_and_reach_feed: START (session-scoped)
2026-08-17 17:12:37 [INFO    ] login_page.py:556 — Validating home page
2026-08-17 17:12:37 [WARNING ] base_page.py:255 — Error checking display status for ('id', 'com.zee5.hipi:id/exo_content_frame'): Message: 'POST /element' cannot be proxied to UiAutomator2 server because the instrumentation process is not running (probably crashed). Check the server log and/or the logcat output for more details
Stacktrace:
UnknownError: 'POST /element' cannot be proxied to UiAutomator2 server because the instrumentation process is not running (probably crashed). Check the server log and/or the logcat output for more details
    at UIA2Proxy.command (/opt/homebrew/lib/node_modules/appium/node_modules/@appium/base-driver/build/lib/jsonwp-proxy/proxy.js:272:19)
    at process.processTicksAndRejections (node:internal/process/task_queues:104:5)
    at async AndroidUiautomator2Driver.doFindElementOrEls (/Users/vc.rajdeep.kumar/.appium/node_modules/appium-uiautomator2-driver/build/lib/commands/find.js:24:13)
    at async doFind (/Users/vc.rajdeep.kumar/.appium/node_modules/appium-uiautomator2-driver/node_modules/appium-android-driver/build/lib/commands/find.js:24:23)
    at async wrappedCondFn (/opt/homebrew/lib/node_modules/appium/node_modules/@appium/base-driver/build/lib/basedriver/commands/timeout.js:97:20)
    at async spin (/opt/homebrew/lib/node_modules/appium/node_modules/asyncbox/build/lib/asyncbox.js:174:24)
    at async waitForCondition (/opt/homebrew/lib/node_modules/appium/node_modules/asyncbox/build/lib/asyncbox.js:192:12)
    at async AndroidUiautomator2Driver.implicitWaitForCondition (/opt/homebrew/lib/node_modules/appium/node_modules/@appium/base-driver/build/lib/basedriver/commands/timeout.js:99:16)
    at async AndroidUiautomator2Driver.findElOrEls (/Users/vc.rajdeep.kumar/.appium/node_modules/appium-uiautomator2-driver/node_modules/appium-android-driver/build/lib/commands/find.js:45:9)
    at async AndroidUiautomator2Driver.findElOrElsWithProcessing (/opt/homebrew/lib/node_modules/appium/node_modules/@appium/base-driver/build/lib/basedriver/commands/find.js:12:16)
    at async AndroidUiautomator2Driver.findElement (/opt/homebrew/lib/node_modules/appium/node_modules/@appium/base-driver/build/lib/basedriver/commands/find.js:27:16)
2026-08-17 17:12:37 [WARNING ] login_page.py:568 — Home page not displayed within timeout
2026-08-17 17:12:37 [WARNING ] base_test.py:158 — Session-scoped driver is not on the home feed — logging in again.
2026-08-17 17:12:37 [INFO    ] base_test.py:39 — Logging in as default test user.
2026-08-17 17:12:37 [INFO    ] login_page.py:599 — ========== LOGIN FLOW START ==========
2026-08-17 17:12:37 [ERROR   ] base_page.py:362 — Failed to ensure app is in foreground: Message: Could not retrieve the currently focused package and activity. Original error: Error executing adbExec. Original error: 'Command '/Users/vc.rajdeep.kumar/Library/Android/sdk/platform-tools/adb -P 5037 -s emulator-5554 shell dumpsys window displays' exited with code 1'; Command output: adb: device offline

Stacktrace:
UnknownError: Could not retrieve the currently focused package and activity. Original error: Error executing adbExec. Original error: 'Command '/Users/vc.rajdeep.kumar/Library/Android/sdk/platform-tools/adb -P 5037 -s emulator-5554 shell dumpsys window displays' exited with code 1'; Command output: adb: device offline

    at getResponseForW3CError (/opt/homebrew/lib/node_modules/appium/node_modules/@appium/base-driver/build/lib/protocol/errors.js:824:36)
    at asyncHandler (/opt/homebrew/lib/node_modules/appium/node_modules/@appium/base-driver/build/lib/protocol/protocol.js:430:77)
The above error is caused by
Error: Could not retrieve the currently focused package and activity. Original error: Error executing adbExec. Original error: 'Command '/Users/vc.rajdeep.kumar/Library/Android/sdk/platform-tools/adb -P 5037 -s emulator-5554 shell dumpsys window displays' exited with code 1'; Command output: adb: device offline

    at ADB.getFocusedPackageAndActivity (/Users/vc.rajdeep.kumar/.appium/node_modules/appium-uiautomator2-driver/node_modules/appium-adb/build/lib/tools/app-commands.js:643:15)
    at process.processTicksAndRejections (node:internal/process/task_queues:104:5)
    at async AndroidUiautomator2Driver.getCurrentPackage (/Users/vc.rajdeep.kumar/.appium/node_modules/appium-uiautomator2-driver/node_modules/appium-android-driver/build/lib/commands/app-management.js:308:13)
    at async AndroidUiautomator2Driver.executeMethod (/opt/homebrew/lib/node_modules/appium/node_modules/@appium/base-driver/build/lib/basedriver/commands/execute.js:43:16)
    at async AndroidUiautomator2Driver.execute (/Users/vc.rajdeep.kumar/.appium/node_modules/appium-uiautomator2-driver/node_modules/appium-android-driver/build/lib/commands/execute.js:24:16)
2026-08-17 17:12:37 [ERROR   ] screenshot_utils.py:64 — Screenshot capture failed: Message: 'GET /screenshot' cannot be proxied to UiAutomator2 server because the instrumentation process is not running (probably crashed). Check the server log and/or the logcat output for more details
Stacktrace:
UnknownError: 'GET /screenshot' cannot be proxied to UiAutomator2 server because the instrumentation process is not running (probably crashed). Check the server log and/or the logcat output for more details
    at UIA2Proxy.command (/opt/homebrew/lib/node_modules/appium/node_modules/@appium/base-driver/build/lib/jsonwp-proxy/proxy.js:272:19)
    at process.processTicksAndRejections (node:internal/process/task_queues:104:5)
    at async AndroidUiautomator2Driver.getScreenshot (/Users/vc.rajdeep.kumar/.appium/node_modules/appium-uiautomator2-driver/build/lib/commands/screenshot.js:72:19)
2026-08-17 17:12:37 [ERROR   ] screenshot_utils.py:87 — Page source save failed: Message: 'GET /session/2c86b17d-a0bf-4c36-bb87-3f5f0528e79d/source' cannot be proxied to UiAutomator2 server because the instrumentation process is not running (probably crashed). Check the server log and/or the logcat output for more details
Stacktrace:
InvalidContextError: 'GET /session/2c86b17d-a0bf-4c36-bb87-3f5f0528e79d/source' cannot be proxied to UiAutomator2 server because the instrumentation process is not running (probably crashed). Check the server log and/or the logcat output for more details
    at UIA2Proxy.proxyCommand (/Users/vc.rajdeep.kumar/.appium/node_modules/appium-uiautomator2-driver/build/lib/uiautomator2.js:32:19)
    at UIA2Proxy.proxyReqRes (/opt/homebrew/lib/node_modules/appium/node_modules/@appium/base-driver/build/lib/jsonwp-proxy/proxy.js:325:49)
    at runCommandPromise (/opt/homebrew/lib/node_modules/appium/node_modules/@appium/base-driver/build/lib/basedriver/driver.js:121:30)
    at /opt/homebrew/lib/node_modules/appium/node_modules/async-lock/lib/index.js:171:12
    at AsyncLock._promiseTry (/opt/homebrew/lib/node_modules/appium/node_modules/async-lock/lib/index.js:306:31)
    at exec (/opt/homebrew/lib/node_modules/appium/node_modules/async-lock/lib/index.js:170:9)
    at AsyncLock.acquire (/opt/homebrew/lib/node_modules/appium/node_modules/async-lock/lib/index.js:189:3)
    at AndroidUiautomator2Driver.executeCommand (/opt/homebrew/lib/node_modules/appium/node_modules/@appium/base-driver/build/lib/basedriver/driver.js:161:45)
    at process.processTicksAndRejections (node:internal/process/task_queues:104:5)
    at async defaultBehavior (/opt/homebrew/lib/node_modules/appium/build/lib/appium.js:634:20)
    at async AppiumDriver.executeWrappedCommand (/opt/homebrew/lib/node_modules/appium/build/lib/appium.js:726:22)
    at async AppiumDriver.executeCommand (/opt/homebrew/lib/node_modules/appium/build/lib/appium.js:645:21)
    at async doJwpProxy (/opt/homebrew/lib/node_modules/appium/node_modules/@appium/base-driver/build/lib/protocol/protocol.js:476:9)
    at async asyncHandler (/opt/homebrew/lib/node_modules/appium/node_modules/@appium/base-driver/build/lib/protocol/protocol.js:307:21)
2026-08-17 17:12:38 [INFO    ] login_page.py:43 — Opening profile tab
2026-08-17 17:12:40 [INFO    ] login_page.py:53 — Profile tab open attempt 1/2
2026-08-17 17:12:40 [ERROR   ] base_page.py:182 — Fatal session error clicking ('xpath', "//android.view.View[@clickable='true'][.//android.widget.TextView[@text='Profile']]") — session is dead, not retrying: Message: 'POST /element' cannot be proxied to UiAutomator2 server because the instrumentation process is not running (probably crashed). Check the server log and/or the logcat output for more details
Stacktrace:
UnknownError: 'POST /element' cannot be proxied to UiAutomator2 server because the instrumentation process is not running (probably crashed). Check the server log and/or the logcat output for more details
    at UIA2Proxy.command (/opt/homebrew/lib/node_modules/appium/node_modules/@appium/base-driver/build/lib/jsonwp-proxy/proxy.js:272:19)
    at process.processTicksAndRejections (node:internal/process/task_queues:104:5)
    at async AndroidUiautomator2Driver.doFindElementOrEls (/Users/vc.rajdeep.kumar/.appium/node_modules/appium-uiautomator2-driver/build/lib/commands/find.js:24:13)
    at async doFind (/Users/vc.rajdeep.kumar/.appium/node_modules/appium-uiautomator2-driver/node_modules/appium-android-driver/build/lib/commands/find.js:24:23)
    at async wrappedCondFn (/opt/homebrew/lib/node_modules/appium/node_modules/@appium/base-driver/build/lib/basedriver/commands/timeout.js:97:20)
    at async spin (/opt/homebrew/lib/node_modules/appium/node_modules/asyncbox/build/lib/asyncbox.js:174:24)
    at async waitForCondition (/opt/homebrew/lib/node_modules/appium/node_modules/asyncbox/build/lib/asyncbox.js:192:12)
    at async AndroidUiautomator2Driver.implicitWaitForCondition (/opt/homebrew/lib/node_modules/appium/node_modules/@appium/base-driver/build/lib/basedriver/commands/timeout.js:99:16)
    at async AndroidUiautomator2Driver.findElOrEls (/Users/vc.rajdeep.kumar/.appium/node_modules/appium-uiautomator2-driver/node_modules/appium-android-driver/build/lib/commands/find.js:45:9)
    at async AndroidUiautomator2Driver.findElOrElsWithProcessing (/opt/homebrew/lib/node_modules/appium/node_modules/@appium/base-driver/build/lib/basedriver/commands/find.js:12:16)
    at async AndroidUiautomator2Driver.findElement (/opt/homebrew/lib/node_modules/appium/node_modules/@appium/base-driver/build/lib/basedriver/commands/find.js:27:16)
2026-08-17 17:12:40 [WARNING ] login_page.py:98 — Element-based click failed: Session/instrumentation dead while clicking ('xpath', "//android.view.View[@clickable='true'][.//android.widget.TextView[@text='Profile']]"): Message: 'POST /element' cannot be proxied to UiAutomator2 server because the instrumentation process is not running (probably crashed). Check the server log and/or the logcat output for more details
Stacktrace:
UnknownError: 'POST /element' cannot be proxied to UiAutomator2 server because the instrumentation process is not running (probably crashed). Check the server log and/or the logcat output for more details
    at UIA2Proxy.command (/opt/homebrew/lib/node_modules/appium/node_modules/@appium/base-driver/build/lib/jsonwp-proxy/proxy.js:272:19)
    at process.processTicksAndRejections (node:internal/process/task_queues:104:5)
    at async AndroidUiautomator2Driver.doFindElementOrEls (/Users/vc.rajdeep.kumar/.appium/node_modules/appium-uiautomator2-driver/build/lib/commands/find.js:24:13)
    at async doFind (/Users/vc.rajdeep.kumar/.appium/node_modules/appium-uiautomator2-driver/node_modules/appium-android-driver/build/lib/commands/find.js:24:23)
    at async wrappedCondFn (/opt/homebrew/lib/node_modules/appium/node_modules/@appium/base-driver/build/lib/basedriver/commands/timeout.js:97:20)
    at async spin (/opt/homebrew/lib/node_modules/appium/node_modules/asyncbox/build/lib/asyncbox.js:174:24)
    at async waitForCondition (/opt/homebrew/lib/node_modules/appium/node_modules/asyncbox/build/lib/asyncbox.js:192:12)
    at async AndroidUiautomator2Driver.implicitWaitForCondition (/opt/homebrew/lib/node_modules/appium/node_modules/@appium/base-driver/build/lib/basedriver/commands/timeout.js:99:16)
    at async AndroidUiautomator2Driver.findElOrEls (/Users/vc.rajdeep.kumar/.appium/node_modules/appium-uiautomator2-driver/node_modules/appium-android-driver/build/lib/commands/find.js:45:9)
    at async AndroidUiautomator2Driver.findElOrElsWithProcessing (/opt/homebrew/lib/node_modules/appium/node_modules/@appium/base-driver/build/lib/basedriver/commands/find.js:12:16)
    at async AndroidUiautomator2Driver.findElement (/opt/homebrew/lib/node_modules/appium/node_modules/@appium/base-driver/build/lib/basedriver/commands/find.js:27:16)
2026-08-17 17:12:40 [WARNING ] base_page.py:255 — Error checking display status for ('-android uiautomator', 'new UiSelector().text("Edit Profile")'): Message: 'POST /element' cannot be proxied to UiAutomator2 server because the instrumentation process is not running (probably crashed). Check the server log and/or the logcat output for more details
Stacktrace:
UnknownError: 'POST /element' cannot be proxied to UiAutomator2 server because the instrumentation process is not running (probably crashed). Check the server log and/or the logcat output for more details
    at UIA2Proxy.command (/opt/homebrew/lib/node_modules/appium/node_modules/@appium/base-driver/build/lib/jsonwp-proxy/proxy.js:272:19)
    at process.processTicksAndRejections (node:internal/process/task_queues:104:5)
    at async AndroidUiautomator2Driver.doFindElementOrEls (/Users/vc.rajdeep.kumar/.appium/node_modules/appium-uiautomator2-driver/build/lib/commands/find.js:24:13)
    at async doFind (/Users/vc.rajdeep.kumar/.appium/node_modules/appium-uiautomator2-driver/node_modules/appium-android-driver/build/lib/commands/find.js:24:23)
    at async wrappedCondFn (/opt/homebrew/lib/node_modules/appium/node_modules/@appium/base-driver/build/lib/basedriver/commands/timeout.js:97:20)
    at async spin (/opt/homebrew/lib/node_modules/appium/node_modules/asyncbox/build/lib/asyncbox.js:174:24)
    at async waitForCondition (/opt/homebrew/lib/node_modules/appium/node_modules/asyncbox/build/lib/asyncbox.js:192:12)
    at async AndroidUiautomator2Driver.implicitWaitForCondition (/opt/homebrew/lib/node_modules/appium/node_modules/@appium/base-driver/build/lib/basedriver/commands/timeout.js:99:16)
    at async AndroidUiautomator2Driver.findElOrEls (/Users/vc.rajdeep.kumar/.appium/node_modules/appium-uiautomator2-driver/node_modules/appium-android-driver/build/lib/commands/find.js:45:9)
    at async AndroidUiautomator2Driver.findElOrElsWithProcessing (/opt/homebrew/lib/node_modules/appium/node_modules/@appium/base-driver/build/lib/basedriver/commands/find.js:12:16)
    at async AndroidUiautomator2Driver.findElement (/opt/homebrew/lib/node_modules/appium/node_modules/@appium/base-driver/build/lib/basedriver/commands/find.js:27:16)
2026-08-17 17:12:40 [WARNING ] base_page.py:255 — Error checking display status for ('id', 'com.zee5.hipi:id/exo_content_frame'): Message: 'POST /element' cannot be proxied to UiAutomator2 server because the instrumentation process is not running (probably crashed). Check the server log and/or the logcat output for more details
Stacktrace:
UnknownError: 'POST /element' cannot be proxied to UiAutomator2 server because the instrumentation process is not running (probably crashed). Check the server log and/or the logcat output for more details
    at UIA2Proxy.command (/opt/homebrew/lib/node_modules/appium/node_modules/@appium/base-driver/build/lib/jsonwp-proxy/proxy.js:272:19)
    at process.processTicksAndRejections (node:internal/process/task_queues:104:5)
    at async AndroidUiautomator2Driver.doFindElementOrEls (/Users/vc.rajdeep.kumar/.appium/node_modules/appium-uiautomator2-driver/build/lib/commands/find.js:24:13)
    at async doFind (/Users/vc.rajdeep.kumar/.appium/node_modules/appium-uiautomator2-driver/node_modules/appium-android-driver/build/lib/commands/find.js:24:23)
    at async wrappedCondFn (/opt/homebrew/lib/node_modules/appium/node_modules/@appium/base-driver/build/lib/basedriver/commands/timeout.js:97:20)
    at async spin (/opt/homebrew/lib/node_modules/appium/node_modules/asyncbox/build/lib/asyncbox.js:174:24)
    at async waitForCondition (/opt/homebrew/lib/node_modules/appium/node_modules/asyncbox/build/lib/asyncbox.js:192:12)
    at async AndroidUiautomator2Driver.implicitWaitForCondition (/opt/homebrew/lib/node_modules/appium/node_modules/@appium/base-driver/build/lib/basedriver/commands/timeout.js:99:16)
    at async AndroidUiautomator2Driver.findElOrEls (/Users/vc.rajdeep.kumar/.appium/node_modules/appium-uiautomator2-driver/node_modules/appium-android-driver/build/lib/commands/find.js:45:9)
    at async AndroidUiautomator2Driver.findElOrElsWithProcessing (/opt/homebrew/lib/node_modules/appium/node_modules/@appium/base-driver/build/lib/basedriver/commands/find.js:12:16)
    at async AndroidUiautomator2Driver.findElement (/opt/homebrew/lib/node_modules/appium/node_modules/@appium/base-driver/build/lib/basedriver/commands/find.js:27:16)
2026-08-17 17:12:40 [WARNING ] login_page.py:135 — Coordinate tap failed: Message: 'GET /window/current/size' cannot be proxied to UiAutomator2 server because the instrumentation process is not running (probably crashed). Check the server log and/or the logcat output for more details
Stacktrace:
UnknownError: 'GET /window/current/size' cannot be proxied to UiAutomator2 server because the instrumentation process is not running (probably crashed). Check the server log and/or the logcat output for more details
    at UIA2Proxy.command (/opt/homebrew/lib/node_modules/appium/node_modules/@appium/base-driver/build/lib/jsonwp-proxy/proxy.js:272:19)
    at process.processTicksAndRejections (node:internal/process/task_queues:104:5)
    at async AndroidUiautomator2Driver.getWindowSize (/Users/vc.rajdeep.kumar/.appium/node_modules/appium-uiautomator2-driver/build/lib/commands/viewport.js:73:13)
    at async AndroidUiautomator2Driver.getWindowRect (/Users/vc.rajdeep.kumar/.appium/node_modules/appium-uiautomator2-driver/build/lib/commands/viewport.js:53:31)
2026-08-17 17:12:46 [ERROR   ] base_page.py:148 — None of the candidate locators became visible within 6s. Candidates: [('-android uiautomator', 'new UiSelector().textContains("Continue")'), ('class name', 'android.widget.EditText')]. Last error: Message: 'POST /elements' cannot be proxied to UiAutomator2 server because the instrumentation process is not running (probably crashed). Check the server log and/or the logcat output for more details
Stacktrace:
UnknownError: 'POST /elements' cannot be proxied to UiAutomator2 server because the instrumentation process is not running (probably crashed). Check the server log and/or the logcat output for more details
    at UIA2Proxy.command (/opt/homebrew/lib/node_modules/appium/node_modules/@appium/base-driver/build/lib/jsonwp-proxy/proxy.js:272:19)
    at process.processTicksAndRejections (node:internal/process/task_queues:104:5)
    at async AndroidUiautomator2Driver.doFindElementOrEls (/Users/vc.rajdeep.kumar/.appium/node_modules/appium-uiautomator2-driver/build/lib/commands/find.js:24:13)
    at async doFind (/Users/vc.rajdeep.kumar/.appium/node_modules/appium-uiautomator2-driver/node_modules/appium-android-driver/build/lib/commands/find.js:24:23)
    at async wrappedCondFn (/opt/homebrew/lib/node_modules/appium/node_modules/@appium/base-driver/build/lib/basedriver/commands/timeout.js:97:20)
    at async spin (/opt/homebrew/lib/node_modules/appium/node_modules/asyncbox/build/lib/asyncbox.js:174:24)
    at async waitForCondition (/opt/homebrew/lib/node_modules/appium/node_modules/asyncbox/build/lib/asyncbox.js:192:12)
    at async AndroidUiautomator2Driver.implicitWaitForCondition (/opt/homebrew/lib/node_modules/appium/node_modules/@appium/base-driver/build/lib/basedriver/commands/timeout.js:99:16)
    at async AndroidUiautomator2Driver.findElOrEls (/Users/vc.rajdeep.kumar/.appium/node_modules/appium-uiautomator2-driver/node_modules/appium-android-driver/build/lib/commands/find.js:45:9)
    at async AndroidUiautomator2Driver.findElOrElsWithProcessing (/opt/homebrew/lib/node_modules/appium/node_modules/@appium/base-driver/build/lib/basedriver/commands/find.js:12:16)
    at async AndroidUiautomator2Driver.findElements (/opt/homebrew/lib/node_modules/appium/node_modules/@appium/base-driver/build/lib/basedriver/commands/find.js:30:16)
2026-08-17 17:12:46 [ERROR   ] screenshot_utils.py:64 — Screenshot capture failed: Message: 'GET /screenshot' cannot be proxied to UiAutomator2 server because the instrumentation process is not running (probably crashed). Check the server log and/or the logcat output for more details
Stacktrace:
UnknownError: 'GET /screenshot' cannot be proxied to UiAutomator2 server because the instrumentation process is not running (probably crashed). Check the server log and/or the logcat output for more details
    at UIA2Proxy.command (/opt/homebrew/lib/node_modules/appium/node_modules/@appium/base-driver/build/lib/jsonwp-proxy/proxy.js:272:19)
    at process.processTicksAndRejections (node:internal/process/task_queues:104:5)
    at async AndroidUiautomator2Driver.getScreenshot (/Users/vc.rajdeep.kumar/.appium/node_modules/appium-uiautomator2-driver/build/lib/commands/screenshot.js:72:19)
2026-08-17 17:12:46 [ERROR   ] screenshot_utils.py:87 — Page source save failed: Message: 'GET /session/2c86b17d-a0bf-4c36-bb87-3f5f0528e79d/source' cannot be proxied to UiAutomator2 server because the instrumentation process is not running (probably crashed). Check the server log and/or the logcat output for more details
Stacktrace:
InvalidContextError: 'GET /session/2c86b17d-a0bf-4c36-bb87-3f5f0528e79d/source' cannot be proxied to UiAutomator2 server because the instrumentation process is not running (probably crashed). Check the server log and/or the logcat output for more details
    at UIA2Proxy.proxyCommand (/Users/vc.rajdeep.kumar/.appium/node_modules/appium-uiautomator2-driver/build/lib/uiautomator2.js:32:19)
    at UIA2Proxy.proxyReqRes (/opt/homebrew/lib/node_modules/appium/node_modules/@appium/base-driver/build/lib/jsonwp-proxy/proxy.js:325:49)
    at runCommandPromise (/opt/homebrew/lib/node_modules/appium/node_modules/@appium/base-driver/build/lib/basedriver/driver.js:121:30)
    at /opt/homebrew/lib/node_modules/appium/node_modules/async-lock/lib/index.js:171:12
    at AsyncLock._promiseTry (/opt/homebrew/lib/node_modules/appium/node_modules/async-lock/lib/index.js:306:31)
    at exec (/opt/homebrew/lib/node_modules/appium/node_modules/async-lock/lib/index.js:170:9)
    at AsyncLock.acquire (/opt/homebrew/lib/node_modules/appium/node_modules/async-lock/lib/index.js:189:3)
    at AndroidUiautomator2Driver.executeCommand (/opt/homebrew/lib/node_modules/appium/node_modules/@appium/base-driver/build/lib/basedriver/driver.js:161:45)
    at process.processTicksAndRejections (node:internal/process/task_queues:104:5)
    at async defaultBehavior (/opt/homebrew/lib/node_modules/appium/build/lib/appium.js:634:20)
    at async AppiumDriver.executeWrappedCommand (/opt/homebrew/lib/node_modules/appium/build/lib/appium.js:726:22)
    at async AppiumDriver.executeCommand (/opt/homebrew/lib/node_modules/appium/build/lib/appium.js:645:21)
    at async doJwpProxy (/opt/homebrew/lib/node_modules/appium/node_modules/@appium/base-driver/build/lib/protocol/protocol.js:476:9)
    at async asyncHandler (/opt/homebrew/lib/node_modules/appium/node_modules/@appium/base-driver/build/lib/protocol/protocol.js:307:21)
2026-08-17 17:12:46 [WARNING ] login_page.py:158 — Attempt 1 did not reach the login sheet, recovering and retrying...
2026-08-17 17:12:46 [WARNING ] base_page.py:419 — Attempting to recover application state...
2026-08-17 17:12:49 [INFO    ] base_page.py:424 — App recovery attempt completed.
2026-08-17 17:12:51 [INFO    ] login_page.py:53 — Profile tab open attempt 2/2
2026-08-17 17:12:51 [ERROR   ] base_page.py:182 — Fatal session error clicking ('xpath', "//android.view.View[@clickable='true'][.//android.widget.TextView[@text='Profile']]") — session is dead, not retrying: Message: 'POST /element' cannot be proxied to UiAutomator2 server because the instrumentation process is not running (probably crashed). Check the server log and/or the logcat output for more details
Stacktrace:
UnknownError: 'POST /element' cannot be proxied to UiAutomator2 server because the instrumentation process is not running (probably crashed). Check the server log and/or the logcat output for more details
    at UIA2Proxy.command (/opt/homebrew/lib/node_modules/appium/node_modules/@appium/base-driver/build/lib/jsonwp-proxy/proxy.js:272:19)
    at process.processTicksAndRejections (node:internal/process/task_queues:104:5)
    at async AndroidUiautomator2Driver.doFindElementOrEls (/Users/vc.rajdeep.kumar/.appium/node_modules/appium-uiautomator2-driver/build/lib/commands/find.js:24:13)
    at async doFind (/Users/vc.rajdeep.kumar/.appium/node_modules/appium-uiautomator2-driver/node_modules/appium-android-driver/build/lib/commands/find.js:24:23)
    at async wrappedCondFn (/opt/homebrew/lib/node_modules/appium/node_modules/@appium/base-driver/build/lib/basedriver/commands/timeout.js:97:20)
    at async spin (/opt/homebrew/lib/node_modules/appium/node_modules/asyncbox/build/lib/asyncbox.js:174:24)
    at async waitForCondition (/opt/homebrew/lib/node_modules/appium/node_modules/asyncbox/build/lib/asyncbox.js:192:12)
    at async AndroidUiautomator2Driver.implicitWaitForCondition (/opt/homebrew/lib/node_modules/appium/node_modules/@appium/base-driver/build/lib/basedriver/commands/timeout.js:99:16)
    at async AndroidUiautomator2Driver.findElOrEls (/Users/vc.rajdeep.kumar/.appium/node_modules/appium-uiautomator2-driver/node_modules/appium-android-driver/build/lib/commands/find.js:45:9)
    at async AndroidUiautomator2Driver.findElOrElsWithProcessing (/opt/homebrew/lib/node_modules/appium/node_modules/@appium/base-driver/build/lib/basedriver/commands/find.js:12:16)
    at async AndroidUiautomator2Driver.findElement (/opt/homebrew/lib/node_modules/appium/node_modules/@appium/base-driver/build/lib/basedriver/commands/find.js:27:16)
2026-08-17 17:12:51 [WARNING ] login_page.py:98 — Element-based click failed: Session/instrumentation dead while clicking ('xpath', "//android.view.View[@clickable='true'][.//android.widget.TextView[@text='Profile']]"): Message: 'POST /element' cannot be proxied to UiAutomator2 server because the instrumentation process is not running (probably crashed). Check the server log and/or the logcat output for more details
Stacktrace:
UnknownError: 'POST /element' cannot be proxied to UiAutomator2 server because the instrumentation process is not running (probably crashed). Check the server log and/or the logcat output for more details
    at UIA2Proxy.command (/opt/homebrew/lib/node_modules/appium/node_modules/@appium/base-driver/build/lib/jsonwp-proxy/proxy.js:272:19)
    at process.processTicksAndRejections (node:internal/process/task_queues:104:5)
    at async AndroidUiautomator2Driver.doFindElementOrEls (/Users/vc.rajdeep.kumar/.appium/node_modules/appium-uiautomator2-driver/build/lib/commands/find.js:24:13)
    at async doFind (/Users/vc.rajdeep.kumar/.appium/node_modules/appium-uiautomator2-driver/node_modules/appium-android-driver/build/lib/commands/find.js:24:23)
    at async wrappedCondFn (/opt/homebrew/lib/node_modules/appium/node_modules/@appium/base-driver/build/lib/basedriver/commands/timeout.js:97:20)
    at async spin (/opt/homebrew/lib/node_modules/appium/node_modules/asyncbox/build/lib/asyncbox.js:174:24)
    at async waitForCondition (/opt/homebrew/lib/node_modules/appium/node_modules/asyncbox/build/lib/asyncbox.js:192:12)
    at async AndroidUiautomator2Driver.implicitWaitForCondition (/opt/homebrew/lib/node_modules/appium/node_modules/@appium/base-driver/build/lib/basedriver/commands/timeout.js:99:16)
    at async AndroidUiautomator2Driver.findElOrEls (/Users/vc.rajdeep.kumar/.appium/node_modules/appium-uiautomator2-driver/node_modules/appium-android-driver/build/lib/commands/find.js:45:9)
    at async AndroidUiautomator2Driver.findElOrElsWithProcessing (/opt/homebrew/lib/node_modules/appium/node_modules/@appium/base-driver/build/lib/basedriver/commands/find.js:12:16)
    at async AndroidUiautomator2Driver.findElement (/opt/homebrew/lib/node_modules/appium/node_modules/@appium/base-driver/build/lib/basedriver/commands/find.js:27:16)
2026-08-17 17:12:51 [WARNING ] base_page.py:255 — Error checking display status for ('-android uiautomator', 'new UiSelector().text("Edit Profile")'): Message: 'POST /element' cannot be proxied to UiAutomator2 server because the instrumentation process is not running (probably crashed). Check the server log and/or the logcat output for more details
Stacktrace:
UnknownError: 'POST /element' cannot be proxied to UiAutomator2 server because the instrumentation process is not running (probably crashed). Check the server log and/or the logcat output for more details
    at UIA2Proxy.command (/opt/homebrew/lib/node_modules/appium/node_modules/@appium/base-driver/build/lib/jsonwp-proxy/proxy.js:272:19)
    at process.processTicksAndRejections (node:internal/process/task_queues:104:5)
    at async AndroidUiautomator2Driver.doFindElementOrEls (/Users/vc.rajdeep.kumar/.appium/node_modules/appium-uiautomator2-driver/build/lib/commands/find.js:24:13)
    at async doFind (/Users/vc.rajdeep.kumar/.appium/node_modules/appium-uiautomator2-driver/node_modules/appium-android-driver/build/lib/commands/find.js:24:23)
    at async wrappedCondFn (/opt/homebrew/lib/node_modules/appium/node_modules/@appium/base-driver/build/lib/basedriver/commands/timeout.js:97:20)
    at async spin (/opt/homebrew/lib/node_modules/appium/node_modules/asyncbox/build/lib/asyncbox.js:174:24)
    at async waitForCondition (/opt/homebrew/lib/node_modules/appium/node_modules/asyncbox/build/lib/asyncbox.js:192:12)
    at async AndroidUiautomator2Driver.implicitWaitForCondition (/opt/homebrew/lib/node_modules/appium/node_modules/@appium/base-driver/build/lib/basedriver/commands/timeout.js:99:16)
    at async AndroidUiautomator2Driver.findElOrEls (/Users/vc.rajdeep.kumar/.appium/node_modules/appium-uiautomator2-driver/node_modules/appium-android-driver/build/lib/commands/find.js:45:9)
    at async AndroidUiautomator2Driver.findElOrElsWithProcessing (/opt/homebrew/lib/node_modules/appium/node_modules/@appium/base-driver/build/lib/basedriver/commands/find.js:12:16)
    at async AndroidUiautomator2Driver.findElement (/opt/homebrew/lib/node_modules/appium/node_modules/@appium/base-driver/build/lib/basedriver/commands/find.js:27:16)
2026-08-17 17:12:51 [WARNING ] base_page.py:255 — Error checking display status for ('id', 'com.zee5.hipi:id/exo_content_frame'): Message: 'POST /element' cannot be proxied to UiAutomator2 server because the instrumentation process is not running (probably crashed). Check the server log and/or the logcat output for more details
Stacktrace:
UnknownError: 'POST /element' cannot be proxied to UiAutomator2 server because the instrumentation process is not running (probably crashed). Check the server log and/or the logcat output for more details
    at UIA2Proxy.command (/opt/homebrew/lib/node_modules/appium/node_modules/@appium/base-driver/build/lib/jsonwp-proxy/proxy.js:272:19)
    at process.processTicksAndRejections (node:internal/process/task_queues:104:5)
    at async AndroidUiautomator2Driver.doFindElementOrEls (/Users/vc.rajdeep.kumar/.appium/node_modules/appium-uiautomator2-driver/build/lib/commands/find.js:24:13)
    at async doFind (/Users/vc.rajdeep.kumar/.appium/node_modules/appium-uiautomator2-driver/node_modules/appium-android-driver/build/lib/commands/find.js:24:23)
    at async wrappedCondFn (/opt/homebrew/lib/node_modules/appium/node_modules/@appium/base-driver/build/lib/basedriver/commands/timeout.js:97:20)
    at async spin (/opt/homebrew/lib/node_modules/appium/node_modules/asyncbox/build/lib/asyncbox.js:174:24)
    at async waitForCondition (/opt/homebrew/lib/node_modules/appium/node_modules/asyncbox/build/lib/asyncbox.js:192:12)
    at async AndroidUiautomator2Driver.implicitWaitForCondition (/opt/homebrew/lib/node_modules/appium/node_modules/@appium/base-driver/build/lib/basedriver/commands/timeout.js:99:16)
    at async AndroidUiautomator2Driver.findElOrEls (/Users/vc.rajdeep.kumar/.appium/node_modules/appium-uiautomator2-driver/node_modules/appium-android-driver/build/lib/commands/find.js:45:9)
    at async AndroidUiautomator2Driver.findElOrElsWithProcessing (/opt/homebrew/lib/node_modules/appium/node_modules/@appium/base-driver/build/lib/basedriver/commands/find.js:12:16)
    at async AndroidUiautomator2Driver.findElement (/opt/homebrew/lib/node_modules/appium/node_modules/@appium/base-driver/build/lib/basedriver/commands/find.js:27:16)
2026-08-17 17:12:51 [WARNING ] login_page.py:135 — Coordinate tap failed: Message: 'GET /window/current/size' cannot be proxied to UiAutomator2 server because the instrumentation process is not running (probably crashed). Check the server log and/or the logcat output for more details
Stacktrace:
UnknownError: 'GET /window/current/size' cannot be proxied to UiAutomator2 server because the instrumentation process is not running (probably crashed). Check the server log and/or the logcat output for more details
    at UIA2Proxy.command (/opt/homebrew/lib/node_modules/appium/node_modules/@appium/base-driver/build/lib/jsonwp-proxy/proxy.js:272:19)
    at process.processTicksAndRejections (node:internal/process/task_queues:104:5)
    at async AndroidUiautomator2Driver.getWindowSize (/Users/vc.rajdeep.kumar/.appium/node_modules/appium-uiautomator2-driver/build/lib/commands/viewport.js:73:13)
    at async AndroidUiautomator2Driver.getWindowRect (/Users/vc.rajdeep.kumar/.appium/node_modules/appium-uiautomator2-driver/build/lib/commands/viewport.js:53:31)
2026-08-17 17:12:57 [ERROR   ] base_page.py:148 — None of the candidate locators became visible within 6s. Candidates: [('-android uiautomator', 'new UiSelector().textContains("Continue")'), ('class name', 'android.widget.EditText')]. Last error: Message: 'POST /elements' cannot be proxied to UiAutomator2 server because the instrumentation process is not running (probably crashed). Check the server log and/or the logcat output for more details
Stacktrace:
UnknownError: 'POST /elements' cannot be proxied to UiAutomator2 server because the instrumentation process is not running (probably crashed). Check the server log and/or the logcat output for more details
    at UIA2Proxy.command (/opt/homebrew/lib/node_modules/appium/node_modules/@appium/base-driver/build/lib/jsonwp-proxy/proxy.js:272:19)
    at process.processTicksAndRejections (node:internal/process/task_queues:104:5)
    at async AndroidUiautomator2Driver.doFindElementOrEls (/Users/vc.rajdeep.kumar/.appium/node_modules/appium-uiautomator2-driver/build/lib/commands/find.js:24:13)
    at async doFind (/Users/vc.rajdeep.kumar/.appium/node_modules/appium-uiautomator2-driver/node_modules/appium-android-driver/build/lib/commands/find.js:24:23)
    at async wrappedCondFn (/opt/homebrew/lib/node_modules/appium/node_modules/@appium/base-driver/build/lib/basedriver/commands/timeout.js:97:20)
    at async spin (/opt/homebrew/lib/node_modules/appium/node_modules/asyncbox/build/lib/asyncbox.js:174:24)
    at async waitForCondition (/opt/homebrew/lib/node_modules/appium/node_modules/asyncbox/build/lib/asyncbox.js:192:12)
    at async AndroidUiautomator2Driver.implicitWaitForCondition (/opt/homebrew/lib/node_modules/appium/node_modules/@appium/base-driver/build/lib/basedriver/commands/timeout.js:99:16)
    at async AndroidUiautomator2Driver.findElOrEls (/Users/vc.rajdeep.kumar/.appium/node_modules/appium-uiautomator2-driver/node_modules/appium-android-driver/build/lib/commands/find.js:45:9)
    at async AndroidUiautomator2Driver.findElOrElsWithProcessing (/opt/homebrew/lib/node_modules/appium/node_modules/@appium/base-driver/build/lib/basedriver/commands/find.js:12:16)
    at async AndroidUiautomator2Driver.findElements (/opt/homebrew/lib/node_modules/appium/node_modules/@appium/base-driver/build/lib/basedriver/commands/find.js:30:16)
2026-08-17 17:12:57 [ERROR   ] screenshot_utils.py:64 — Screenshot capture failed: Message: 'GET /screenshot' cannot be proxied to UiAutomator2 server because the instrumentation process is not running (probably crashed). Check the server log and/or the logcat output for more details
Stacktrace:
UnknownError: 'GET /screenshot' cannot be proxied to UiAutomator2 server because the instrumentation process is not running (probably crashed). Check the server log and/or the logcat output for more details
    at UIA2Proxy.command (/opt/homebrew/lib/node_modules/appium/node_modules/@appium/base-driver/build/lib/jsonwp-proxy/proxy.js:272:19)
    at process.processTicksAndRejections (node:internal/process/task_queues:104:5)
    at async AndroidUiautomator2Driver.getScreenshot (/Users/vc.rajdeep.kumar/.appium/node_modules/appium-uiautomator2-driver/build/lib/commands/screenshot.js:72:19)
2026-08-17 17:12:57 [ERROR   ] screenshot_utils.py:87 — Page source save failed: Message: 'GET /session/2c86b17d-a0bf-4c36-bb87-3f5f0528e79d/source' cannot be proxied to UiAutomator2 server because the instrumentation process is not running (probably crashed). Check the server log and/or the logcat output for more details
Stacktrace:
InvalidContextError: 'GET /session/2c86b17d-a0bf-4c36-bb87-3f5f0528e79d/source' cannot be proxied to UiAutomator2 server because the instrumentation process is not running (probably crashed). Check the server log and/or the logcat output for more details
    at UIA2Proxy.proxyCommand (/Users/vc.rajdeep.kumar/.appium/node_modules/appium-uiautomator2-driver/build/lib/uiautomator2.js:32:19)
    at UIA2Proxy.proxyReqRes (/opt/homebrew/lib/node_modules/appium/node_modules/@appium/base-driver/build/lib/jsonwp-proxy/proxy.js:325:49)
    at runCommandPromise (/opt/homebrew/lib/node_modules/appium/node_modules/@appium/base-driver/build/lib/basedriver/driver.js:121:30)
    at /opt/homebrew/lib/node_modules/appium/node_modules/async-lock/lib/index.js:171:12
    at AsyncLock._promiseTry (/opt/homebrew/lib/node_modules/appium/node_modules/async-lock/lib/index.js:306:31)
    at exec (/opt/homebrew/lib/node_modules/appium/node_modules/async-lock/lib/index.js:170:9)
    at AsyncLock.acquire (/opt/homebrew/lib/node_modules/appium/node_modules/async-lock/lib/index.js:189:3)
    at AndroidUiautomator2Driver.executeCommand (/opt/homebrew/lib/node_modules/appium/node_modules/@appium/base-driver/build/lib/basedriver/driver.js:161:45)
    at process.processTicksAndRejections (node:internal/process/task_queues:104:5)
    at async defaultBehavior (/opt/homebrew/lib/node_modules/appium/build/lib/appium.js:634:20)
    at async AppiumDriver.executeWrappedCommand (/opt/homebrew/lib/node_modules/appium/build/lib/appium.js:726:22)
    at async AppiumDriver.executeCommand (/opt/homebrew/lib/node_modules/appium/build/lib/appium.js:645:21)
    at async doJwpProxy (/opt/homebrew/lib/node_modules/appium/node_modules/@appium/base-driver/build/lib/protocol/protocol.js:476:9)
    at async asyncHandler (/opt/homebrew/lib/node_modules/appium/node_modules/@appium/base-driver/build/lib/protocol/protocol.js:307:21)
2026-08-17 17:12:57 [WARNING ] login_page.py:158 — Attempt 2 did not reach the login sheet, recovering and retrying...
2026-08-17 17:12:57 [WARNING ] base_page.py:419 — Attempting to recover application state...
2026-08-17 17:13:00 [INFO    ] base_page.py:424 — App recovery attempt completed.
2026-08-17 17:13:02 [ERROR   ] login_page.py:171 — Unable to open profile tab / reach login sheet after 2 attempts
2026-08-17 17:13:02 [ERROR   ] screenshot_utils.py:64 — Screenshot capture failed: Message: 'GET /screenshot' cannot be proxied to UiAutomator2 server because the instrumentation process is not running (probably crashed). Check the server log and/or the logcat output for more details
Stacktrace:
UnknownError: 'GET /screenshot' cannot be proxied to UiAutomator2 server because the instrumentation process is not running (probably crashed). Check the server log and/or the logcat output for more details
    at UIA2Proxy.command (/opt/homebrew/lib/node_modules/appium/node_modules/@appium/base-driver/build/lib/jsonwp-proxy/proxy.js:272:19)
    at process.processTicksAndRejections (node:internal/process/task_queues:104:5)
    at async AndroidUiautomator2Driver.getScreenshot (/Users/vc.rajdeep.kumar/.appium/node_modules/appium-uiautomator2-driver/build/lib/commands/screenshot.js:72:19)
2026-08-17 17:13:02 [ERROR   ] screenshot_utils.py:87 — Page source save failed: Message: 'GET /session/2c86b17d-a0bf-4c36-bb87-3f5f0528e79d/source' cannot be proxied to UiAutomator2 server because the instrumentation process is not running (probably crashed). Check the server log and/or the logcat output for more details
Stacktrace:
InvalidContextError: 'GET /session/2c86b17d-a0bf-4c36-bb87-3f5f0528e79d/source' cannot be proxied to UiAutomator2 server because the instrumentation process is not running (probably crashed). Check the server log and/or the logcat output for more details
    at UIA2Proxy.proxyCommand (/Users/vc.rajdeep.kumar/.appium/node_modules/appium-uiautomator2-driver/build/lib/uiautomator2.js:32:19)
    at UIA2Proxy.proxyReqRes (/opt/homebrew/lib/node_modules/appium/node_modules/@appium/base-driver/build/lib/jsonwp-proxy/proxy.js:325:49)
    at runCommandPromise (/opt/homebrew/lib/node_modules/appium/node_modules/@appium/base-driver/build/lib/basedriver/driver.js:121:30)
    at /opt/homebrew/lib/node_modules/appium/node_modules/async-lock/lib/index.js:171:12
    at AsyncLock._promiseTry (/opt/homebrew/lib/node_modules/appium/node_modules/async-lock/lib/index.js:306:31)
    at exec (/opt/homebrew/lib/node_modules/appium/node_modules/async-lock/lib/index.js:170:9)
    at AsyncLock.acquire (/opt/homebrew/lib/node_modules/appium/node_modules/async-lock/lib/index.js:189:3)
    at AndroidUiautomator2Driver.executeCommand (/opt/homebrew/lib/node_modules/appium/node_modules/@appium/base-driver/build/lib/basedriver/driver.js:161:45)
    at process.processTicksAndRejections (node:internal/process/task_queues:104:5)
    at async defaultBehavior (/opt/homebrew/lib/node_modules/appium/build/lib/appium.js:634:20)
    at async AppiumDriver.executeWrappedCommand (/opt/homebrew/lib/node_modules/appium/build/lib/appium.js:726:22)
    at async AppiumDriver.executeCommand (/opt/homebrew/lib/node_modules/appium/build/lib/appium.js:645:21)
    at async doJwpProxy (/opt/homebrew/lib/node_modules/appium/node_modules/@appium/base-driver/build/lib/protocol/protocol.js:476:9)
    at async asyncHandler (/opt/homebrew/lib/node_modules/appium/node_modules/@appium/base-driver/build/lib/protocol/protocol.js:307:21)
2026-08-17 17:13:02 [WARNING ] base_page.py:255 — Error checking display status for ('-android uiautomator', 'new UiSelector().text("Edit Profile")'): Message: 'POST /element' cannot be proxied to UiAutomator2 server because the instrumentation process is not running (probably crashed). Check the server log and/or the logcat output for more details
Stacktrace:
UnknownError: 'POST /element' cannot be proxied to UiAutomator2 server because the instrumentation process is not running (probably crashed). Check the server log and/or the logcat output for more details
    at UIA2Proxy.command (/opt/homebrew/lib/node_modules/appium/node_modules/@appium/base-driver/build/lib/jsonwp-proxy/proxy.js:272:19)
    at process.processTicksAndRejections (node:internal/process/task_queues:104:5)
    at async AndroidUiautomator2Driver.doFindElementOrEls (/Users/vc.rajdeep.kumar/.appium/node_modules/appium-uiautomator2-driver/build/lib/commands/find.js:24:13)
    at async doFind (/Users/vc.rajdeep.kumar/.appium/node_modules/appium-uiautomator2-driver/node_modules/appium-android-driver/build/lib/commands/find.js:24:23)
    at async wrappedCondFn (/opt/homebrew/lib/node_modules/appium/node_modules/@appium/base-driver/build/lib/basedriver/commands/timeout.js:97:20)
    at async spin (/opt/homebrew/lib/node_modules/appium/node_modules/asyncbox/build/lib/asyncbox.js:174:24)
    at async waitForCondition (/opt/homebrew/lib/node_modules/appium/node_modules/asyncbox/build/lib/asyncbox.js:192:12)
    at async AndroidUiautomator2Driver.implicitWaitForCondition (/opt/homebrew/lib/node_modules/appium/node_modules/@appium/base-driver/build/lib/basedriver/commands/timeout.js:99:16)
    at async AndroidUiautomator2Driver.findElOrEls (/Users/vc.rajdeep.kumar/.appium/node_modules/appium-uiautomator2-driver/node_modules/appium-android-driver/build/lib/commands/find.js:45:9)
    at async AndroidUiautomator2Driver.findElOrElsWithProcessing (/opt/homebrew/lib/node_modules/appium/node_modules/@appium/base-driver/build/lib/basedriver/commands/find.js:12:16)
    at async AndroidUiautomator2Driver.findElement (/opt/homebrew/lib/node_modules/appium/node_modules/@appium/base-driver/build/lib/basedriver/commands/find.js:27:16)
2026-08-17 17:13:02 [WARNING ] base_page.py:255 — Error checking display status for ('id', 'com.zee5.hipi:id/exo_content_frame'): Message: 'POST /element' cannot be proxied to UiAutomator2 server because the instrumentation process is not running (probably crashed). Check the server log and/or the logcat output for more details
Stacktrace:
UnknownError: 'POST /element' cannot be proxied to UiAutomator2 server because the instrumentation process is not running (probably crashed). Check the server log and/or the logcat output for more details
    at UIA2Proxy.command (/opt/homebrew/lib/node_modules/appium/node_modules/@appium/base-driver/build/lib/jsonwp-proxy/proxy.js:272:19)
    at process.processTicksAndRejections (node:internal/process/task_queues:104:5)
    at async AndroidUiautomator2Driver.doFindElementOrEls (/Users/vc.rajdeep.kumar/.appium/node_modules/appium-uiautomator2-driver/build/lib/commands/find.js:24:13)
    at async doFind (/Users/vc.rajdeep.kumar/.appium/node_modules/appium-uiautomator2-driver/node_modules/appium-android-driver/build/lib/commands/find.js:24:23)
    at async wrappedCondFn (/opt/homebrew/lib/node_modules/appium/node_modules/@appium/base-driver/build/lib/basedriver/commands/timeout.js:97:20)
    at async spin (/opt/homebrew/lib/node_modules/appium/node_modules/asyncbox/build/lib/asyncbox.js:174:24)
    at async waitForCondition (/opt/homebrew/lib/node_modules/appium/node_modules/asyncbox/build/lib/asyncbox.js:192:12)
    at async AndroidUiautomator2Driver.implicitWaitForCondition (/opt/homebrew/lib/node_modules/appium/node_modules/@appium/base-driver/build/lib/basedriver/commands/timeout.js:99:16)
    at async AndroidUiautomator2Driver.findElOrEls (/Users/vc.rajdeep.kumar/.appium/node_modules/appium-uiautomator2-driver/node_modules/appium-android-driver/build/lib/commands/find.js:45:9)
    at async AndroidUiautomator2Driver.findElOrElsWithProcessing (/opt/homebrew/lib/node_modules/appium/node_modules/@appium/base-driver/build/lib/basedriver/commands/find.js:12:16)
    at async AndroidUiautomator2Driver.findElement (/opt/homebrew/lib/node_modules/appium/node_modules/@appium/base-driver/build/lib/basedriver/commands/find.js:27:16)
2026-08-17 17:13:02 [ERROR   ] login_page.py:733 — Login flow failed: Unable to open profile tab / reach login sheet after 2 attempts
2026-08-17 17:13:02 [ERROR   ] screenshot_utils.py:64 — Screenshot capture failed: Message: 'GET /screenshot' cannot be proxied to UiAutomator2 server because the instrumentation process is not running (probably crashed). Check the server log and/or the logcat output for more details
Stacktrace:
UnknownError: 'GET /screenshot' cannot be proxied to UiAutomator2 server because the instrumentation process is not running (probably crashed). Check the server log and/or the logcat output for more details
    at UIA2Proxy.command (/opt/homebrew/lib/node_modules/appium/node_modules/@appium/base-driver/build/lib/jsonwp-proxy/proxy.js:272:19)
    at process.processTicksAndRejections (node:internal/process/task_queues:104:5)
    at async AndroidUiautomator2Driver.getScreenshot (/Users/vc.rajdeep.kumar/.appium/node_modules/appium-uiautomator2-driver/build/lib/commands/screenshot.js:72:19)
2026-08-17 17:13:02 [ERROR   ] screenshot_utils.py:87 — Page source save failed: Message: 'GET /session/2c86b17d-a0bf-4c36-bb87-3f5f0528e79d/source' cannot be proxied to UiAutomator2 server because the instrumentation process is not running (probably crashed). Check the server log and/or the logcat output for more details
Stacktrace:
InvalidContextError: 'GET /session/2c86b17d-a0bf-4c36-bb87-3f5f0528e79d/source' cannot be proxied to UiAutomator2 server because the instrumentation process is not running (probably crashed). Check the server log and/or the logcat output for more details
    at UIA2Proxy.proxyCommand (/Users/vc.rajdeep.kumar/.appium/node_modules/appium-uiautomator2-driver/build/lib/uiautomator2.js:32:19)
    at UIA2Proxy.proxyReqRes (/opt/homebrew/lib/node_modules/appium/node_modules/@appium/base-driver/build/lib/jsonwp-proxy/proxy.js:325:49)
    at runCommandPromise (/opt/homebrew/lib/node_modules/appium/node_modules/@appium/base-driver/build/lib/basedriver/driver.js:121:30)
    at /opt/homebrew/lib/node_modules/appium/node_modules/async-lock/lib/index.js:171:12
    at AsyncLock._promiseTry (/opt/homebrew/lib/node_modules/appium/node_modules/async-lock/lib/index.js:306:31)
    at exec (/opt/homebrew/lib/node_modules/appium/node_modules/async-lock/lib/index.js:170:9)
    at AsyncLock.acquire (/opt/homebrew/lib/node_modules/appium/node_modules/async-lock/lib/index.js:189:3)
    at AndroidUiautomator2Driver.executeCommand (/opt/homebrew/lib/node_modules/appium/node_modules/@appium/base-driver/build/lib/basedriver/driver.js:161:45)
    at process.processTicksAndRejections (node:internal/process/task_queues:104:5)
    at async defaultBehavior (/opt/homebrew/lib/node_modules/appium/build/lib/appium.js:634:20)
    at async AppiumDriver.executeWrappedCommand (/opt/homebrew/lib/node_modules/appium/build/lib/appium.js:726:22)
    at async AppiumDriver.executeCommand (/opt/homebrew/lib/node_modules/appium/build/lib/appium.js:645:21)
    at async doJwpProxy (/opt/homebrew/lib/node_modules/appium/node_modules/@appium/base-driver/build/lib/protocol/protocol.js:476:9)
    at async asyncHandler (/opt/homebrew/lib/node_modules/appium/node_modules/@appium/base-driver/build/lib/protocol/protocol.js:307:21)
2026-08-17 17:13:02 [ERROR   ] screenshot_utils.py:64 — Screenshot capture failed: Message: 'GET /screenshot' cannot be proxied to UiAutomator2 server because the instrumentation process is not running (probably crashed). Check the server log and/or the logcat output for more details
Stacktrace:
UnknownError: 'GET /screenshot' cannot be proxied to UiAutomator2 server because the instrumentation process is not running (probably crashed). Check the server log and/or the logcat output for more details
    at UIA2Proxy.command (/opt/homebrew/lib/node_modules/appium/node_modules/@appium/base-driver/build/lib/jsonwp-proxy/proxy.js:272:19)
    at process.processTicksAndRejections (node:internal/process/task_queues:104:5)
    at async AndroidUiautomator2Driver.getScreenshot (/Users/vc.rajdeep.kumar/.appium/node_modules/appium-uiautomator2-driver/build/lib/commands/screenshot.js:72:19)
2026-08-17 17:13:02 [ERROR   ] screenshot_utils.py:87 — Page source save failed: Message: 'GET /session/2c86b17d-a0bf-4c36-bb87-3f5f0528e79d/source' cannot be proxied to UiAutomator2 server because the instrumentation process is not running (probably crashed). Check the server log and/or the logcat output for more details
Stacktrace:
InvalidContextError: 'GET /session/2c86b17d-a0bf-4c36-bb87-3f5f0528e79d/source' cannot be proxied to UiAutomator2 server because the instrumentation process is not running (probably crashed). Check the server log and/or the logcat output for more details
    at UIA2Proxy.proxyCommand (/Users/vc.rajdeep.kumar/.appium/node_modules/appium-uiautomator2-driver/build/lib/uiautomator2.js:32:19)
    at UIA2Proxy.proxyReqRes (/opt/homebrew/lib/node_modules/appium/node_modules/@appium/base-driver/build/lib/jsonwp-proxy/proxy.js:325:49)
    at runCommandPromise (/opt/homebrew/lib/node_modules/appium/node_modules/@appium/base-driver/build/lib/basedriver/driver.js:121:30)
    at /opt/homebrew/lib/node_modules/appium/node_modules/async-lock/lib/index.js:171:12
    at AsyncLock._promiseTry (/opt/homebrew/lib/node_modules/appium/node_modules/async-lock/lib/index.js:306:31)
    at exec (/opt/homebrew/lib/node_modules/appium/node_modules/async-lock/lib/index.js:170:9)
    at AsyncLock.acquire (/opt/homebrew/lib/node_modules/appium/node_modules/async-lock/lib/index.js:189:3)
    at AndroidUiautomator2Driver.executeCommand (/opt/homebrew/lib/node_modules/appium/node_modules/@appium/base-driver/build/lib/basedriver/driver.js:161:45)
    at process.processTicksAndRejections (node:internal/process/task_queues:104:5)
    at async defaultBehavior (/opt/homebrew/lib/node_modules/appium/build/lib/appium.js:634:20)
    at async AppiumDriver.executeWrappedCommand (/opt/homebrew/lib/node_modules/appium/build/lib/appium.js:726:22)
    at async AppiumDriver.executeCommand (/opt/homebrew/lib/node_modules/appium/build/lib/appium.js:645:21)
    at async doJwpProxy (/opt/homebrew/lib/node_modules/appium/node_modules/@appium/base-driver/build/lib/protocol/protocol.js:476:9)
    at async asyncHandler (/opt/homebrew/lib/node_modules/appium/node_modules/@appium/base-driver/build/lib/protocol/protocol.js:307:21)
2026-08-17 17:13:02 [ERROR   ] conftest.py:468 — Test FAILED: test_open_and_close_comment_sheet
2026-08-17 17:13:02 [INFO    ] base_test.py:137 — BaseFeedTest setup completed (session-scoped, already logged in).
2026-08-17 17:13:02 [INFO    ] base_test.py:151 — login_and_reach_feed: START (session-scoped)
2026-08-17 17:13:02 [INFO    ] login_page.py:556 — Validating home page
2026-08-17 17:13:02 [WARNING ] base_page.py:255 — Error checking display status for ('id', 'com.zee5.hipi:id/exo_content_frame'): Message: 'POST /element' cannot be proxied to UiAutomator2 server because the instrumentation process is not running (probably crashed). Check the server log and/or the logcat output for more details
Stacktrace:
UnknownError: 'POST /element' cannot be proxied to UiAutomator2 server because the instrumentation process is not running (probably crashed). Check the server log and/or the logcat output for more details
    at UIA2Proxy.command (/opt/homebrew/lib/node_modules/appium/node_modules/@appium/base-driver/build/lib/jsonwp-proxy/proxy.js:272:19)
    at process.processTicksAndRejections (node:internal/process/task_queues:104:5)
    at async AndroidUiautomator2Driver.doFindElementOrEls (/Users/vc.rajdeep.kumar/.appium/node_modules/appium-uiautomator2-driver/build/lib/commands/find.js:24:13)
    at async doFind (/Users/vc.rajdeep.kumar/.appium/node_modules/appium-uiautomator2-driver/node_modules/appium-android-driver/build/lib/commands/find.js:24:23)
    at async wrappedCondFn (/opt/homebrew/lib/node_modules/appium/node_modules/@appium/base-driver/build/lib/basedriver/commands/timeout.js:97:20)
    at async spin (/opt/homebrew/lib/node_modules/appium/node_modules/asyncbox/build/lib/asyncbox.js:174:24)
    at async waitForCondition (/opt/homebrew/lib/node_modules/appium/node_modules/asyncbox/build/lib/asyncbox.js:192:12)
    at async AndroidUiautomator2Driver.implicitWaitForCondition (/opt/homebrew/lib/node_modules/appium/node_modules/@appium/base-driver/build/lib/basedriver/commands/timeout.js:99:16)
    at async AndroidUiautomator2Driver.findElOrEls (/Users/vc.rajdeep.kumar/.appium/node_modules/appium-uiautomator2-driver/node_modules/appium-android-driver/build/lib/commands/find.js:45:9)
    at async AndroidUiautomator2Driver.findElOrElsWithProcessing (/opt/homebrew/lib/node_modules/appium/node_modules/@appium/base-driver/build/lib/basedriver/commands/find.js:12:16)
    at async AndroidUiautomator2Driver.findElement (/opt/homebrew/lib/node_modules/appium/node_modules/@appium/base-driver/build/lib/basedriver/commands/find.js:27:16)
2026-08-17 17:13:02 [WARNING ] login_page.py:568 — Home page not displayed within timeout
2026-08-17 17:13:02 [WARNING ] base_test.py:158 — Session-scoped driver is not on the home feed — logging in again.
2026-08-17 17:13:02 [INFO    ] base_test.py:39 — Logging in as default test user.
2026-08-17 17:13:02 [INFO    ] login_page.py:599 — ========== LOGIN FLOW START ==========
2026-08-17 17:13:03 [INFO    ] login_page.py:43 — Opening profile tab
2026-08-17 17:13:04 [INFO    ] login_page.py:53 — Profile tab open attempt 1/2
2026-08-17 17:13:04 [ERROR   ] base_page.py:182 — Fatal session error clicking ('xpath', "//android.view.View[@clickable='true'][.//android.widget.TextView[@text='Profile']]") — session is dead, not retrying: Message: 'POST /element' cannot be proxied to UiAutomator2 server because the instrumentation process is not running (probably crashed). Check the server log and/or the logcat output for more details
Stacktrace:
UnknownError: 'POST /element' cannot be proxied to UiAutomator2 server because the instrumentation process is not running (probably crashed). Check the server log and/or the logcat output for more details
    at UIA2Proxy.command (/opt/homebrew/lib/node_modules/appium/node_modules/@appium/base-driver/build/lib/jsonwp-proxy/proxy.js:272:19)
    at process.processTicksAndRejections (node:internal/process/task_queues:104:5)
    at async AndroidUiautomator2Driver.doFindElementOrEls (/Users/vc.rajdeep.kumar/.appium/node_modules/appium-uiautomator2-driver/build/lib/commands/find.js:24:13)
    at async doFind (/Users/vc.rajdeep.kumar/.appium/node_modules/appium-uiautomator2-driver/node_modules/appium-android-driver/build/lib/commands/find.js:24:23)
    at async wrappedCondFn (/opt/homebrew/lib/node_modules/appium/node_modules/@appium/base-driver/build/lib/basedriver/commands/timeout.js:97:20)
    at async spin (/opt/homebrew/lib/node_modules/appium/node_modules/asyncbox/build/lib/asyncbox.js:174:24)
    at async waitForCondition (/opt/homebrew/lib/node_modules/appium/node_modules/asyncbox/build/lib/asyncbox.js:192:12)
    at async AndroidUiautomator2Driver.implicitWaitForCondition (/opt/homebrew/lib/node_modules/appium/node_modules/@appium/base-driver/build/lib/basedriver/commands/timeout.js:99:16)
    at async AndroidUiautomator2Driver.findElOrEls (/Users/vc.rajdeep.kumar/.appium/node_modules/appium-uiautomator2-driver/node_modules/appium-android-driver/build/lib/commands/find.js:45:9)
    at async AndroidUiautomator2Driver.findElOrElsWithProcessing (/opt/homebrew/lib/node_modules/appium/node_modules/@appium/base-driver/build/lib/basedriver/commands/find.js:12:16)
    at async AndroidUiautomator2Driver.findElement (/opt/homebrew/lib/node_modules/appium/node_modules/@appium/base-driver/build/lib/basedriver/commands/find.js:27:16)
2026-08-17 17:13:04 [WARNING ] login_page.py:98 — Element-based click failed: Session/instrumentation dead while clicking ('xpath', "//android.view.View[@clickable='true'][.//android.widget.TextView[@text='Profile']]"): Message: 'POST /element' cannot be proxied to UiAutomator2 server because the instrumentation process is not running (probably crashed). Check the server log and/or the logcat output for more details
Stacktrace:
UnknownError: 'POST /element' cannot be proxied to UiAutomator2 server because the instrumentation process is not running (probably crashed). Check the server log and/or the logcat output for more details
    at UIA2Proxy.command (/opt/homebrew/lib/node_modules/appium/node_modules/@appium/base-driver/build/lib/jsonwp-proxy/proxy.js:272:19)
    at process.processTicksAndRejections (node:internal/process/task_queues:104:5)
    at async AndroidUiautomator2Driver.doFindElementOrEls (/Users/vc.rajdeep.kumar/.appium/node_modules/appium-uiautomator2-driver/build/lib/commands/find.js:24:13)
    at async doFind (/Users/vc.rajdeep.kumar/.appium/node_modules/appium-uiautomator2-driver/node_modules/appium-android-driver/build/lib/commands/find.js:24:23)
    at async wrappedCondFn (/opt/homebrew/lib/node_modules/appium/node_modules/@appium/base-driver/build/lib/basedriver/commands/timeout.js:97:20)
    at async spin (/opt/homebrew/lib/node_modules/appium/node_modules/asyncbox/build/lib/asyncbox.js:174:24)
    at async waitForCondition (/opt/homebrew/lib/node_modules/appium/node_modules/asyncbox/build/lib/asyncbox.js:192:12)
    at async AndroidUiautomator2Driver.implicitWaitForCondition (/opt/homebrew/lib/node_modules/appium/node_modules/@appium/base-driver/build/lib/basedriver/commands/timeout.js:99:16)
    at async AndroidUiautomator2Driver.findElOrEls (/Users/vc.rajdeep.kumar/.appium/node_modules/appium-uiautomator2-driver/node_modules/appium-android-driver/build/lib/commands/find.js:45:9)
    at async AndroidUiautomator2Driver.findElOrElsWithProcessing (/opt/homebrew/lib/node_modules/appium/node_modules/@appium/base-driver/build/lib/basedriver/commands/find.js:12:16)
    at async AndroidUiautomator2Driver.findElement (/opt/homebrew/lib/node_modules/appium/node_modules/@appium/base-driver/build/lib/basedriver/commands/find.js:27:16)
2026-08-17 17:13:04 [WARNING ] base_page.py:255 — Error checking display status for ('-android uiautomator', 'new UiSelector().text("Edit Profile")'): Message: 'POST /element' cannot be proxied to UiAutomator2 server because the instrumentation process is not running (probably crashed). Check the server log and/or the logcat output for more details
Stacktrace:
UnknownError: 'POST /element' cannot be proxied to UiAutomator2 server because the instrumentation process is not running (probably crashed). Check the server log and/or the logcat output for more details
    at UIA2Proxy.command (/opt/homebrew/lib/node_modules/appium/node_modules/@appium/base-driver/build/lib/jsonwp-proxy/proxy.js:272:19)
    at process.processTicksAndRejections (node:internal/process/task_queues:104:5)
    at async AndroidUiautomator2Driver.doFindElementOrEls (/Users/vc.rajdeep.kumar/.appium/node_modules/appium-uiautomator2-driver/build/lib/commands/find.js:24:13)
    at async doFind (/Users/vc.rajdeep.kumar/.appium/node_modules/appium-uiautomator2-driver/node_modules/appium-android-driver/build/lib/commands/find.js:24:23)
    at async wrappedCondFn (/opt/homebrew/lib/node_modules/appium/node_modules/@appium/base-driver/build/lib/basedriver/commands/timeout.js:97:20)
    at async spin (/opt/homebrew/lib/node_modules/appium/node_modules/asyncbox/build/lib/asyncbox.js:174:24)
    at async waitForCondition (/opt/homebrew/lib/node_modules/appium/node_modules/asyncbox/build/lib/asyncbox.js:192:12)
    at async AndroidUiautomator2Driver.implicitWaitForCondition (/opt/homebrew/lib/node_modules/appium/node_modules/@appium/base-driver/build/lib/basedriver/commands/timeout.js:99:16)
    at async AndroidUiautomator2Driver.findElOrEls (/Users/vc.rajdeep.kumar/.appium/node_modules/appium-uiautomator2-driver/node_modules/appium-android-driver/build/lib/commands/find.js:45:9)
    at async AndroidUiautomator2Driver.findElOrElsWithProcessing (/opt/homebrew/lib/node_modules/appium/node_modules/@appium/base-driver/build/lib/basedriver/commands/find.js:12:16)
    at async AndroidUiautomator2Driver.findElement (/opt/homebrew/lib/node_modules/appium/node_modules/@appium/base-driver/build/lib/basedriver/commands/find.js:27:16)
2026-08-17 17:13:04 [WARNING ] base_page.py:255 — Error checking display status for ('id', 'com.zee5.hipi:id/exo_content_frame'): Message: 'POST /element' cannot be proxied to UiAutomator2 server because the instrumentation process is not running (probably crashed). Check the server log and/or the logcat output for more details
Stacktrace:
UnknownError: 'POST /element' cannot be proxied to UiAutomator2 server because the instrumentation process is not running (probably crashed). Check the server log and/or the logcat output for more details
    at UIA2Proxy.command (/opt/homebrew/lib/node_modules/appium/node_modules/@appium/base-driver/build/lib/jsonwp-proxy/proxy.js:272:19)
    at process.processTicksAndRejections (node:internal/process/task_queues:104:5)
    at async AndroidUiautomator2Driver.doFindElementOrEls (/Users/vc.rajdeep.kumar/.appium/node_modules/appium-uiautomator2-driver/build/lib/commands/find.js:24:13)
    at async doFind (/Users/vc.rajdeep.kumar/.appium/node_modules/appium-uiautomator2-driver/node_modules/appium-android-driver/build/lib/commands/find.js:24:23)
    at async wrappedCondFn (/opt/homebrew/lib/node_modules/appium/node_modules/@appium/base-driver/build/lib/basedriver/commands/timeout.js:97:20)
    at async spin (/opt/homebrew/lib/node_modules/appium/node_modules/asyncbox/build/lib/asyncbox.js:174:24)
    at async waitForCondition (/opt/homebrew/lib/node_modules/appium/node_modules/asyncbox/build/lib/asyncbox.js:192:12)
    at async AndroidUiautomator2Driver.implicitWaitForCondition (/opt/homebrew/lib/node_modules/appium/node_modules/@appium/base-driver/build/lib/basedriver/commands/timeout.js:99:16)
    at async AndroidUiautomator2Driver.findElOrEls (/Users/vc.rajdeep.kumar/.appium/node_modules/appium-uiautomator2-driver/node_modules/appium-android-driver/build/lib/commands/find.js:45:9)
    at async AndroidUiautomator2Driver.findElOrElsWithProcessing (/opt/homebrew/lib/node_modules/appium/node_modules/@appium/base-driver/build/lib/basedriver/commands/find.js:12:16)
    at async AndroidUiautomator2Driver.findElement (/opt/homebrew/lib/node_modules/appium/node_modules/@appium/base-driver/build/lib/basedriver/commands/find.js:27:16)
2026-08-17 17:13:04 [WARNING ] login_page.py:135 — Coordinate tap failed: Message: 'GET /window/current/size' cannot be proxied to UiAutomator2 server because the instrumentation process is not running (probably crashed). Check the server log and/or the logcat output for more details
Stacktrace:
UnknownError: 'GET /window/current/size' cannot be proxied to UiAutomator2 server because the instrumentation process is not running (probably crashed). Check the server log and/or the logcat output for more details
    at UIA2Proxy.command (/opt/homebrew/lib/node_modules/appium/node_modules/@appium/base-driver/build/lib/jsonwp-proxy/proxy.js:272:19)
    at process.processTicksAndRejections (node:internal/process/task_queues:104:5)
    at async AndroidUiautomator2Driver.getWindowSize (/Users/vc.rajdeep.kumar/.appium/node_modules/appium-uiautomator2-driver/build/lib/commands/viewport.js:73:13)
    at async AndroidUiautomator2Driver.getWindowRect (/Users/vc.rajdeep.kumar/.appium/node_modules/appium-uiautomator2-driver/build/lib/commands/viewport.js:53:31)
2026-08-17 17:13:10 [ERROR   ] base_page.py:148 — None of the candidate locators became visible within 6s. Candidates: [('-android uiautomator', 'new UiSelector().textContains("Continue")'), ('class name', 'android.widget.EditText')]. Last error: Message: 'POST /elements' cannot be proxied to UiAutomator2 server because the instrumentation process is not running (probably crashed). Check the server log and/or the logcat output for more details
Stacktrace:
UnknownError: 'POST /elements' cannot be proxied to UiAutomator2 server because the instrumentation process is not running (probably crashed). Check the server log and/or the logcat output for more details
    at UIA2Proxy.command (/opt/homebrew/lib/node_modules/appium/node_modules/@appium/base-driver/build/lib/jsonwp-proxy/proxy.js:272:19)
    at process.processTicksAndRejections (node:internal/process/task_queues:104:5)
    at async AndroidUiautomator2Driver.doFindElementOrEls (/Users/vc.rajdeep.kumar/.appium/node_modules/appium-uiautomator2-driver/build/lib/commands/find.js:24:13)
    at async doFind (/Users/vc.rajdeep.kumar/.appium/node_modules/appium-uiautomator2-driver/node_modules/appium-android-driver/build/lib/commands/find.js:24:23)
    at async wrappedCondFn (/opt/homebrew/lib/node_modules/appium/node_modules/@appium/base-driver/build/lib/basedriver/commands/timeout.js:97:20)
    at async spin (/opt/homebrew/lib/node_modules/appium/node_modules/asyncbox/build/lib/asyncbox.js:174:24)
    at async waitForCondition (/opt/homebrew/lib/node_modules/appium/node_modules/asyncbox/build/lib/asyncbox.js:192:12)
    at async AndroidUiautomator2Driver.implicitWaitForCondition (/opt/homebrew/lib/node_modules/appium/node_modules/@appium/base-driver/build/lib/basedriver/commands/timeout.js:99:16)
    at async AndroidUiautomator2Driver.findElOrEls (/Users/vc.rajdeep.kumar/.appium/node_modules/appium-uiautomator2-driver/node_modules/appium-android-driver/build/lib/commands/find.js:45:9)
    at async AndroidUiautomator2Driver.findElOrElsWithProcessing (/opt/homebrew/lib/node_modules/appium/node_modules/@appium/base-driver/build/lib/basedriver/commands/find.js:12:16)
    at async AndroidUiautomator2Driver.findElements (/opt/homebrew/lib/node_modules/appium/node_modules/@appium/base-driver/build/lib/basedriver/commands/find.js:30:16)
2026-08-17 17:13:10 [ERROR   ] screenshot_utils.py:64 — Screenshot capture failed: Message: 'GET /screenshot' cannot be proxied to UiAutomator2 server because the instrumentation process is not running (probably crashed). Check the server log and/or the logcat output for more details
Stacktrace:
UnknownError: 'GET /screenshot' cannot be proxied to UiAutomator2 server because the instrumentation process is not running (probably crashed). Check the server log and/or the logcat output for more details
    at UIA2Proxy.command (/opt/homebrew/lib/node_modules/appium/node_modules/@appium/base-driver/build/lib/jsonwp-proxy/proxy.js:272:19)
    at process.processTicksAndRejections (node:internal/process/task_queues:104:5)
    at async AndroidUiautomator2Driver.getScreenshot (/Users/vc.rajdeep.kumar/.appium/node_modules/appium-uiautomator2-driver/build/lib/commands/screenshot.js:72:19)
2026-08-17 17:13:10 [ERROR   ] screenshot_utils.py:87 — Page source save failed: Message: 'GET /session/2c86b17d-a0bf-4c36-bb87-3f5f0528e79d/source' cannot be proxied to UiAutomator2 server because the instrumentation process is not running (probably crashed). Check the server log and/or the logcat output for more details
Stacktrace:
InvalidContextError: 'GET /session/2c86b17d-a0bf-4c36-bb87-3f5f0528e79d/source' cannot be proxied to UiAutomator2 server because the instrumentation process is not running (probably crashed). Check the server log and/or the logcat output for more details
    at UIA2Proxy.proxyCommand (/Users/vc.rajdeep.kumar/.appium/node_modules/appium-uiautomator2-driver/build/lib/uiautomator2.js:32:19)
    at UIA2Proxy.proxyReqRes (/opt/homebrew/lib/node_modules/appium/node_modules/@appium/base-driver/build/lib/jsonwp-proxy/proxy.js:325:49)
    at runCommandPromise (/opt/homebrew/lib/node_modules/appium/node_modules/@appium/base-driver/build/lib/basedriver/driver.js:121:30)
    at /opt/homebrew/lib/node_modules/appium/node_modules/async-lock/lib/index.js:171:12
    at AsyncLock._promiseTry (/opt/homebrew/lib/node_modules/appium/node_modules/async-lock/lib/index.js:306:31)
    at exec (/opt/homebrew/lib/node_modules/appium/node_modules/async-lock/lib/index.js:170:9)
    at AsyncLock.acquire (/opt/homebrew/lib/node_modules/appium/node_modules/async-lock/lib/index.js:189:3)
    at AndroidUiautomator2Driver.executeCommand (/opt/homebrew/lib/node_modules/appium/node_modules/@appium/base-driver/build/lib/basedriver/driver.js:161:45)
    at process.processTicksAndRejections (node:internal/process/task_queues:104:5)
    at async defaultBehavior (/opt/homebrew/lib/node_modules/appium/build/lib/appium.js:634:20)
    at async AppiumDriver.executeWrappedCommand (/opt/homebrew/lib/node_modules/appium/build/lib/appium.js:726:22)
    at async AppiumDriver.executeCommand (/opt/homebrew/lib/node_modules/appium/build/lib/appium.js:645:21)
    at async doJwpProxy (/opt/homebrew/lib/node_modules/appium/node_modules/@appium/base-driver/build/lib/protocol/protocol.js:476:9)
    at async asyncHandler (/opt/homebrew/lib/node_modules/appium/node_modules/@appium/base-driver/build/lib/protocol/protocol.js:307:21)
2026-08-17 17:13:10 [WARNING ] login_page.py:158 — Attempt 1 did not reach the login sheet, recovering and retrying...
2026-08-17 17:13:10 [WARNING ] base_page.py:419 — Attempting to recover application state...
2026-08-17 17:13:13 [INFO    ] base_page.py:424 — App recovery attempt completed.
2026-08-17 17:13:15 [INFO    ] login_page.py:53 — Profile tab open attempt 2/2
2026-08-17 17:13:15 [ERROR   ] base_page.py:182 — Fatal session error clicking ('xpath', "//android.view.View[@clickable='true'][.//android.widget.TextView[@text='Profile']]") — session is dead, not retrying: Message: 'POST /element' cannot be proxied to UiAutomator2 server because the instrumentation process is not running (probably crashed). Check the server log and/or the logcat output for more details
Stacktrace:
UnknownError: 'POST /element' cannot be proxied to UiAutomator2 server because the instrumentation process is not running (probably crashed). Check the server log and/or the logcat output for more details
    at UIA2Proxy.command (/opt/homebrew/lib/node_modules/appium/node_modules/@appium/base-driver/build/lib/jsonwp-proxy/proxy.js:272:19)
    at process.processTicksAndRejections (node:internal/process/task_queues:104:5)
    at async AndroidUiautomator2Driver.doFindElementOrEls (/Users/vc.rajdeep.kumar/.appium/node_modules/appium-uiautomator2-driver/build/lib/commands/find.js:24:13)
    at async doFind (/Users/vc.rajdeep.kumar/.appium/node_modules/appium-uiautomator2-driver/node_modules/appium-android-driver/build/lib/commands/find.js:24:23)
    at async wrappedCondFn (/opt/homebrew/lib/node_modules/appium/node_modules/@appium/base-driver/build/lib/basedriver/commands/timeout.js:97:20)
    at async spin (/opt/homebrew/lib/node_modules/appium/node_modules/asyncbox/build/lib/asyncbox.js:174:24)
    at async waitForCondition (/opt/homebrew/lib/node_modules/appium/node_modules/asyncbox/build/lib/asyncbox.js:192:12)
    at async AndroidUiautomator2Driver.implicitWaitForCondition (/opt/homebrew/lib/node_modules/appium/node_modules/@appium/base-driver/build/lib/basedriver/commands/timeout.js:99:16)
    at async AndroidUiautomator2Driver.findElOrEls (/Users/vc.rajdeep.kumar/.appium/node_modules/appium-uiautomator2-driver/node_modules/appium-android-driver/build/lib/commands/find.js:45:9)
    at async AndroidUiautomator2Driver.findElOrElsWithProcessing (/opt/homebrew/lib/node_modules/appium/node_modules/@appium/base-driver/build/lib/basedriver/commands/find.js:12:16)
    at async AndroidUiautomator2Driver.findElement (/opt/homebrew/lib/node_modules/appium/node_modules/@appium/base-driver/build/lib/basedriver/commands/find.js:27:16)
2026-08-17 17:13:15 [WARNING ] login_page.py:98 — Element-based click failed: Session/instrumentation dead while clicking ('xpath', "//android.view.View[@clickable='true'][.//android.widget.TextView[@text='Profile']]"): Message: 'POST /element' cannot be proxied to UiAutomator2 server because the instrumentation process is not running (probably crashed). Check the server log and/or the logcat output for more details
Stacktrace:
UnknownError: 'POST /element' cannot be proxied to UiAutomator2 server because the instrumentation process is not running (probably crashed). Check the server log and/or the logcat output for more details
    at UIA2Proxy.command (/opt/homebrew/lib/node_modules/appium/node_modules/@appium/base-driver/build/lib/jsonwp-proxy/proxy.js:272:19)
    at process.processTicksAndRejections (node:internal/process/task_queues:104:5)
    at async AndroidUiautomator2Driver.doFindElementOrEls (/Users/vc.rajdeep.kumar/.appium/node_modules/appium-uiautomator2-driver/build/lib/commands/find.js:24:13)
    at async doFind (/Users/vc.rajdeep.kumar/.appium/node_modules/appium-uiautomator2-driver/node_modules/appium-android-driver/build/lib/commands/find.js:24:23)
    at async wrappedCondFn (/opt/homebrew/lib/node_modules/appium/node_modules/@appium/base-driver/build/lib/basedriver/commands/timeout.js:97:20)
    at async spin (/opt/homebrew/lib/node_modules/appium/node_modules/asyncbox/build/lib/asyncbox.js:174:24)
    at async waitForCondition (/opt/homebrew/lib/node_modules/appium/node_modules/asyncbox/build/lib/asyncbox.js:192:12)
    at async AndroidUiautomator2Driver.implicitWaitForCondition (/opt/homebrew/lib/node_modules/appium/node_modules/@appium/base-driver/build/lib/basedriver/commands/timeout.js:99:16)
    at async AndroidUiautomator2Driver.findElOrEls (/Users/vc.rajdeep.kumar/.appium/node_modules/appium-uiautomator2-driver/node_modules/appium-android-driver/build/lib/commands/find.js:45:9)
    at async AndroidUiautomator2Driver.findElOrElsWithProcessing (/opt/homebrew/lib/node_modules/appium/node_modules/@appium/base-driver/build/lib/basedriver/commands/find.js:12:16)
    at async AndroidUiautomator2Driver.findElement (/opt/homebrew/lib/node_modules/appium/node_modules/@appium/base-driver/build/lib/basedriver/commands/find.js:27:16)
2026-08-17 17:13:16 [WARNING ] base_page.py:255 — Error checking display status for ('-android uiautomator', 'new UiSelector().text("Edit Profile")'): Message: 'POST /element' cannot be proxied to UiAutomator2 server because the instrumentation process is not running (probably crashed). Check the server log and/or the logcat output for more details
Stacktrace:
UnknownError: 'POST /element' cannot be proxied to UiAutomator2 server because the instrumentation process is not running (probably crashed). Check the server log and/or the logcat output for more details
    at UIA2Proxy.command (/opt/homebrew/lib/node_modules/appium/node_modules/@appium/base-driver/build/lib/jsonwp-proxy/proxy.js:272:19)
    at process.processTicksAndRejections (node:internal/process/task_queues:104:5)
    at async AndroidUiautomator2Driver.doFindElementOrEls (/Users/vc.rajdeep.kumar/.appium/node_modules/appium-uiautomator2-driver/build/lib/commands/find.js:24:13)
    at async doFind (/Users/vc.rajdeep.kumar/.appium/node_modules/appium-uiautomator2-driver/node_modules/appium-android-driver/build/lib/commands/find.js:24:23)
    at async wrappedCondFn (/opt/homebrew/lib/node_modules/appium/node_modules/@appium/base-driver/build/lib/basedriver/commands/timeout.js:97:20)
    at async spin (/opt/homebrew/lib/node_modules/appium/node_modules/asyncbox/build/lib/asyncbox.js:174:24)
    at async waitForCondition (/opt/homebrew/lib/node_modules/appium/node_modules/asyncbox/build/lib/asyncbox.js:192:12)
    at async AndroidUiautomator2Driver.implicitWaitForCondition (/opt/homebrew/lib/node_modules/appium/node_modules/@appium/base-driver/build/lib/basedriver/commands/timeout.js:99:16)
    at async AndroidUiautomator2Driver.findElOrEls (/Users/vc.rajdeep.kumar/.appium/node_modules/appium-uiautomator2-driver/node_modules/appium-android-driver/build/lib/commands/find.js:45:9)
    at async AndroidUiautomator2Driver.findElOrElsWithProcessing (/opt/homebrew/lib/node_modules/appium/node_modules/@appium/base-driver/build/lib/basedriver/commands/find.js:12:16)
    at async AndroidUiautomator2Driver.findElement (/opt/homebrew/lib/node_modules/appium/node_modules/@appium/base-driver/build/lib/basedriver/commands/find.js:27:16)
2026-08-17 17:13:16 [WARNING ] base_page.py:255 — Error checking display status for ('id', 'com.zee5.hipi:id/exo_content_frame'): Message: 'POST /element' cannot be proxied to UiAutomator2 server because the instrumentation process is not running (probably crashed). Check the server log and/or the logcat output for more details
Stacktrace:
UnknownError: 'POST /element' cannot be proxied to UiAutomator2 server because the instrumentation process is not running (probably crashed). Check the server log and/or the logcat output for more details
    at UIA2Proxy.command (/opt/homebrew/lib/node_modules/appium/node_modules/@appium/base-driver/build/lib/jsonwp-proxy/proxy.js:272:19)
    at process.processTicksAndRejections (node:internal/process/task_queues:104:5)
    at async AndroidUiautomator2Driver.doFindElementOrEls (/Users/vc.rajdeep.kumar/.appium/node_modules/appium-uiautomator2-driver/build/lib/commands/find.js:24:13)
    at async doFind (/Users/vc.rajdeep.kumar/.appium/node_modules/appium-uiautomator2-driver/node_modules/appium-android-driver/build/lib/commands/find.js:24:23)
    at async wrappedCondFn (/opt/homebrew/lib/node_modules/appium/node_modules/@appium/base-driver/build/lib/basedriver/commands/timeout.js:97:20)
    at async spin (/opt/homebrew/lib/node_modules/appium/node_modules/asyncbox/build/lib/asyncbox.js:174:24)
    at async waitForCondition (/opt/homebrew/lib/node_modules/appium/node_modules/asyncbox/build/lib/asyncbox.js:192:12)
    at async AndroidUiautomator2Driver.implicitWaitForCondition (/opt/homebrew/lib/node_modules/appium/node_modules/@appium/base-driver/build/lib/basedriver/commands/timeout.js:99:16)
    at async AndroidUiautomator2Driver.findElOrEls (/Users/vc.rajdeep.kumar/.appium/node_modules/appium-uiautomator2-driver/node_modules/appium-android-driver/build/lib/commands/find.js:45:9)
    at async AndroidUiautomator2Driver.findElOrElsWithProcessing (/opt/homebrew/lib/node_modules/appium/node_modules/@appium/base-driver/build/lib/basedriver/commands/find.js:12:16)
    at async AndroidUiautomator2Driver.findElement (/opt/homebrew/lib/node_modules/appium/node_modules/@appium/base-driver/build/lib/basedriver/commands/find.js:27:16)
2026-08-17 17:13:16 [WARNING ] login_page.py:135 — Coordinate tap failed: Message: 'GET /window/current/size' cannot be proxied to UiAutomator2 server because the instrumentation process is not running (probably crashed). Check the server log and/or the logcat output for more details
Stacktrace:
UnknownError: 'GET /window/current/size' cannot be proxied to UiAutomator2 server because the instrumentation process is not running (probably crashed). Check the server log and/or the logcat output for more details
    at UIA2Proxy.command (/opt/homebrew/lib/node_modules/appium/node_modules/@appium/base-driver/build/lib/jsonwp-proxy/proxy.js:272:19)
    at process.processTicksAndRejections (node:internal/process/task_queues:104:5)
    at async AndroidUiautomator2Driver.getWindowSize (/Users/vc.rajdeep.kumar/.appium/node_modules/appium-uiautomator2-driver/build/lib/commands/viewport.js:73:13)
    at async AndroidUiautomator2Driver.getWindowRect (/Users/vc.rajdeep.kumar/.appium/node_modules/appium-uiautomator2-driver/build/lib/commands/viewport.js:53:31)
2026-08-17 17:13:22 [ERROR   ] base_page.py:148 — None of the candidate locators became visible within 6s. Candidates: [('-android uiautomator', 'new UiSelector().textContains("Continue")'), ('class name', 'android.widget.EditText')]. Last error: Message: 'POST /elements' cannot be proxied to UiAutomator2 server because the instrumentation process is not running (probably crashed). Check the server log and/or the logcat output for more details
Stacktrace:
UnknownError: 'POST /elements' cannot be proxied to UiAutomator2 server because the instrumentation process is not running (probably crashed). Check the server log and/or the logcat output for more details
    at UIA2Proxy.command (/opt/homebrew/lib/node_modules/appium/node_modules/@appium/base-driver/build/lib/jsonwp-proxy/proxy.js:272:19)
    at process.processTicksAndRejections (node:internal/process/task_queues:104:5)
    at async AndroidUiautomator2Driver.doFindElementOrEls (/Users/vc.rajdeep.kumar/.appium/node_modules/appium-uiautomator2-driver/build/lib/commands/find.js:24:13)
    at async doFind (/Users/vc.rajdeep.kumar/.appium/node_modules/appium-uiautomator2-driver/node_modules/appium-android-driver/build/lib/commands/find.js:24:23)
    at async wrappedCondFn (/opt/homebrew/lib/node_modules/appium/node_modules/@appium/base-driver/build/lib/basedriver/commands/timeout.js:97:20)
    at async spin (/opt/homebrew/lib/node_modules/appium/node_modules/asyncbox/build/lib/asyncbox.js:174:24)
    at async waitForCondition (/opt/homebrew/lib/node_modules/appium/node_modules/asyncbox/build/lib/asyncbox.js:192:12)
    at async AndroidUiautomator2Driver.implicitWaitForCondition (/opt/homebrew/lib/node_modules/appium/node_modules/@appium/base-driver/build/lib/basedriver/commands/timeout.js:99:16)
    at async AndroidUiautomator2Driver.findElOrEls (/Users/vc.rajdeep.kumar/.appium/node_modules/appium-uiautomator2-driver/node_modules/appium-android-driver/build/lib/commands/find.js:45:9)
    at async AndroidUiautomator2Driver.findElOrElsWithProcessing (/opt/homebrew/lib/node_modules/appium/node_modules/@appium/base-driver/build/lib/basedriver/commands/find.js:12:16)
    at async AndroidUiautomator2Driver.findElements (/opt/homebrew/lib/node_modules/appium/node_modules/@appium/base-driver/build/lib/basedriver/commands/find.js:30:16)
2026-08-17 17:13:22 [ERROR   ] screenshot_utils.py:64 — Screenshot capture failed: Message: 'GET /screenshot' cannot be proxied to UiAutomator2 server because the instrumentation process is not running (probably crashed). Check the server log and/or the logcat output for more details
Stacktrace:
UnknownError: 'GET /screenshot' cannot be proxied to UiAutomator2 server because the instrumentation process is not running (probably crashed). Check the server log and/or the logcat output for more details
    at UIA2Proxy.command (/opt/homebrew/lib/node_modules/appium/node_modules/@appium/base-driver/build/lib/jsonwp-proxy/proxy.js:272:19)
    at process.processTicksAndRejections (node:internal/process/task_queues:104:5)
    at async AndroidUiautomator2Driver.getScreenshot (/Users/vc.rajdeep.kumar/.appium/node_modules/appium-uiautomator2-driver/build/lib/commands/screenshot.js:72:19)
2026-08-17 17:13:22 [ERROR   ] screenshot_utils.py:87 — Page source save failed: Message: 'GET /session/2c86b17d-a0bf-4c36-bb87-3f5f0528e79d/source' cannot be proxied to UiAutomator2 server because the instrumentation process is not running (probably crashed). Check the server log and/or the logcat output for more details
Stacktrace:
InvalidContextError: 'GET /session/2c86b17d-a0bf-4c36-bb87-3f5f0528e79d/source' cannot be proxied to UiAutomator2 server because the instrumentation process is not running (probably crashed). Check the server log and/or the logcat output for more details
    at UIA2Proxy.proxyCommand (/Users/vc.rajdeep.kumar/.appium/node_modules/appium-uiautomator2-driver/build/lib/uiautomator2.js:32:19)
    at UIA2Proxy.proxyReqRes (/opt/homebrew/lib/node_modules/appium/node_modules/@appium/base-driver/build/lib/jsonwp-proxy/proxy.js:325:49)
    at runCommandPromise (/opt/homebrew/lib/node_modules/appium/node_modules/@appium/base-driver/build/lib/basedriver/driver.js:121:30)
    at /opt/homebrew/lib/node_modules/appium/node_modules/async-lock/lib/index.js:171:12
    at AsyncLock._promiseTry (/opt/homebrew/lib/node_modules/appium/node_modules/async-lock/lib/index.js:306:31)
    at exec (/opt/homebrew/lib/node_modules/appium/node_modules/async-lock/lib/index.js:170:9)
    at AsyncLock.acquire (/opt/homebrew/lib/node_modules/appium/node_modules/async-lock/lib/index.js:189:3)
    at AndroidUiautomator2Driver.executeCommand (/opt/homebrew/lib/node_modules/appium/node_modules/@appium/base-driver/build/lib/basedriver/driver.js:161:45)
    at process.processTicksAndRejections (node:internal/process/task_queues:104:5)
    at async defaultBehavior (/opt/homebrew/lib/node_modules/appium/build/lib/appium.js:634:20)
    at async AppiumDriver.executeWrappedCommand (/opt/homebrew/lib/node_modules/appium/build/lib/appium.js:726:22)
    at async AppiumDriver.executeCommand (/opt/homebrew/lib/node_modules/appium/build/lib/appium.js:645:21)
    at async doJwpProxy (/opt/homebrew/lib/node_modules/appium/node_modules/@appium/base-driver/build/lib/protocol/protocol.js:476:9)
    at async asyncHandler (/opt/homebrew/lib/node_modules/appium/node_modules/@appium/base-driver/build/lib/protocol/protocol.js:307:21)
2026-08-17 17:13:22 [WARNING ] login_page.py:158 — Attempt 2 did not reach the login sheet, recovering and retrying...
2026-08-17 17:13:22 [WARNING ] base_page.py:419 — Attempting to recover application state...
2026-08-17 17:13:25 [INFO    ] base_page.py:424 — App recovery attempt completed.
2026-08-17 17:13:27 [ERROR   ] login_page.py:171 — Unable to open profile tab / reach login sheet after 2 attempts
2026-08-17 17:13:27 [ERROR   ] screenshot_utils.py:64 — Screenshot capture failed: Message: 'GET /screenshot' cannot be proxied to UiAutomator2 server because the instrumentation process is not running (probably crashed). Check the server log and/or the logcat output for more details
Stacktrace:
UnknownError: 'GET /screenshot' cannot be proxied to UiAutomator2 server because the instrumentation process is not running (probably crashed). Check the server log and/or the logcat output for more details
    at UIA2Proxy.command (/opt/homebrew/lib/node_modules/appium/node_modules/@appium/base-driver/build/lib/jsonwp-proxy/proxy.js:272:19)
    at process.processTicksAndRejections (node:internal/process/task_queues:104:5)
    at async AndroidUiautomator2Driver.getScreenshot (/Users/vc.rajdeep.kumar/.appium/node_modules/appium-uiautomator2-driver/build/lib/commands/screenshot.js:72:19)
2026-08-17 17:13:27 [ERROR   ] screenshot_utils.py:87 — Page source save failed: Message: 'GET /session/2c86b17d-a0bf-4c36-bb87-3f5f0528e79d/source' cannot be proxied to UiAutomator2 server because the instrumentation process is not running (probably crashed). Check the server log and/or the logcat output for more details
Stacktrace:
InvalidContextError: 'GET /session/2c86b17d-a0bf-4c36-bb87-3f5f0528e79d/source' cannot be proxied to UiAutomator2 server because the instrumentation process is not running (probably crashed). Check the server log and/or the logcat output for more details
    at UIA2Proxy.proxyCommand (/Users/vc.rajdeep.kumar/.appium/node_modules/appium-uiautomator2-driver/build/lib/uiautomator2.js:32:19)
    at UIA2Proxy.proxyReqRes (/opt/homebrew/lib/node_modules/appium/node_modules/@appium/base-driver/build/lib/jsonwp-proxy/proxy.js:325:49)
    at runCommandPromise (/opt/homebrew/lib/node_modules/appium/node_modules/@appium/base-driver/build/lib/basedriver/driver.js:121:30)
    at /opt/homebrew/lib/node_modules/appium/node_modules/async-lock/lib/index.js:171:12
    at AsyncLock._promiseTry (/opt/homebrew/lib/node_modules/appium/node_modules/async-lock/lib/index.js:306:31)
    at exec (/opt/homebrew/lib/node_modules/appium/node_modules/async-lock/lib/index.js:170:9)
    at AsyncLock.acquire (/opt/homebrew/lib/node_modules/appium/node_modules/async-lock/lib/index.js:189:3)
    at AndroidUiautomator2Driver.executeCommand (/opt/homebrew/lib/node_modules/appium/node_modules/@appium/base-driver/build/lib/basedriver/driver.js:161:45)
    at process.processTicksAndRejections (node:internal/process/task_queues:104:5)
    at async defaultBehavior (/opt/homebrew/lib/node_modules/appium/build/lib/appium.js:634:20)
    at async AppiumDriver.executeWrappedCommand (/opt/homebrew/lib/node_modules/appium/build/lib/appium.js:726:22)
    at async AppiumDriver.executeCommand (/opt/homebrew/lib/node_modules/appium/build/lib/appium.js:645:21)
    at async doJwpProxy (/opt/homebrew/lib/node_modules/appium/node_modules/@appium/base-driver/build/lib/protocol/protocol.js:476:9)
    at async asyncHandler (/opt/homebrew/lib/node_modules/appium/node_modules/@appium/base-driver/build/lib/protocol/protocol.js:307:21)
2026-08-17 17:13:27 [WARNING ] base_page.py:255 — Error checking display status for ('-android uiautomator', 'new UiSelector().text("Edit Profile")'): Message: 'POST /element' cannot be proxied to UiAutomator2 server because the instrumentation process is not running (probably crashed). Check the server log and/or the logcat output for more details
Stacktrace:
UnknownError: 'POST /element' cannot be proxied to UiAutomator2 server because the instrumentation process is not running (probably crashed). Check the server log and/or the logcat output for more details
    at UIA2Proxy.command (/opt/homebrew/lib/node_modules/appium/node_modules/@appium/base-driver/build/lib/jsonwp-proxy/proxy.js:272:19)
    at process.processTicksAndRejections (node:internal/process/task_queues:104:5)
    at async AndroidUiautomator2Driver.doFindElementOrEls (/Users/vc.rajdeep.kumar/.appium/node_modules/appium-uiautomator2-driver/build/lib/commands/find.js:24:13)
    at async doFind (/Users/vc.rajdeep.kumar/.appium/node_modules/appium-uiautomator2-driver/node_modules/appium-android-driver/build/lib/commands/find.js:24:23)
    at async wrappedCondFn (/opt/homebrew/lib/node_modules/appium/node_modules/@appium/base-driver/build/lib/basedriver/commands/timeout.js:97:20)
    at async spin (/opt/homebrew/lib/node_modules/appium/node_modules/asyncbox/build/lib/asyncbox.js:174:24)
    at async waitForCondition (/opt/homebrew/lib/node_modules/appium/node_modules/asyncbox/build/lib/asyncbox.js:192:12)
    at async AndroidUiautomator2Driver.implicitWaitForCondition (/opt/homebrew/lib/node_modules/appium/node_modules/@appium/base-driver/build/lib/basedriver/commands/timeout.js:99:16)
    at async AndroidUiautomator2Driver.findElOrEls (/Users/vc.rajdeep.kumar/.appium/node_modules/appium-uiautomator2-driver/node_modules/appium-android-driver/build/lib/commands/find.js:45:9)
    at async AndroidUiautomator2Driver.findElOrElsWithProcessing (/opt/homebrew/lib/node_modules/appium/node_modules/@appium/base-driver/build/lib/basedriver/commands/find.js:12:16)
    at async AndroidUiautomator2Driver.findElement (/opt/homebrew/lib/node_modules/appium/node_modules/@appium/base-driver/build/lib/basedriver/commands/find.js:27:16)
2026-08-17 17:13:27 [WARNING ] base_page.py:255 — Error checking display status for ('id', 'com.zee5.hipi:id/exo_content_frame'): Message: 'POST /element' cannot be proxied to UiAutomator2 server because the instrumentation process is not running (probably crashed). Check the server log and/or the logcat output for more details
Stacktrace:
UnknownError: 'POST /element' cannot be proxied to UiAutomator2 server because the instrumentation process is not running (probably crashed). Check the server log and/or the logcat output for more details
    at UIA2Proxy.command (/opt/homebrew/lib/node_modules/appium/node_modules/@appium/base-driver/build/lib/jsonwp-proxy/proxy.js:272:19)
    at process.processTicksAndRejections (node:internal/process/task_queues:104:5)
    at async AndroidUiautomator2Driver.doFindElementOrEls (/Users/vc.rajdeep.kumar/.appium/node_modules/appium-uiautomator2-driver/build/lib/commands/find.js:24:13)
    at async doFind (/Users/vc.rajdeep.kumar/.appium/node_modules/appium-uiautomator2-driver/node_modules/appium-android-driver/build/lib/commands/find.js:24:23)
    at async wrappedCondFn (/opt/homebrew/lib/node_modules/appium/node_modules/@appium/base-driver/build/lib/basedriver/commands/timeout.js:97:20)
    at async spin (/opt/homebrew/lib/node_modules/appium/node_modules/asyncbox/build/lib/asyncbox.js:174:24)
    at async waitForCondition (/opt/homebrew/lib/node_modules/appium/node_modules/asyncbox/build/lib/asyncbox.js:192:12)
    at async AndroidUiautomator2Driver.implicitWaitForCondition (/opt/homebrew/lib/node_modules/appium/node_modules/@appium/base-driver/build/lib/basedriver/commands/timeout.js:99:16)
    at async AndroidUiautomator2Driver.findElOrEls (/Users/vc.rajdeep.kumar/.appium/node_modules/appium-uiautomator2-driver/node_modules/appium-android-driver/build/lib/commands/find.js:45:9)
    at async AndroidUiautomator2Driver.findElOrElsWithProcessing (/opt/homebrew/lib/node_modules/appium/node_modules/@appium/base-driver/build/lib/basedriver/commands/find.js:12:16)
    at async AndroidUiautomator2Driver.findElement (/opt/homebrew/lib/node_modules/appium/node_modules/@appium/base-driver/build/lib/basedriver/commands/find.js:27:16)
2026-08-17 17:13:27 [ERROR   ] login_page.py:733 — Login flow failed: Unable to open profile tab / reach login sheet after 2 attempts
2026-08-17 17:13:27 [ERROR   ] screenshot_utils.py:64 — Screenshot capture failed: Message: 'GET /screenshot' cannot be proxied to UiAutomator2 server because the instrumentation process is not running (probably crashed). Check the server log and/or the logcat output for more details
Stacktrace:
UnknownError: 'GET /screenshot' cannot be proxied to UiAutomator2 server because the instrumentation process is not running (probably crashed). Check the server log and/or the logcat output for more details
    at UIA2Proxy.command (/opt/homebrew/lib/node_modules/appium/node_modules/@appium/base-driver/build/lib/jsonwp-proxy/proxy.js:272:19)
    at process.processTicksAndRejections (node:internal/process/task_queues:104:5)
    at async AndroidUiautomator2Driver.getScreenshot (/Users/vc.rajdeep.kumar/.appium/node_modules/appium-uiautomator2-driver/build/lib/commands/screenshot.js:72:19)
2026-08-17 17:13:27 [ERROR   ] screenshot_utils.py:87 — Page source save failed: Message: 'GET /session/2c86b17d-a0bf-4c36-bb87-3f5f0528e79d/source' cannot be proxied to UiAutomator2 server because the instrumentation process is not running (probably crashed). Check the server log and/or the logcat output for more details
Stacktrace:
InvalidContextError: 'GET /session/2c86b17d-a0bf-4c36-bb87-3f5f0528e79d/source' cannot be proxied to UiAutomator2 server because the instrumentation process is not running (probably crashed). Check the server log and/or the logcat output for more details
    at UIA2Proxy.proxyCommand (/Users/vc.rajdeep.kumar/.appium/node_modules/appium-uiautomator2-driver/build/lib/uiautomator2.js:32:19)
    at UIA2Proxy.proxyReqRes (/opt/homebrew/lib/node_modules/appium/node_modules/@appium/base-driver/build/lib/jsonwp-proxy/proxy.js:325:49)
    at runCommandPromise (/opt/homebrew/lib/node_modules/appium/node_modules/@appium/base-driver/build/lib/basedriver/driver.js:121:30)
    at /opt/homebrew/lib/node_modules/appium/node_modules/async-lock/lib/index.js:171:12
    at AsyncLock._promiseTry (/opt/homebrew/lib/node_modules/appium/node_modules/async-lock/lib/index.js:306:31)
    at exec (/opt/homebrew/lib/node_modules/appium/node_modules/async-lock/lib/index.js:170:9)
    at AsyncLock.acquire (/opt/homebrew/lib/node_modules/appium/node_modules/async-lock/lib/index.js:189:3)
    at AndroidUiautomator2Driver.executeCommand (/opt/homebrew/lib/node_modules/appium/node_modules/@appium/base-driver/build/lib/basedriver/driver.js:161:45)
    at process.processTicksAndRejections (node:internal/process/task_queues:104:5)
    at async defaultBehavior (/opt/homebrew/lib/node_modules/appium/build/lib/appium.js:634:20)
    at async AppiumDriver.executeWrappedCommand (/opt/homebrew/lib/node_modules/appium/build/lib/appium.js:726:22)
    at async AppiumDriver.executeCommand (/opt/homebrew/lib/node_modules/appium/build/lib/appium.js:645:21)
    at async doJwpProxy (/opt/homebrew/lib/node_modules/appium/node_modules/@appium/base-driver/build/lib/protocol/protocol.js:476:9)
    at async asyncHandler (/opt/homebrew/lib/node_modules/appium/node_modules/@appium/base-driver/build/lib/protocol/protocol.js:307:21)
2026-08-17 17:13:27 [ERROR   ] screenshot_utils.py:64 — Screenshot capture failed: Message: 'GET /screenshot' cannot be proxied to UiAutomator2 server because the instrumentation process is not running (probably crashed). Check the server log and/or the logcat output for more details
Stacktrace:
UnknownError: 'GET /screenshot' cannot be proxied to UiAutomator2 server because the instrumentation process is not running (probably crashed). Check the server log and/or the logcat output for more details
    at UIA2Proxy.command (/opt/homebrew/lib/node_modules/appium/node_modules/@appium/base-driver/build/lib/jsonwp-proxy/proxy.js:272:19)
    at process.processTicksAndRejections (node:internal/process/task_queues:104:5)
    at async AndroidUiautomator2Driver.getScreenshot (/Users/vc.rajdeep.kumar/.appium/node_modules/appium-uiautomator2-driver/build/lib/commands/screenshot.js:72:19)
2026-08-17 17:13:27 [ERROR   ] screenshot_utils.py:87 — Page source save failed: Message: 'GET /session/2c86b17d-a0bf-4c36-bb87-3f5f0528e79d/source' cannot be proxied to UiAutomator2 server because the instrumentation process is not running (probably crashed). Check the server log and/or the logcat output for more details
Stacktrace:
InvalidContextError: 'GET /session/2c86b17d-a0bf-4c36-bb87-3f5f0528e79d/source' cannot be proxied to UiAutomator2 server because the instrumentation process is not running (probably crashed). Check the server log and/or the logcat output for more details
    at UIA2Proxy.proxyCommand (/Users/vc.rajdeep.kumar/.appium/node_modules/appium-uiautomator2-driver/build/lib/uiautomator2.js:32:19)
    at UIA2Proxy.proxyReqRes (/opt/homebrew/lib/node_modules/appium/node_modules/@appium/base-driver/build/lib/jsonwp-proxy/proxy.js:325:49)
    at runCommandPromise (/opt/homebrew/lib/node_modules/appium/node_modules/@appium/base-driver/build/lib/basedriver/driver.js:121:30)
    at /opt/homebrew/lib/node_modules/appium/node_modules/async-lock/lib/index.js:171:12
    at AsyncLock._promiseTry (/opt/homebrew/lib/node_modules/appium/node_modules/async-lock/lib/index.js:306:31)
    at exec (/opt/homebrew/lib/node_modules/appium/node_modules/async-lock/lib/index.js:170:9)
    at AsyncLock.acquire (/opt/homebrew/lib/node_modules/appium/node_modules/async-lock/lib/index.js:189:3)
    at AndroidUiautomator2Driver.executeCommand (/opt/homebrew/lib/node_modules/appium/node_modules/@appium/base-driver/build/lib/basedriver/driver.js:161:45)
    at process.processTicksAndRejections (node:internal/process/task_queues:104:5)
    at async defaultBehavior (/opt/homebrew/lib/node_modules/appium/build/lib/appium.js:634:20)
    at async AppiumDriver.executeWrappedCommand (/opt/homebrew/lib/node_modules/appium/build/lib/appium.js:726:22)
    at async AppiumDriver.executeCommand (/opt/homebrew/lib/node_modules/appium/build/lib/appium.js:645:21)
    at async doJwpProxy (/opt/homebrew/lib/node_modules/appium/node_modules/@appium/base-driver/build/lib/protocol/protocol.js:476:9)
    at async asyncHandler (/opt/homebrew/lib/node_modules/appium/node_modules/@appium/base-driver/build/lib/protocol/protocol.js:307:21)
2026-08-17 17:13:27 [ERROR   ] conftest.py:468 — Test FAILED: test_comment_sheet_input_visible
2026-08-17 17:13:27 [INFO    ] base_test.py:137 — BaseFeedTest setup completed (session-scoped, already logged in).
2026-08-17 17:13:27 [INFO    ] base_test.py:151 — login_and_reach_feed: START (session-scoped)
2026-08-17 17:13:27 [INFO    ] login_page.py:556 — Validating home page
2026-08-17 17:13:27 [WARNING ] base_page.py:255 — Error checking display status for ('id', 'com.zee5.hipi:id/exo_content_frame'): Message: 'POST /element' cannot be proxied to UiAutomator2 server because the instrumentation process is not running (probably crashed). Check the server log and/or the logcat output for more details
Stacktrace:
UnknownError: 'POST /element' cannot be proxied to UiAutomator2 server because the instrumentation process is not running (probably crashed). Check the server log and/or the logcat output for more details
    at UIA2Proxy.command (/opt/homebrew/lib/node_modules/appium/node_modules/@appium/base-driver/build/lib/jsonwp-proxy/proxy.js:272:19)
    at process.processTicksAndRejections (node:internal/process/task_queues:104:5)
    at async AndroidUiautomator2Driver.doFindElementOrEls (/Users/vc.rajdeep.kumar/.appium/node_modules/appium-uiautomator2-driver/build/lib/commands/find.js:24:13)
    at async doFind (/Users/vc.rajdeep.kumar/.appium/node_modules/appium-uiautomator2-driver/node_modules/appium-android-driver/build/lib/commands/find.js:24:23)
    at async wrappedCondFn (/opt/homebrew/lib/node_modules/appium/node_modules/@appium/base-driver/build/lib/basedriver/commands/timeout.js:97:20)
    at async spin (/opt/homebrew/lib/node_modules/appium/node_modules/asyncbox/build/lib/asyncbox.js:174:24)
    at async waitForCondition (/opt/homebrew/lib/node_modules/appium/node_modules/asyncbox/build/lib/asyncbox.js:192:12)
    at async AndroidUiautomator2Driver.implicitWaitForCondition (/opt/homebrew/lib/node_modules/appium/node_modules/@appium/base-driver/build/lib/basedriver/commands/timeout.js:99:16)
    at async AndroidUiautomator2Driver.findElOrEls (/Users/vc.rajdeep.kumar/.appium/node_modules/appium-uiautomator2-driver/node_modules/appium-android-driver/build/lib/commands/find.js:45:9)
    at async AndroidUiautomator2Driver.findElOrElsWithProcessing (/opt/homebrew/lib/node_modules/appium/node_modules/@appium/base-driver/build/lib/basedriver/commands/find.js:12:16)
    at async AndroidUiautomator2Driver.findElement (/opt/homebrew/lib/node_modules/appium/node_modules/@appium/base-driver/build/lib/basedriver/commands/find.js:27:16)
2026-08-17 17:13:27 [WARNING ] login_page.py:568 — Home page not displayed within timeout
2026-08-17 17:13:27 [WARNING ] base_test.py:158 — Session-scoped driver is not on the home feed — logging in again.
2026-08-17 17:13:27 [INFO    ] base_test.py:39 — Logging in as default test user.
2026-08-17 17:13:27 [INFO    ] login_page.py:599 — ========== LOGIN FLOW START ==========
2026-08-17 17:13:28 [INFO    ] login_page.py:43 — Opening profile tab
2026-08-17 17:13:29 [INFO    ] login_page.py:53 — Profile tab open attempt 1/2
2026-08-17 17:13:29 [ERROR   ] base_page.py:182 — Fatal session error clicking ('xpath', "//android.view.View[@clickable='true'][.//android.widget.TextView[@text='Profile']]") — session is dead, not retrying: Message: 'POST /element' cannot be proxied to UiAutomator2 server because the instrumentation process is not running (probably crashed). Check the server log and/or the logcat output for more details
Stacktrace:
UnknownError: 'POST /element' cannot be proxied to UiAutomator2 server because the instrumentation process is not running (probably crashed). Check the server log and/or the logcat output for more details
    at UIA2Proxy.command (/opt/homebrew/lib/node_modules/appium/node_modules/@appium/base-driver/build/lib/jsonwp-proxy/proxy.js:272:19)
    at process.processTicksAndRejections (node:internal/process/task_queues:104:5)
    at async AndroidUiautomator2Driver.doFindElementOrEls (/Users/vc.rajdeep.kumar/.appium/node_modules/appium-uiautomator2-driver/build/lib/commands/find.js:24:13)
    at async doFind (/Users/vc.rajdeep.kumar/.appium/node_modules/appium-uiautomator2-driver/node_modules/appium-android-driver/build/lib/commands/find.js:24:23)
    at async wrappedCondFn (/opt/homebrew/lib/node_modules/appium/node_modules/@appium/base-driver/build/lib/basedriver/commands/timeout.js:97:20)
    at async spin (/opt/homebrew/lib/node_modules/appium/node_modules/asyncbox/build/lib/asyncbox.js:174:24)
    at async waitForCondition (/opt/homebrew/lib/node_modules/appium/node_modules/asyncbox/build/lib/asyncbox.js:192:12)
    at async AndroidUiautomator2Driver.implicitWaitForCondition (/opt/homebrew/lib/node_modules/appium/node_modules/@appium/base-driver/build/lib/basedriver/commands/timeout.js:99:16)
    at async AndroidUiautomator2Driver.findElOrEls (/Users/vc.rajdeep.kumar/.appium/node_modules/appium-uiautomator2-driver/node_modules/appium-android-driver/build/lib/commands/find.js:45:9)
    at async AndroidUiautomator2Driver.findElOrElsWithProcessing (/opt/homebrew/lib/node_modules/appium/node_modules/@appium/base-driver/build/lib/basedriver/commands/find.js:12:16)
    at async AndroidUiautomator2Driver.findElement (/opt/homebrew/lib/node_modules/appium/node_modules/@appium/base-driver/build/lib/basedriver/commands/find.js:27:16)
2026-08-17 17:13:29 [WARNING ] login_page.py:98 — Element-based click failed: Session/instrumentation dead while clicking ('xpath', "//android.view.View[@clickable='true'][.//android.widget.TextView[@text='Profile']]"): Message: 'POST /element' cannot be proxied to UiAutomator2 server because the instrumentation process is not running (probably crashed). Check the server log and/or the logcat output for more details
Stacktrace:
UnknownError: 'POST /element' cannot be proxied to UiAutomator2 server because the instrumentation process is not running (probably crashed). Check the server log and/or the logcat output for more details
    at UIA2Proxy.command (/opt/homebrew/lib/node_modules/appium/node_modules/@appium/base-driver/build/lib/jsonwp-proxy/proxy.js:272:19)
    at process.processTicksAndRejections (node:internal/process/task_queues:104:5)
    at async AndroidUiautomator2Driver.doFindElementOrEls (/Users/vc.rajdeep.kumar/.appium/node_modules/appium-uiautomator2-driver/build/lib/commands/find.js:24:13)
    at async doFind (/Users/vc.rajdeep.kumar/.appium/node_modules/appium-uiautomator2-driver/node_modules/appium-android-driver/build/lib/commands/find.js:24:23)
    at async wrappedCondFn (/opt/homebrew/lib/node_modules/appium/node_modules/@appium/base-driver/build/lib/basedriver/commands/timeout.js:97:20)
    at async spin (/opt/homebrew/lib/node_modules/appium/node_modules/asyncbox/build/lib/asyncbox.js:174:24)
    at async waitForCondition (/opt/homebrew/lib/node_modules/appium/node_modules/asyncbox/build/lib/asyncbox.js:192:12)
    at async AndroidUiautomator2Driver.implicitWaitForCondition (/opt/homebrew/lib/node_modules/appium/node_modules/@appium/base-driver/build/lib/basedriver/commands/timeout.js:99:16)
    at async AndroidUiautomator2Driver.findElOrEls (/Users/vc.rajdeep.kumar/.appium/node_modules/appium-uiautomator2-driver/node_modules/appium-android-driver/build/lib/commands/find.js:45:9)
    at async AndroidUiautomator2Driver.findElOrElsWithProcessing (/opt/homebrew/lib/node_modules/appium/node_modules/@appium/base-driver/build/lib/basedriver/commands/find.js:12:16)
    at async AndroidUiautomator2Driver.findElement (/opt/homebrew/lib/node_modules/appium/node_modules/@appium/base-driver/build/lib/basedriver/commands/find.js:27:16)
2026-08-17 17:13:29 [WARNING ] base_page.py:255 — Error checking display status for ('-android uiautomator', 'new UiSelector().text("Edit Profile")'): Message: 'POST /element' cannot be proxied to UiAutomator2 server because the instrumentation process is not running (probably crashed). Check the server log and/or the logcat output for more details
Stacktrace:
UnknownError: 'POST /element' cannot be proxied to UiAutomator2 server because the instrumentation process is not running (probably crashed). Check the server log and/or the logcat output for more details
    at UIA2Proxy.command (/opt/homebrew/lib/node_modules/appium/node_modules/@appium/base-driver/build/lib/jsonwp-proxy/proxy.js:272:19)
    at process.processTicksAndRejections (node:internal/process/task_queues:104:5)
    at async AndroidUiautomator2Driver.doFindElementOrEls (/Users/vc.rajdeep.kumar/.appium/node_modules/appium-uiautomator2-driver/build/lib/commands/find.js:24:13)
    at async doFind (/Users/vc.rajdeep.kumar/.appium/node_modules/appium-uiautomator2-driver/node_modules/appium-android-driver/build/lib/commands/find.js:24:23)
    at async wrappedCondFn (/opt/homebrew/lib/node_modules/appium/node_modules/@appium/base-driver/build/lib/basedriver/commands/timeout.js:97:20)
    at async spin (/opt/homebrew/lib/node_modules/appium/node_modules/asyncbox/build/lib/asyncbox.js:174:24)
    at async waitForCondition (/opt/homebrew/lib/node_modules/appium/node_modules/asyncbox/build/lib/asyncbox.js:192:12)
    at async AndroidUiautomator2Driver.implicitWaitForCondition (/opt/homebrew/lib/node_modules/appium/node_modules/@appium/base-driver/build/lib/basedriver/commands/timeout.js:99:16)
    at async AndroidUiautomator2Driver.findElOrEls (/Users/vc.rajdeep.kumar/.appium/node_modules/appium-uiautomator2-driver/node_modules/appium-android-driver/build/lib/commands/find.js:45:9)
    at async AndroidUiautomator2Driver.findElOrElsWithProcessing (/opt/homebrew/lib/node_modules/appium/node_modules/@appium/base-driver/build/lib/basedriver/commands/find.js:12:16)
    at async AndroidUiautomator2Driver.findElement (/opt/homebrew/lib/node_modules/appium/node_modules/@appium/base-driver/build/lib/basedriver/commands/find.js:27:16)
2026-08-17 17:13:29 [WARNING ] base_page.py:255 — Error checking display status for ('id', 'com.zee5.hipi:id/exo_content_frame'): Message: 'POST /element' cannot be proxied to UiAutomator2 server because the instrumentation process is not running (probably crashed). Check the server log and/or the logcat output for more details
Stacktrace:
UnknownError: 'POST /element' cannot be proxied to UiAutomator2 server because the instrumentation process is not running (probably crashed). Check the server log and/or the logcat output for more details
    at UIA2Proxy.command (/opt/homebrew/lib/node_modules/appium/node_modules/@appium/base-driver/build/lib/jsonwp-proxy/proxy.js:272:19)
    at process.processTicksAndRejections (node:internal/process/task_queues:104:5)
    at async AndroidUiautomator2Driver.doFindElementOrEls (/Users/vc.rajdeep.kumar/.appium/node_modules/appium-uiautomator2-driver/build/lib/commands/find.js:24:13)
    at async doFind (/Users/vc.rajdeep.kumar/.appium/node_modules/appium-uiautomator2-driver/node_modules/appium-android-driver/build/lib/commands/find.js:24:23)
    at async wrappedCondFn (/opt/homebrew/lib/node_modules/appium/node_modules/@appium/base-driver/build/lib/basedriver/commands/timeout.js:97:20)
    at async spin (/opt/homebrew/lib/node_modules/appium/node_modules/asyncbox/build/lib/asyncbox.js:174:24)
    at async waitForCondition (/opt/homebrew/lib/node_modules/appium/node_modules/asyncbox/build/lib/asyncbox.js:192:12)
    at async AndroidUiautomator2Driver.implicitWaitForCondition (/opt/homebrew/lib/node_modules/appium/node_modules/@appium/base-driver/build/lib/basedriver/commands/timeout.js:99:16)
    at async AndroidUiautomator2Driver.findElOrEls (/Users/vc.rajdeep.kumar/.appium/node_modules/appium-uiautomator2-driver/node_modules/appium-android-driver/build/lib/commands/find.js:45:9)
    at async AndroidUiautomator2Driver.findElOrElsWithProcessing (/opt/homebrew/lib/node_modules/appium/node_modules/@appium/base-driver/build/lib/basedriver/commands/find.js:12:16)
    at async AndroidUiautomator2Driver.findElement (/opt/homebrew/lib/node_modules/appium/node_modules/@appium/base-driver/build/lib/basedriver/commands/find.js:27:16)
2026-08-17 17:13:29 [WARNING ] login_page.py:135 — Coordinate tap failed: Message: 'GET /window/current/size' cannot be proxied to UiAutomator2 server because the instrumentation process is not running (probably crashed). Check the server log and/or the logcat output for more details
Stacktrace:
UnknownError: 'GET /window/current/size' cannot be proxied to UiAutomator2 server because the instrumentation process is not running (probably crashed). Check the server log and/or the logcat output for more details
    at UIA2Proxy.command (/opt/homebrew/lib/node_modules/appium/node_modules/@appium/base-driver/build/lib/jsonwp-proxy/proxy.js:272:19)
    at process.processTicksAndRejections (node:internal/process/task_queues:104:5)
    at async AndroidUiautomator2Driver.getWindowSize (/Users/vc.rajdeep.kumar/.appium/node_modules/appium-uiautomator2-driver/build/lib/commands/viewport.js:73:13)
    at async AndroidUiautomator2Driver.getWindowRect (/Users/vc.rajdeep.kumar/.appium/node_modules/appium-uiautomator2-driver/build/lib/commands/viewport.js:53:31)
2026-08-17 17:13:35 [ERROR   ] base_page.py:148 — None of the candidate locators became visible within 6s. Candidates: [('-android uiautomator', 'new UiSelector().textContains("Continue")'), ('class name', 'android.widget.EditText')]. Last error: Message: 'POST /elements' cannot be proxied to UiAutomator2 server because the instrumentation process is not running (probably crashed). Check the server log and/or the logcat output for more details
Stacktrace:
UnknownError: 'POST /elements' cannot be proxied to UiAutomator2 server because the instrumentation process is not running (probably crashed). Check the server log and/or the logcat output for more details
    at UIA2Proxy.command (/opt/homebrew/lib/node_modules/appium/node_modules/@appium/base-driver/build/lib/jsonwp-proxy/proxy.js:272:19)
    at process.processTicksAndRejections (node:internal/process/task_queues:104:5)
    at async AndroidUiautomator2Driver.doFindElementOrEls (/Users/vc.rajdeep.kumar/.appium/node_modules/appium-uiautomator2-driver/build/lib/commands/find.js:24:13)
    at async doFind (/Users/vc.rajdeep.kumar/.appium/node_modules/appium-uiautomator2-driver/node_modules/appium-android-driver/build/lib/commands/find.js:24:23)
    at async wrappedCondFn (/opt/homebrew/lib/node_modules/appium/node_modules/@appium/base-driver/build/lib/basedriver/commands/timeout.js:97:20)
    at async spin (/opt/homebrew/lib/node_modules/appium/node_modules/asyncbox/build/lib/asyncbox.js:174:24)
    at async waitForCondition (/opt/homebrew/lib/node_modules/appium/node_modules/asyncbox/build/lib/asyncbox.js:192:12)
    at async AndroidUiautomator2Driver.implicitWaitForCondition (/opt/homebrew/lib/node_modules/appium/node_modules/@appium/base-driver/build/lib/basedriver/commands/timeout.js:99:16)
    at async AndroidUiautomator2Driver.findElOrEls (/Users/vc.rajdeep.kumar/.appium/node_modules/appium-uiautomator2-driver/node_modules/appium-android-driver/build/lib/commands/find.js:45:9)
    at async AndroidUiautomator2Driver.findElOrElsWithProcessing (/opt/homebrew/lib/node_modules/appium/node_modules/@appium/base-driver/build/lib/basedriver/commands/find.js:12:16)
    at async AndroidUiautomator2Driver.findElements (/opt/homebrew/lib/node_modules/appium/node_modules/@appium/base-driver/build/lib/basedriver/commands/find.js:30:16)
2026-08-17 17:13:35 [ERROR   ] screenshot_utils.py:64 — Screenshot capture failed: Message: 'GET /screenshot' cannot be proxied to UiAutomator2 server because the instrumentation process is not running (probably crashed). Check the server log and/or the logcat output for more details
Stacktrace:
UnknownError: 'GET /screenshot' cannot be proxied to UiAutomator2 server because the instrumentation process is not running (probably crashed). Check the server log and/or the logcat output for more details
    at UIA2Proxy.command (/opt/homebrew/lib/node_modules/appium/node_modules/@appium/base-driver/build/lib/jsonwp-proxy/proxy.js:272:19)
    at process.processTicksAndRejections (node:internal/process/task_queues:104:5)
    at async AndroidUiautomator2Driver.getScreenshot (/Users/vc.rajdeep.kumar/.appium/node_modules/appium-uiautomator2-driver/build/lib/commands/screenshot.js:72:19)
2026-08-17 17:13:35 [ERROR   ] screenshot_utils.py:87 — Page source save failed: Message: 'GET /session/2c86b17d-a0bf-4c36-bb87-3f5f0528e79d/source' cannot be proxied to UiAutomator2 server because the instrumentation process is not running (probably crashed). Check the server log and/or the logcat output for more details
Stacktrace:
InvalidContextError: 'GET /session/2c86b17d-a0bf-4c36-bb87-3f5f0528e79d/source' cannot be proxied to UiAutomator2 server because the instrumentation process is not running (probably crashed). Check the server log and/or the logcat output for more details
    at UIA2Proxy.proxyCommand (/Users/vc.rajdeep.kumar/.appium/node_modules/appium-uiautomator2-driver/build/lib/uiautomator2.js:32:19)
    at UIA2Proxy.proxyReqRes (/opt/homebrew/lib/node_modules/appium/node_modules/@appium/base-driver/build/lib/jsonwp-proxy/proxy.js:325:49)
    at runCommandPromise (/opt/homebrew/lib/node_modules/appium/node_modules/@appium/base-driver/build/lib/basedriver/driver.js:121:30)
    at /opt/homebrew/lib/node_modules/appium/node_modules/async-lock/lib/index.js:171:12
    at AsyncLock._promiseTry (/opt/homebrew/lib/node_modules/appium/node_modules/async-lock/lib/index.js:306:31)
    at exec (/opt/homebrew/lib/node_modules/appium/node_modules/async-lock/lib/index.js:170:9)
    at AsyncLock.acquire (/opt/homebrew/lib/node_modules/appium/node_modules/async-lock/lib/index.js:189:3)
    at AndroidUiautomator2Driver.executeCommand (/opt/homebrew/lib/node_modules/appium/node_modules/@appium/base-driver/build/lib/basedriver/driver.js:161:45)
    at process.processTicksAndRejections (node:internal/process/task_queues:104:5)
    at async defaultBehavior (/opt/homebrew/lib/node_modules/appium/build/lib/appium.js:634:20)
    at async AppiumDriver.executeWrappedCommand (/opt/homebrew/lib/node_modules/appium/build/lib/appium.js:726:22)
    at async AppiumDriver.executeCommand (/opt/homebrew/lib/node_modules/appium/build/lib/appium.js:645:21)
    at async doJwpProxy (/opt/homebrew/lib/node_modules/appium/node_modules/@appium/base-driver/build/lib/protocol/protocol.js:476:9)
    at async asyncHandler (/opt/homebrew/lib/node_modules/appium/node_modules/@appium/base-driver/build/lib/protocol/protocol.js:307:21)
2026-08-17 17:13:35 [WARNING ] login_page.py:158 — Attempt 1 did not reach the login sheet, recovering and retrying...
2026-08-17 17:13:35 [WARNING ] base_page.py:419 — Attempting to recover application state...
2026-08-17 17:13:38 [INFO    ] base_page.py:424 — App recovery attempt completed.
2026-08-17 17:13:40 [INFO    ] login_page.py:53 — Profile tab open attempt 2/2
2026-08-17 17:13:40 [ERROR   ] base_page.py:182 — Fatal session error clicking ('xpath', "//android.view.View[@clickable='true'][.//android.widget.TextView[@text='Profile']]") — session is dead, not retrying: Message: 'POST /element' cannot be proxied to UiAutomator2 server because the instrumentation process is not running (probably crashed). Check the server log and/or the logcat output for more details
Stacktrace:
UnknownError: 'POST /element' cannot be proxied to UiAutomator2 server because the instrumentation process is not running (probably crashed). Check the server log and/or the logcat output for more details
    at UIA2Proxy.command (/opt/homebrew/lib/node_modules/appium/node_modules/@appium/base-driver/build/lib/jsonwp-proxy/proxy.js:272:19)
    at process.processTicksAndRejections (node:internal/process/task_queues:104:5)
    at async AndroidUiautomator2Driver.doFindElementOrEls (/Users/vc.rajdeep.kumar/.appium/node_modules/appium-uiautomator2-driver/build/lib/commands/find.js:24:13)
    at async doFind (/Users/vc.rajdeep.kumar/.appium/node_modules/appium-uiautomator2-driver/node_modules/appium-android-driver/build/lib/commands/find.js:24:23)
    at async wrappedCondFn (/opt/homebrew/lib/node_modules/appium/node_modules/@appium/base-driver/build/lib/basedriver/commands/timeout.js:97:20)
    at async spin (/opt/homebrew/lib/node_modules/appium/node_modules/asyncbox/build/lib/asyncbox.js:174:24)
    at async waitForCondition (/opt/homebrew/lib/node_modules/appium/node_modules/asyncbox/build/lib/asyncbox.js:192:12)
    at async AndroidUiautomator2Driver.implicitWaitForCondition (/opt/homebrew/lib/node_modules/appium/node_modules/@appium/base-driver/build/lib/basedriver/commands/timeout.js:99:16)
    at async AndroidUiautomator2Driver.findElOrEls (/Users/vc.rajdeep.kumar/.appium/node_modules/appium-uiautomator2-driver/node_modules/appium-android-driver/build/lib/commands/find.js:45:9)
    at async AndroidUiautomator2Driver.findElOrElsWithProcessing (/opt/homebrew/lib/node_modules/appium/node_modules/@appium/base-driver/build/lib/basedriver/commands/find.js:12:16)
    at async AndroidUiautomator2Driver.findElement (/opt/homebrew/lib/node_modules/appium/node_modules/@appium/base-driver/build/lib/basedriver/commands/find.js:27:16)
2026-08-17 17:13:40 [WARNING ] login_page.py:98 — Element-based click failed: Session/instrumentation dead while clicking ('xpath', "//android.view.View[@clickable='true'][.//android.widget.TextView[@text='Profile']]"): Message: 'POST /element' cannot be proxied to UiAutomator2 server because the instrumentation process is not running (probably crashed). Check the server log and/or the logcat output for more details
Stacktrace:
UnknownError: 'POST /element' cannot be proxied to UiAutomator2 server because the instrumentation process is not running (probably crashed). Check the server log and/or the logcat output for more details
    at UIA2Proxy.command (/opt/homebrew/lib/node_modules/appium/node_modules/@appium/base-driver/build/lib/jsonwp-proxy/proxy.js:272:19)
    at process.processTicksAndRejections (node:internal/process/task_queues:104:5)
    at async AndroidUiautomator2Driver.doFindElementOrEls (/Users/vc.rajdeep.kumar/.appium/node_modules/appium-uiautomator2-driver/build/lib/commands/find.js:24:13)
    at async doFind (/Users/vc.rajdeep.kumar/.appium/node_modules/appium-uiautomator2-driver/node_modules/appium-android-driver/build/lib/commands/find.js:24:23)
    at async wrappedCondFn (/opt/homebrew/lib/node_modules/appium/node_modules/@appium/base-driver/build/lib/basedriver/commands/timeout.js:97:20)
    at async spin (/opt/homebrew/lib/node_modules/appium/node_modules/asyncbox/build/lib/asyncbox.js:174:24)
    at async waitForCondition (/opt/homebrew/lib/node_modules/appium/node_modules/asyncbox/build/lib/asyncbox.js:192:12)
    at async AndroidUiautomator2Driver.implicitWaitForCondition (/opt/homebrew/lib/node_modules/appium/node_modules/@appium/base-driver/build/lib/basedriver/commands/timeout.js:99:16)
    at async AndroidUiautomator2Driver.findElOrEls (/Users/vc.rajdeep.kumar/.appium/node_modules/appium-uiautomator2-driver/node_modules/appium-android-driver/build/lib/commands/find.js:45:9)
    at async AndroidUiautomator2Driver.findElOrElsWithProcessing (/opt/homebrew/lib/node_modules/appium/node_modules/@appium/base-driver/build/lib/basedriver/commands/find.js:12:16)
    at async AndroidUiautomator2Driver.findElement (/opt/homebrew/lib/node_modules/appium/node_modules/@appium/base-driver/build/lib/basedriver/commands/find.js:27:16)
2026-08-17 17:13:40 [WARNING ] base_page.py:255 — Error checking display status for ('-android uiautomator', 'new UiSelector().text("Edit Profile")'): Message: 'POST /element' cannot be proxied to UiAutomator2 server because the instrumentation process is not running (probably crashed). Check the server log and/or the logcat output for more details
Stacktrace:
UnknownError: 'POST /element' cannot be proxied to UiAutomator2 server because the instrumentation process is not running (probably crashed). Check the server log and/or the logcat output for more details
    at UIA2Proxy.command (/opt/homebrew/lib/node_modules/appium/node_modules/@appium/base-driver/build/lib/jsonwp-proxy/proxy.js:272:19)
    at process.processTicksAndRejections (node:internal/process/task_queues:104:5)
    at async AndroidUiautomator2Driver.doFindElementOrEls (/Users/vc.rajdeep.kumar/.appium/node_modules/appium-uiautomator2-driver/build/lib/commands/find.js:24:13)
    at async doFind (/Users/vc.rajdeep.kumar/.appium/node_modules/appium-uiautomator2-driver/node_modules/appium-android-driver/build/lib/commands/find.js:24:23)
    at async wrappedCondFn (/opt/homebrew/lib/node_modules/appium/node_modules/@appium/base-driver/build/lib/basedriver/commands/timeout.js:97:20)
    at async spin (/opt/homebrew/lib/node_modules/appium/node_modules/asyncbox/build/lib/asyncbox.js:174:24)
    at async waitForCondition (/opt/homebrew/lib/node_modules/appium/node_modules/asyncbox/build/lib/asyncbox.js:192:12)
    at async AndroidUiautomator2Driver.implicitWaitForCondition (/opt/homebrew/lib/node_modules/appium/node_modules/@appium/base-driver/build/lib/basedriver/commands/timeout.js:99:16)
    at async AndroidUiautomator2Driver.findElOrEls (/Users/vc.rajdeep.kumar/.appium/node_modules/appium-uiautomator2-driver/node_modules/appium-android-driver/build/lib/commands/find.js:45:9)
    at async AndroidUiautomator2Driver.findElOrElsWithProcessing (/opt/homebrew/lib/node_modules/appium/node_modules/@appium/base-driver/build/lib/basedriver/commands/find.js:12:16)
    at async AndroidUiautomator2Driver.findElement (/opt/homebrew/lib/node_modules/appium/node_modules/@appium/base-driver/build/lib/basedriver/commands/find.js:27:16)
2026-08-17 17:13:40 [WARNING ] base_page.py:255 — Error checking display status for ('id', 'com.zee5.hipi:id/exo_content_frame'): Message: 'POST /element' cannot be proxied to UiAutomator2 server because the instrumentation process is not running (probably crashed). Check the server log and/or the logcat output for more details
Stacktrace:
UnknownError: 'POST /element' cannot be proxied to UiAutomator2 server because the instrumentation process is not running (probably crashed). Check the server log and/or the logcat output for more details
    at UIA2Proxy.command (/opt/homebrew/lib/node_modules/appium/node_modules/@appium/base-driver/build/lib/jsonwp-proxy/proxy.js:272:19)
    at process.processTicksAndRejections (node:internal/process/task_queues:104:5)
    at async AndroidUiautomator2Driver.doFindElementOrEls (/Users/vc.rajdeep.kumar/.appium/node_modules/appium-uiautomator2-driver/build/lib/commands/find.js:24:13)
    at async doFind (/Users/vc.rajdeep.kumar/.appium/node_modules/appium-uiautomator2-driver/node_modules/appium-android-driver/build/lib/commands/find.js:24:23)
    at async wrappedCondFn (/opt/homebrew/lib/node_modules/appium/node_modules/@appium/base-driver/build/lib/basedriver/commands/timeout.js:97:20)
    at async spin (/opt/homebrew/lib/node_modules/appium/node_modules/asyncbox/build/lib/asyncbox.js:174:24)
    at async waitForCondition (/opt/homebrew/lib/node_modules/appium/node_modules/asyncbox/build/lib/asyncbox.js:192:12)
    at async AndroidUiautomator2Driver.implicitWaitForCondition (/opt/homebrew/lib/node_modules/appium/node_modules/@appium/base-driver/build/lib/basedriver/commands/timeout.js:99:16)
    at async AndroidUiautomator2Driver.findElOrEls (/Users/vc.rajdeep.kumar/.appium/node_modules/appium-uiautomator2-driver/node_modules/appium-android-driver/build/lib/commands/find.js:45:9)
    at async AndroidUiautomator2Driver.findElOrElsWithProcessing (/opt/homebrew/lib/node_modules/appium/node_modules/@appium/base-driver/build/lib/basedriver/commands/find.js:12:16)
    at async AndroidUiautomator2Driver.findElement (/opt/homebrew/lib/node_modules/appium/node_modules/@appium/base-driver/build/lib/basedriver/commands/find.js:27:16)
2026-08-17 17:13:40 [WARNING ] login_page.py:135 — Coordinate tap failed: Message: 'GET /window/current/size' cannot be proxied to UiAutomator2 server because the instrumentation process is not running (probably crashed). Check the server log and/or the logcat output for more details
Stacktrace:
UnknownError: 'GET /window/current/size' cannot be proxied to UiAutomator2 server because the instrumentation process is not running (probably crashed). Check the server log and/or the logcat output for more details
    at UIA2Proxy.command (/opt/homebrew/lib/node_modules/appium/node_modules/@appium/base-driver/build/lib/jsonwp-proxy/proxy.js:272:19)
    at process.processTicksAndRejections (node:internal/process/task_queues:104:5)
    at async AndroidUiautomator2Driver.getWindowSize (/Users/vc.rajdeep.kumar/.appium/node_modules/appium-uiautomator2-driver/build/lib/commands/viewport.js:73:13)
    at async AndroidUiautomator2Driver.getWindowRect (/Users/vc.rajdeep.kumar/.appium/node_modules/appium-uiautomator2-driver/build/lib/commands/viewport.js:53:31)
2026-08-17 17:13:46 [ERROR   ] base_page.py:148 — None of the candidate locators became visible within 6s. Candidates: [('-android uiautomator', 'new UiSelector().textContains("Continue")'), ('class name', 'android.widget.EditText')]. Last error: Message: 'POST /elements' cannot be proxied to UiAutomator2 server because the instrumentation process is not running (probably crashed). Check the server log and/or the logcat output for more details
Stacktrace:
UnknownError: 'POST /elements' cannot be proxied to UiAutomator2 server because the instrumentation process is not running (probably crashed). Check the server log and/or the logcat output for more details
    at UIA2Proxy.command (/opt/homebrew/lib/node_modules/appium/node_modules/@appium/base-driver/build/lib/jsonwp-proxy/proxy.js:272:19)
    at process.processTicksAndRejections (node:internal/process/task_queues:104:5)
    at async AndroidUiautomator2Driver.doFindElementOrEls (/Users/vc.rajdeep.kumar/.appium/node_modules/appium-uiautomator2-driver/build/lib/commands/find.js:24:13)
    at async doFind (/Users/vc.rajdeep.kumar/.appium/node_modules/appium-uiautomator2-driver/node_modules/appium-android-driver/build/lib/commands/find.js:24:23)
    at async wrappedCondFn (/opt/homebrew/lib/node_modules/appium/node_modules/@appium/base-driver/build/lib/basedriver/commands/timeout.js:97:20)
    at async spin (/opt/homebrew/lib/node_modules/appium/node_modules/asyncbox/build/lib/asyncbox.js:174:24)
    at async waitForCondition (/opt/homebrew/lib/node_modules/appium/node_modules/asyncbox/build/lib/asyncbox.js:192:12)
    at async AndroidUiautomator2Driver.implicitWaitForCondition (/opt/homebrew/lib/node_modules/appium/node_modules/@appium/base-driver/build/lib/basedriver/commands/timeout.js:99:16)
    at async AndroidUiautomator2Driver.findElOrEls (/Users/vc.rajdeep.kumar/.appium/node_modules/appium-uiautomator2-driver/node_modules/appium-android-driver/build/lib/commands/find.js:45:9)
    at async AndroidUiautomator2Driver.findElOrElsWithProcessing (/opt/homebrew/lib/node_modules/appium/node_modules/@appium/base-driver/build/lib/basedriver/commands/find.js:12:16)
    at async AndroidUiautomator2Driver.findElements (/opt/homebrew/lib/node_modules/appium/node_modules/@appium/base-driver/build/lib/basedriver/commands/find.js:30:16)
2026-08-17 17:13:46 [ERROR   ] screenshot_utils.py:64 — Screenshot capture failed: Message: 'GET /screenshot' cannot be proxied to UiAutomator2 server because the instrumentation process is not running (probably crashed). Check the server log and/or the logcat output for more details
Stacktrace:
UnknownError: 'GET /screenshot' cannot be proxied to UiAutomator2 server because the instrumentation process is not running (probably crashed). Check the server log and/or the logcat output for more details
    at UIA2Proxy.command (/opt/homebrew/lib/node_modules/appium/node_modules/@appium/base-driver/build/lib/jsonwp-proxy/proxy.js:272:19)
    at process.processTicksAndRejections (node:internal/process/task_queues:104:5)
    at async AndroidUiautomator2Driver.getScreenshot (/Users/vc.rajdeep.kumar/.appium/node_modules/appium-uiautomator2-driver/build/lib/commands/screenshot.js:72:19)
2026-08-17 17:13:46 [ERROR   ] screenshot_utils.py:87 — Page source save failed: Message: 'GET /session/2c86b17d-a0bf-4c36-bb87-3f5f0528e79d/source' cannot be proxied to UiAutomator2 server because the instrumentation process is not running (probably crashed). Check the server log and/or the logcat output for more details
Stacktrace:
InvalidContextError: 'GET /session/2c86b17d-a0bf-4c36-bb87-3f5f0528e79d/source' cannot be proxied to UiAutomator2 server because the instrumentation process is not running (probably crashed). Check the server log and/or the logcat output for more details
    at UIA2Proxy.proxyCommand (/Users/vc.rajdeep.kumar/.appium/node_modules/appium-uiautomator2-driver/build/lib/uiautomator2.js:32:19)
    at UIA2Proxy.proxyReqRes (/opt/homebrew/lib/node_modules/appium/node_modules/@appium/base-driver/build/lib/jsonwp-proxy/proxy.js:325:49)
    at runCommandPromise (/opt/homebrew/lib/node_modules/appium/node_modules/@appium/base-driver/build/lib/basedriver/driver.js:121:30)
    at /opt/homebrew/lib/node_modules/appium/node_modules/async-lock/lib/index.js:171:12
    at AsyncLock._promiseTry (/opt/homebrew/lib/node_modules/appium/node_modules/async-lock/lib/index.js:306:31)
    at exec (/opt/homebrew/lib/node_modules/appium/node_modules/async-lock/lib/index.js:170:9)
    at AsyncLock.acquire (/opt/homebrew/lib/node_modules/appium/node_modules/async-lock/lib/index.js:189:3)
    at AndroidUiautomator2Driver.executeCommand (/opt/homebrew/lib/node_modules/appium/node_modules/@appium/base-driver/build/lib/basedriver/driver.js:161:45)
    at process.processTicksAndRejections (node:internal/process/task_queues:104:5)
    at async defaultBehavior (/opt/homebrew/lib/node_modules/appium/build/lib/appium.js:634:20)
    at async AppiumDriver.executeWrappedCommand (/opt/homebrew/lib/node_modules/appium/build/lib/appium.js:726:22)
    at async AppiumDriver.executeCommand (/opt/homebrew/lib/node_modules/appium/build/lib/appium.js:645:21)
    at async doJwpProxy (/opt/homebrew/lib/node_modules/appium/node_modules/@appium/base-driver/build/lib/protocol/protocol.js:476:9)
    at async asyncHandler (/opt/homebrew/lib/node_modules/appium/node_modules/@appium/base-driver/build/lib/protocol/protocol.js:307:21)
2026-08-17 17:13:46 [WARNING ] login_page.py:158 — Attempt 2 did not reach the login sheet, recovering and retrying...
2026-08-17 17:13:46 [WARNING ] base_page.py:419 — Attempting to recover application state...
2026-08-17 17:13:49 [INFO    ] base_page.py:424 — App recovery attempt completed.
2026-08-17 17:13:51 [ERROR   ] login_page.py:171 — Unable to open profile tab / reach login sheet after 2 attempts
2026-08-17 17:13:51 [ERROR   ] screenshot_utils.py:64 — Screenshot capture failed: Message: 'GET /screenshot' cannot be proxied to UiAutomator2 server because the instrumentation process is not running (probably crashed). Check the server log and/or the logcat output for more details
Stacktrace:
UnknownError: 'GET /screenshot' cannot be proxied to UiAutomator2 server because the instrumentation process is not running (probably crashed). Check the server log and/or the logcat output for more details
    at UIA2Proxy.command (/opt/homebrew/lib/node_modules/appium/node_modules/@appium/base-driver/build/lib/jsonwp-proxy/proxy.js:272:19)
    at process.processTicksAndRejections (node:internal/process/task_queues:104:5)
    at async AndroidUiautomator2Driver.getScreenshot (/Users/vc.rajdeep.kumar/.appium/node_modules/appium-uiautomator2-driver/build/lib/commands/screenshot.js:72:19)
2026-08-17 17:13:51 [ERROR   ] screenshot_utils.py:87 — Page source save failed: Message: 'GET /session/2c86b17d-a0bf-4c36-bb87-3f5f0528e79d/source' cannot be proxied to UiAutomator2 server because the instrumentation process is not running (probably crashed). Check the server log and/or the logcat output for more details
Stacktrace:
InvalidContextError: 'GET /session/2c86b17d-a0bf-4c36-bb87-3f5f0528e79d/source' cannot be proxied to UiAutomator2 server because the instrumentation process is not running (probably crashed). Check the server log and/or the logcat output for more details
    at UIA2Proxy.proxyCommand (/Users/vc.rajdeep.kumar/.appium/node_modules/appium-uiautomator2-driver/build/lib/uiautomator2.js:32:19)
    at UIA2Proxy.proxyReqRes (/opt/homebrew/lib/node_modules/appium/node_modules/@appium/base-driver/build/lib/jsonwp-proxy/proxy.js:325:49)
    at runCommandPromise (/opt/homebrew/lib/node_modules/appium/node_modules/@appium/base-driver/build/lib/basedriver/driver.js:121:30)
    at /opt/homebrew/lib/node_modules/appium/node_modules/async-lock/lib/index.js:171:12
    at AsyncLock._promiseTry (/opt/homebrew/lib/node_modules/appium/node_modules/async-lock/lib/index.js:306:31)
    at exec (/opt/homebrew/lib/node_modules/appium/node_modules/async-lock/lib/index.js:170:9)
    at AsyncLock.acquire (/opt/homebrew/lib/node_modules/appium/node_modules/async-lock/lib/index.js:189:3)
    at AndroidUiautomator2Driver.executeCommand (/opt/homebrew/lib/node_modules/appium/node_modules/@appium/base-driver/build/lib/basedriver/driver.js:161:45)
    at process.processTicksAndRejections (node:internal/process/task_queues:104:5)
    at async defaultBehavior (/opt/homebrew/lib/node_modules/appium/build/lib/appium.js:634:20)
    at async AppiumDriver.executeWrappedCommand (/opt/homebrew/lib/node_modules/appium/build/lib/appium.js:726:22)
    at async AppiumDriver.executeCommand (/opt/homebrew/lib/node_modules/appium/build/lib/appium.js:645:21)
    at async doJwpProxy (/opt/homebrew/lib/node_modules/appium/node_modules/@appium/base-driver/build/lib/protocol/protocol.js:476:9)
    at async asyncHandler (/opt/homebrew/lib/node_modules/appium/node_modules/@appium/base-driver/build/lib/protocol/protocol.js:307:21)
2026-08-17 17:13:51 [WARNING ] base_page.py:255 — Error checking display status for ('-android uiautomator', 'new UiSelector().text("Edit Profile")'): Message: 'POST /element' cannot be proxied to UiAutomator2 server because the instrumentation process is not running (probably crashed). Check the server log and/or the logcat output for more details
Stacktrace:
UnknownError: 'POST /element' cannot be proxied to UiAutomator2 server because the instrumentation process is not running (probably crashed). Check the server log and/or the logcat output for more details
    at UIA2Proxy.command (/opt/homebrew/lib/node_modules/appium/node_modules/@appium/base-driver/build/lib/jsonwp-proxy/proxy.js:272:19)
    at process.processTicksAndRejections (node:internal/process/task_queues:104:5)
    at async AndroidUiautomator2Driver.doFindElementOrEls (/Users/vc.rajdeep.kumar/.appium/node_modules/appium-uiautomator2-driver/build/lib/commands/find.js:24:13)
    at async doFind (/Users/vc.rajdeep.kumar/.appium/node_modules/appium-uiautomator2-driver/node_modules/appium-android-driver/build/lib/commands/find.js:24:23)
    at async wrappedCondFn (/opt/homebrew/lib/node_modules/appium/node_modules/@appium/base-driver/build/lib/basedriver/commands/timeout.js:97:20)
    at async spin (/opt/homebrew/lib/node_modules/appium/node_modules/asyncbox/build/lib/asyncbox.js:174:24)
    at async waitForCondition (/opt/homebrew/lib/node_modules/appium/node_modules/asyncbox/build/lib/asyncbox.js:192:12)
    at async AndroidUiautomator2Driver.implicitWaitForCondition (/opt/homebrew/lib/node_modules/appium/node_modules/@appium/base-driver/build/lib/basedriver/commands/timeout.js:99:16)
    at async AndroidUiautomator2Driver.findElOrEls (/Users/vc.rajdeep.kumar/.appium/node_modules/appium-uiautomator2-driver/node_modules/appium-android-driver/build/lib/commands/find.js:45:9)
    at async AndroidUiautomator2Driver.findElOrElsWithProcessing (/opt/homebrew/lib/node_modules/appium/node_modules/@appium/base-driver/build/lib/basedriver/commands/find.js:12:16)
    at async AndroidUiautomator2Driver.findElement (/opt/homebrew/lib/node_modules/appium/node_modules/@appium/base-driver/build/lib/basedriver/commands/find.js:27:16)
2026-08-17 17:13:51 [WARNING ] base_page.py:255 — Error checking display status for ('id', 'com.zee5.hipi:id/exo_content_frame'): Message: 'POST /element' cannot be proxied to UiAutomator2 server because the instrumentation process is not running (probably crashed). Check the server log and/or the logcat output for more details
Stacktrace:
UnknownError: 'POST /element' cannot be proxied to UiAutomator2 server because the instrumentation process is not running (probably crashed). Check the server log and/or the logcat output for more details
    at UIA2Proxy.command (/opt/homebrew/lib/node_modules/appium/node_modules/@appium/base-driver/build/lib/jsonwp-proxy/proxy.js:272:19)
    at process.processTicksAndRejections (node:internal/process/task_queues:104:5)
    at async AndroidUiautomator2Driver.doFindElementOrEls (/Users/vc.rajdeep.kumar/.appium/node_modules/appium-uiautomator2-driver/build/lib/commands/find.js:24:13)
    at async doFind (/Users/vc.rajdeep.kumar/.appium/node_modules/appium-uiautomator2-driver/node_modules/appium-android-driver/build/lib/commands/find.js:24:23)
    at async wrappedCondFn (/opt/homebrew/lib/node_modules/appium/node_modules/@appium/base-driver/build/lib/basedriver/commands/timeout.js:97:20)
    at async spin (/opt/homebrew/lib/node_modules/appium/node_modules/asyncbox/build/lib/asyncbox.js:174:24)
    at async waitForCondition (/opt/homebrew/lib/node_modules/appium/node_modules/asyncbox/build/lib/asyncbox.js:192:12)
    at async AndroidUiautomator2Driver.implicitWaitForCondition (/opt/homebrew/lib/node_modules/appium/node_modules/@appium/base-driver/build/lib/basedriver/commands/timeout.js:99:16)
    at async AndroidUiautomator2Driver.findElOrEls (/Users/vc.rajdeep.kumar/.appium/node_modules/appium-uiautomator2-driver/node_modules/appium-android-driver/build/lib/commands/find.js:45:9)
    at async AndroidUiautomator2Driver.findElOrElsWithProcessing (/opt/homebrew/lib/node_modules/appium/node_modules/@appium/base-driver/build/lib/basedriver/commands/find.js:12:16)
    at async AndroidUiautomator2Driver.findElement (/opt/homebrew/lib/node_modules/appium/node_modules/@appium/base-driver/build/lib/basedriver/commands/find.js:27:16)
2026-08-17 17:13:51 [ERROR   ] login_page.py:733 — Login flow failed: Unable to open profile tab / reach login sheet after 2 attempts
2026-08-17 17:13:51 [ERROR   ] screenshot_utils.py:64 — Screenshot capture failed: Message: 'GET /screenshot' cannot be proxied to UiAutomator2 server because the instrumentation process is not running (probably crashed). Check the server log and/or the logcat output for more details
Stacktrace:
UnknownError: 'GET /screenshot' cannot be proxied to UiAutomator2 server because the instrumentation process is not running (probably crashed). Check the server log and/or the logcat output for more details
    at UIA2Proxy.command (/opt/homebrew/lib/node_modules/appium/node_modules/@appium/base-driver/build/lib/jsonwp-proxy/proxy.js:272:19)
    at process.processTicksAndRejections (node:internal/process/task_queues:104:5)
    at async AndroidUiautomator2Driver.getScreenshot (/Users/vc.rajdeep.kumar/.appium/node_modules/appium-uiautomator2-driver/build/lib/commands/screenshot.js:72:19)
2026-08-17 17:13:51 [ERROR   ] screenshot_utils.py:87 — Page source save failed: Message: 'GET /session/2c86b17d-a0bf-4c36-bb87-3f5f0528e79d/source' cannot be proxied to UiAutomator2 server because the instrumentation process is not running (probably crashed). Check the server log and/or the logcat output for more details
Stacktrace:
InvalidContextError: 'GET /session/2c86b17d-a0bf-4c36-bb87-3f5f0528e79d/source' cannot be proxied to UiAutomator2 server because the instrumentation process is not running (probably crashed). Check the server log and/or the logcat output for more details
    at UIA2Proxy.proxyCommand (/Users/vc.rajdeep.kumar/.appium/node_modules/appium-uiautomator2-driver/build/lib/uiautomator2.js:32:19)
    at UIA2Proxy.proxyReqRes (/opt/homebrew/lib/node_modules/appium/node_modules/@appium/base-driver/build/lib/jsonwp-proxy/proxy.js:325:49)
    at runCommandPromise (/opt/homebrew/lib/node_modules/appium/node_modules/@appium/base-driver/build/lib/basedriver/driver.js:121:30)
    at /opt/homebrew/lib/node_modules/appium/node_modules/async-lock/lib/index.js:171:12
    at AsyncLock._promiseTry (/opt/homebrew/lib/node_modules/appium/node_modules/async-lock/lib/index.js:306:31)
    at exec (/opt/homebrew/lib/node_modules/appium/node_modules/async-lock/lib/index.js:170:9)
    at AsyncLock.acquire (/opt/homebrew/lib/node_modules/appium/node_modules/async-lock/lib/index.js:189:3)
    at AndroidUiautomator2Driver.executeCommand (/opt/homebrew/lib/node_modules/appium/node_modules/@appium/base-driver/build/lib/basedriver/driver.js:161:45)
    at process.processTicksAndRejections (node:internal/process/task_queues:104:5)
    at async defaultBehavior (/opt/homebrew/lib/node_modules/appium/build/lib/appium.js:634:20)
    at async AppiumDriver.executeWrappedCommand (/opt/homebrew/lib/node_modules/appium/build/lib/appium.js:726:22)
    at async AppiumDriver.executeCommand (/opt/homebrew/lib/node_modules/appium/build/lib/appium.js:645:21)
    at async doJwpProxy (/opt/homebrew/lib/node_modules/appium/node_modules/@appium/base-driver/build/lib/protocol/protocol.js:476:9)
    at async asyncHandler (/opt/homebrew/lib/node_modules/appium/node_modules/@appium/base-driver/build/lib/protocol/protocol.js:307:21)
2026-08-17 17:13:51 [ERROR   ] screenshot_utils.py:64 — Screenshot capture failed: Message: 'GET /screenshot' cannot be proxied to UiAutomator2 server because the instrumentation process is not running (probably crashed). Check the server log and/or the logcat output for more details
Stacktrace:
UnknownError: 'GET /screenshot' cannot be proxied to UiAutomator2 server because the instrumentation process is not running (probably crashed). Check the server log and/or the logcat output for more details
    at UIA2Proxy.command (/opt/homebrew/lib/node_modules/appium/node_modules/@appium/base-driver/build/lib/jsonwp-proxy/proxy.js:272:19)
    at process.processTicksAndRejections (node:internal/process/task_queues:104:5)
    at async AndroidUiautomator2Driver.getScreenshot (/Users/vc.rajdeep.kumar/.appium/node_modules/appium-uiautomator2-driver/build/lib/commands/screenshot.js:72:19)
2026-08-17 17:13:51 [ERROR   ] screenshot_utils.py:87 — Page source save failed: Message: 'GET /session/2c86b17d-a0bf-4c36-bb87-3f5f0528e79d/source' cannot be proxied to UiAutomator2 server because the instrumentation process is not running (probably crashed). Check the server log and/or the logcat output for more details
Stacktrace:
InvalidContextError: 'GET /session/2c86b17d-a0bf-4c36-bb87-3f5f0528e79d/source' cannot be proxied to UiAutomator2 server because the instrumentation process is not running (probably crashed). Check the server log and/or the logcat output for more details
    at UIA2Proxy.proxyCommand (/Users/vc.rajdeep.kumar/.appium/node_modules/appium-uiautomator2-driver/build/lib/uiautomator2.js:32:19)
    at UIA2Proxy.proxyReqRes (/opt/homebrew/lib/node_modules/appium/node_modules/@appium/base-driver/build/lib/jsonwp-proxy/proxy.js:325:49)
    at runCommandPromise (/opt/homebrew/lib/node_modules/appium/node_modules/@appium/base-driver/build/lib/basedriver/driver.js:121:30)
    at /opt/homebrew/lib/node_modules/appium/node_modules/async-lock/lib/index.js:171:12
    at AsyncLock._promiseTry (/opt/homebrew/lib/node_modules/appium/node_modules/async-lock/lib/index.js:306:31)
    at exec (/opt/homebrew/lib/node_modules/appium/node_modules/async-lock/lib/index.js:170:9)
    at AsyncLock.acquire (/opt/homebrew/lib/node_modules/appium/node_modules/async-lock/lib/index.js:189:3)
    at AndroidUiautomator2Driver.executeCommand (/opt/homebrew/lib/node_modules/appium/node_modules/@appium/base-driver/build/lib/basedriver/driver.js:161:45)
    at process.processTicksAndRejections (node:internal/process/task_queues:104:5)
    at async defaultBehavior (/opt/homebrew/lib/node_modules/appium/build/lib/appium.js:634:20)
    at async AppiumDriver.executeWrappedCommand (/opt/homebrew/lib/node_modules/appium/build/lib/appium.js:726:22)
    at async AppiumDriver.executeCommand (/opt/homebrew/lib/node_modules/appium/build/lib/appium.js:645:21)
    at async doJwpProxy (/opt/homebrew/lib/node_modules/appium/node_modules/@appium/base-driver/build/lib/protocol/protocol.js:476:9)
    at async asyncHandler (/opt/homebrew/lib/node_modules/appium/node_modules/@appium/base-driver/build/lib/protocol/protocol.js:307:21)
2026-08-17 17:13:51 [ERROR   ] conftest.py:468 — Test FAILED: test_three_dots_close_via_cross
2026-08-17 17:13:51 [INFO    ] base_test.py:137 — BaseFeedTest setup completed (session-scoped, already logged in).
2026-08-17 17:13:51 [INFO    ] base_test.py:151 — login_and_reach_feed: START (session-scoped)
2026-08-17 17:13:51 [INFO    ] login_page.py:556 — Validating home page
2026-08-17 17:13:51 [WARNING ] base_page.py:255 — Error checking display status for ('id', 'com.zee5.hipi:id/exo_content_frame'): Message: 'POST /element' cannot be proxied to UiAutomator2 server because the instrumentation process is not running (probably crashed). Check the server log and/or the logcat output for more details
Stacktrace:
UnknownError: 'POST /element' cannot be proxied to UiAutomator2 server because the instrumentation process is not running (probably crashed). Check the server log and/or the logcat output for more details
    at UIA2Proxy.command (/opt/homebrew/lib/node_modules/appium/node_modules/@appium/base-driver/build/lib/jsonwp-proxy/proxy.js:272:19)
    at process.processTicksAndRejections (node:internal/process/task_queues:104:5)
    at async AndroidUiautomator2Driver.doFindElementOrEls (/Users/vc.rajdeep.kumar/.appium/node_modules/appium-uiautomator2-driver/build/lib/commands/find.js:24:13)
    at async doFind (/Users/vc.rajdeep.kumar/.appium/node_modules/appium-uiautomator2-driver/node_modules/appium-android-driver/build/lib/commands/find.js:24:23)
    at async wrappedCondFn (/opt/homebrew/lib/node_modules/appium/node_modules/@appium/base-driver/build/lib/basedriver/commands/timeout.js:97:20)
    at async spin (/opt/homebrew/lib/node_modules/appium/node_modules/asyncbox/build/lib/asyncbox.js:174:24)
    at async waitForCondition (/opt/homebrew/lib/node_modules/appium/node_modules/asyncbox/build/lib/asyncbox.js:192:12)
    at async AndroidUiautomator2Driver.implicitWaitForCondition (/opt/homebrew/lib/node_modules/appium/node_modules/@appium/base-driver/build/lib/basedriver/commands/timeout.js:99:16)
    at async AndroidUiautomator2Driver.findElOrEls (/Users/vc.rajdeep.kumar/.appium/node_modules/appium-uiautomator2-driver/node_modules/appium-android-driver/build/lib/commands/find.js:45:9)
    at async AndroidUiautomator2Driver.findElOrElsWithProcessing (/opt/homebrew/lib/node_modules/appium/node_modules/@appium/base-driver/build/lib/basedriver/commands/find.js:12:16)
    at async AndroidUiautomator2Driver.findElement (/opt/homebrew/lib/node_modules/appium/node_modules/@appium/base-driver/build/lib/basedriver/commands/find.js:27:16)
2026-08-17 17:13:51 [WARNING ] login_page.py:568 — Home page not displayed within timeout
2026-08-17 17:13:51 [WARNING ] base_test.py:158 — Session-scoped driver is not on the home feed — logging in again.
2026-08-17 17:13:51 [INFO    ] base_test.py:39 — Logging in as default test user.
2026-08-17 17:13:51 [INFO    ] login_page.py:599 — ========== LOGIN FLOW START ==========
2026-08-17 17:13:52 [INFO    ] login_page.py:43 — Opening profile tab
2026-08-17 17:13:53 [INFO    ] login_page.py:53 — Profile tab open attempt 1/2
2026-08-17 17:13:54 [ERROR   ] base_page.py:182 — Fatal session error clicking ('xpath', "//android.view.View[@clickable='true'][.//android.widget.TextView[@text='Profile']]") — session is dead, not retrying: Message: 'POST /element' cannot be proxied to UiAutomator2 server because the instrumentation process is not running (probably crashed). Check the server log and/or the logcat output for more details
Stacktrace:
UnknownError: 'POST /element' cannot be proxied to UiAutomator2 server because the instrumentation process is not running (probably crashed). Check the server log and/or the logcat output for more details
    at UIA2Proxy.command (/opt/homebrew/lib/node_modules/appium/node_modules/@appium/base-driver/build/lib/jsonwp-proxy/proxy.js:272:19)
    at process.processTicksAndRejections (node:internal/process/task_queues:104:5)
    at async AndroidUiautomator2Driver.doFindElementOrEls (/Users/vc.rajdeep.kumar/.appium/node_modules/appium-uiautomator2-driver/build/lib/commands/find.js:24:13)
    at async doFind (/Users/vc.rajdeep.kumar/.appium/node_modules/appium-uiautomator2-driver/node_modules/appium-android-driver/build/lib/commands/find.js:24:23)
    at async wrappedCondFn (/opt/homebrew/lib/node_modules/appium/node_modules/@appium/base-driver/build/lib/basedriver/commands/timeout.js:97:20)
    at async spin (/opt/homebrew/lib/node_modules/appium/node_modules/asyncbox/build/lib/asyncbox.js:174:24)
    at async waitForCondition (/opt/homebrew/lib/node_modules/appium/node_modules/asyncbox/build/lib/asyncbox.js:192:12)
    at async AndroidUiautomator2Driver.implicitWaitForCondition (/opt/homebrew/lib/node_modules/appium/node_modules/@appium/base-driver/build/lib/basedriver/commands/timeout.js:99:16)
    at async AndroidUiautomator2Driver.findElOrEls (/Users/vc.rajdeep.kumar/.appium/node_modules/appium-uiautomator2-driver/node_modules/appium-android-driver/build/lib/commands/find.js:45:9)
    at async AndroidUiautomator2Driver.findElOrElsWithProcessing (/opt/homebrew/lib/node_modules/appium/node_modules/@appium/base-driver/build/lib/basedriver/commands/find.js:12:16)
    at async AndroidUiautomator2Driver.findElement (/opt/homebrew/lib/node_modules/appium/node_modules/@appium/base-driver/build/lib/basedriver/commands/find.js:27:16)
2026-08-17 17:13:54 [WARNING ] login_page.py:98 — Element-based click failed: Session/instrumentation dead while clicking ('xpath', "//android.view.View[@clickable='true'][.//android.widget.TextView[@text='Profile']]"): Message: 'POST /element' cannot be proxied to UiAutomator2 server because the instrumentation process is not running (probably crashed). Check the server log and/or the logcat output for more details
Stacktrace:
UnknownError: 'POST /element' cannot be proxied to UiAutomator2 server because the instrumentation process is not running (probably crashed). Check the server log and/or the logcat output for more details
    at UIA2Proxy.command (/opt/homebrew/lib/node_modules/appium/node_modules/@appium/base-driver/build/lib/jsonwp-proxy/proxy.js:272:19)
    at process.processTicksAndRejections (node:internal/process/task_queues:104:5)
    at async AndroidUiautomator2Driver.doFindElementOrEls (/Users/vc.rajdeep.kumar/.appium/node_modules/appium-uiautomator2-driver/build/lib/commands/find.js:24:13)
    at async doFind (/Users/vc.rajdeep.kumar/.appium/node_modules/appium-uiautomator2-driver/node_modules/appium-android-driver/build/lib/commands/find.js:24:23)
    at async wrappedCondFn (/opt/homebrew/lib/node_modules/appium/node_modules/@appium/base-driver/build/lib/basedriver/commands/timeout.js:97:20)
    at async spin (/opt/homebrew/lib/node_modules/appium/node_modules/asyncbox/build/lib/asyncbox.js:174:24)
    at async waitForCondition (/opt/homebrew/lib/node_modules/appium/node_modules/asyncbox/build/lib/asyncbox.js:192:12)
    at async AndroidUiautomator2Driver.implicitWaitForCondition (/opt/homebrew/lib/node_modules/appium/node_modules/@appium/base-driver/build/lib/basedriver/commands/timeout.js:99:16)
    at async AndroidUiautomator2Driver.findElOrEls (/Users/vc.rajdeep.kumar/.appium/node_modules/appium-uiautomator2-driver/node_modules/appium-android-driver/build/lib/commands/find.js:45:9)
    at async AndroidUiautomator2Driver.findElOrElsWithProcessing (/opt/homebrew/lib/node_modules/appium/node_modules/@appium/base-driver/build/lib/basedriver/commands/find.js:12:16)
    at async AndroidUiautomator2Driver.findElement (/opt/homebrew/lib/node_modules/appium/node_modules/@appium/base-driver/build/lib/basedriver/commands/find.js:27:16)
2026-08-17 17:13:54 [WARNING ] base_page.py:255 — Error checking display status for ('-android uiautomator', 'new UiSelector().text("Edit Profile")'): Message: 'POST /element' cannot be proxied to UiAutomator2 server because the instrumentation process is not running (probably crashed). Check the server log and/or the logcat output for more details
Stacktrace:
UnknownError: 'POST /element' cannot be proxied to UiAutomator2 server because the instrumentation process is not running (probably crashed). Check the server log and/or the logcat output for more details
    at UIA2Proxy.command (/opt/homebrew/lib/node_modules/appium/node_modules/@appium/base-driver/build/lib/jsonwp-proxy/proxy.js:272:19)
    at process.processTicksAndRejections (node:internal/process/task_queues:104:5)
    at async AndroidUiautomator2Driver.doFindElementOrEls (/Users/vc.rajdeep.kumar/.appium/node_modules/appium-uiautomator2-driver/build/lib/commands/find.js:24:13)
    at async doFind (/Users/vc.rajdeep.kumar/.appium/node_modules/appium-uiautomator2-driver/node_modules/appium-android-driver/build/lib/commands/find.js:24:23)
    at async wrappedCondFn (/opt/homebrew/lib/node_modules/appium/node_modules/@appium/base-driver/build/lib/basedriver/commands/timeout.js:97:20)
    at async spin (/opt/homebrew/lib/node_modules/appium/node_modules/asyncbox/build/lib/asyncbox.js:174:24)
    at async waitForCondition (/opt/homebrew/lib/node_modules/appium/node_modules/asyncbox/build/lib/asyncbox.js:192:12)
    at async AndroidUiautomator2Driver.implicitWaitForCondition (/opt/homebrew/lib/node_modules/appium/node_modules/@appium/base-driver/build/lib/basedriver/commands/timeout.js:99:16)
    at async AndroidUiautomator2Driver.findElOrEls (/Users/vc.rajdeep.kumar/.appium/node_modules/appium-uiautomator2-driver/node_modules/appium-android-driver/build/lib/commands/find.js:45:9)
    at async AndroidUiautomator2Driver.findElOrElsWithProcessing (/opt/homebrew/lib/node_modules/appium/node_modules/@appium/base-driver/build/lib/basedriver/commands/find.js:12:16)
    at async AndroidUiautomator2Driver.findElement (/opt/homebrew/lib/node_modules/appium/node_modules/@appium/base-driver/build/lib/basedriver/commands/find.js:27:16)
2026-08-17 17:13:54 [WARNING ] base_page.py:255 — Error checking display status for ('id', 'com.zee5.hipi:id/exo_content_frame'): Message: 'POST /element' cannot be proxied to UiAutomator2 server because the instrumentation process is not running (probably crashed). Check the server log and/or the logcat output for more details
Stacktrace:
UnknownError: 'POST /element' cannot be proxied to UiAutomator2 server because the instrumentation process is not running (probably crashed). Check the server log and/or the logcat output for more details
    at UIA2Proxy.command (/opt/homebrew/lib/node_modules/appium/node_modules/@appium/base-driver/build/lib/jsonwp-proxy/proxy.js:272:19)
    at process.processTicksAndRejections (node:internal/process/task_queues:104:5)
    at async AndroidUiautomator2Driver.doFindElementOrEls (/Users/vc.rajdeep.kumar/.appium/node_modules/appium-uiautomator2-driver/build/lib/commands/find.js:24:13)
    at async doFind (/Users/vc.rajdeep.kumar/.appium/node_modules/appium-uiautomator2-driver/node_modules/appium-android-driver/build/lib/commands/find.js:24:23)
    at async wrappedCondFn (/opt/homebrew/lib/node_modules/appium/node_modules/@appium/base-driver/build/lib/basedriver/commands/timeout.js:97:20)
    at async spin (/opt/homebrew/lib/node_modules/appium/node_modules/asyncbox/build/lib/asyncbox.js:174:24)
    at async waitForCondition (/opt/homebrew/lib/node_modules/appium/node_modules/asyncbox/build/lib/asyncbox.js:192:12)
    at async AndroidUiautomator2Driver.implicitWaitForCondition (/opt/homebrew/lib/node_modules/appium/node_modules/@appium/base-driver/build/lib/basedriver/commands/timeout.js:99:16)
    at async AndroidUiautomator2Driver.findElOrEls (/Users/vc.rajdeep.kumar/.appium/node_modules/appium-uiautomator2-driver/node_modules/appium-android-driver/build/lib/commands/find.js:45:9)
    at async AndroidUiautomator2Driver.findElOrElsWithProcessing (/opt/homebrew/lib/node_modules/appium/node_modules/@appium/base-driver/build/lib/basedriver/commands/find.js:12:16)
    at async AndroidUiautomator2Driver.findElement (/opt/homebrew/lib/node_modules/appium/node_modules/@appium/base-driver/build/lib/basedriver/commands/find.js:27:16)
2026-08-17 17:13:54 [WARNING ] login_page.py:135 — Coordinate tap failed: Message: 'GET /window/current/size' cannot be proxied to UiAutomator2 server because the instrumentation process is not running (probably crashed). Check the server log and/or the logcat output for more details
Stacktrace:
UnknownError: 'GET /window/current/size' cannot be proxied to UiAutomator2 server because the instrumentation process is not running (probably crashed). Check the server log and/or the logcat output for more details
    at UIA2Proxy.command (/opt/homebrew/lib/node_modules/appium/node_modules/@appium/base-driver/build/lib/jsonwp-proxy/proxy.js:272:19)
    at process.processTicksAndRejections (node:internal/process/task_queues:104:5)
    at async AndroidUiautomator2Driver.getWindowSize (/Users/vc.rajdeep.kumar/.appium/node_modules/appium-uiautomator2-driver/build/lib/commands/viewport.js:73:13)
    at async AndroidUiautomator2Driver.getWindowRect (/Users/vc.rajdeep.kumar/.appium/node_modules/appium-uiautomator2-driver/build/lib/commands/viewport.js:53:31)
2026-08-17 17:14:00 [ERROR   ] base_page.py:148 — None of the candidate locators became visible within 6s. Candidates: [('-android uiautomator', 'new UiSelector().textContains("Continue")'), ('class name', 'android.widget.EditText')]. Last error: Message: 'POST /elements' cannot be proxied to UiAutomator2 server because the instrumentation process is not running (probably crashed). Check the server log and/or the logcat output for more details
Stacktrace:
UnknownError: 'POST /elements' cannot be proxied to UiAutomator2 server because the instrumentation process is not running (probably crashed). Check the server log and/or the logcat output for more details
    at UIA2Proxy.command (/opt/homebrew/lib/node_modules/appium/node_modules/@appium/base-driver/build/lib/jsonwp-proxy/proxy.js:272:19)
    at process.processTicksAndRejections (node:internal/process/task_queues:104:5)
    at async AndroidUiautomator2Driver.doFindElementOrEls (/Users/vc.rajdeep.kumar/.appium/node_modules/appium-uiautomator2-driver/build/lib/commands/find.js:24:13)
    at async doFind (/Users/vc.rajdeep.kumar/.appium/node_modules/appium-uiautomator2-driver/node_modules/appium-android-driver/build/lib/commands/find.js:24:23)
    at async wrappedCondFn (/opt/homebrew/lib/node_modules/appium/node_modules/@appium/base-driver/build/lib/basedriver/commands/timeout.js:97:20)
    at async spin (/opt/homebrew/lib/node_modules/appium/node_modules/asyncbox/build/lib/asyncbox.js:174:24)
    at async waitForCondition (/opt/homebrew/lib/node_modules/appium/node_modules/asyncbox/build/lib/asyncbox.js:192:12)
    at async AndroidUiautomator2Driver.implicitWaitForCondition (/opt/homebrew/lib/node_modules/appium/node_modules/@appium/base-driver/build/lib/basedriver/commands/timeout.js:99:16)
    at async AndroidUiautomator2Driver.findElOrEls (/Users/vc.rajdeep.kumar/.appium/node_modules/appium-uiautomator2-driver/node_modules/appium-android-driver/build/lib/commands/find.js:45:9)
    at async AndroidUiautomator2Driver.findElOrElsWithProcessing (/opt/homebrew/lib/node_modules/appium/node_modules/@appium/base-driver/build/lib/basedriver/commands/find.js:12:16)
    at async AndroidUiautomator2Driver.findElements (/opt/homebrew/lib/node_modules/appium/node_modules/@appium/base-driver/build/lib/basedriver/commands/find.js:30:16)
2026-08-17 17:14:00 [ERROR   ] screenshot_utils.py:64 — Screenshot capture failed: Message: 'GET /screenshot' cannot be proxied to UiAutomator2 server because the instrumentation process is not running (probably crashed). Check the server log and/or the logcat output for more details
Stacktrace:
UnknownError: 'GET /screenshot' cannot be proxied to UiAutomator2 server because the instrumentation process is not running (probably crashed). Check the server log and/or the logcat output for more details
    at UIA2Proxy.command (/opt/homebrew/lib/node_modules/appium/node_modules/@appium/base-driver/build/lib/jsonwp-proxy/proxy.js:272:19)
    at process.processTicksAndRejections (node:internal/process/task_queues:104:5)
    at async AndroidUiautomator2Driver.getScreenshot (/Users/vc.rajdeep.kumar/.appium/node_modules/appium-uiautomator2-driver/build/lib/commands/screenshot.js:72:19)
2026-08-17 17:14:00 [ERROR   ] screenshot_utils.py:87 — Page source save failed: Message: 'GET /session/2c86b17d-a0bf-4c36-bb87-3f5f0528e79d/source' cannot be proxied to UiAutomator2 server because the instrumentation process is not running (probably crashed). Check the server log and/or the logcat output for more details
Stacktrace:
InvalidContextError: 'GET /session/2c86b17d-a0bf-4c36-bb87-3f5f0528e79d/source' cannot be proxied to UiAutomator2 server because the instrumentation process is not running (probably crashed). Check the server log and/or the logcat output for more details
    at UIA2Proxy.proxyCommand (/Users/vc.rajdeep.kumar/.appium/node_modules/appium-uiautomator2-driver/build/lib/uiautomator2.js:32:19)
    at UIA2Proxy.proxyReqRes (/opt/homebrew/lib/node_modules/appium/node_modules/@appium/base-driver/build/lib/jsonwp-proxy/proxy.js:325:49)
    at runCommandPromise (/opt/homebrew/lib/node_modules/appium/node_modules/@appium/base-driver/build/lib/basedriver/driver.js:121:30)
    at /opt/homebrew/lib/node_modules/appium/node_modules/async-lock/lib/index.js:171:12
    at AsyncLock._promiseTry (/opt/homebrew/lib/node_modules/appium/node_modules/async-lock/lib/index.js:306:31)
    at exec (/opt/homebrew/lib/node_modules/appium/node_modules/async-lock/lib/index.js:170:9)
    at AsyncLock.acquire (/opt/homebrew/lib/node_modules/appium/node_modules/async-lock/lib/index.js:189:3)
    at AndroidUiautomator2Driver.executeCommand (/opt/homebrew/lib/node_modules/appium/node_modules/@appium/base-driver/build/lib/basedriver/driver.js:161:45)
    at process.processTicksAndRejections (node:internal/process/task_queues:104:5)
    at async defaultBehavior (/opt/homebrew/lib/node_modules/appium/build/lib/appium.js:634:20)
    at async AppiumDriver.executeWrappedCommand (/opt/homebrew/lib/node_modules/appium/build/lib/appium.js:726:22)
    at async AppiumDriver.executeCommand (/opt/homebrew/lib/node_modules/appium/build/lib/appium.js:645:21)
    at async doJwpProxy (/opt/homebrew/lib/node_modules/appium/node_modules/@appium/base-driver/build/lib/protocol/protocol.js:476:9)
    at async asyncHandler (/opt/homebrew/lib/node_modules/appium/node_modules/@appium/base-driver/build/lib/protocol/protocol.js:307:21)
2026-08-17 17:14:00 [WARNING ] login_page.py:158 — Attempt 1 did not reach the login sheet, recovering and retrying...
2026-08-17 17:14:00 [WARNING ] base_page.py:419 — Attempting to recover application state...
2026-08-17 17:14:03 [INFO    ] base_page.py:424 — App recovery attempt completed.
2026-08-17 17:14:05 [INFO    ] login_page.py:53 — Profile tab open attempt 2/2
2026-08-17 17:14:05 [ERROR   ] base_page.py:182 — Fatal session error clicking ('xpath', "//android.view.View[@clickable='true'][.//android.widget.TextView[@text='Profile']]") — session is dead, not retrying: Message: 'POST /element' cannot be proxied to UiAutomator2 server because the instrumentation process is not running (probably crashed). Check the server log and/or the logcat output for more details
Stacktrace:
UnknownError: 'POST /element' cannot be proxied to UiAutomator2 server because the instrumentation process is not running (probably crashed). Check the server log and/or the logcat output for more details
    at UIA2Proxy.command (/opt/homebrew/lib/node_modules/appium/node_modules/@appium/base-driver/build/lib/jsonwp-proxy/proxy.js:272:19)
    at process.processTicksAndRejections (node:internal/process/task_queues:104:5)
    at async AndroidUiautomator2Driver.doFindElementOrEls (/Users/vc.rajdeep.kumar/.appium/node_modules/appium-uiautomator2-driver/build/lib/commands/find.js:24:13)
    at async doFind (/Users/vc.rajdeep.kumar/.appium/node_modules/appium-uiautomator2-driver/node_modules/appium-android-driver/build/lib/commands/find.js:24:23)
    at async wrappedCondFn (/opt/homebrew/lib/node_modules/appium/node_modules/@appium/base-driver/build/lib/basedriver/commands/timeout.js:97:20)
    at async spin (/opt/homebrew/lib/node_modules/appium/node_modules/asyncbox/build/lib/asyncbox.js:174:24)
    at async waitForCondition (/opt/homebrew/lib/node_modules/appium/node_modules/asyncbox/build/lib/asyncbox.js:192:12)
    at async AndroidUiautomator2Driver.implicitWaitForCondition (/opt/homebrew/lib/node_modules/appium/node_modules/@appium/base-driver/build/lib/basedriver/commands/timeout.js:99:16)
    at async AndroidUiautomator2Driver.findElOrEls (/Users/vc.rajdeep.kumar/.appium/node_modules/appium-uiautomator2-driver/node_modules/appium-android-driver/build/lib/commands/find.js:45:9)
    at async AndroidUiautomator2Driver.findElOrElsWithProcessing (/opt/homebrew/lib/node_modules/appium/node_modules/@appium/base-driver/build/lib/basedriver/commands/find.js:12:16)
    at async AndroidUiautomator2Driver.findElement (/opt/homebrew/lib/node_modules/appium/node_modules/@appium/base-driver/build/lib/basedriver/commands/find.js:27:16)
2026-08-17 17:14:05 [WARNING ] login_page.py:98 — Element-based click failed: Session/instrumentation dead while clicking ('xpath', "//android.view.View[@clickable='true'][.//android.widget.TextView[@text='Profile']]"): Message: 'POST /element' cannot be proxied to UiAutomator2 server because the instrumentation process is not running (probably crashed). Check the server log and/or the logcat output for more details
Stacktrace:
UnknownError: 'POST /element' cannot be proxied to UiAutomator2 server because the instrumentation process is not running (probably crashed). Check the server log and/or the logcat output for more details
    at UIA2Proxy.command (/opt/homebrew/lib/node_modules/appium/node_modules/@appium/base-driver/build/lib/jsonwp-proxy/proxy.js:272:19)
    at process.processTicksAndRejections (node:internal/process/task_queues:104:5)
    at async AndroidUiautomator2Driver.doFindElementOrEls (/Users/vc.rajdeep.kumar/.appium/node_modules/appium-uiautomator2-driver/build/lib/commands/find.js:24:13)
    at async doFind (/Users/vc.rajdeep.kumar/.appium/node_modules/appium-uiautomator2-driver/node_modules/appium-android-driver/build/lib/commands/find.js:24:23)
    at async wrappedCondFn (/opt/homebrew/lib/node_modules/appium/node_modules/@appium/base-driver/build/lib/basedriver/commands/timeout.js:97:20)
    at async spin (/opt/homebrew/lib/node_modules/appium/node_modules/asyncbox/build/lib/asyncbox.js:174:24)
    at async waitForCondition (/opt/homebrew/lib/node_modules/appium/node_modules/asyncbox/build/lib/asyncbox.js:192:12)
    at async AndroidUiautomator2Driver.implicitWaitForCondition (/opt/homebrew/lib/node_modules/appium/node_modules/@appium/base-driver/build/lib/basedriver/commands/timeout.js:99:16)
    at async AndroidUiautomator2Driver.findElOrEls (/Users/vc.rajdeep.kumar/.appium/node_modules/appium-uiautomator2-driver/node_modules/appium-android-driver/build/lib/commands/find.js:45:9)
    at async AndroidUiautomator2Driver.findElOrElsWithProcessing (/opt/homebrew/lib/node_modules/appium/node_modules/@appium/base-driver/build/lib/basedriver/commands/find.js:12:16)
    at async AndroidUiautomator2Driver.findElement (/opt/homebrew/lib/node_modules/appium/node_modules/@appium/base-driver/build/lib/basedriver/commands/find.js:27:16)
2026-08-17 17:14:05 [WARNING ] base_page.py:255 — Error checking display status for ('-android uiautomator', 'new UiSelector().text("Edit Profile")'): Message: 'POST /element' cannot be proxied to UiAutomator2 server because the instrumentation process is not running (probably crashed). Check the server log and/or the logcat output for more details
Stacktrace:
UnknownError: 'POST /element' cannot be proxied to UiAutomator2 server because the instrumentation process is not running (probably crashed). Check the server log and/or the logcat output for more details
    at UIA2Proxy.command (/opt/homebrew/lib/node_modules/appium/node_modules/@appium/base-driver/build/lib/jsonwp-proxy/proxy.js:272:19)
    at process.processTicksAndRejections (node:internal/process/task_queues:104:5)
    at async AndroidUiautomator2Driver.doFindElementOrEls (/Users/vc.rajdeep.kumar/.appium/node_modules/appium-uiautomator2-driver/build/lib/commands/find.js:24:13)
    at async doFind (/Users/vc.rajdeep.kumar/.appium/node_modules/appium-uiautomator2-driver/node_modules/appium-android-driver/build/lib/commands/find.js:24:23)
    at async wrappedCondFn (/opt/homebrew/lib/node_modules/appium/node_modules/@appium/base-driver/build/lib/basedriver/commands/timeout.js:97:20)
    at async spin (/opt/homebrew/lib/node_modules/appium/node_modules/asyncbox/build/lib/asyncbox.js:174:24)
    at async waitForCondition (/opt/homebrew/lib/node_modules/appium/node_modules/asyncbox/build/lib/asyncbox.js:192:12)
    at async AndroidUiautomator2Driver.implicitWaitForCondition (/opt/homebrew/lib/node_modules/appium/node_modules/@appium/base-driver/build/lib/basedriver/commands/timeout.js:99:16)
    at async AndroidUiautomator2Driver.findElOrEls (/Users/vc.rajdeep.kumar/.appium/node_modules/appium-uiautomator2-driver/node_modules/appium-android-driver/build/lib/commands/find.js:45:9)
    at async AndroidUiautomator2Driver.findElOrElsWithProcessing (/opt/homebrew/lib/node_modules/appium/node_modules/@appium/base-driver/build/lib/basedriver/commands/find.js:12:16)
    at async AndroidUiautomator2Driver.findElement (/opt/homebrew/lib/node_modules/appium/node_modules/@appium/base-driver/build/lib/basedriver/commands/find.js:27:16)
2026-08-17 17:14:05 [WARNING ] base_page.py:255 — Error checking display status for ('id', 'com.zee5.hipi:id/exo_content_frame'): Message: 'POST /element' cannot be proxied to UiAutomator2 server because the instrumentation process is not running (probably crashed). Check the server log and/or the logcat output for more details
Stacktrace:
UnknownError: 'POST /element' cannot be proxied to UiAutomator2 server because the instrumentation process is not running (probably crashed). Check the server log and/or the logcat output for more details
    at UIA2Proxy.command (/opt/homebrew/lib/node_modules/appium/node_modules/@appium/base-driver/build/lib/jsonwp-proxy/proxy.js:272:19)
    at process.processTicksAndRejections (node:internal/process/task_queues:104:5)
    at async AndroidUiautomator2Driver.doFindElementOrEls (/Users/vc.rajdeep.kumar/.appium/node_modules/appium-uiautomator2-driver/build/lib/commands/find.js:24:13)
    at async doFind (/Users/vc.rajdeep.kumar/.appium/node_modules/appium-uiautomator2-driver/node_modules/appium-android-driver/build/lib/commands/find.js:24:23)
    at async wrappedCondFn (/opt/homebrew/lib/node_modules/appium/node_modules/@appium/base-driver/build/lib/basedriver/commands/timeout.js:97:20)
    at async spin (/opt/homebrew/lib/node_modules/appium/node_modules/asyncbox/build/lib/asyncbox.js:174:24)
    at async waitForCondition (/opt/homebrew/lib/node_modules/appium/node_modules/asyncbox/build/lib/asyncbox.js:192:12)
    at async AndroidUiautomator2Driver.implicitWaitForCondition (/opt/homebrew/lib/node_modules/appium/node_modules/@appium/base-driver/build/lib/basedriver/commands/timeout.js:99:16)
    at async AndroidUiautomator2Driver.findElOrEls (/Users/vc.rajdeep.kumar/.appium/node_modules/appium-uiautomator2-driver/node_modules/appium-android-driver/build/lib/commands/find.js:45:9)
    at async AndroidUiautomator2Driver.findElOrElsWithProcessing (/opt/homebrew/lib/node_modules/appium/node_modules/@appium/base-driver/build/lib/basedriver/commands/find.js:12:16)
    at async AndroidUiautomator2Driver.findElement (/opt/homebrew/lib/node_modules/appium/node_modules/@appium/base-driver/build/lib/basedriver/commands/find.js:27:16)
2026-08-17 17:14:05 [WARNING ] login_page.py:135 — Coordinate tap failed: Message: 'GET /window/current/size' cannot be proxied to UiAutomator2 server because the instrumentation process is not running (probably crashed). Check the server log and/or the logcat output for more details
Stacktrace:
UnknownError: 'GET /window/current/size' cannot be proxied to UiAutomator2 server because the instrumentation process is not running (probably crashed). Check the server log and/or the logcat output for more details
    at UIA2Proxy.command (/opt/homebrew/lib/node_modules/appium/node_modules/@appium/base-driver/build/lib/jsonwp-proxy/proxy.js:272:19)
    at process.processTicksAndRejections (node:internal/process/task_queues:104:5)
    at async AndroidUiautomator2Driver.getWindowSize (/Users/vc.rajdeep.kumar/.appium/node_modules/appium-uiautomator2-driver/build/lib/commands/viewport.js:73:13)
    at async AndroidUiautomator2Driver.getWindowRect (/Users/vc.rajdeep.kumar/.appium/node_modules/appium-uiautomator2-driver/build/lib/commands/viewport.js:53:31)
2026-08-17 17:14:11 [ERROR   ] base_page.py:148 — None of the candidate locators became visible within 6s. Candidates: [('-android uiautomator', 'new UiSelector().textContains("Continue")'), ('class name', 'android.widget.EditText')]. Last error: Message: 'POST /elements' cannot be proxied to UiAutomator2 server because the instrumentation process is not running (probably crashed). Check the server log and/or the logcat output for more details
Stacktrace:
UnknownError: 'POST /elements' cannot be proxied to UiAutomator2 server because the instrumentation process is not running (probably crashed). Check the server log and/or the logcat output for more details
    at UIA2Proxy.command (/opt/homebrew/lib/node_modules/appium/node_modules/@appium/base-driver/build/lib/jsonwp-proxy/proxy.js:272:19)
    at process.processTicksAndRejections (node:internal/process/task_queues:104:5)
    at async AndroidUiautomator2Driver.doFindElementOrEls (/Users/vc.rajdeep.kumar/.appium/node_modules/appium-uiautomator2-driver/build/lib/commands/find.js:24:13)
    at async doFind (/Users/vc.rajdeep.kumar/.appium/node_modules/appium-uiautomator2-driver/node_modules/appium-android-driver/build/lib/commands/find.js:24:23)
    at async wrappedCondFn (/opt/homebrew/lib/node_modules/appium/node_modules/@appium/base-driver/build/lib/basedriver/commands/timeout.js:97:20)
    at async spin (/opt/homebrew/lib/node_modules/appium/node_modules/asyncbox/build/lib/asyncbox.js:174:24)
    at async waitForCondition (/opt/homebrew/lib/node_modules/appium/node_modules/asyncbox/build/lib/asyncbox.js:192:12)
    at async AndroidUiautomator2Driver.implicitWaitForCondition (/opt/homebrew/lib/node_modules/appium/node_modules/@appium/base-driver/build/lib/basedriver/commands/timeout.js:99:16)
    at async AndroidUiautomator2Driver.findElOrEls (/Users/vc.rajdeep.kumar/.appium/node_modules/appium-uiautomator2-driver/node_modules/appium-android-driver/build/lib/commands/find.js:45:9)
    at async AndroidUiautomator2Driver.findElOrElsWithProcessing (/opt/homebrew/lib/node_modules/appium/node_modules/@appium/base-driver/build/lib/basedriver/commands/find.js:12:16)
    at async AndroidUiautomator2Driver.findElements (/opt/homebrew/lib/node_modules/appium/node_modules/@appium/base-driver/build/lib/basedriver/commands/find.js:30:16)
2026-08-17 17:14:11 [ERROR   ] screenshot_utils.py:64 — Screenshot capture failed: Message: 'GET /screenshot' cannot be proxied to UiAutomator2 server because the instrumentation process is not running (probably crashed). Check the server log and/or the logcat output for more details
Stacktrace:
UnknownError: 'GET /screenshot' cannot be proxied to UiAutomator2 server because the instrumentation process is not running (probably crashed). Check the server log and/or the logcat output for more details
    at UIA2Proxy.command (/opt/homebrew/lib/node_modules/appium/node_modules/@appium/base-driver/build/lib/jsonwp-proxy/proxy.js:272:19)
    at process.processTicksAndRejections (node:internal/process/task_queues:104:5)
    at async AndroidUiautomator2Driver.getScreenshot (/Users/vc.rajdeep.kumar/.appium/node_modules/appium-uiautomator2-driver/build/lib/commands/screenshot.js:72:19)
2026-08-17 17:14:11 [ERROR   ] screenshot_utils.py:87 — Page source save failed: Message: 'GET /session/2c86b17d-a0bf-4c36-bb87-3f5f0528e79d/source' cannot be proxied to UiAutomator2 server because the instrumentation process is not running (probably crashed). Check the server log and/or the logcat output for more details
Stacktrace:
InvalidContextError: 'GET /session/2c86b17d-a0bf-4c36-bb87-3f5f0528e79d/source' cannot be proxied to UiAutomator2 server because the instrumentation process is not running (probably crashed). Check the server log and/or the logcat output for more details
    at UIA2Proxy.proxyCommand (/Users/vc.rajdeep.kumar/.appium/node_modules/appium-uiautomator2-driver/build/lib/uiautomator2.js:32:19)
    at UIA2Proxy.proxyReqRes (/opt/homebrew/lib/node_modules/appium/node_modules/@appium/base-driver/build/lib/jsonwp-proxy/proxy.js:325:49)
    at runCommandPromise (/opt/homebrew/lib/node_modules/appium/node_modules/@appium/base-driver/build/lib/basedriver/driver.js:121:30)
    at /opt/homebrew/lib/node_modules/appium/node_modules/async-lock/lib/index.js:171:12
    at AsyncLock._promiseTry (/opt/homebrew/lib/node_modules/appium/node_modules/async-lock/lib/index.js:306:31)
    at exec (/opt/homebrew/lib/node_modules/appium/node_modules/async-lock/lib/index.js:170:9)
    at AsyncLock.acquire (/opt/homebrew/lib/node_modules/appium/node_modules/async-lock/lib/index.js:189:3)
    at AndroidUiautomator2Driver.executeCommand (/opt/homebrew/lib/node_modules/appium/node_modules/@appium/base-driver/build/lib/basedriver/driver.js:161:45)
    at process.processTicksAndRejections (node:internal/process/task_queues:104:5)
    at async defaultBehavior (/opt/homebrew/lib/node_modules/appium/build/lib/appium.js:634:20)
    at async AppiumDriver.executeWrappedCommand (/opt/homebrew/lib/node_modules/appium/build/lib/appium.js:726:22)
    at async AppiumDriver.executeCommand (/opt/homebrew/lib/node_modules/appium/build/lib/appium.js:645:21)
    at async doJwpProxy (/opt/homebrew/lib/node_modules/appium/node_modules/@appium/base-driver/build/lib/protocol/protocol.js:476:9)
    at async asyncHandler (/opt/homebrew/lib/node_modules/appium/node_modules/@appium/base-driver/build/lib/protocol/protocol.js:307:21)
2026-08-17 17:14:11 [WARNING ] login_page.py:158 — Attempt 2 did not reach the login sheet, recovering and retrying...
2026-08-17 17:14:11 [WARNING ] base_page.py:419 — Attempting to recover application state...
2026-08-17 17:14:14 [INFO    ] base_page.py:424 — App recovery attempt completed.
2026-08-17 17:14:16 [ERROR   ] login_page.py:171 — Unable to open profile tab / reach login sheet after 2 attempts
2026-08-17 17:14:16 [ERROR   ] screenshot_utils.py:64 — Screenshot capture failed: Message: 'GET /screenshot' cannot be proxied to UiAutomator2 server because the instrumentation process is not running (probably crashed). Check the server log and/or the logcat output for more details
Stacktrace:
UnknownError: 'GET /screenshot' cannot be proxied to UiAutomator2 server because the instrumentation process is not running (probably crashed). Check the server log and/or the logcat output for more details
    at UIA2Proxy.command (/opt/homebrew/lib/node_modules/appium/node_modules/@appium/base-driver/build/lib/jsonwp-proxy/proxy.js:272:19)
    at process.processTicksAndRejections (node:internal/process/task_queues:104:5)
    at async AndroidUiautomator2Driver.getScreenshot (/Users/vc.rajdeep.kumar/.appium/node_modules/appium-uiautomator2-driver/build/lib/commands/screenshot.js:72:19)
2026-08-17 17:14:16 [ERROR   ] screenshot_utils.py:87 — Page source save failed: Message: 'GET /session/2c86b17d-a0bf-4c36-bb87-3f5f0528e79d/source' cannot be proxied to UiAutomator2 server because the instrumentation process is not running (probably crashed). Check the server log and/or the logcat output for more details
Stacktrace:
InvalidContextError: 'GET /session/2c86b17d-a0bf-4c36-bb87-3f5f0528e79d/source' cannot be proxied to UiAutomator2 server because the instrumentation process is not running (probably crashed). Check the server log and/or the logcat output for more details
    at UIA2Proxy.proxyCommand (/Users/vc.rajdeep.kumar/.appium/node_modules/appium-uiautomator2-driver/build/lib/uiautomator2.js:32:19)
    at UIA2Proxy.proxyReqRes (/opt/homebrew/lib/node_modules/appium/node_modules/@appium/base-driver/build/lib/jsonwp-proxy/proxy.js:325:49)
    at runCommandPromise (/opt/homebrew/lib/node_modules/appium/node_modules/@appium/base-driver/build/lib/basedriver/driver.js:121:30)
    at /opt/homebrew/lib/node_modules/appium/node_modules/async-lock/lib/index.js:171:12
    at AsyncLock._promiseTry (/opt/homebrew/lib/node_modules/appium/node_modules/async-lock/lib/index.js:306:31)
    at exec (/opt/homebrew/lib/node_modules/appium/node_modules/async-lock/lib/index.js:170:9)
    at AsyncLock.acquire (/opt/homebrew/lib/node_modules/appium/node_modules/async-lock/lib/index.js:189:3)
    at AndroidUiautomator2Driver.executeCommand (/opt/homebrew/lib/node_modules/appium/node_modules/@appium/base-driver/build/lib/basedriver/driver.js:161:45)
    at process.processTicksAndRejections (node:internal/process/task_queues:104:5)
    at async defaultBehavior (/opt/homebrew/lib/node_modules/appium/build/lib/appium.js:634:20)
    at async AppiumDriver.executeWrappedCommand (/opt/homebrew/lib/node_modules/appium/build/lib/appium.js:726:22)
    at async AppiumDriver.executeCommand (/opt/homebrew/lib/node_modules/appium/build/lib/appium.js:645:21)
    at async doJwpProxy (/opt/homebrew/lib/node_modules/appium/node_modules/@appium/base-driver/build/lib/protocol/protocol.js:476:9)
    at async asyncHandler (/opt/homebrew/lib/node_modules/appium/node_modules/@appium/base-driver/build/lib/protocol/protocol.js:307:21)
2026-08-17 17:14:16 [WARNING ] base_page.py:255 — Error checking display status for ('-android uiautomator', 'new UiSelector().text("Edit Profile")'): Message: 'POST /element' cannot be proxied to UiAutomator2 server because the instrumentation process is not running (probably crashed). Check the server log and/or the logcat output for more details
Stacktrace:
UnknownError: 'POST /element' cannot be proxied to UiAutomator2 server because the instrumentation process is not running (probably crashed). Check the server log and/or the logcat output for more details
    at UIA2Proxy.command (/opt/homebrew/lib/node_modules/appium/node_modules/@appium/base-driver/build/lib/jsonwp-proxy/proxy.js:272:19)
    at process.processTicksAndRejections (node:internal/process/task_queues:104:5)
    at async AndroidUiautomator2Driver.doFindElementOrEls (/Users/vc.rajdeep.kumar/.appium/node_modules/appium-uiautomator2-driver/build/lib/commands/find.js:24:13)
    at async doFind (/Users/vc.rajdeep.kumar/.appium/node_modules/appium-uiautomator2-driver/node_modules/appium-android-driver/build/lib/commands/find.js:24:23)
    at async wrappedCondFn (/opt/homebrew/lib/node_modules/appium/node_modules/@appium/base-driver/build/lib/basedriver/commands/timeout.js:97:20)
    at async spin (/opt/homebrew/lib/node_modules/appium/node_modules/asyncbox/build/lib/asyncbox.js:174:24)
    at async waitForCondition (/opt/homebrew/lib/node_modules/appium/node_modules/asyncbox/build/lib/asyncbox.js:192:12)
    at async AndroidUiautomator2Driver.implicitWaitForCondition (/opt/homebrew/lib/node_modules/appium/node_modules/@appium/base-driver/build/lib/basedriver/commands/timeout.js:99:16)
    at async AndroidUiautomator2Driver.findElOrEls (/Users/vc.rajdeep.kumar/.appium/node_modules/appium-uiautomator2-driver/node_modules/appium-android-driver/build/lib/commands/find.js:45:9)
    at async AndroidUiautomator2Driver.findElOrElsWithProcessing (/opt/homebrew/lib/node_modules/appium/node_modules/@appium/base-driver/build/lib/basedriver/commands/find.js:12:16)
    at async AndroidUiautomator2Driver.findElement (/opt/homebrew/lib/node_modules/appium/node_modules/@appium/base-driver/build/lib/basedriver/commands/find.js:27:16)
2026-08-17 17:14:16 [WARNING ] base_page.py:255 — Error checking display status for ('id', 'com.zee5.hipi:id/exo_content_frame'): Message: 'POST /element' cannot be proxied to UiAutomator2 server because the instrumentation process is not running (probably crashed). Check the server log and/or the logcat output for more details
Stacktrace:
UnknownError: 'POST /element' cannot be proxied to UiAutomator2 server because the instrumentation process is not running (probably crashed). Check the server log and/or the logcat output for more details
    at UIA2Proxy.command (/opt/homebrew/lib/node_modules/appium/node_modules/@appium/base-driver/build/lib/jsonwp-proxy/proxy.js:272:19)
    at process.processTicksAndRejections (node:internal/process/task_queues:104:5)
    at async AndroidUiautomator2Driver.doFindElementOrEls (/Users/vc.rajdeep.kumar/.appium/node_modules/appium-uiautomator2-driver/build/lib/commands/find.js:24:13)
    at async doFind (/Users/vc.rajdeep.kumar/.appium/node_modules/appium-uiautomator2-driver/node_modules/appium-android-driver/build/lib/commands/find.js:24:23)
    at async wrappedCondFn (/opt/homebrew/lib/node_modules/appium/node_modules/@appium/base-driver/build/lib/basedriver/commands/timeout.js:97:20)
    at async spin (/opt/homebrew/lib/node_modules/appium/node_modules/asyncbox/build/lib/asyncbox.js:174:24)
    at async waitForCondition (/opt/homebrew/lib/node_modules/appium/node_modules/asyncbox/build/lib/asyncbox.js:192:12)
    at async AndroidUiautomator2Driver.implicitWaitForCondition (/opt/homebrew/lib/node_modules/appium/node_modules/@appium/base-driver/build/lib/basedriver/commands/timeout.js:99:16)
    at async AndroidUiautomator2Driver.findElOrEls (/Users/vc.rajdeep.kumar/.appium/node_modules/appium-uiautomator2-driver/node_modules/appium-android-driver/build/lib/commands/find.js:45:9)
    at async AndroidUiautomator2Driver.findElOrElsWithProcessing (/opt/homebrew/lib/node_modules/appium/node_modules/@appium/base-driver/build/lib/basedriver/commands/find.js:12:16)
    at async AndroidUiautomator2Driver.findElement (/opt/homebrew/lib/node_modules/appium/node_modules/@appium/base-driver/build/lib/basedriver/commands/find.js:27:16)
2026-08-17 17:14:16 [ERROR   ] login_page.py:733 — Login flow failed: Unable to open profile tab / reach login sheet after 2 attempts
2026-08-17 17:14:16 [ERROR   ] screenshot_utils.py:64 — Screenshot capture failed: Message: 'GET /screenshot' cannot be proxied to UiAutomator2 server because the instrumentation process is not running (probably crashed). Check the server log and/or the logcat output for more details
Stacktrace:
UnknownError: 'GET /screenshot' cannot be proxied to UiAutomator2 server because the instrumentation process is not running (probably crashed). Check the server log and/or the logcat output for more details
    at UIA2Proxy.command (/opt/homebrew/lib/node_modules/appium/node_modules/@appium/base-driver/build/lib/jsonwp-proxy/proxy.js:272:19)
    at process.processTicksAndRejections (node:internal/process/task_queues:104:5)
    at async AndroidUiautomator2Driver.getScreenshot (/Users/vc.rajdeep.kumar/.appium/node_modules/appium-uiautomator2-driver/build/lib/commands/screenshot.js:72:19)
2026-08-17 17:14:16 [ERROR   ] screenshot_utils.py:87 — Page source save failed: Message: 'GET /session/2c86b17d-a0bf-4c36-bb87-3f5f0528e79d/source' cannot be proxied to UiAutomator2 server because the instrumentation process is not running (probably crashed). Check the server log and/or the logcat output for more details
Stacktrace:
InvalidContextError: 'GET /session/2c86b17d-a0bf-4c36-bb87-3f5f0528e79d/source' cannot be proxied to UiAutomator2 server because the instrumentation process is not running (probably crashed). Check the server log and/or the logcat output for more details
    at UIA2Proxy.proxyCommand (/Users/vc.rajdeep.kumar/.appium/node_modules/appium-uiautomator2-driver/build/lib/uiautomator2.js:32:19)
    at UIA2Proxy.proxyReqRes (/opt/homebrew/lib/node_modules/appium/node_modules/@appium/base-driver/build/lib/jsonwp-proxy/proxy.js:325:49)
    at runCommandPromise (/opt/homebrew/lib/node_modules/appium/node_modules/@appium/base-driver/build/lib/basedriver/driver.js:121:30)
    at /opt/homebrew/lib/node_modules/appium/node_modules/async-lock/lib/index.js:171:12
    at AsyncLock._promiseTry (/opt/homebrew/lib/node_modules/appium/node_modules/async-lock/lib/index.js:306:31)
    at exec (/opt/homebrew/lib/node_modules/appium/node_modules/async-lock/lib/index.js:170:9)
    at AsyncLock.acquire (/opt/homebrew/lib/node_modules/appium/node_modules/async-lock/lib/index.js:189:3)
    at AndroidUiautomator2Driver.executeCommand (/opt/homebrew/lib/node_modules/appium/node_modules/@appium/base-driver/build/lib/basedriver/driver.js:161:45)
    at process.processTicksAndRejections (node:internal/process/task_queues:104:5)
    at async defaultBehavior (/opt/homebrew/lib/node_modules/appium/build/lib/appium.js:634:20)
    at async AppiumDriver.executeWrappedCommand (/opt/homebrew/lib/node_modules/appium/build/lib/appium.js:726:22)
    at async AppiumDriver.executeCommand (/opt/homebrew/lib/node_modules/appium/build/lib/appium.js:645:21)
    at async doJwpProxy (/opt/homebrew/lib/node_modules/appium/node_modules/@appium/base-driver/build/lib/protocol/protocol.js:476:9)
    at async asyncHandler (/opt/homebrew/lib/node_modules/appium/node_modules/@appium/base-driver/build/lib/protocol/protocol.js:307:21)
2026-08-17 17:14:16 [ERROR   ] screenshot_utils.py:64 — Screenshot capture failed: Message: 'GET /screenshot' cannot be proxied to UiAutomator2 server because the instrumentation process is not running (probably crashed). Check the server log and/or the logcat output for more details
Stacktrace:
UnknownError: 'GET /screenshot' cannot be proxied to UiAutomator2 server because the instrumentation process is not running (probably crashed). Check the server log and/or the logcat output for more details
    at UIA2Proxy.command (/opt/homebrew/lib/node_modules/appium/node_modules/@appium/base-driver/build/lib/jsonwp-proxy/proxy.js:272:19)
    at process.processTicksAndRejections (node:internal/process/task_queues:104:5)
    at async AndroidUiautomator2Driver.getScreenshot (/Users/vc.rajdeep.kumar/.appium/node_modules/appium-uiautomator2-driver/build/lib/commands/screenshot.js:72:19)
2026-08-17 17:14:16 [ERROR   ] screenshot_utils.py:87 — Page source save failed: Message: 'GET /session/2c86b17d-a0bf-4c36-bb87-3f5f0528e79d/source' cannot be proxied to UiAutomator2 server because the instrumentation process is not running (probably crashed). Check the server log and/or the logcat output for more details
Stacktrace:
InvalidContextError: 'GET /session/2c86b17d-a0bf-4c36-bb87-3f5f0528e79d/source' cannot be proxied to UiAutomator2 server because the instrumentation process is not running (probably crashed). Check the server log and/or the logcat output for more details
    at UIA2Proxy.proxyCommand (/Users/vc.rajdeep.kumar/.appium/node_modules/appium-uiautomator2-driver/build/lib/uiautomator2.js:32:19)
    at UIA2Proxy.proxyReqRes (/opt/homebrew/lib/node_modules/appium/node_modules/@appium/base-driver/build/lib/jsonwp-proxy/proxy.js:325:49)
    at runCommandPromise (/opt/homebrew/lib/node_modules/appium/node_modules/@appium/base-driver/build/lib/basedriver/driver.js:121:30)
    at /opt/homebrew/lib/node_modules/appium/node_modules/async-lock/lib/index.js:171:12
    at AsyncLock._promiseTry (/opt/homebrew/lib/node_modules/appium/node_modules/async-lock/lib/index.js:306:31)
    at exec (/opt/homebrew/lib/node_modules/appium/node_modules/async-lock/lib/index.js:170:9)
    at AsyncLock.acquire (/opt/homebrew/lib/node_modules/appium/node_modules/async-lock/lib/index.js:189:3)
    at AndroidUiautomator2Driver.executeCommand (/opt/homebrew/lib/node_modules/appium/node_modules/@appium/base-driver/build/lib/basedriver/driver.js:161:45)
    at process.processTicksAndRejections (node:internal/process/task_queues:104:5)
    at async defaultBehavior (/opt/homebrew/lib/node_modules/appium/build/lib/appium.js:634:20)
    at async AppiumDriver.executeWrappedCommand (/opt/homebrew/lib/node_modules/appium/build/lib/appium.js:726:22)
    at async AppiumDriver.executeCommand (/opt/homebrew/lib/node_modules/appium/build/lib/appium.js:645:21)
    at async doJwpProxy (/opt/homebrew/lib/node_modules/appium/node_modules/@appium/base-driver/build/lib/protocol/protocol.js:476:9)
    at async asyncHandler (/opt/homebrew/lib/node_modules/appium/node_modules/@appium/base-driver/build/lib/protocol/protocol.js:307:21)
2026-08-17 17:14:16 [ERROR   ] conftest.py:468 — Test FAILED: test_three_dots_close_via_cancel
2026-08-17 17:14:16 [INFO    ] base_test.py:137 — BaseFeedTest setup completed (session-scoped, already logged in).
2026-08-17 17:14:16 [INFO    ] base_test.py:151 — login_and_reach_feed: START (session-scoped)
2026-08-17 17:14:16 [INFO    ] login_page.py:556 — Validating home page
2026-08-17 17:14:16 [WARNING ] base_page.py:255 — Error checking display status for ('id', 'com.zee5.hipi:id/exo_content_frame'): Message: 'POST /element' cannot be proxied to UiAutomator2 server because the instrumentation process is not running (probably crashed). Check the server log and/or the logcat output for more details
Stacktrace:
UnknownError: 'POST /element' cannot be proxied to UiAutomator2 server because the instrumentation process is not running (probably crashed). Check the server log and/or the logcat output for more details
    at UIA2Proxy.command (/opt/homebrew/lib/node_modules/appium/node_modules/@appium/base-driver/build/lib/jsonwp-proxy/proxy.js:272:19)
    at process.processTicksAndRejections (node:internal/process/task_queues:104:5)
    at async AndroidUiautomator2Driver.doFindElementOrEls (/Users/vc.rajdeep.kumar/.appium/node_modules/appium-uiautomator2-driver/build/lib/commands/find.js:24:13)
    at async doFind (/Users/vc.rajdeep.kumar/.appium/node_modules/appium-uiautomator2-driver/node_modules/appium-android-driver/build/lib/commands/find.js:24:23)
    at async wrappedCondFn (/opt/homebrew/lib/node_modules/appium/node_modules/@appium/base-driver/build/lib/basedriver/commands/timeout.js:97:20)
    at async spin (/opt/homebrew/lib/node_modules/appium/node_modules/asyncbox/build/lib/asyncbox.js:174:24)
    at async waitForCondition (/opt/homebrew/lib/node_modules/appium/node_modules/asyncbox/build/lib/asyncbox.js:192:12)
    at async AndroidUiautomator2Driver.implicitWaitForCondition (/opt/homebrew/lib/node_modules/appium/node_modules/@appium/base-driver/build/lib/basedriver/commands/timeout.js:99:16)
    at async AndroidUiautomator2Driver.findElOrEls (/Users/vc.rajdeep.kumar/.appium/node_modules/appium-uiautomator2-driver/node_modules/appium-android-driver/build/lib/commands/find.js:45:9)
    at async AndroidUiautomator2Driver.findElOrElsWithProcessing (/opt/homebrew/lib/node_modules/appium/node_modules/@appium/base-driver/build/lib/basedriver/commands/find.js:12:16)
    at async AndroidUiautomator2Driver.findElement (/opt/homebrew/lib/node_modules/appium/node_modules/@appium/base-driver/build/lib/basedriver/commands/find.js:27:16)
2026-08-17 17:14:16 [WARNING ] login_page.py:568 — Home page not displayed within timeout
2026-08-17 17:14:16 [WARNING ] base_test.py:158 — Session-scoped driver is not on the home feed — logging in again.
2026-08-17 17:14:16 [INFO    ] base_test.py:39 — Logging in as default test user.
2026-08-17 17:14:16 [INFO    ] login_page.py:599 — ========== LOGIN FLOW START ==========
2026-08-17 17:14:17 [INFO    ] login_page.py:43 — Opening profile tab
2026-08-17 17:14:18 [INFO    ] login_page.py:53 — Profile tab open attempt 1/2
2026-08-17 17:14:18 [ERROR   ] base_page.py:182 — Fatal session error clicking ('xpath', "//android.view.View[@clickable='true'][.//android.widget.TextView[@text='Profile']]") — session is dead, not retrying: Message: 'POST /element' cannot be proxied to UiAutomator2 server because the instrumentation process is not running (probably crashed). Check the server log and/or the logcat output for more details
Stacktrace:
UnknownError: 'POST /element' cannot be proxied to UiAutomator2 server because the instrumentation process is not running (probably crashed). Check the server log and/or the logcat output for more details
    at UIA2Proxy.command (/opt/homebrew/lib/node_modules/appium/node_modules/@appium/base-driver/build/lib/jsonwp-proxy/proxy.js:272:19)
    at process.processTicksAndRejections (node:internal/process/task_queues:104:5)
    at async AndroidUiautomator2Driver.doFindElementOrEls (/Users/vc.rajdeep.kumar/.appium/node_modules/appium-uiautomator2-driver/build/lib/commands/find.js:24:13)
    at async doFind (/Users/vc.rajdeep.kumar/.appium/node_modules/appium-uiautomator2-driver/node_modules/appium-android-driver/build/lib/commands/find.js:24:23)
    at async wrappedCondFn (/opt/homebrew/lib/node_modules/appium/node_modules/@appium/base-driver/build/lib/basedriver/commands/timeout.js:97:20)
    at async spin (/opt/homebrew/lib/node_modules/appium/node_modules/asyncbox/build/lib/asyncbox.js:174:24)
    at async waitForCondition (/opt/homebrew/lib/node_modules/appium/node_modules/asyncbox/build/lib/asyncbox.js:192:12)
    at async AndroidUiautomator2Driver.implicitWaitForCondition (/opt/homebrew/lib/node_modules/appium/node_modules/@appium/base-driver/build/lib/basedriver/commands/timeout.js:99:16)
    at async AndroidUiautomator2Driver.findElOrEls (/Users/vc.rajdeep.kumar/.appium/node_modules/appium-uiautomator2-driver/node_modules/appium-android-driver/build/lib/commands/find.js:45:9)
    at async AndroidUiautomator2Driver.findElOrElsWithProcessing (/opt/homebrew/lib/node_modules/appium/node_modules/@appium/base-driver/build/lib/basedriver/commands/find.js:12:16)
    at async AndroidUiautomator2Driver.findElement (/opt/homebrew/lib/node_modules/appium/node_modules/@appium/base-driver/build/lib/basedriver/commands/find.js:27:16)
2026-08-17 17:14:18 [WARNING ] login_page.py:98 — Element-based click failed: Session/instrumentation dead while clicking ('xpath', "//android.view.View[@clickable='true'][.//android.widget.TextView[@text='Profile']]"): Message: 'POST /element' cannot be proxied to UiAutomator2 server because the instrumentation process is not running (probably crashed). Check the server log and/or the logcat output for more details
Stacktrace:
UnknownError: 'POST /element' cannot be proxied to UiAutomator2 server because the instrumentation process is not running (probably crashed). Check the server log and/or the logcat output for more details
    at UIA2Proxy.command (/opt/homebrew/lib/node_modules/appium/node_modules/@appium/base-driver/build/lib/jsonwp-proxy/proxy.js:272:19)
    at process.processTicksAndRejections (node:internal/process/task_queues:104:5)
    at async AndroidUiautomator2Driver.doFindElementOrEls (/Users/vc.rajdeep.kumar/.appium/node_modules/appium-uiautomator2-driver/build/lib/commands/find.js:24:13)
    at async doFind (/Users/vc.rajdeep.kumar/.appium/node_modules/appium-uiautomator2-driver/node_modules/appium-android-driver/build/lib/commands/find.js:24:23)
    at async wrappedCondFn (/opt/homebrew/lib/node_modules/appium/node_modules/@appium/base-driver/build/lib/basedriver/commands/timeout.js:97:20)
    at async spin (/opt/homebrew/lib/node_modules/appium/node_modules/asyncbox/build/lib/asyncbox.js:174:24)
    at async waitForCondition (/opt/homebrew/lib/node_modules/appium/node_modules/asyncbox/build/lib/asyncbox.js:192:12)
    at async AndroidUiautomator2Driver.implicitWaitForCondition (/opt/homebrew/lib/node_modules/appium/node_modules/@appium/base-driver/build/lib/basedriver/commands/timeout.js:99:16)
    at async AndroidUiautomator2Driver.findElOrEls (/Users/vc.rajdeep.kumar/.appium/node_modules/appium-uiautomator2-driver/node_modules/appium-android-driver/build/lib/commands/find.js:45:9)
    at async AndroidUiautomator2Driver.findElOrElsWithProcessing (/opt/homebrew/lib/node_modules/appium/node_modules/@appium/base-driver/build/lib/basedriver/commands/find.js:12:16)
    at async AndroidUiautomator2Driver.findElement (/opt/homebrew/lib/node_modules/appium/node_modules/@appium/base-driver/build/lib/basedriver/commands/find.js:27:16)
2026-08-17 17:14:18 [WARNING ] base_page.py:255 — Error checking display status for ('-android uiautomator', 'new UiSelector().text("Edit Profile")'): Message: 'POST /element' cannot be proxied to UiAutomator2 server because the instrumentation process is not running (probably crashed). Check the server log and/or the logcat output for more details
Stacktrace:
UnknownError: 'POST /element' cannot be proxied to UiAutomator2 server because the instrumentation process is not running (probably crashed). Check the server log and/or the logcat output for more details
    at UIA2Proxy.command (/opt/homebrew/lib/node_modules/appium/node_modules/@appium/base-driver/build/lib/jsonwp-proxy/proxy.js:272:19)
    at process.processTicksAndRejections (node:internal/process/task_queues:104:5)
    at async AndroidUiautomator2Driver.doFindElementOrEls (/Users/vc.rajdeep.kumar/.appium/node_modules/appium-uiautomator2-driver/build/lib/commands/find.js:24:13)
    at async doFind (/Users/vc.rajdeep.kumar/.appium/node_modules/appium-uiautomator2-driver/node_modules/appium-android-driver/build/lib/commands/find.js:24:23)
    at async wrappedCondFn (/opt/homebrew/lib/node_modules/appium/node_modules/@appium/base-driver/build/lib/basedriver/commands/timeout.js:97:20)
    at async spin (/opt/homebrew/lib/node_modules/appium/node_modules/asyncbox/build/lib/asyncbox.js:174:24)
    at async waitForCondition (/opt/homebrew/lib/node_modules/appium/node_modules/asyncbox/build/lib/asyncbox.js:192:12)
    at async AndroidUiautomator2Driver.implicitWaitForCondition (/opt/homebrew/lib/node_modules/appium/node_modules/@appium/base-driver/build/lib/basedriver/commands/timeout.js:99:16)
    at async AndroidUiautomator2Driver.findElOrEls (/Users/vc.rajdeep.kumar/.appium/node_modules/appium-uiautomator2-driver/node_modules/appium-android-driver/build/lib/commands/find.js:45:9)
    at async AndroidUiautomator2Driver.findElOrElsWithProcessing (/opt/homebrew/lib/node_modules/appium/node_modules/@appium/base-driver/build/lib/basedriver/commands/find.js:12:16)
    at async AndroidUiautomator2Driver.findElement (/opt/homebrew/lib/node_modules/appium/node_modules/@appium/base-driver/build/lib/basedriver/commands/find.js:27:16)
2026-08-17 17:14:18 [WARNING ] base_page.py:255 — Error checking display status for ('id', 'com.zee5.hipi:id/exo_content_frame'): Message: 'POST /element' cannot be proxied to UiAutomator2 server because the instrumentation process is not running (probably crashed). Check the server log and/or the logcat output for more details
Stacktrace:
UnknownError: 'POST /element' cannot be proxied to UiAutomator2 server because the instrumentation process is not running (probably crashed). Check the server log and/or the logcat output for more details
    at UIA2Proxy.command (/opt/homebrew/lib/node_modules/appium/node_modules/@appium/base-driver/build/lib/jsonwp-proxy/proxy.js:272:19)
    at process.processTicksAndRejections (node:internal/process/task_queues:104:5)
    at async AndroidUiautomator2Driver.doFindElementOrEls (/Users/vc.rajdeep.kumar/.appium/node_modules/appium-uiautomator2-driver/build/lib/commands/find.js:24:13)
    at async doFind (/Users/vc.rajdeep.kumar/.appium/node_modules/appium-uiautomator2-driver/node_modules/appium-android-driver/build/lib/commands/find.js:24:23)
    at async wrappedCondFn (/opt/homebrew/lib/node_modules/appium/node_modules/@appium/base-driver/build/lib/basedriver/commands/timeout.js:97:20)
    at async spin (/opt/homebrew/lib/node_modules/appium/node_modules/asyncbox/build/lib/asyncbox.js:174:24)
    at async waitForCondition (/opt/homebrew/lib/node_modules/appium/node_modules/asyncbox/build/lib/asyncbox.js:192:12)
    at async AndroidUiautomator2Driver.implicitWaitForCondition (/opt/homebrew/lib/node_modules/appium/node_modules/@appium/base-driver/build/lib/basedriver/commands/timeout.js:99:16)
    at async AndroidUiautomator2Driver.findElOrEls (/Users/vc.rajdeep.kumar/.appium/node_modules/appium-uiautomator2-driver/node_modules/appium-android-driver/build/lib/commands/find.js:45:9)
    at async AndroidUiautomator2Driver.findElOrElsWithProcessing (/opt/homebrew/lib/node_modules/appium/node_modules/@appium/base-driver/build/lib/basedriver/commands/find.js:12:16)
    at async AndroidUiautomator2Driver.findElement (/opt/homebrew/lib/node_modules/appium/node_modules/@appium/base-driver/build/lib/basedriver/commands/find.js:27:16)
2026-08-17 17:14:18 [WARNING ] login_page.py:135 — Coordinate tap failed: Message: 'GET /window/current/size' cannot be proxied to UiAutomator2 server because the instrumentation process is not running (probably crashed). Check the server log and/or the logcat output for more details
Stacktrace:
UnknownError: 'GET /window/current/size' cannot be proxied to UiAutomator2 server because the instrumentation process is not running (probably crashed). Check the server log and/or the logcat output for more details
    at UIA2Proxy.command (/opt/homebrew/lib/node_modules/appium/node_modules/@appium/base-driver/build/lib/jsonwp-proxy/proxy.js:272:19)
    at process.processTicksAndRejections (node:internal/process/task_queues:104:5)
    at async AndroidUiautomator2Driver.getWindowSize (/Users/vc.rajdeep.kumar/.appium/node_modules/appium-uiautomator2-driver/build/lib/commands/viewport.js:73:13)
    at async AndroidUiautomator2Driver.getWindowRect (/Users/vc.rajdeep.kumar/.appium/node_modules/appium-uiautomator2-driver/build/lib/commands/viewport.js:53:31)
2026-08-17 17:14:24 [ERROR   ] base_page.py:148 — None of the candidate locators became visible within 6s. Candidates: [('-android uiautomator', 'new UiSelector().textContains("Continue")'), ('class name', 'android.widget.EditText')]. Last error: Message: 'POST /elements' cannot be proxied to UiAutomator2 server because the instrumentation process is not running (probably crashed). Check the server log and/or the logcat output for more details
Stacktrace:
UnknownError: 'POST /elements' cannot be proxied to UiAutomator2 server because the instrumentation process is not running (probably crashed). Check the server log and/or the logcat output for more details
    at UIA2Proxy.command (/opt/homebrew/lib/node_modules/appium/node_modules/@appium/base-driver/build/lib/jsonwp-proxy/proxy.js:272:19)
    at process.processTicksAndRejections (node:internal/process/task_queues:104:5)
    at async AndroidUiautomator2Driver.doFindElementOrEls (/Users/vc.rajdeep.kumar/.appium/node_modules/appium-uiautomator2-driver/build/lib/commands/find.js:24:13)
    at async doFind (/Users/vc.rajdeep.kumar/.appium/node_modules/appium-uiautomator2-driver/node_modules/appium-android-driver/build/lib/commands/find.js:24:23)
    at async wrappedCondFn (/opt/homebrew/lib/node_modules/appium/node_modules/@appium/base-driver/build/lib/basedriver/commands/timeout.js:97:20)
    at async spin (/opt/homebrew/lib/node_modules/appium/node_modules/asyncbox/build/lib/asyncbox.js:174:24)
    at async waitForCondition (/opt/homebrew/lib/node_modules/appium/node_modules/asyncbox/build/lib/asyncbox.js:192:12)
    at async AndroidUiautomator2Driver.implicitWaitForCondition (/opt/homebrew/lib/node_modules/appium/node_modules/@appium/base-driver/build/lib/basedriver/commands/timeout.js:99:16)
    at async AndroidUiautomator2Driver.findElOrEls (/Users/vc.rajdeep.kumar/.appium/node_modules/appium-uiautomator2-driver/node_modules/appium-android-driver/build/lib/commands/find.js:45:9)
    at async AndroidUiautomator2Driver.findElOrElsWithProcessing (/opt/homebrew/lib/node_modules/appium/node_modules/@appium/base-driver/build/lib/basedriver/commands/find.js:12:16)
    at async AndroidUiautomator2Driver.findElements (/opt/homebrew/lib/node_modules/appium/node_modules/@appium/base-driver/build/lib/basedriver/commands/find.js:30:16)
2026-08-17 17:14:24 [ERROR   ] screenshot_utils.py:64 — Screenshot capture failed: Message: 'GET /screenshot' cannot be proxied to UiAutomator2 server because the instrumentation process is not running (probably crashed). Check the server log and/or the logcat output for more details
Stacktrace:
UnknownError: 'GET /screenshot' cannot be proxied to UiAutomator2 server because the instrumentation process is not running (probably crashed). Check the server log and/or the logcat output for more details
    at UIA2Proxy.command (/opt/homebrew/lib/node_modules/appium/node_modules/@appium/base-driver/build/lib/jsonwp-proxy/proxy.js:272:19)
    at process.processTicksAndRejections (node:internal/process/task_queues:104:5)
    at async AndroidUiautomator2Driver.getScreenshot (/Users/vc.rajdeep.kumar/.appium/node_modules/appium-uiautomator2-driver/build/lib/commands/screenshot.js:72:19)
2026-08-17 17:14:24 [ERROR   ] screenshot_utils.py:87 — Page source save failed: Message: 'GET /session/2c86b17d-a0bf-4c36-bb87-3f5f0528e79d/source' cannot be proxied to UiAutomator2 server because the instrumentation process is not running (probably crashed). Check the server log and/or the logcat output for more details
Stacktrace:
InvalidContextError: 'GET /session/2c86b17d-a0bf-4c36-bb87-3f5f0528e79d/source' cannot be proxied to UiAutomator2 server because the instrumentation process is not running (probably crashed). Check the server log and/or the logcat output for more details
    at UIA2Proxy.proxyCommand (/Users/vc.rajdeep.kumar/.appium/node_modules/appium-uiautomator2-driver/build/lib/uiautomator2.js:32:19)
    at UIA2Proxy.proxyReqRes (/opt/homebrew/lib/node_modules/appium/node_modules/@appium/base-driver/build/lib/jsonwp-proxy/proxy.js:325:49)
    at runCommandPromise (/opt/homebrew/lib/node_modules/appium/node_modules/@appium/base-driver/build/lib/basedriver/driver.js:121:30)
    at /opt/homebrew/lib/node_modules/appium/node_modules/async-lock/lib/index.js:171:12
    at AsyncLock._promiseTry (/opt/homebrew/lib/node_modules/appium/node_modules/async-lock/lib/index.js:306:31)
    at exec (/opt/homebrew/lib/node_modules/appium/node_modules/async-lock/lib/index.js:170:9)
    at AsyncLock.acquire (/opt/homebrew/lib/node_modules/appium/node_modules/async-lock/lib/index.js:189:3)
    at AndroidUiautomator2Driver.executeCommand (/opt/homebrew/lib/node_modules/appium/node_modules/@appium/base-driver/build/lib/basedriver/driver.js:161:45)
    at process.processTicksAndRejections (node:internal/process/task_queues:104:5)
    at async defaultBehavior (/opt/homebrew/lib/node_modules/appium/build/lib/appium.js:634:20)
    at async AppiumDriver.executeWrappedCommand (/opt/homebrew/lib/node_modules/appium/build/lib/appium.js:726:22)
    at async AppiumDriver.executeCommand (/opt/homebrew/lib/node_modules/appium/build/lib/appium.js:645:21)
    at async doJwpProxy (/opt/homebrew/lib/node_modules/appium/node_modules/@appium/base-driver/build/lib/protocol/protocol.js:476:9)
    at async asyncHandler (/opt/homebrew/lib/node_modules/appium/node_modules/@appium/base-driver/build/lib/protocol/protocol.js:307:21)
2026-08-17 17:14:24 [WARNING ] login_page.py:158 — Attempt 1 did not reach the login sheet, recovering and retrying...
2026-08-17 17:14:24 [WARNING ] base_page.py:419 — Attempting to recover application state...
2026-08-17 17:14:27 [INFO    ] base_page.py:424 — App recovery attempt completed.
2026-08-17 17:14:29 [INFO    ] login_page.py:53 — Profile tab open attempt 2/2
2026-08-17 17:14:29 [ERROR   ] base_page.py:182 — Fatal session error clicking ('xpath', "//android.view.View[@clickable='true'][.//android.widget.TextView[@text='Profile']]") — session is dead, not retrying: Message: 'POST /element' cannot be proxied to UiAutomator2 server because the instrumentation process is not running (probably crashed). Check the server log and/or the logcat output for more details
Stacktrace:
UnknownError: 'POST /element' cannot be proxied to UiAutomator2 server because the instrumentation process is not running (probably crashed). Check the server log and/or the logcat output for more details
    at UIA2Proxy.command (/opt/homebrew/lib/node_modules/appium/node_modules/@appium/base-driver/build/lib/jsonwp-proxy/proxy.js:272:19)
    at process.processTicksAndRejections (node:internal/process/task_queues:104:5)
    at async AndroidUiautomator2Driver.doFindElementOrEls (/Users/vc.rajdeep.kumar/.appium/node_modules/appium-uiautomator2-driver/build/lib/commands/find.js:24:13)
    at async doFind (/Users/vc.rajdeep.kumar/.appium/node_modules/appium-uiautomator2-driver/node_modules/appium-android-driver/build/lib/commands/find.js:24:23)
    at async wrappedCondFn (/opt/homebrew/lib/node_modules/appium/node_modules/@appium/base-driver/build/lib/basedriver/commands/timeout.js:97:20)
    at async spin (/opt/homebrew/lib/node_modules/appium/node_modules/asyncbox/build/lib/asyncbox.js:174:24)
    at async waitForCondition (/opt/homebrew/lib/node_modules/appium/node_modules/asyncbox/build/lib/asyncbox.js:192:12)
    at async AndroidUiautomator2Driver.implicitWaitForCondition (/opt/homebrew/lib/node_modules/appium/node_modules/@appium/base-driver/build/lib/basedriver/commands/timeout.js:99:16)
    at async AndroidUiautomator2Driver.findElOrEls (/Users/vc.rajdeep.kumar/.appium/node_modules/appium-uiautomator2-driver/node_modules/appium-android-driver/build/lib/commands/find.js:45:9)
    at async AndroidUiautomator2Driver.findElOrElsWithProcessing (/opt/homebrew/lib/node_modules/appium/node_modules/@appium/base-driver/build/lib/basedriver/commands/find.js:12:16)
    at async AndroidUiautomator2Driver.findElement (/opt/homebrew/lib/node_modules/appium/node_modules/@appium/base-driver/build/lib/basedriver/commands/find.js:27:16)
2026-08-17 17:14:29 [WARNING ] login_page.py:98 — Element-based click failed: Session/instrumentation dead while clicking ('xpath', "//android.view.View[@clickable='true'][.//android.widget.TextView[@text='Profile']]"): Message: 'POST /element' cannot be proxied to UiAutomator2 server because the instrumentation process is not running (probably crashed). Check the server log and/or the logcat output for more details
Stacktrace:
UnknownError: 'POST /element' cannot be proxied to UiAutomator2 server because the instrumentation process is not running (probably crashed). Check the server log and/or the logcat output for more details
    at UIA2Proxy.command (/opt/homebrew/lib/node_modules/appium/node_modules/@appium/base-driver/build/lib/jsonwp-proxy/proxy.js:272:19)
    at process.processTicksAndRejections (node:internal/process/task_queues:104:5)
    at async AndroidUiautomator2Driver.doFindElementOrEls (/Users/vc.rajdeep.kumar/.appium/node_modules/appium-uiautomator2-driver/build/lib/commands/find.js:24:13)
    at async doFind (/Users/vc.rajdeep.kumar/.appium/node_modules/appium-uiautomator2-driver/node_modules/appium-android-driver/build/lib/commands/find.js:24:23)
    at async wrappedCondFn (/opt/homebrew/lib/node_modules/appium/node_modules/@appium/base-driver/build/lib/basedriver/commands/timeout.js:97:20)
    at async spin (/opt/homebrew/lib/node_modules/appium/node_modules/asyncbox/build/lib/asyncbox.js:174:24)
    at async waitForCondition (/opt/homebrew/lib/node_modules/appium/node_modules/asyncbox/build/lib/asyncbox.js:192:12)
    at async AndroidUiautomator2Driver.implicitWaitForCondition (/opt/homebrew/lib/node_modules/appium/node_modules/@appium/base-driver/build/lib/basedriver/commands/timeout.js:99:16)
    at async AndroidUiautomator2Driver.findElOrEls (/Users/vc.rajdeep.kumar/.appium/node_modules/appium-uiautomator2-driver/node_modules/appium-android-driver/build/lib/commands/find.js:45:9)
    at async AndroidUiautomator2Driver.findElOrElsWithProcessing (/opt/homebrew/lib/node_modules/appium/node_modules/@appium/base-driver/build/lib/basedriver/commands/find.js:12:16)
    at async AndroidUiautomator2Driver.findElement (/opt/homebrew/lib/node_modules/appium/node_modules/@appium/base-driver/build/lib/basedriver/commands/find.js:27:16)
2026-08-17 17:14:29 [WARNING ] base_page.py:255 — Error checking display status for ('-android uiautomator', 'new UiSelector().text("Edit Profile")'): Message: 'POST /element' cannot be proxied to UiAutomator2 server because the instrumentation process is not running (probably crashed). Check the server log and/or the logcat output for more details
Stacktrace:
UnknownError: 'POST /element' cannot be proxied to UiAutomator2 server because the instrumentation process is not running (probably crashed). Check the server log and/or the logcat output for more details
    at UIA2Proxy.command (/opt/homebrew/lib/node_modules/appium/node_modules/@appium/base-driver/build/lib/jsonwp-proxy/proxy.js:272:19)
    at process.processTicksAndRejections (node:internal/process/task_queues:104:5)
    at async AndroidUiautomator2Driver.doFindElementOrEls (/Users/vc.rajdeep.kumar/.appium/node_modules/appium-uiautomator2-driver/build/lib/commands/find.js:24:13)
    at async doFind (/Users/vc.rajdeep.kumar/.appium/node_modules/appium-uiautomator2-driver/node_modules/appium-android-driver/build/lib/commands/find.js:24:23)
    at async wrappedCondFn (/opt/homebrew/lib/node_modules/appium/node_modules/@appium/base-driver/build/lib/basedriver/commands/timeout.js:97:20)
    at async spin (/opt/homebrew/lib/node_modules/appium/node_modules/asyncbox/build/lib/asyncbox.js:174:24)
    at async waitForCondition (/opt/homebrew/lib/node_modules/appium/node_modules/asyncbox/build/lib/asyncbox.js:192:12)
    at async AndroidUiautomator2Driver.implicitWaitForCondition (/opt/homebrew/lib/node_modules/appium/node_modules/@appium/base-driver/build/lib/basedriver/commands/timeout.js:99:16)
    at async AndroidUiautomator2Driver.findElOrEls (/Users/vc.rajdeep.kumar/.appium/node_modules/appium-uiautomator2-driver/node_modules/appium-android-driver/build/lib/commands/find.js:45:9)
    at async AndroidUiautomator2Driver.findElOrElsWithProcessing (/opt/homebrew/lib/node_modules/appium/node_modules/@appium/base-driver/build/lib/basedriver/commands/find.js:12:16)
    at async AndroidUiautomator2Driver.findElement (/opt/homebrew/lib/node_modules/appium/node_modules/@appium/base-driver/build/lib/basedriver/commands/find.js:27:16)
2026-08-17 17:14:29 [WARNING ] base_page.py:255 — Error checking display status for ('id', 'com.zee5.hipi:id/exo_content_frame'): Message: 'POST /element' cannot be proxied to UiAutomator2 server because the instrumentation process is not running (probably crashed). Check the server log and/or the logcat output for more details
Stacktrace:
UnknownError: 'POST /element' cannot be proxied to UiAutomator2 server because the instrumentation process is not running (probably crashed). Check the server log and/or the logcat output for more details
    at UIA2Proxy.command (/opt/homebrew/lib/node_modules/appium/node_modules/@appium/base-driver/build/lib/jsonwp-proxy/proxy.js:272:19)
    at process.processTicksAndRejections (node:internal/process/task_queues:104:5)
    at async AndroidUiautomator2Driver.doFindElementOrEls (/Users/vc.rajdeep.kumar/.appium/node_modules/appium-uiautomator2-driver/build/lib/commands/find.js:24:13)
    at async doFind (/Users/vc.rajdeep.kumar/.appium/node_modules/appium-uiautomator2-driver/node_modules/appium-android-driver/build/lib/commands/find.js:24:23)
    at async wrappedCondFn (/opt/homebrew/lib/node_modules/appium/node_modules/@appium/base-driver/build/lib/basedriver/commands/timeout.js:97:20)
    at async spin (/opt/homebrew/lib/node_modules/appium/node_modules/asyncbox/build/lib/asyncbox.js:174:24)
    at async waitForCondition (/opt/homebrew/lib/node_modules/appium/node_modules/asyncbox/build/lib/asyncbox.js:192:12)
    at async AndroidUiautomator2Driver.implicitWaitForCondition (/opt/homebrew/lib/node_modules/appium/node_modules/@appium/base-driver/build/lib/basedriver/commands/timeout.js:99:16)
    at async AndroidUiautomator2Driver.findElOrEls (/Users/vc.rajdeep.kumar/.appium/node_modules/appium-uiautomator2-driver/node_modules/appium-android-driver/build/lib/commands/find.js:45:9)
    at async AndroidUiautomator2Driver.findElOrElsWithProcessing (/opt/homebrew/lib/node_modules/appium/node_modules/@appium/base-driver/build/lib/basedriver/commands/find.js:12:16)
    at async AndroidUiautomator2Driver.findElement (/opt/homebrew/lib/node_modules/appium/node_modules/@appium/base-driver/build/lib/basedriver/commands/find.js:27:16)
2026-08-17 17:14:29 [WARNING ] login_page.py:135 — Coordinate tap failed: Message: 'GET /window/current/size' cannot be proxied to UiAutomator2 server because the instrumentation process is not running (probably crashed). Check the server log and/or the logcat output for more details
Stacktrace:
UnknownError: 'GET /window/current/size' cannot be proxied to UiAutomator2 server because the instrumentation process is not running (probably crashed). Check the server log and/or the logcat output for more details
    at UIA2Proxy.command (/opt/homebrew/lib/node_modules/appium/node_modules/@appium/base-driver/build/lib/jsonwp-proxy/proxy.js:272:19)
    at process.processTicksAndRejections (node:internal/process/task_queues:104:5)
    at async AndroidUiautomator2Driver.getWindowSize (/Users/vc.rajdeep.kumar/.appium/node_modules/appium-uiautomator2-driver/build/lib/commands/viewport.js:73:13)
    at async AndroidUiautomator2Driver.getWindowRect (/Users/vc.rajdeep.kumar/.appium/node_modules/appium-uiautomator2-driver/build/lib/commands/viewport.js:53:31)
2026-08-17 17:14:35 [ERROR   ] base_page.py:148 — None of the candidate locators became visible within 6s. Candidates: [('-android uiautomator', 'new UiSelector().textContains("Continue")'), ('class name', 'android.widget.EditText')]. Last error: Message: 'POST /elements' cannot be proxied to UiAutomator2 server because the instrumentation process is not running (probably crashed). Check the server log and/or the logcat output for more details
Stacktrace:
UnknownError: 'POST /elements' cannot be proxied to UiAutomator2 server because the instrumentation process is not running (probably crashed). Check the server log and/or the logcat output for more details
    at UIA2Proxy.command (/opt/homebrew/lib/node_modules/appium/node_modules/@appium/base-driver/build/lib/jsonwp-proxy/proxy.js:272:19)
    at process.processTicksAndRejections (node:internal/process/task_queues:104:5)
    at async AndroidUiautomator2Driver.doFindElementOrEls (/Users/vc.rajdeep.kumar/.appium/node_modules/appium-uiautomator2-driver/build/lib/commands/find.js:24:13)
    at async doFind (/Users/vc.rajdeep.kumar/.appium/node_modules/appium-uiautomator2-driver/node_modules/appium-android-driver/build/lib/commands/find.js:24:23)
    at async wrappedCondFn (/opt/homebrew/lib/node_modules/appium/node_modules/@appium/base-driver/build/lib/basedriver/commands/timeout.js:97:20)
    at async spin (/opt/homebrew/lib/node_modules/appium/node_modules/asyncbox/build/lib/asyncbox.js:174:24)
    at async waitForCondition (/opt/homebrew/lib/node_modules/appium/node_modules/asyncbox/build/lib/asyncbox.js:192:12)
    at async AndroidUiautomator2Driver.implicitWaitForCondition (/opt/homebrew/lib/node_modules/appium/node_modules/@appium/base-driver/build/lib/basedriver/commands/timeout.js:99:16)
    at async AndroidUiautomator2Driver.findElOrEls (/Users/vc.rajdeep.kumar/.appium/node_modules/appium-uiautomator2-driver/node_modules/appium-android-driver/build/lib/commands/find.js:45:9)
    at async AndroidUiautomator2Driver.findElOrElsWithProcessing (/opt/homebrew/lib/node_modules/appium/node_modules/@appium/base-driver/build/lib/basedriver/commands/find.js:12:16)
    at async AndroidUiautomator2Driver.findElements (/opt/homebrew/lib/node_modules/appium/node_modules/@appium/base-driver/build/lib/basedriver/commands/find.js:30:16)
2026-08-17 17:14:35 [ERROR   ] screenshot_utils.py:64 — Screenshot capture failed: Message: 'GET /screenshot' cannot be proxied to UiAutomator2 server because the instrumentation process is not running (probably crashed). Check the server log and/or the logcat output for more details
Stacktrace:
UnknownError: 'GET /screenshot' cannot be proxied to UiAutomator2 server because the instrumentation process is not running (probably crashed). Check the server log and/or the logcat output for more details
    at UIA2Proxy.command (/opt/homebrew/lib/node_modules/appium/node_modules/@appium/base-driver/build/lib/jsonwp-proxy/proxy.js:272:19)
    at process.processTicksAndRejections (node:internal/process/task_queues:104:5)
    at async AndroidUiautomator2Driver.getScreenshot (/Users/vc.rajdeep.kumar/.appium/node_modules/appium-uiautomator2-driver/build/lib/commands/screenshot.js:72:19)
2026-08-17 17:14:35 [ERROR   ] screenshot_utils.py:87 — Page source save failed: Message: 'GET /session/2c86b17d-a0bf-4c36-bb87-3f5f0528e79d/source' cannot be proxied to UiAutomator2 server because the instrumentation process is not running (probably crashed). Check the server log and/or the logcat output for more details
Stacktrace:
InvalidContextError: 'GET /session/2c86b17d-a0bf-4c36-bb87-3f5f0528e79d/source' cannot be proxied to UiAutomator2 server because the instrumentation process is not running (probably crashed). Check the server log and/or the logcat output for more details
    at UIA2Proxy.proxyCommand (/Users/vc.rajdeep.kumar/.appium/node_modules/appium-uiautomator2-driver/build/lib/uiautomator2.js:32:19)
    at UIA2Proxy.proxyReqRes (/opt/homebrew/lib/node_modules/appium/node_modules/@appium/base-driver/build/lib/jsonwp-proxy/proxy.js:325:49)
    at runCommandPromise (/opt/homebrew/lib/node_modules/appium/node_modules/@appium/base-driver/build/lib/basedriver/driver.js:121:30)
    at /opt/homebrew/lib/node_modules/appium/node_modules/async-lock/lib/index.js:171:12
    at AsyncLock._promiseTry (/opt/homebrew/lib/node_modules/appium/node_modules/async-lock/lib/index.js:306:31)
    at exec (/opt/homebrew/lib/node_modules/appium/node_modules/async-lock/lib/index.js:170:9)
    at AsyncLock.acquire (/opt/homebrew/lib/node_modules/appium/node_modules/async-lock/lib/index.js:189:3)
    at AndroidUiautomator2Driver.executeCommand (/opt/homebrew/lib/node_modules/appium/node_modules/@appium/base-driver/build/lib/basedriver/driver.js:161:45)
    at process.processTicksAndRejections (node:internal/process/task_queues:104:5)
    at async defaultBehavior (/opt/homebrew/lib/node_modules/appium/build/lib/appium.js:634:20)
    at async AppiumDriver.executeWrappedCommand (/opt/homebrew/lib/node_modules/appium/build/lib/appium.js:726:22)
    at async AppiumDriver.executeCommand (/opt/homebrew/lib/node_modules/appium/build/lib/appium.js:645:21)
    at async doJwpProxy (/opt/homebrew/lib/node_modules/appium/node_modules/@appium/base-driver/build/lib/protocol/protocol.js:476:9)
    at async asyncHandler (/opt/homebrew/lib/node_modules/appium/node_modules/@appium/base-driver/build/lib/protocol/protocol.js:307:21)
2026-08-17 17:14:35 [WARNING ] login_page.py:158 — Attempt 2 did not reach the login sheet, recovering and retrying...
2026-08-17 17:14:35 [WARNING ] base_page.py:419 — Attempting to recover application state...
2026-08-17 17:14:38 [INFO    ] base_page.py:424 — App recovery attempt completed.
2026-08-17 17:14:40 [ERROR   ] login_page.py:171 — Unable to open profile tab / reach login sheet after 2 attempts
2026-08-17 17:14:40 [ERROR   ] screenshot_utils.py:64 — Screenshot capture failed: Message: 'GET /screenshot' cannot be proxied to UiAutomator2 server because the instrumentation process is not running (probably crashed). Check the server log and/or the logcat output for more details
Stacktrace:
UnknownError: 'GET /screenshot' cannot be proxied to UiAutomator2 server because the instrumentation process is not running (probably crashed). Check the server log and/or the logcat output for more details
    at UIA2Proxy.command (/opt/homebrew/lib/node_modules/appium/node_modules/@appium/base-driver/build/lib/jsonwp-proxy/proxy.js:272:19)
    at process.processTicksAndRejections (node:internal/process/task_queues:104:5)
    at async AndroidUiautomator2Driver.getScreenshot (/Users/vc.rajdeep.kumar/.appium/node_modules/appium-uiautomator2-driver/build/lib/commands/screenshot.js:72:19)
2026-08-17 17:14:40 [ERROR   ] screenshot_utils.py:87 — Page source save failed: Message: 'GET /session/2c86b17d-a0bf-4c36-bb87-3f5f0528e79d/source' cannot be proxied to UiAutomator2 server because the instrumentation process is not running (probably crashed). Check the server log and/or the logcat output for more details
Stacktrace:
InvalidContextError: 'GET /session/2c86b17d-a0bf-4c36-bb87-3f5f0528e79d/source' cannot be proxied to UiAutomator2 server because the instrumentation process is not running (probably crashed). Check the server log and/or the logcat output for more details
    at UIA2Proxy.proxyCommand (/Users/vc.rajdeep.kumar/.appium/node_modules/appium-uiautomator2-driver/build/lib/uiautomator2.js:32:19)
    at UIA2Proxy.proxyReqRes (/opt/homebrew/lib/node_modules/appium/node_modules/@appium/base-driver/build/lib/jsonwp-proxy/proxy.js:325:49)
    at runCommandPromise (/opt/homebrew/lib/node_modules/appium/node_modules/@appium/base-driver/build/lib/basedriver/driver.js:121:30)
    at /opt/homebrew/lib/node_modules/appium/node_modules/async-lock/lib/index.js:171:12
    at AsyncLock._promiseTry (/opt/homebrew/lib/node_modules/appium/node_modules/async-lock/lib/index.js:306:31)
    at exec (/opt/homebrew/lib/node_modules/appium/node_modules/async-lock/lib/index.js:170:9)
    at AsyncLock.acquire (/opt/homebrew/lib/node_modules/appium/node_modules/async-lock/lib/index.js:189:3)
    at AndroidUiautomator2Driver.executeCommand (/opt/homebrew/lib/node_modules/appium/node_modules/@appium/base-driver/build/lib/basedriver/driver.js:161:45)
    at process.processTicksAndRejections (node:internal/process/task_queues:104:5)
    at async defaultBehavior (/opt/homebrew/lib/node_modules/appium/build/lib/appium.js:634:20)
    at async AppiumDriver.executeWrappedCommand (/opt/homebrew/lib/node_modules/appium/build/lib/appium.js:726:22)
    at async AppiumDriver.executeCommand (/opt/homebrew/lib/node_modules/appium/build/lib/appium.js:645:21)
    at async doJwpProxy (/opt/homebrew/lib/node_modules/appium/node_modules/@appium/base-driver/build/lib/protocol/protocol.js:476:9)
    at async asyncHandler (/opt/homebrew/lib/node_modules/appium/node_modules/@appium/base-driver/build/lib/protocol/protocol.js:307:21)
2026-08-17 17:14:40 [WARNING ] base_page.py:255 — Error checking display status for ('-android uiautomator', 'new UiSelector().text("Edit Profile")'): Message: 'POST /element' cannot be proxied to UiAutomator2 server because the instrumentation process is not running (probably crashed). Check the server log and/or the logcat output for more details
Stacktrace:
UnknownError: 'POST /element' cannot be proxied to UiAutomator2 server because the instrumentation process is not running (probably crashed). Check the server log and/or the logcat output for more details
    at UIA2Proxy.command (/opt/homebrew/lib/node_modules/appium/node_modules/@appium/base-driver/build/lib/jsonwp-proxy/proxy.js:272:19)
    at process.processTicksAndRejections (node:internal/process/task_queues:104:5)
    at async AndroidUiautomator2Driver.doFindElementOrEls (/Users/vc.rajdeep.kumar/.appium/node_modules/appium-uiautomator2-driver/build/lib/commands/find.js:24:13)
    at async doFind (/Users/vc.rajdeep.kumar/.appium/node_modules/appium-uiautomator2-driver/node_modules/appium-android-driver/build/lib/commands/find.js:24:23)
    at async wrappedCondFn (/opt/homebrew/lib/node_modules/appium/node_modules/@appium/base-driver/build/lib/basedriver/commands/timeout.js:97:20)
    at async spin (/opt/homebrew/lib/node_modules/appium/node_modules/asyncbox/build/lib/asyncbox.js:174:24)
    at async waitForCondition (/opt/homebrew/lib/node_modules/appium/node_modules/asyncbox/build/lib/asyncbox.js:192:12)
    at async AndroidUiautomator2Driver.implicitWaitForCondition (/opt/homebrew/lib/node_modules/appium/node_modules/@appium/base-driver/build/lib/basedriver/commands/timeout.js:99:16)
    at async AndroidUiautomator2Driver.findElOrEls (/Users/vc.rajdeep.kumar/.appium/node_modules/appium-uiautomator2-driver/node_modules/appium-android-driver/build/lib/commands/find.js:45:9)
    at async AndroidUiautomator2Driver.findElOrElsWithProcessing (/opt/homebrew/lib/node_modules/appium/node_modules/@appium/base-driver/build/lib/basedriver/commands/find.js:12:16)
    at async AndroidUiautomator2Driver.findElement (/opt/homebrew/lib/node_modules/appium/node_modules/@appium/base-driver/build/lib/basedriver/commands/find.js:27:16)
2026-08-17 17:14:40 [WARNING ] base_page.py:255 — Error checking display status for ('id', 'com.zee5.hipi:id/exo_content_frame'): Message: 'POST /element' cannot be proxied to UiAutomator2 server because the instrumentation process is not running (probably crashed). Check the server log and/or the logcat output for more details
Stacktrace:
UnknownError: 'POST /element' cannot be proxied to UiAutomator2 server because the instrumentation process is not running (probably crashed). Check the server log and/or the logcat output for more details
    at UIA2Proxy.command (/opt/homebrew/lib/node_modules/appium/node_modules/@appium/base-driver/build/lib/jsonwp-proxy/proxy.js:272:19)
    at process.processTicksAndRejections (node:internal/process/task_queues:104:5)
    at async AndroidUiautomator2Driver.doFindElementOrEls (/Users/vc.rajdeep.kumar/.appium/node_modules/appium-uiautomator2-driver/build/lib/commands/find.js:24:13)
    at async doFind (/Users/vc.rajdeep.kumar/.appium/node_modules/appium-uiautomator2-driver/node_modules/appium-android-driver/build/lib/commands/find.js:24:23)
    at async wrappedCondFn (/opt/homebrew/lib/node_modules/appium/node_modules/@appium/base-driver/build/lib/basedriver/commands/timeout.js:97:20)
    at async spin (/opt/homebrew/lib/node_modules/appium/node_modules/asyncbox/build/lib/asyncbox.js:174:24)
    at async waitForCondition (/opt/homebrew/lib/node_modules/appium/node_modules/asyncbox/build/lib/asyncbox.js:192:12)
    at async AndroidUiautomator2Driver.implicitWaitForCondition (/opt/homebrew/lib/node_modules/appium/node_modules/@appium/base-driver/build/lib/basedriver/commands/timeout.js:99:16)
    at async AndroidUiautomator2Driver.findElOrEls (/Users/vc.rajdeep.kumar/.appium/node_modules/appium-uiautomator2-driver/node_modules/appium-android-driver/build/lib/commands/find.js:45:9)
    at async AndroidUiautomator2Driver.findElOrElsWithProcessing (/opt/homebrew/lib/node_modules/appium/node_modules/@appium/base-driver/build/lib/basedriver/commands/find.js:12:16)
    at async AndroidUiautomator2Driver.findElement (/opt/homebrew/lib/node_modules/appium/node_modules/@appium/base-driver/build/lib/basedriver/commands/find.js:27:16)
2026-08-17 17:14:40 [ERROR   ] login_page.py:733 — Login flow failed: Unable to open profile tab / reach login sheet after 2 attempts
2026-08-17 17:14:40 [ERROR   ] screenshot_utils.py:64 — Screenshot capture failed: Message: 'GET /screenshot' cannot be proxied to UiAutomator2 server because the instrumentation process is not running (probably crashed). Check the server log and/or the logcat output for more details
Stacktrace:
UnknownError: 'GET /screenshot' cannot be proxied to UiAutomator2 server because the instrumentation process is not running (probably crashed). Check the server log and/or the logcat output for more details
    at UIA2Proxy.command (/opt/homebrew/lib/node_modules/appium/node_modules/@appium/base-driver/build/lib/jsonwp-proxy/proxy.js:272:19)
    at process.processTicksAndRejections (node:internal/process/task_queues:104:5)
    at async AndroidUiautomator2Driver.getScreenshot (/Users/vc.rajdeep.kumar/.appium/node_modules/appium-uiautomator2-driver/build/lib/commands/screenshot.js:72:19)
2026-08-17 17:14:40 [ERROR   ] screenshot_utils.py:87 — Page source save failed: Message: 'GET /session/2c86b17d-a0bf-4c36-bb87-3f5f0528e79d/source' cannot be proxied to UiAutomator2 server because the instrumentation process is not running (probably crashed). Check the server log and/or the logcat output for more details
Stacktrace:
InvalidContextError: 'GET /session/2c86b17d-a0bf-4c36-bb87-3f5f0528e79d/source' cannot be proxied to UiAutomator2 server because the instrumentation process is not running (probably crashed). Check the server log and/or the logcat output for more details
    at UIA2Proxy.proxyCommand (/Users/vc.rajdeep.kumar/.appium/node_modules/appium-uiautomator2-driver/build/lib/uiautomator2.js:32:19)
    at UIA2Proxy.proxyReqRes (/opt/homebrew/lib/node_modules/appium/node_modules/@appium/base-driver/build/lib/jsonwp-proxy/proxy.js:325:49)
    at runCommandPromise (/opt/homebrew/lib/node_modules/appium/node_modules/@appium/base-driver/build/lib/basedriver/driver.js:121:30)
    at /opt/homebrew/lib/node_modules/appium/node_modules/async-lock/lib/index.js:171:12
    at AsyncLock._promiseTry (/opt/homebrew/lib/node_modules/appium/node_modules/async-lock/lib/index.js:306:31)
    at exec (/opt/homebrew/lib/node_modules/appium/node_modules/async-lock/lib/index.js:170:9)
    at AsyncLock.acquire (/opt/homebrew/lib/node_modules/appium/node_modules/async-lock/lib/index.js:189:3)
    at AndroidUiautomator2Driver.executeCommand (/opt/homebrew/lib/node_modules/appium/node_modules/@appium/base-driver/build/lib/basedriver/driver.js:161:45)
    at process.processTicksAndRejections (node:internal/process/task_queues:104:5)
    at async defaultBehavior (/opt/homebrew/lib/node_modules/appium/build/lib/appium.js:634:20)
    at async AppiumDriver.executeWrappedCommand (/opt/homebrew/lib/node_modules/appium/build/lib/appium.js:726:22)
    at async AppiumDriver.executeCommand (/opt/homebrew/lib/node_modules/appium/build/lib/appium.js:645:21)
    at async doJwpProxy (/opt/homebrew/lib/node_modules/appium/node_modules/@appium/base-driver/build/lib/protocol/protocol.js:476:9)
    at async asyncHandler (/opt/homebrew/lib/node_modules/appium/node_modules/@appium/base-driver/build/lib/protocol/protocol.js:307:21)
2026-08-17 17:14:40 [ERROR   ] screenshot_utils.py:64 — Screenshot capture failed: Message: 'GET /screenshot' cannot be proxied to UiAutomator2 server because the instrumentation process is not running (probably crashed). Check the server log and/or the logcat output for more details
Stacktrace:
UnknownError: 'GET /screenshot' cannot be proxied to UiAutomator2 server because the instrumentation process is not running (probably crashed). Check the server log and/or the logcat output for more details
    at UIA2Proxy.command (/opt/homebrew/lib/node_modules/appium/node_modules/@appium/base-driver/build/lib/jsonwp-proxy/proxy.js:272:19)
    at process.processTicksAndRejections (node:internal/process/task_queues:104:5)
    at async AndroidUiautomator2Driver.getScreenshot (/Users/vc.rajdeep.kumar/.appium/node_modules/appium-uiautomator2-driver/build/lib/commands/screenshot.js:72:19)
2026-08-17 17:14:40 [ERROR   ] screenshot_utils.py:87 — Page source save failed: Message: 'GET /session/2c86b17d-a0bf-4c36-bb87-3f5f0528e79d/source' cannot be proxied to UiAutomator2 server because the instrumentation process is not running (probably crashed). Check the server log and/or the logcat output for more details
Stacktrace:
InvalidContextError: 'GET /session/2c86b17d-a0bf-4c36-bb87-3f5f0528e79d/source' cannot be proxied to UiAutomator2 server because the instrumentation process is not running (probably crashed). Check the server log and/or the logcat output for more details
    at UIA2Proxy.proxyCommand (/Users/vc.rajdeep.kumar/.appium/node_modules/appium-uiautomator2-driver/build/lib/uiautomator2.js:32:19)
    at UIA2Proxy.proxyReqRes (/opt/homebrew/lib/node_modules/appium/node_modules/@appium/base-driver/build/lib/jsonwp-proxy/proxy.js:325:49)
    at runCommandPromise (/opt/homebrew/lib/node_modules/appium/node_modules/@appium/base-driver/build/lib/basedriver/driver.js:121:30)
    at /opt/homebrew/lib/node_modules/appium/node_modules/async-lock/lib/index.js:171:12
    at AsyncLock._promiseTry (/opt/homebrew/lib/node_modules/appium/node_modules/async-lock/lib/index.js:306:31)
    at exec (/opt/homebrew/lib/node_modules/appium/node_modules/async-lock/lib/index.js:170:9)
    at AsyncLock.acquire (/opt/homebrew/lib/node_modules/appium/node_modules/async-lock/lib/index.js:189:3)
    at AndroidUiautomator2Driver.executeCommand (/opt/homebrew/lib/node_modules/appium/node_modules/@appium/base-driver/build/lib/basedriver/driver.js:161:45)
    at process.processTicksAndRejections (node:internal/process/task_queues:104:5)
    at async defaultBehavior (/opt/homebrew/lib/node_modules/appium/build/lib/appium.js:634:20)
    at async AppiumDriver.executeWrappedCommand (/opt/homebrew/lib/node_modules/appium/build/lib/appium.js:726:22)
    at async AppiumDriver.executeCommand (/opt/homebrew/lib/node_modules/appium/build/lib/appium.js:645:21)
    at async doJwpProxy (/opt/homebrew/lib/node_modules/appium/node_modules/@appium/base-driver/build/lib/protocol/protocol.js:476:9)
    at async asyncHandler (/opt/homebrew/lib/node_modules/appium/node_modules/@appium/base-driver/build/lib/protocol/protocol.js:307:21)
2026-08-17 17:14:40 [ERROR   ] conftest.py:468 — Test FAILED: test_navigate_home_tab
2026-08-17 17:14:40 [INFO    ] base_test.py:137 — BaseFeedTest setup completed (session-scoped, already logged in).
2026-08-17 17:14:40 [INFO    ] base_test.py:151 — login_and_reach_feed: START (session-scoped)
2026-08-17 17:14:40 [INFO    ] login_page.py:556 — Validating home page
2026-08-17 17:14:40 [WARNING ] base_page.py:255 — Error checking display status for ('id', 'com.zee5.hipi:id/exo_content_frame'): Message: 'POST /element' cannot be proxied to UiAutomator2 server because the instrumentation process is not running (probably crashed). Check the server log and/or the logcat output for more details
Stacktrace:
UnknownError: 'POST /element' cannot be proxied to UiAutomator2 server because the instrumentation process is not running (probably crashed). Check the server log and/or the logcat output for more details
    at UIA2Proxy.command (/opt/homebrew/lib/node_modules/appium/node_modules/@appium/base-driver/build/lib/jsonwp-proxy/proxy.js:272:19)
    at process.processTicksAndRejections (node:internal/process/task_queues:104:5)
    at async AndroidUiautomator2Driver.doFindElementOrEls (/Users/vc.rajdeep.kumar/.appium/node_modules/appium-uiautomator2-driver/build/lib/commands/find.js:24:13)
    at async doFind (/Users/vc.rajdeep.kumar/.appium/node_modules/appium-uiautomator2-driver/node_modules/appium-android-driver/build/lib/commands/find.js:24:23)
    at async wrappedCondFn (/opt/homebrew/lib/node_modules/appium/node_modules/@appium/base-driver/build/lib/basedriver/commands/timeout.js:97:20)
    at async spin (/opt/homebrew/lib/node_modules/appium/node_modules/asyncbox/build/lib/asyncbox.js:174:24)
    at async waitForCondition (/opt/homebrew/lib/node_modules/appium/node_modules/asyncbox/build/lib/asyncbox.js:192:12)
    at async AndroidUiautomator2Driver.implicitWaitForCondition (/opt/homebrew/lib/node_modules/appium/node_modules/@appium/base-driver/build/lib/basedriver/commands/timeout.js:99:16)
    at async AndroidUiautomator2Driver.findElOrEls (/Users/vc.rajdeep.kumar/.appium/node_modules/appium-uiautomator2-driver/node_modules/appium-android-driver/build/lib/commands/find.js:45:9)
    at async AndroidUiautomator2Driver.findElOrElsWithProcessing (/opt/homebrew/lib/node_modules/appium/node_modules/@appium/base-driver/build/lib/basedriver/commands/find.js:12:16)
    at async AndroidUiautomator2Driver.findElement (/opt/homebrew/lib/node_modules/appium/node_modules/@appium/base-driver/build/lib/basedriver/commands/find.js:27:16)
2026-08-17 17:14:40 [WARNING ] login_page.py:568 — Home page not displayed within timeout
2026-08-17 17:14:40 [WARNING ] base_test.py:158 — Session-scoped driver is not on the home feed — logging in again.
2026-08-17 17:14:40 [INFO    ] base_test.py:39 — Logging in as default test user.
2026-08-17 17:14:40 [INFO    ] login_page.py:599 — ========== LOGIN FLOW START ==========
2026-08-17 17:14:42 [INFO    ] login_page.py:43 — Opening profile tab
2026-08-17 17:14:43 [INFO    ] login_page.py:53 — Profile tab open attempt 1/2
2026-08-17 17:14:43 [ERROR   ] base_page.py:182 — Fatal session error clicking ('xpath', "//android.view.View[@clickable='true'][.//android.widget.TextView[@text='Profile']]") — session is dead, not retrying: Message: 'POST /element' cannot be proxied to UiAutomator2 server because the instrumentation process is not running (probably crashed). Check the server log and/or the logcat output for more details
Stacktrace:
UnknownError: 'POST /element' cannot be proxied to UiAutomator2 server because the instrumentation process is not running (probably crashed). Check the server log and/or the logcat output for more details
    at UIA2Proxy.command (/opt/homebrew/lib/node_modules/appium/node_modules/@appium/base-driver/build/lib/jsonwp-proxy/proxy.js:272:19)
    at process.processTicksAndRejections (node:internal/process/task_queues:104:5)
    at async AndroidUiautomator2Driver.doFindElementOrEls (/Users/vc.rajdeep.kumar/.appium/node_modules/appium-uiautomator2-driver/build/lib/commands/find.js:24:13)
    at async doFind (/Users/vc.rajdeep.kumar/.appium/node_modules/appium-uiautomator2-driver/node_modules/appium-android-driver/build/lib/commands/find.js:24:23)
    at async wrappedCondFn (/opt/homebrew/lib/node_modules/appium/node_modules/@appium/base-driver/build/lib/basedriver/commands/timeout.js:97:20)
    at async spin (/opt/homebrew/lib/node_modules/appium/node_modules/asyncbox/build/lib/asyncbox.js:174:24)
    at async waitForCondition (/opt/homebrew/lib/node_modules/appium/node_modules/asyncbox/build/lib/asyncbox.js:192:12)
    at async AndroidUiautomator2Driver.implicitWaitForCondition (/opt/homebrew/lib/node_modules/appium/node_modules/@appium/base-driver/build/lib/basedriver/commands/timeout.js:99:16)
    at async AndroidUiautomator2Driver.findElOrEls (/Users/vc.rajdeep.kumar/.appium/node_modules/appium-uiautomator2-driver/node_modules/appium-android-driver/build/lib/commands/find.js:45:9)
    at async AndroidUiautomator2Driver.findElOrElsWithProcessing (/opt/homebrew/lib/node_modules/appium/node_modules/@appium/base-driver/build/lib/basedriver/commands/find.js:12:16)
    at async AndroidUiautomator2Driver.findElement (/opt/homebrew/lib/node_modules/appium/node_modules/@appium/base-driver/build/lib/basedriver/commands/find.js:27:16)
2026-08-17 17:14:43 [WARNING ] login_page.py:98 — Element-based click failed: Session/instrumentation dead while clicking ('xpath', "//android.view.View[@clickable='true'][.//android.widget.TextView[@text='Profile']]"): Message: 'POST /element' cannot be proxied to UiAutomator2 server because the instrumentation process is not running (probably crashed). Check the server log and/or the logcat output for more details
Stacktrace:
UnknownError: 'POST /element' cannot be proxied to UiAutomator2 server because the instrumentation process is not running (probably crashed). Check the server log and/or the logcat output for more details
    at UIA2Proxy.command (/opt/homebrew/lib/node_modules/appium/node_modules/@appium/base-driver/build/lib/jsonwp-proxy/proxy.js:272:19)
    at process.processTicksAndRejections (node:internal/process/task_queues:104:5)
    at async AndroidUiautomator2Driver.doFindElementOrEls (/Users/vc.rajdeep.kumar/.appium/node_modules/appium-uiautomator2-driver/build/lib/commands/find.js:24:13)
    at async doFind (/Users/vc.rajdeep.kumar/.appium/node_modules/appium-uiautomator2-driver/node_modules/appium-android-driver/build/lib/commands/find.js:24:23)
    at async wrappedCondFn (/opt/homebrew/lib/node_modules/appium/node_modules/@appium/base-driver/build/lib/basedriver/commands/timeout.js:97:20)
    at async spin (/opt/homebrew/lib/node_modules/appium/node_modules/asyncbox/build/lib/asyncbox.js:174:24)
    at async waitForCondition (/opt/homebrew/lib/node_modules/appium/node_modules/asyncbox/build/lib/asyncbox.js:192:12)
    at async AndroidUiautomator2Driver.implicitWaitForCondition (/opt/homebrew/lib/node_modules/appium/node_modules/@appium/base-driver/build/lib/basedriver/commands/timeout.js:99:16)
    at async AndroidUiautomator2Driver.findElOrEls (/Users/vc.rajdeep.kumar/.appium/node_modules/appium-uiautomator2-driver/node_modules/appium-android-driver/build/lib/commands/find.js:45:9)
    at async AndroidUiautomator2Driver.findElOrElsWithProcessing (/opt/homebrew/lib/node_modules/appium/node_modules/@appium/base-driver/build/lib/basedriver/commands/find.js:12:16)
    at async AndroidUiautomator2Driver.findElement (/opt/homebrew/lib/node_modules/appium/node_modules/@appium/base-driver/build/lib/basedriver/commands/find.js:27:16)
2026-08-17 17:14:43 [WARNING ] base_page.py:255 — Error checking display status for ('-android uiautomator', 'new UiSelector().text("Edit Profile")'): Message: 'POST /element' cannot be proxied to UiAutomator2 server because the instrumentation process is not running (probably crashed). Check the server log and/or the logcat output for more details
Stacktrace:
UnknownError: 'POST /element' cannot be proxied to UiAutomator2 server because the instrumentation process is not running (probably crashed). Check the server log and/or the logcat output for more details
    at UIA2Proxy.command (/opt/homebrew/lib/node_modules/appium/node_modules/@appium/base-driver/build/lib/jsonwp-proxy/proxy.js:272:19)
    at process.processTicksAndRejections (node:internal/process/task_queues:104:5)
    at async AndroidUiautomator2Driver.doFindElementOrEls (/Users/vc.rajdeep.kumar/.appium/node_modules/appium-uiautomator2-driver/build/lib/commands/find.js:24:13)
    at async doFind (/Users/vc.rajdeep.kumar/.appium/node_modules/appium-uiautomator2-driver/node_modules/appium-android-driver/build/lib/commands/find.js:24:23)
    at async wrappedCondFn (/opt/homebrew/lib/node_modules/appium/node_modules/@appium/base-driver/build/lib/basedriver/commands/timeout.js:97:20)
    at async spin (/opt/homebrew/lib/node_modules/appium/node_modules/asyncbox/build/lib/asyncbox.js:174:24)
    at async waitForCondition (/opt/homebrew/lib/node_modules/appium/node_modules/asyncbox/build/lib/asyncbox.js:192:12)
    at async AndroidUiautomator2Driver.implicitWaitForCondition (/opt/homebrew/lib/node_modules/appium/node_modules/@appium/base-driver/build/lib/basedriver/commands/timeout.js:99:16)
    at async AndroidUiautomator2Driver.findElOrEls (/Users/vc.rajdeep.kumar/.appium/node_modules/appium-uiautomator2-driver/node_modules/appium-android-driver/build/lib/commands/find.js:45:9)
    at async AndroidUiautomator2Driver.findElOrElsWithProcessing (/opt/homebrew/lib/node_modules/appium/node_modules/@appium/base-driver/build/lib/basedriver/commands/find.js:12:16)
    at async AndroidUiautomator2Driver.findElement (/opt/homebrew/lib/node_modules/appium/node_modules/@appium/base-driver/build/lib/basedriver/commands/find.js:27:16)
2026-08-17 17:14:43 [WARNING ] base_page.py:255 — Error checking display status for ('id', 'com.zee5.hipi:id/exo_content_frame'): Message: 'POST /element' cannot be proxied to UiAutomator2 server because the instrumentation process is not running (probably crashed). Check the server log and/or the logcat output for more details
Stacktrace:
UnknownError: 'POST /element' cannot be proxied to UiAutomator2 server because the instrumentation process is not running (probably crashed). Check the server log and/or the logcat output for more details
    at UIA2Proxy.command (/opt/homebrew/lib/node_modules/appium/node_modules/@appium/base-driver/build/lib/jsonwp-proxy/proxy.js:272:19)
    at process.processTicksAndRejections (node:internal/process/task_queues:104:5)
    at async AndroidUiautomator2Driver.doFindElementOrEls (/Users/vc.rajdeep.kumar/.appium/node_modules/appium-uiautomator2-driver/build/lib/commands/find.js:24:13)
    at async doFind (/Users/vc.rajdeep.kumar/.appium/node_modules/appium-uiautomator2-driver/node_modules/appium-android-driver/build/lib/commands/find.js:24:23)
    at async wrappedCondFn (/opt/homebrew/lib/node_modules/appium/node_modules/@appium/base-driver/build/lib/basedriver/commands/timeout.js:97:20)
    at async spin (/opt/homebrew/lib/node_modules/appium/node_modules/asyncbox/build/lib/asyncbox.js:174:24)
    at async waitForCondition (/opt/homebrew/lib/node_modules/appium/node_modules/asyncbox/build/lib/asyncbox.js:192:12)
    at async AndroidUiautomator2Driver.implicitWaitForCondition (/opt/homebrew/lib/node_modules/appium/node_modules/@appium/base-driver/build/lib/basedriver/commands/timeout.js:99:16)
    at async AndroidUiautomator2Driver.findElOrEls (/Users/vc.rajdeep.kumar/.appium/node_modules/appium-uiautomator2-driver/node_modules/appium-android-driver/build/lib/commands/find.js:45:9)
    at async AndroidUiautomator2Driver.findElOrElsWithProcessing (/opt/homebrew/lib/node_modules/appium/node_modules/@appium/base-driver/build/lib/basedriver/commands/find.js:12:16)
    at async AndroidUiautomator2Driver.findElement (/opt/homebrew/lib/node_modules/appium/node_modules/@appium/base-driver/build/lib/basedriver/commands/find.js:27:16)
2026-08-17 17:14:43 [WARNING ] login_page.py:135 — Coordinate tap failed: Message: 'GET /window/current/size' cannot be proxied to UiAutomator2 server because the instrumentation process is not running (probably crashed). Check the server log and/or the logcat output for more details
Stacktrace:
UnknownError: 'GET /window/current/size' cannot be proxied to UiAutomator2 server because the instrumentation process is not running (probably crashed). Check the server log and/or the logcat output for more details
    at UIA2Proxy.command (/opt/homebrew/lib/node_modules/appium/node_modules/@appium/base-driver/build/lib/jsonwp-proxy/proxy.js:272:19)
    at process.processTicksAndRejections (node:internal/process/task_queues:104:5)
    at async AndroidUiautomator2Driver.getWindowSize (/Users/vc.rajdeep.kumar/.appium/node_modules/appium-uiautomator2-driver/build/lib/commands/viewport.js:73:13)
    at async AndroidUiautomator2Driver.getWindowRect (/Users/vc.rajdeep.kumar/.appium/node_modules/appium-uiautomator2-driver/build/lib/commands/viewport.js:53:31)
2026-08-17 17:14:49 [ERROR   ] base_page.py:148 — None of the candidate locators became visible within 6s. Candidates: [('-android uiautomator', 'new UiSelector().textContains("Continue")'), ('class name', 'android.widget.EditText')]. Last error: Message: 'POST /elements' cannot be proxied to UiAutomator2 server because the instrumentation process is not running (probably crashed). Check the server log and/or the logcat output for more details
Stacktrace:
UnknownError: 'POST /elements' cannot be proxied to UiAutomator2 server because the instrumentation process is not running (probably crashed). Check the server log and/or the logcat output for more details
    at UIA2Proxy.command (/opt/homebrew/lib/node_modules/appium/node_modules/@appium/base-driver/build/lib/jsonwp-proxy/proxy.js:272:19)
    at process.processTicksAndRejections (node:internal/process/task_queues:104:5)
    at async AndroidUiautomator2Driver.doFindElementOrEls (/Users/vc.rajdeep.kumar/.appium/node_modules/appium-uiautomator2-driver/build/lib/commands/find.js:24:13)
    at async doFind (/Users/vc.rajdeep.kumar/.appium/node_modules/appium-uiautomator2-driver/node_modules/appium-android-driver/build/lib/commands/find.js:24:23)
    at async wrappedCondFn (/opt/homebrew/lib/node_modules/appium/node_modules/@appium/base-driver/build/lib/basedriver/commands/timeout.js:97:20)
    at async spin (/opt/homebrew/lib/node_modules/appium/node_modules/asyncbox/build/lib/asyncbox.js:174:24)
    at async waitForCondition (/opt/homebrew/lib/node_modules/appium/node_modules/asyncbox/build/lib/asyncbox.js:192:12)
    at async AndroidUiautomator2Driver.implicitWaitForCondition (/opt/homebrew/lib/node_modules/appium/node_modules/@appium/base-driver/build/lib/basedriver/commands/timeout.js:99:16)
    at async AndroidUiautomator2Driver.findElOrEls (/Users/vc.rajdeep.kumar/.appium/node_modules/appium-uiautomator2-driver/node_modules/appium-android-driver/build/lib/commands/find.js:45:9)
    at async AndroidUiautomator2Driver.findElOrElsWithProcessing (/opt/homebrew/lib/node_modules/appium/node_modules/@appium/base-driver/build/lib/basedriver/commands/find.js:12:16)
    at async AndroidUiautomator2Driver.findElements (/opt/homebrew/lib/node_modules/appium/node_modules/@appium/base-driver/build/lib/basedriver/commands/find.js:30:16)
2026-08-17 17:14:49 [ERROR   ] screenshot_utils.py:64 — Screenshot capture failed: Message: 'GET /screenshot' cannot be proxied to UiAutomator2 server because the instrumentation process is not running (probably crashed). Check the server log and/or the logcat output for more details
Stacktrace:
UnknownError: 'GET /screenshot' cannot be proxied to UiAutomator2 server because the instrumentation process is not running (probably crashed). Check the server log and/or the logcat output for more details
    at UIA2Proxy.command (/opt/homebrew/lib/node_modules/appium/node_modules/@appium/base-driver/build/lib/jsonwp-proxy/proxy.js:272:19)
    at process.processTicksAndRejections (node:internal/process/task_queues:104:5)
    at async AndroidUiautomator2Driver.getScreenshot (/Users/vc.rajdeep.kumar/.appium/node_modules/appium-uiautomator2-driver/build/lib/commands/screenshot.js:72:19)
2026-08-17 17:14:49 [ERROR   ] screenshot_utils.py:87 — Page source save failed: Message: 'GET /session/2c86b17d-a0bf-4c36-bb87-3f5f0528e79d/source' cannot be proxied to UiAutomator2 server because the instrumentation process is not running (probably crashed). Check the server log and/or the logcat output for more details
Stacktrace:
InvalidContextError: 'GET /session/2c86b17d-a0bf-4c36-bb87-3f5f0528e79d/source' cannot be proxied to UiAutomator2 server because the instrumentation process is not running (probably crashed). Check the server log and/or the logcat output for more details
    at UIA2Proxy.proxyCommand (/Users/vc.rajdeep.kumar/.appium/node_modules/appium-uiautomator2-driver/build/lib/uiautomator2.js:32:19)
    at UIA2Proxy.proxyReqRes (/opt/homebrew/lib/node_modules/appium/node_modules/@appium/base-driver/build/lib/jsonwp-proxy/proxy.js:325:49)
    at runCommandPromise (/opt/homebrew/lib/node_modules/appium/node_modules/@appium/base-driver/build/lib/basedriver/driver.js:121:30)
    at /opt/homebrew/lib/node_modules/appium/node_modules/async-lock/lib/index.js:171:12
    at AsyncLock._promiseTry (/opt/homebrew/lib/node_modules/appium/node_modules/async-lock/lib/index.js:306:31)
    at exec (/opt/homebrew/lib/node_modules/appium/node_modules/async-lock/lib/index.js:170:9)
    at AsyncLock.acquire (/opt/homebrew/lib/node_modules/appium/node_modules/async-lock/lib/index.js:189:3)
    at AndroidUiautomator2Driver.executeCommand (/opt/homebrew/lib/node_modules/appium/node_modules/@appium/base-driver/build/lib/basedriver/driver.js:161:45)
    at process.processTicksAndRejections (node:internal/process/task_queues:104:5)
    at async defaultBehavior (/opt/homebrew/lib/node_modules/appium/build/lib/appium.js:634:20)
    at async AppiumDriver.executeWrappedCommand (/opt/homebrew/lib/node_modules/appium/build/lib/appium.js:726:22)
    at async AppiumDriver.executeCommand (/opt/homebrew/lib/node_modules/appium/build/lib/appium.js:645:21)
    at async doJwpProxy (/opt/homebrew/lib/node_modules/appium/node_modules/@appium/base-driver/build/lib/protocol/protocol.js:476:9)
    at async asyncHandler (/opt/homebrew/lib/node_modules/appium/node_modules/@appium/base-driver/build/lib/protocol/protocol.js:307:21)
2026-08-17 17:14:49 [WARNING ] login_page.py:158 — Attempt 1 did not reach the login sheet, recovering and retrying...
2026-08-17 17:14:49 [WARNING ] base_page.py:419 — Attempting to recover application state...
2026-08-17 17:14:52 [INFO    ] base_page.py:424 — App recovery attempt completed.
2026-08-17 17:14:54 [INFO    ] login_page.py:53 — Profile tab open attempt 2/2
2026-08-17 17:14:54 [ERROR   ] base_page.py:182 — Fatal session error clicking ('xpath', "//android.view.View[@clickable='true'][.//android.widget.TextView[@text='Profile']]") — session is dead, not retrying: Message: 'POST /element' cannot be proxied to UiAutomator2 server because the instrumentation process is not running (probably crashed). Check the server log and/or the logcat output for more details
Stacktrace:
UnknownError: 'POST /element' cannot be proxied to UiAutomator2 server because the instrumentation process is not running (probably crashed). Check the server log and/or the logcat output for more details
    at UIA2Proxy.command (/opt/homebrew/lib/node_modules/appium/node_modules/@appium/base-driver/build/lib/jsonwp-proxy/proxy.js:272:19)
    at process.processTicksAndRejections (node:internal/process/task_queues:104:5)
    at async AndroidUiautomator2Driver.doFindElementOrEls (/Users/vc.rajdeep.kumar/.appium/node_modules/appium-uiautomator2-driver/build/lib/commands/find.js:24:13)
    at async doFind (/Users/vc.rajdeep.kumar/.appium/node_modules/appium-uiautomator2-driver/node_modules/appium-android-driver/build/lib/commands/find.js:24:23)
    at async wrappedCondFn (/opt/homebrew/lib/node_modules/appium/node_modules/@appium/base-driver/build/lib/basedriver/commands/timeout.js:97:20)
    at async spin (/opt/homebrew/lib/node_modules/appium/node_modules/asyncbox/build/lib/asyncbox.js:174:24)
    at async waitForCondition (/opt/homebrew/lib/node_modules/appium/node_modules/asyncbox/build/lib/asyncbox.js:192:12)
    at async AndroidUiautomator2Driver.implicitWaitForCondition (/opt/homebrew/lib/node_modules/appium/node_modules/@appium/base-driver/build/lib/basedriver/commands/timeout.js:99:16)
    at async AndroidUiautomator2Driver.findElOrEls (/Users/vc.rajdeep.kumar/.appium/node_modules/appium-uiautomator2-driver/node_modules/appium-android-driver/build/lib/commands/find.js:45:9)
    at async AndroidUiautomator2Driver.findElOrElsWithProcessing (/opt/homebrew/lib/node_modules/appium/node_modules/@appium/base-driver/build/lib/basedriver/commands/find.js:12:16)
    at async AndroidUiautomator2Driver.findElement (/opt/homebrew/lib/node_modules/appium/node_modules/@appium/base-driver/build/lib/basedriver/commands/find.js:27:16)
2026-08-17 17:14:54 [WARNING ] login_page.py:98 — Element-based click failed: Session/instrumentation dead while clicking ('xpath', "//android.view.View[@clickable='true'][.//android.widget.TextView[@text='Profile']]"): Message: 'POST /element' cannot be proxied to UiAutomator2 server because the instrumentation process is not running (probably crashed). Check the server log and/or the logcat output for more details
Stacktrace:
UnknownError: 'POST /element' cannot be proxied to UiAutomator2 server because the instrumentation process is not running (probably crashed). Check the server log and/or the logcat output for more details
    at UIA2Proxy.command (/opt/homebrew/lib/node_modules/appium/node_modules/@appium/base-driver/build/lib/jsonwp-proxy/proxy.js:272:19)
    at process.processTicksAndRejections (node:internal/process/task_queues:104:5)
    at async AndroidUiautomator2Driver.doFindElementOrEls (/Users/vc.rajdeep.kumar/.appium/node_modules/appium-uiautomator2-driver/build/lib/commands/find.js:24:13)
    at async doFind (/Users/vc.rajdeep.kumar/.appium/node_modules/appium-uiautomator2-driver/node_modules/appium-android-driver/build/lib/commands/find.js:24:23)
    at async wrappedCondFn (/opt/homebrew/lib/node_modules/appium/node_modules/@appium/base-driver/build/lib/basedriver/commands/timeout.js:97:20)
    at async spin (/opt/homebrew/lib/node_modules/appium/node_modules/asyncbox/build/lib/asyncbox.js:174:24)
    at async waitForCondition (/opt/homebrew/lib/node_modules/appium/node_modules/asyncbox/build/lib/asyncbox.js:192:12)
    at async AndroidUiautomator2Driver.implicitWaitForCondition (/opt/homebrew/lib/node_modules/appium/node_modules/@appium/base-driver/build/lib/basedriver/commands/timeout.js:99:16)
    at async AndroidUiautomator2Driver.findElOrEls (/Users/vc.rajdeep.kumar/.appium/node_modules/appium-uiautomator2-driver/node_modules/appium-android-driver/build/lib/commands/find.js:45:9)
    at async AndroidUiautomator2Driver.findElOrElsWithProcessing (/opt/homebrew/lib/node_modules/appium/node_modules/@appium/base-driver/build/lib/basedriver/commands/find.js:12:16)
    at async AndroidUiautomator2Driver.findElement (/opt/homebrew/lib/node_modules/appium/node_modules/@appium/base-driver/build/lib/basedriver/commands/find.js:27:16)
2026-08-17 17:14:54 [WARNING ] base_page.py:255 — Error checking display status for ('-android uiautomator', 'new UiSelector().text("Edit Profile")'): Message: 'POST /element' cannot be proxied to UiAutomator2 server because the instrumentation process is not running (probably crashed). Check the server log and/or the logcat output for more details
Stacktrace:
UnknownError: 'POST /element' cannot be proxied to UiAutomator2 server because the instrumentation process is not running (probably crashed). Check the server log and/or the logcat output for more details
    at UIA2Proxy.command (/opt/homebrew/lib/node_modules/appium/node_modules/@appium/base-driver/build/lib/jsonwp-proxy/proxy.js:272:19)
    at process.processTicksAndRejections (node:internal/process/task_queues:104:5)
    at async AndroidUiautomator2Driver.doFindElementOrEls (/Users/vc.rajdeep.kumar/.appium/node_modules/appium-uiautomator2-driver/build/lib/commands/find.js:24:13)
    at async doFind (/Users/vc.rajdeep.kumar/.appium/node_modules/appium-uiautomator2-driver/node_modules/appium-android-driver/build/lib/commands/find.js:24:23)
    at async wrappedCondFn (/opt/homebrew/lib/node_modules/appium/node_modules/@appium/base-driver/build/lib/basedriver/commands/timeout.js:97:20)
    at async spin (/opt/homebrew/lib/node_modules/appium/node_modules/asyncbox/build/lib/asyncbox.js:174:24)
    at async waitForCondition (/opt/homebrew/lib/node_modules/appium/node_modules/asyncbox/build/lib/asyncbox.js:192:12)
    at async AndroidUiautomator2Driver.implicitWaitForCondition (/opt/homebrew/lib/node_modules/appium/node_modules/@appium/base-driver/build/lib/basedriver/commands/timeout.js:99:16)
    at async AndroidUiautomator2Driver.findElOrEls (/Users/vc.rajdeep.kumar/.appium/node_modules/appium-uiautomator2-driver/node_modules/appium-android-driver/build/lib/commands/find.js:45:9)
    at async AndroidUiautomator2Driver.findElOrElsWithProcessing (/opt/homebrew/lib/node_modules/appium/node_modules/@appium/base-driver/build/lib/basedriver/commands/find.js:12:16)
    at async AndroidUiautomator2Driver.findElement (/opt/homebrew/lib/node_modules/appium/node_modules/@appium/base-driver/build/lib/basedriver/commands/find.js:27:16)
2026-08-17 17:14:54 [WARNING ] base_page.py:255 — Error checking display status for ('id', 'com.zee5.hipi:id/exo_content_frame'): Message: 'POST /element' cannot be proxied to UiAutomator2 server because the instrumentation process is not running (probably crashed). Check the server log and/or the logcat output for more details
Stacktrace:
UnknownError: 'POST /element' cannot be proxied to UiAutomator2 server because the instrumentation process is not running (probably crashed). Check the server log and/or the logcat output for more details
    at UIA2Proxy.command (/opt/homebrew/lib/node_modules/appium/node_modules/@appium/base-driver/build/lib/jsonwp-proxy/proxy.js:272:19)
    at process.processTicksAndRejections (node:internal/process/task_queues:104:5)
    at async AndroidUiautomator2Driver.doFindElementOrEls (/Users/vc.rajdeep.kumar/.appium/node_modules/appium-uiautomator2-driver/build/lib/commands/find.js:24:13)
    at async doFind (/Users/vc.rajdeep.kumar/.appium/node_modules/appium-uiautomator2-driver/node_modules/appium-android-driver/build/lib/commands/find.js:24:23)
    at async wrappedCondFn (/opt/homebrew/lib/node_modules/appium/node_modules/@appium/base-driver/build/lib/basedriver/commands/timeout.js:97:20)
    at async spin (/opt/homebrew/lib/node_modules/appium/node_modules/asyncbox/build/lib/asyncbox.js:174:24)
    at async waitForCondition (/opt/homebrew/lib/node_modules/appium/node_modules/asyncbox/build/lib/asyncbox.js:192:12)
    at async AndroidUiautomator2Driver.implicitWaitForCondition (/opt/homebrew/lib/node_modules/appium/node_modules/@appium/base-driver/build/lib/basedriver/commands/timeout.js:99:16)
    at async AndroidUiautomator2Driver.findElOrEls (/Users/vc.rajdeep.kumar/.appium/node_modules/appium-uiautomator2-driver/node_modules/appium-android-driver/build/lib/commands/find.js:45:9)
    at async AndroidUiautomator2Driver.findElOrElsWithProcessing (/opt/homebrew/lib/node_modules/appium/node_modules/@appium/base-driver/build/lib/basedriver/commands/find.js:12:16)
    at async AndroidUiautomator2Driver.findElement (/opt/homebrew/lib/node_modules/appium/node_modules/@appium/base-driver/build/lib/basedriver/commands/find.js:27:16)
2026-08-17 17:14:54 [WARNING ] login_page.py:135 — Coordinate tap failed: Message: 'GET /window/current/size' cannot be proxied to UiAutomator2 server because the instrumentation process is not running (probably crashed). Check the server log and/or the logcat output for more details
Stacktrace:
UnknownError: 'GET /window/current/size' cannot be proxied to UiAutomator2 server because the instrumentation process is not running (probably crashed). Check the server log and/or the logcat output for more details
    at UIA2Proxy.command (/opt/homebrew/lib/node_modules/appium/node_modules/@appium/base-driver/build/lib/jsonwp-proxy/proxy.js:272:19)
    at process.processTicksAndRejections (node:internal/process/task_queues:104:5)
    at async AndroidUiautomator2Driver.getWindowSize (/Users/vc.rajdeep.kumar/.appium/node_modules/appium-uiautomator2-driver/build/lib/commands/viewport.js:73:13)
    at async AndroidUiautomator2Driver.getWindowRect (/Users/vc.rajdeep.kumar/.appium/node_modules/appium-uiautomator2-driver/build/lib/commands/viewport.js:53:31)
2026-08-17 17:15:00 [ERROR   ] base_page.py:148 — None of the candidate locators became visible within 6s. Candidates: [('-android uiautomator', 'new UiSelector().textContains("Continue")'), ('class name', 'android.widget.EditText')]. Last error: Message: 'POST /elements' cannot be proxied to UiAutomator2 server because the instrumentation process is not running (probably crashed). Check the server log and/or the logcat output for more details
Stacktrace:
UnknownError: 'POST /elements' cannot be proxied to UiAutomator2 server because the instrumentation process is not running (probably crashed). Check the server log and/or the logcat output for more details
    at UIA2Proxy.command (/opt/homebrew/lib/node_modules/appium/node_modules/@appium/base-driver/build/lib/jsonwp-proxy/proxy.js:272:19)
    at process.processTicksAndRejections (node:internal/process/task_queues:104:5)
    at async AndroidUiautomator2Driver.doFindElementOrEls (/Users/vc.rajdeep.kumar/.appium/node_modules/appium-uiautomator2-driver/build/lib/commands/find.js:24:13)
    at async doFind (/Users/vc.rajdeep.kumar/.appium/node_modules/appium-uiautomator2-driver/node_modules/appium-android-driver/build/lib/commands/find.js:24:23)
    at async wrappedCondFn (/opt/homebrew/lib/node_modules/appium/node_modules/@appium/base-driver/build/lib/basedriver/commands/timeout.js:97:20)
    at async spin (/opt/homebrew/lib/node_modules/appium/node_modules/asyncbox/build/lib/asyncbox.js:174:24)
    at async waitForCondition (/opt/homebrew/lib/node_modules/appium/node_modules/asyncbox/build/lib/asyncbox.js:192:12)
    at async AndroidUiautomator2Driver.implicitWaitForCondition (/opt/homebrew/lib/node_modules/appium/node_modules/@appium/base-driver/build/lib/basedriver/commands/timeout.js:99:16)
    at async AndroidUiautomator2Driver.findElOrEls (/Users/vc.rajdeep.kumar/.appium/node_modules/appium-uiautomator2-driver/node_modules/appium-android-driver/build/lib/commands/find.js:45:9)
    at async AndroidUiautomator2Driver.findElOrElsWithProcessing (/opt/homebrew/lib/node_modules/appium/node_modules/@appium/base-driver/build/lib/basedriver/commands/find.js:12:16)
    at async AndroidUiautomator2Driver.findElements (/opt/homebrew/lib/node_modules/appium/node_modules/@appium/base-driver/build/lib/basedriver/commands/find.js:30:16)
2026-08-17 17:15:00 [ERROR   ] screenshot_utils.py:64 — Screenshot capture failed: Message: 'GET /screenshot' cannot be proxied to UiAutomator2 server because the instrumentation process is not running (probably crashed). Check the server log and/or the logcat output for more details
Stacktrace:
UnknownError: 'GET /screenshot' cannot be proxied to UiAutomator2 server because the instrumentation process is not running (probably crashed). Check the server log and/or the logcat output for more details
    at UIA2Proxy.command (/opt/homebrew/lib/node_modules/appium/node_modules/@appium/base-driver/build/lib/jsonwp-proxy/proxy.js:272:19)
    at process.processTicksAndRejections (node:internal/process/task_queues:104:5)
    at async AndroidUiautomator2Driver.getScreenshot (/Users/vc.rajdeep.kumar/.appium/node_modules/appium-uiautomator2-driver/build/lib/commands/screenshot.js:72:19)
2026-08-17 17:15:00 [ERROR   ] screenshot_utils.py:87 — Page source save failed: Message: 'GET /session/2c86b17d-a0bf-4c36-bb87-3f5f0528e79d/source' cannot be proxied to UiAutomator2 server because the instrumentation process is not running (probably crashed). Check the server log and/or the logcat output for more details
Stacktrace:
InvalidContextError: 'GET /session/2c86b17d-a0bf-4c36-bb87-3f5f0528e79d/source' cannot be proxied to UiAutomator2 server because the instrumentation process is not running (probably crashed). Check the server log and/or the logcat output for more details
    at UIA2Proxy.proxyCommand (/Users/vc.rajdeep.kumar/.appium/node_modules/appium-uiautomator2-driver/build/lib/uiautomator2.js:32:19)
    at UIA2Proxy.proxyReqRes (/opt/homebrew/lib/node_modules/appium/node_modules/@appium/base-driver/build/lib/jsonwp-proxy/proxy.js:325:49)
    at runCommandPromise (/opt/homebrew/lib/node_modules/appium/node_modules/@appium/base-driver/build/lib/basedriver/driver.js:121:30)
    at /opt/homebrew/lib/node_modules/appium/node_modules/async-lock/lib/index.js:171:12
    at AsyncLock._promiseTry (/opt/homebrew/lib/node_modules/appium/node_modules/async-lock/lib/index.js:306:31)
    at exec (/opt/homebrew/lib/node_modules/appium/node_modules/async-lock/lib/index.js:170:9)
    at AsyncLock.acquire (/opt/homebrew/lib/node_modules/appium/node_modules/async-lock/lib/index.js:189:3)
    at AndroidUiautomator2Driver.executeCommand (/opt/homebrew/lib/node_modules/appium/node_modules/@appium/base-driver/build/lib/basedriver/driver.js:161:45)
    at process.processTicksAndRejections (node:internal/process/task_queues:104:5)
    at async defaultBehavior (/opt/homebrew/lib/node_modules/appium/build/lib/appium.js:634:20)
    at async AppiumDriver.executeWrappedCommand (/opt/homebrew/lib/node_modules/appium/build/lib/appium.js:726:22)
    at async AppiumDriver.executeCommand (/opt/homebrew/lib/node_modules/appium/build/lib/appium.js:645:21)
    at async doJwpProxy (/opt/homebrew/lib/node_modules/appium/node_modules/@appium/base-driver/build/lib/protocol/protocol.js:476:9)
    at async asyncHandler (/opt/homebrew/lib/node_modules/appium/node_modules/@appium/base-driver/build/lib/protocol/protocol.js:307:21)
2026-08-17 17:15:00 [WARNING ] login_page.py:158 — Attempt 2 did not reach the login sheet, recovering and retrying...
2026-08-17 17:15:00 [WARNING ] base_page.py:419 — Attempting to recover application state...
2026-08-17 17:15:03 [INFO    ] base_page.py:424 — App recovery attempt completed.
2026-08-17 17:15:05 [ERROR   ] login_page.py:171 — Unable to open profile tab / reach login sheet after 2 attempts
2026-08-17 17:15:05 [ERROR   ] screenshot_utils.py:64 — Screenshot capture failed: Message: 'GET /screenshot' cannot be proxied to UiAutomator2 server because the instrumentation process is not running (probably crashed). Check the server log and/or the logcat output for more details
Stacktrace:
UnknownError: 'GET /screenshot' cannot be proxied to UiAutomator2 server because the instrumentation process is not running (probably crashed). Check the server log and/or the logcat output for more details
    at UIA2Proxy.command (/opt/homebrew/lib/node_modules/appium/node_modules/@appium/base-driver/build/lib/jsonwp-proxy/proxy.js:272:19)
    at process.processTicksAndRejections (node:internal/process/task_queues:104:5)
    at async AndroidUiautomator2Driver.getScreenshot (/Users/vc.rajdeep.kumar/.appium/node_modules/appium-uiautomator2-driver/build/lib/commands/screenshot.js:72:19)
2026-08-17 17:15:05 [ERROR   ] screenshot_utils.py:87 — Page source save failed: Message: 'GET /session/2c86b17d-a0bf-4c36-bb87-3f5f0528e79d/source' cannot be proxied to UiAutomator2 server because the instrumentation process is not running (probably crashed). Check the server log and/or the logcat output for more details
Stacktrace:
InvalidContextError: 'GET /session/2c86b17d-a0bf-4c36-bb87-3f5f0528e79d/source' cannot be proxied to UiAutomator2 server because the instrumentation process is not running (probably crashed). Check the server log and/or the logcat output for more details
    at UIA2Proxy.proxyCommand (/Users/vc.rajdeep.kumar/.appium/node_modules/appium-uiautomator2-driver/build/lib/uiautomator2.js:32:19)
    at UIA2Proxy.proxyReqRes (/opt/homebrew/lib/node_modules/appium/node_modules/@appium/base-driver/build/lib/jsonwp-proxy/proxy.js:325:49)
    at runCommandPromise (/opt/homebrew/lib/node_modules/appium/node_modules/@appium/base-driver/build/lib/basedriver/driver.js:121:30)
    at /opt/homebrew/lib/node_modules/appium/node_modules/async-lock/lib/index.js:171:12
    at AsyncLock._promiseTry (/opt/homebrew/lib/node_modules/appium/node_modules/async-lock/lib/index.js:306:31)
    at exec (/opt/homebrew/lib/node_modules/appium/node_modules/async-lock/lib/index.js:170:9)
    at AsyncLock.acquire (/opt/homebrew/lib/node_modules/appium/node_modules/async-lock/lib/index.js:189:3)
    at AndroidUiautomator2Driver.executeCommand (/opt/homebrew/lib/node_modules/appium/node_modules/@appium/base-driver/build/lib/basedriver/driver.js:161:45)
    at process.processTicksAndRejections (node:internal/process/task_queues:104:5)
    at async defaultBehavior (/opt/homebrew/lib/node_modules/appium/build/lib/appium.js:634:20)
    at async AppiumDriver.executeWrappedCommand (/opt/homebrew/lib/node_modules/appium/build/lib/appium.js:726:22)
    at async AppiumDriver.executeCommand (/opt/homebrew/lib/node_modules/appium/build/lib/appium.js:645:21)
    at async doJwpProxy (/opt/homebrew/lib/node_modules/appium/node_modules/@appium/base-driver/build/lib/protocol/protocol.js:476:9)
    at async asyncHandler (/opt/homebrew/lib/node_modules/appium/node_modules/@appium/base-driver/build/lib/protocol/protocol.js:307:21)
2026-08-17 17:15:05 [WARNING ] base_page.py:255 — Error checking display status for ('-android uiautomator', 'new UiSelector().text("Edit Profile")'): Message: 'POST /element' cannot be proxied to UiAutomator2 server because the instrumentation process is not running (probably crashed). Check the server log and/or the logcat output for more details
Stacktrace:
UnknownError: 'POST /element' cannot be proxied to UiAutomator2 server because the instrumentation process is not running (probably crashed). Check the server log and/or the logcat output for more details
    at UIA2Proxy.command (/opt/homebrew/lib/node_modules/appium/node_modules/@appium/base-driver/build/lib/jsonwp-proxy/proxy.js:272:19)
    at process.processTicksAndRejections (node:internal/process/task_queues:104:5)
    at async AndroidUiautomator2Driver.doFindElementOrEls (/Users/vc.rajdeep.kumar/.appium/node_modules/appium-uiautomator2-driver/build/lib/commands/find.js:24:13)
    at async doFind (/Users/vc.rajdeep.kumar/.appium/node_modules/appium-uiautomator2-driver/node_modules/appium-android-driver/build/lib/commands/find.js:24:23)
    at async wrappedCondFn (/opt/homebrew/lib/node_modules/appium/node_modules/@appium/base-driver/build/lib/basedriver/commands/timeout.js:97:20)
    at async spin (/opt/homebrew/lib/node_modules/appium/node_modules/asyncbox/build/lib/asyncbox.js:174:24)
    at async waitForCondition (/opt/homebrew/lib/node_modules/appium/node_modules/asyncbox/build/lib/asyncbox.js:192:12)
    at async AndroidUiautomator2Driver.implicitWaitForCondition (/opt/homebrew/lib/node_modules/appium/node_modules/@appium/base-driver/build/lib/basedriver/commands/timeout.js:99:16)
    at async AndroidUiautomator2Driver.findElOrEls (/Users/vc.rajdeep.kumar/.appium/node_modules/appium-uiautomator2-driver/node_modules/appium-android-driver/build/lib/commands/find.js:45:9)
    at async AndroidUiautomator2Driver.findElOrElsWithProcessing (/opt/homebrew/lib/node_modules/appium/node_modules/@appium/base-driver/build/lib/basedriver/commands/find.js:12:16)
    at async AndroidUiautomator2Driver.findElement (/opt/homebrew/lib/node_modules/appium/node_modules/@appium/base-driver/build/lib/basedriver/commands/find.js:27:16)
2026-08-17 17:15:05 [WARNING ] base_page.py:255 — Error checking display status for ('id', 'com.zee5.hipi:id/exo_content_frame'): Message: 'POST /element' cannot be proxied to UiAutomator2 server because the instrumentation process is not running (probably crashed). Check the server log and/or the logcat output for more details
Stacktrace:
UnknownError: 'POST /element' cannot be proxied to UiAutomator2 server because the instrumentation process is not running (probably crashed). Check the server log and/or the logcat output for more details
    at UIA2Proxy.command (/opt/homebrew/lib/node_modules/appium/node_modules/@appium/base-driver/build/lib/jsonwp-proxy/proxy.js:272:19)
    at process.processTicksAndRejections (node:internal/process/task_queues:104:5)
    at async AndroidUiautomator2Driver.doFindElementOrEls (/Users/vc.rajdeep.kumar/.appium/node_modules/appium-uiautomator2-driver/build/lib/commands/find.js:24:13)
    at async doFind (/Users/vc.rajdeep.kumar/.appium/node_modules/appium-uiautomator2-driver/node_modules/appium-android-driver/build/lib/commands/find.js:24:23)
    at async wrappedCondFn (/opt/homebrew/lib/node_modules/appium/node_modules/@appium/base-driver/build/lib/basedriver/commands/timeout.js:97:20)
    at async spin (/opt/homebrew/lib/node_modules/appium/node_modules/asyncbox/build/lib/asyncbox.js:174:24)
    at async waitForCondition (/opt/homebrew/lib/node_modules/appium/node_modules/asyncbox/build/lib/asyncbox.js:192:12)
    at async AndroidUiautomator2Driver.implicitWaitForCondition (/opt/homebrew/lib/node_modules/appium/node_modules/@appium/base-driver/build/lib/basedriver/commands/timeout.js:99:16)
    at async AndroidUiautomator2Driver.findElOrEls (/Users/vc.rajdeep.kumar/.appium/node_modules/appium-uiautomator2-driver/node_modules/appium-android-driver/build/lib/commands/find.js:45:9)
    at async AndroidUiautomator2Driver.findElOrElsWithProcessing (/opt/homebrew/lib/node_modules/appium/node_modules/@appium/base-driver/build/lib/basedriver/commands/find.js:12:16)
    at async AndroidUiautomator2Driver.findElement (/opt/homebrew/lib/node_modules/appium/node_modules/@appium/base-driver/build/lib/basedriver/commands/find.js:27:16)
2026-08-17 17:15:05 [ERROR   ] login_page.py:733 — Login flow failed: Unable to open profile tab / reach login sheet after 2 attempts
2026-08-17 17:15:05 [ERROR   ] screenshot_utils.py:64 — Screenshot capture failed: Message: 'GET /screenshot' cannot be proxied to UiAutomator2 server because the instrumentation process is not running (probably crashed). Check the server log and/or the logcat output for more details
Stacktrace:
UnknownError: 'GET /screenshot' cannot be proxied to UiAutomator2 server because the instrumentation process is not running (probably crashed). Check the server log and/or the logcat output for more details
    at UIA2Proxy.command (/opt/homebrew/lib/node_modules/appium/node_modules/@appium/base-driver/build/lib/jsonwp-proxy/proxy.js:272:19)
    at process.processTicksAndRejections (node:internal/process/task_queues:104:5)
    at async AndroidUiautomator2Driver.getScreenshot (/Users/vc.rajdeep.kumar/.appium/node_modules/appium-uiautomator2-driver/build/lib/commands/screenshot.js:72:19)
2026-08-17 17:15:05 [ERROR   ] screenshot_utils.py:87 — Page source save failed: Message: 'GET /session/2c86b17d-a0bf-4c36-bb87-3f5f0528e79d/source' cannot be proxied to UiAutomator2 server because the instrumentation process is not running (probably crashed). Check the server log and/or the logcat output for more details
Stacktrace:
InvalidContextError: 'GET /session/2c86b17d-a0bf-4c36-bb87-3f5f0528e79d/source' cannot be proxied to UiAutomator2 server because the instrumentation process is not running (probably crashed). Check the server log and/or the logcat output for more details
    at UIA2Proxy.proxyCommand (/Users/vc.rajdeep.kumar/.appium/node_modules/appium-uiautomator2-driver/build/lib/uiautomator2.js:32:19)
    at UIA2Proxy.proxyReqRes (/opt/homebrew/lib/node_modules/appium/node_modules/@appium/base-driver/build/lib/jsonwp-proxy/proxy.js:325:49)
    at runCommandPromise (/opt/homebrew/lib/node_modules/appium/node_modules/@appium/base-driver/build/lib/basedriver/driver.js:121:30)
    at /opt/homebrew/lib/node_modules/appium/node_modules/async-lock/lib/index.js:171:12
    at AsyncLock._promiseTry (/opt/homebrew/lib/node_modules/appium/node_modules/async-lock/lib/index.js:306:31)
    at exec (/opt/homebrew/lib/node_modules/appium/node_modules/async-lock/lib/index.js:170:9)
    at AsyncLock.acquire (/opt/homebrew/lib/node_modules/appium/node_modules/async-lock/lib/index.js:189:3)
    at AndroidUiautomator2Driver.executeCommand (/opt/homebrew/lib/node_modules/appium/node_modules/@appium/base-driver/build/lib/basedriver/driver.js:161:45)
    at process.processTicksAndRejections (node:internal/process/task_queues:104:5)
    at async defaultBehavior (/opt/homebrew/lib/node_modules/appium/build/lib/appium.js:634:20)
    at async AppiumDriver.executeWrappedCommand (/opt/homebrew/lib/node_modules/appium/build/lib/appium.js:726:22)
    at async AppiumDriver.executeCommand (/opt/homebrew/lib/node_modules/appium/build/lib/appium.js:645:21)
    at async doJwpProxy (/opt/homebrew/lib/node_modules/appium/node_modules/@appium/base-driver/build/lib/protocol/protocol.js:476:9)
    at async asyncHandler (/opt/homebrew/lib/node_modules/appium/node_modules/@appium/base-driver/build/lib/protocol/protocol.js:307:21)
2026-08-17 17:15:05 [ERROR   ] screenshot_utils.py:64 — Screenshot capture failed: Message: 'GET /screenshot' cannot be proxied to UiAutomator2 server because the instrumentation process is not running (probably crashed). Check the server log and/or the logcat output for more details
Stacktrace:
UnknownError: 'GET /screenshot' cannot be proxied to UiAutomator2 server because the instrumentation process is not running (probably crashed). Check the server log and/or the logcat output for more details
    at UIA2Proxy.command (/opt/homebrew/lib/node_modules/appium/node_modules/@appium/base-driver/build/lib/jsonwp-proxy/proxy.js:272:19)
    at process.processTicksAndRejections (node:internal/process/task_queues:104:5)
    at async AndroidUiautomator2Driver.getScreenshot (/Users/vc.rajdeep.kumar/.appium/node_modules/appium-uiautomator2-driver/build/lib/commands/screenshot.js:72:19)
2026-08-17 17:15:05 [ERROR   ] screenshot_utils.py:87 — Page source save failed: Message: 'GET /session/2c86b17d-a0bf-4c36-bb87-3f5f0528e79d/source' cannot be proxied to UiAutomator2 server because the instrumentation process is not running (probably crashed). Check the server log and/or the logcat output for more details
Stacktrace:
InvalidContextError: 'GET /session/2c86b17d-a0bf-4c36-bb87-3f5f0528e79d/source' cannot be proxied to UiAutomator2 server because the instrumentation process is not running (probably crashed). Check the server log and/or the logcat output for more details
    at UIA2Proxy.proxyCommand (/Users/vc.rajdeep.kumar/.appium/node_modules/appium-uiautomator2-driver/build/lib/uiautomator2.js:32:19)
    at UIA2Proxy.proxyReqRes (/opt/homebrew/lib/node_modules/appium/node_modules/@appium/base-driver/build/lib/jsonwp-proxy/proxy.js:325:49)
    at runCommandPromise (/opt/homebrew/lib/node_modules/appium/node_modules/@appium/base-driver/build/lib/basedriver/driver.js:121:30)
    at /opt/homebrew/lib/node_modules/appium/node_modules/async-lock/lib/index.js:171:12
    at AsyncLock._promiseTry (/opt/homebrew/lib/node_modules/appium/node_modules/async-lock/lib/index.js:306:31)
    at exec (/opt/homebrew/lib/node_modules/appium/node_modules/async-lock/lib/index.js:170:9)
    at AsyncLock.acquire (/opt/homebrew/lib/node_modules/appium/node_modules/async-lock/lib/index.js:189:3)
    at AndroidUiautomator2Driver.executeCommand (/opt/homebrew/lib/node_modules/appium/node_modules/@appium/base-driver/build/lib/basedriver/driver.js:161:45)
    at process.processTicksAndRejections (node:internal/process/task_queues:104:5)
    at async defaultBehavior (/opt/homebrew/lib/node_modules/appium/build/lib/appium.js:634:20)
    at async AppiumDriver.executeWrappedCommand (/opt/homebrew/lib/node_modules/appium/build/lib/appium.js:726:22)
    at async AppiumDriver.executeCommand (/opt/homebrew/lib/node_modules/appium/build/lib/appium.js:645:21)
    at async doJwpProxy (/opt/homebrew/lib/node_modules/appium/node_modules/@appium/base-driver/build/lib/protocol/protocol.js:476:9)
    at async asyncHandler (/opt/homebrew/lib/node_modules/appium/node_modules/@appium/base-driver/build/lib/protocol/protocol.js:307:21)
2026-08-17 17:15:05 [ERROR   ] conftest.py:468 — Test FAILED: test_navigate_discover_tab
2026-08-17 17:15:05 [INFO    ] base_test.py:137 — BaseFeedTest setup completed (session-scoped, already logged in).
2026-08-17 17:15:05 [INFO    ] base_test.py:151 — login_and_reach_feed: START (session-scoped)
2026-08-17 17:15:05 [INFO    ] login_page.py:556 — Validating home page
2026-08-17 17:15:05 [WARNING ] base_page.py:255 — Error checking display status for ('id', 'com.zee5.hipi:id/exo_content_frame'): Message: 'POST /element' cannot be proxied to UiAutomator2 server because the instrumentation process is not running (probably crashed). Check the server log and/or the logcat output for more details
Stacktrace:
UnknownError: 'POST /element' cannot be proxied to UiAutomator2 server because the instrumentation process is not running (probably crashed). Check the server log and/or the logcat output for more details
    at UIA2Proxy.command (/opt/homebrew/lib/node_modules/appium/node_modules/@appium/base-driver/build/lib/jsonwp-proxy/proxy.js:272:19)
    at process.processTicksAndRejections (node:internal/process/task_queues:104:5)
    at async AndroidUiautomator2Driver.doFindElementOrEls (/Users/vc.rajdeep.kumar/.appium/node_modules/appium-uiautomator2-driver/build/lib/commands/find.js:24:13)
    at async doFind (/Users/vc.rajdeep.kumar/.appium/node_modules/appium-uiautomator2-driver/node_modules/appium-android-driver/build/lib/commands/find.js:24:23)
    at async wrappedCondFn (/opt/homebrew/lib/node_modules/appium/node_modules/@appium/base-driver/build/lib/basedriver/commands/timeout.js:97:20)
    at async spin (/opt/homebrew/lib/node_modules/appium/node_modules/asyncbox/build/lib/asyncbox.js:174:24)
    at async waitForCondition (/opt/homebrew/lib/node_modules/appium/node_modules/asyncbox/build/lib/asyncbox.js:192:12)
    at async AndroidUiautomator2Driver.implicitWaitForCondition (/opt/homebrew/lib/node_modules/appium/node_modules/@appium/base-driver/build/lib/basedriver/commands/timeout.js:99:16)
    at async AndroidUiautomator2Driver.findElOrEls (/Users/vc.rajdeep.kumar/.appium/node_modules/appium-uiautomator2-driver/node_modules/appium-android-driver/build/lib/commands/find.js:45:9)
    at async AndroidUiautomator2Driver.findElOrElsWithProcessing (/opt/homebrew/lib/node_modules/appium/node_modules/@appium/base-driver/build/lib/basedriver/commands/find.js:12:16)
    at async AndroidUiautomator2Driver.findElement (/opt/homebrew/lib/node_modules/appium/node_modules/@appium/base-driver/build/lib/basedriver/commands/find.js:27:16)
2026-08-17 17:15:05 [WARNING ] login_page.py:568 — Home page not displayed within timeout
2026-08-17 17:15:05 [WARNING ] base_test.py:158 — Session-scoped driver is not on the home feed — logging in again.
2026-08-17 17:15:05 [INFO    ] base_test.py:39 — Logging in as default test user.
2026-08-17 17:15:05 [INFO    ] login_page.py:599 — ========== LOGIN FLOW START ==========
2026-08-17 17:15:06 [INFO    ] login_page.py:43 — Opening profile tab
2026-08-17 17:15:07 [INFO    ] login_page.py:53 — Profile tab open attempt 1/2
2026-08-17 17:15:07 [ERROR   ] base_page.py:182 — Fatal session error clicking ('xpath', "//android.view.View[@clickable='true'][.//android.widget.TextView[@text='Profile']]") — session is dead, not retrying: Message: 'POST /element' cannot be proxied to UiAutomator2 server because the instrumentation process is not running (probably crashed). Check the server log and/or the logcat output for more details
Stacktrace:
UnknownError: 'POST /element' cannot be proxied to UiAutomator2 server because the instrumentation process is not running (probably crashed). Check the server log and/or the logcat output for more details
    at UIA2Proxy.command (/opt/homebrew/lib/node_modules/appium/node_modules/@appium/base-driver/build/lib/jsonwp-proxy/proxy.js:272:19)
    at process.processTicksAndRejections (node:internal/process/task_queues:104:5)
    at async AndroidUiautomator2Driver.doFindElementOrEls (/Users/vc.rajdeep.kumar/.appium/node_modules/appium-uiautomator2-driver/build/lib/commands/find.js:24:13)
    at async doFind (/Users/vc.rajdeep.kumar/.appium/node_modules/appium-uiautomator2-driver/node_modules/appium-android-driver/build/lib/commands/find.js:24:23)
    at async wrappedCondFn (/opt/homebrew/lib/node_modules/appium/node_modules/@appium/base-driver/build/lib/basedriver/commands/timeout.js:97:20)
    at async spin (/opt/homebrew/lib/node_modules/appium/node_modules/asyncbox/build/lib/asyncbox.js:174:24)
    at async waitForCondition (/opt/homebrew/lib/node_modules/appium/node_modules/asyncbox/build/lib/asyncbox.js:192:12)
    at async AndroidUiautomator2Driver.implicitWaitForCondition (/opt/homebrew/lib/node_modules/appium/node_modules/@appium/base-driver/build/lib/basedriver/commands/timeout.js:99:16)
    at async AndroidUiautomator2Driver.findElOrEls (/Users/vc.rajdeep.kumar/.appium/node_modules/appium-uiautomator2-driver/node_modules/appium-android-driver/build/lib/commands/find.js:45:9)
    at async AndroidUiautomator2Driver.findElOrElsWithProcessing (/opt/homebrew/lib/node_modules/appium/node_modules/@appium/base-driver/build/lib/basedriver/commands/find.js:12:16)
    at async AndroidUiautomator2Driver.findElement (/opt/homebrew/lib/node_modules/appium/node_modules/@appium/base-driver/build/lib/basedriver/commands/find.js:27:16)
2026-08-17 17:15:07 [WARNING ] login_page.py:98 — Element-based click failed: Session/instrumentation dead while clicking ('xpath', "//android.view.View[@clickable='true'][.//android.widget.TextView[@text='Profile']]"): Message: 'POST /element' cannot be proxied to UiAutomator2 server because the instrumentation process is not running (probably crashed). Check the server log and/or the logcat output for more details
Stacktrace:
UnknownError: 'POST /element' cannot be proxied to UiAutomator2 server because the instrumentation process is not running (probably crashed). Check the server log and/or the logcat output for more details
    at UIA2Proxy.command (/opt/homebrew/lib/node_modules/appium/node_modules/@appium/base-driver/build/lib/jsonwp-proxy/proxy.js:272:19)
    at process.processTicksAndRejections (node:internal/process/task_queues:104:5)
    at async AndroidUiautomator2Driver.doFindElementOrEls (/Users/vc.rajdeep.kumar/.appium/node_modules/appium-uiautomator2-driver/build/lib/commands/find.js:24:13)
    at async doFind (/Users/vc.rajdeep.kumar/.appium/node_modules/appium-uiautomator2-driver/node_modules/appium-android-driver/build/lib/commands/find.js:24:23)
    at async wrappedCondFn (/opt/homebrew/lib/node_modules/appium/node_modules/@appium/base-driver/build/lib/basedriver/commands/timeout.js:97:20)
    at async spin (/opt/homebrew/lib/node_modules/appium/node_modules/asyncbox/build/lib/asyncbox.js:174:24)
    at async waitForCondition (/opt/homebrew/lib/node_modules/appium/node_modules/asyncbox/build/lib/asyncbox.js:192:12)
    at async AndroidUiautomator2Driver.implicitWaitForCondition (/opt/homebrew/lib/node_modules/appium/node_modules/@appium/base-driver/build/lib/basedriver/commands/timeout.js:99:16)
    at async AndroidUiautomator2Driver.findElOrEls (/Users/vc.rajdeep.kumar/.appium/node_modules/appium-uiautomator2-driver/node_modules/appium-android-driver/build/lib/commands/find.js:45:9)
    at async AndroidUiautomator2Driver.findElOrElsWithProcessing (/opt/homebrew/lib/node_modules/appium/node_modules/@appium/base-driver/build/lib/basedriver/commands/find.js:12:16)
    at async AndroidUiautomator2Driver.findElement (/opt/homebrew/lib/node_modules/appium/node_modules/@appium/base-driver/build/lib/basedriver/commands/find.js:27:16)
2026-08-17 17:15:07 [WARNING ] base_page.py:255 — Error checking display status for ('-android uiautomator', 'new UiSelector().text("Edit Profile")'): Message: 'POST /element' cannot be proxied to UiAutomator2 server because the instrumentation process is not running (probably crashed). Check the server log and/or the logcat output for more details
Stacktrace:
UnknownError: 'POST /element' cannot be proxied to UiAutomator2 server because the instrumentation process is not running (probably crashed). Check the server log and/or the logcat output for more details
    at UIA2Proxy.command (/opt/homebrew/lib/node_modules/appium/node_modules/@appium/base-driver/build/lib/jsonwp-proxy/proxy.js:272:19)
    at process.processTicksAndRejections (node:internal/process/task_queues:104:5)
    at async AndroidUiautomator2Driver.doFindElementOrEls (/Users/vc.rajdeep.kumar/.appium/node_modules/appium-uiautomator2-driver/build/lib/commands/find.js:24:13)
    at async doFind (/Users/vc.rajdeep.kumar/.appium/node_modules/appium-uiautomator2-driver/node_modules/appium-android-driver/build/lib/commands/find.js:24:23)
    at async wrappedCondFn (/opt/homebrew/lib/node_modules/appium/node_modules/@appium/base-driver/build/lib/basedriver/commands/timeout.js:97:20)
    at async spin (/opt/homebrew/lib/node_modules/appium/node_modules/asyncbox/build/lib/asyncbox.js:174:24)
    at async waitForCondition (/opt/homebrew/lib/node_modules/appium/node_modules/asyncbox/build/lib/asyncbox.js:192:12)
    at async AndroidUiautomator2Driver.implicitWaitForCondition (/opt/homebrew/lib/node_modules/appium/node_modules/@appium/base-driver/build/lib/basedriver/commands/timeout.js:99:16)
    at async AndroidUiautomator2Driver.findElOrEls (/Users/vc.rajdeep.kumar/.appium/node_modules/appium-uiautomator2-driver/node_modules/appium-android-driver/build/lib/commands/find.js:45:9)
    at async AndroidUiautomator2Driver.findElOrElsWithProcessing (/opt/homebrew/lib/node_modules/appium/node_modules/@appium/base-driver/build/lib/basedriver/commands/find.js:12:16)
    at async AndroidUiautomator2Driver.findElement (/opt/homebrew/lib/node_modules/appium/node_modules/@appium/base-driver/build/lib/basedriver/commands/find.js:27:16)
2026-08-17 17:15:07 [WARNING ] base_page.py:255 — Error checking display status for ('id', 'com.zee5.hipi:id/exo_content_frame'): Message: 'POST /element' cannot be proxied to UiAutomator2 server because the instrumentation process is not running (probably crashed). Check the server log and/or the logcat output for more details
Stacktrace:
UnknownError: 'POST /element' cannot be proxied to UiAutomator2 server because the instrumentation process is not running (probably crashed). Check the server log and/or the logcat output for more details
    at UIA2Proxy.command (/opt/homebrew/lib/node_modules/appium/node_modules/@appium/base-driver/build/lib/jsonwp-proxy/proxy.js:272:19)
    at process.processTicksAndRejections (node:internal/process/task_queues:104:5)
    at async AndroidUiautomator2Driver.doFindElementOrEls (/Users/vc.rajdeep.kumar/.appium/node_modules/appium-uiautomator2-driver/build/lib/commands/find.js:24:13)
    at async doFind (/Users/vc.rajdeep.kumar/.appium/node_modules/appium-uiautomator2-driver/node_modules/appium-android-driver/build/lib/commands/find.js:24:23)
    at async wrappedCondFn (/opt/homebrew/lib/node_modules/appium/node_modules/@appium/base-driver/build/lib/basedriver/commands/timeout.js:97:20)
    at async spin (/opt/homebrew/lib/node_modules/appium/node_modules/asyncbox/build/lib/asyncbox.js:174:24)
    at async waitForCondition (/opt/homebrew/lib/node_modules/appium/node_modules/asyncbox/build/lib/asyncbox.js:192:12)
    at async AndroidUiautomator2Driver.implicitWaitForCondition (/opt/homebrew/lib/node_modules/appium/node_modules/@appium/base-driver/build/lib/basedriver/commands/timeout.js:99:16)
    at async AndroidUiautomator2Driver.findElOrEls (/Users/vc.rajdeep.kumar/.appium/node_modules/appium-uiautomator2-driver/node_modules/appium-android-driver/build/lib/commands/find.js:45:9)
    at async AndroidUiautomator2Driver.findElOrElsWithProcessing (/opt/homebrew/lib/node_modules/appium/node_modules/@appium/base-driver/build/lib/basedriver/commands/find.js:12:16)
    at async AndroidUiautomator2Driver.findElement (/opt/homebrew/lib/node_modules/appium/node_modules/@appium/base-driver/build/lib/basedriver/commands/find.js:27:16)
2026-08-17 17:15:07 [WARNING ] login_page.py:135 — Coordinate tap failed: Message: 'GET /window/current/size' cannot be proxied to UiAutomator2 server because the instrumentation process is not running (probably crashed). Check the server log and/or the logcat output for more details
Stacktrace:
UnknownError: 'GET /window/current/size' cannot be proxied to UiAutomator2 server because the instrumentation process is not running (probably crashed). Check the server log and/or the logcat output for more details
    at UIA2Proxy.command (/opt/homebrew/lib/node_modules/appium/node_modules/@appium/base-driver/build/lib/jsonwp-proxy/proxy.js:272:19)
    at process.processTicksAndRejections (node:internal/process/task_queues:104:5)
    at async AndroidUiautomator2Driver.getWindowSize (/Users/vc.rajdeep.kumar/.appium/node_modules/appium-uiautomator2-driver/build/lib/commands/viewport.js:73:13)
    at async AndroidUiautomator2Driver.getWindowRect (/Users/vc.rajdeep.kumar/.appium/node_modules/appium-uiautomator2-driver/build/lib/commands/viewport.js:53:31)
2026-08-17 17:15:13 [ERROR   ] base_page.py:148 — None of the candidate locators became visible within 6s. Candidates: [('-android uiautomator', 'new UiSelector().textContains("Continue")'), ('class name', 'android.widget.EditText')]. Last error: Message: 'POST /elements' cannot be proxied to UiAutomator2 server because the instrumentation process is not running (probably crashed). Check the server log and/or the logcat output for more details
Stacktrace:
UnknownError: 'POST /elements' cannot be proxied to UiAutomator2 server because the instrumentation process is not running (probably crashed). Check the server log and/or the logcat output for more details
    at UIA2Proxy.command (/opt/homebrew/lib/node_modules/appium/node_modules/@appium/base-driver/build/lib/jsonwp-proxy/proxy.js:272:19)
    at process.processTicksAndRejections (node:internal/process/task_queues:104:5)
    at async AndroidUiautomator2Driver.doFindElementOrEls (/Users/vc.rajdeep.kumar/.appium/node_modules/appium-uiautomator2-driver/build/lib/commands/find.js:24:13)
    at async doFind (/Users/vc.rajdeep.kumar/.appium/node_modules/appium-uiautomator2-driver/node_modules/appium-android-driver/build/lib/commands/find.js:24:23)
    at async wrappedCondFn (/opt/homebrew/lib/node_modules/appium/node_modules/@appium/base-driver/build/lib/basedriver/commands/timeout.js:97:20)
    at async spin (/opt/homebrew/lib/node_modules/appium/node_modules/asyncbox/build/lib/asyncbox.js:174:24)
    at async waitForCondition (/opt/homebrew/lib/node_modules/appium/node_modules/asyncbox/build/lib/asyncbox.js:192:12)
    at async AndroidUiautomator2Driver.implicitWaitForCondition (/opt/homebrew/lib/node_modules/appium/node_modules/@appium/base-driver/build/lib/basedriver/commands/timeout.js:99:16)
    at async AndroidUiautomator2Driver.findElOrEls (/Users/vc.rajdeep.kumar/.appium/node_modules/appium-uiautomator2-driver/node_modules/appium-android-driver/build/lib/commands/find.js:45:9)
    at async AndroidUiautomator2Driver.findElOrElsWithProcessing (/opt/homebrew/lib/node_modules/appium/node_modules/@appium/base-driver/build/lib/basedriver/commands/find.js:12:16)
    at async AndroidUiautomator2Driver.findElements (/opt/homebrew/lib/node_modules/appium/node_modules/@appium/base-driver/build/lib/basedriver/commands/find.js:30:16)
2026-08-17 17:15:13 [ERROR   ] screenshot_utils.py:64 — Screenshot capture failed: Message: 'GET /screenshot' cannot be proxied to UiAutomator2 server because the instrumentation process is not running (probably crashed). Check the server log and/or the logcat output for more details
Stacktrace:
UnknownError: 'GET /screenshot' cannot be proxied to UiAutomator2 server because the instrumentation process is not running (probably crashed). Check the server log and/or the logcat output for more details
    at UIA2Proxy.command (/opt/homebrew/lib/node_modules/appium/node_modules/@appium/base-driver/build/lib/jsonwp-proxy/proxy.js:272:19)
    at process.processTicksAndRejections (node:internal/process/task_queues:104:5)
    at async AndroidUiautomator2Driver.getScreenshot (/Users/vc.rajdeep.kumar/.appium/node_modules/appium-uiautomator2-driver/build/lib/commands/screenshot.js:72:19)
2026-08-17 17:15:13 [ERROR   ] screenshot_utils.py:87 — Page source save failed: Message: 'GET /session/2c86b17d-a0bf-4c36-bb87-3f5f0528e79d/source' cannot be proxied to UiAutomator2 server because the instrumentation process is not running (probably crashed). Check the server log and/or the logcat output for more details
Stacktrace:
InvalidContextError: 'GET /session/2c86b17d-a0bf-4c36-bb87-3f5f0528e79d/source' cannot be proxied to UiAutomator2 server because the instrumentation process is not running (probably crashed). Check the server log and/or the logcat output for more details
    at UIA2Proxy.proxyCommand (/Users/vc.rajdeep.kumar/.appium/node_modules/appium-uiautomator2-driver/build/lib/uiautomator2.js:32:19)
    at UIA2Proxy.proxyReqRes (/opt/homebrew/lib/node_modules/appium/node_modules/@appium/base-driver/build/lib/jsonwp-proxy/proxy.js:325:49)
    at runCommandPromise (/opt/homebrew/lib/node_modules/appium/node_modules/@appium/base-driver/build/lib/basedriver/driver.js:121:30)
    at /opt/homebrew/lib/node_modules/appium/node_modules/async-lock/lib/index.js:171:12
    at AsyncLock._promiseTry (/opt/homebrew/lib/node_modules/appium/node_modules/async-lock/lib/index.js:306:31)
    at exec (/opt/homebrew/lib/node_modules/appium/node_modules/async-lock/lib/index.js:170:9)
    at AsyncLock.acquire (/opt/homebrew/lib/node_modules/appium/node_modules/async-lock/lib/index.js:189:3)
    at AndroidUiautomator2Driver.executeCommand (/opt/homebrew/lib/node_modules/appium/node_modules/@appium/base-driver/build/lib/basedriver/driver.js:161:45)
    at process.processTicksAndRejections (node:internal/process/task_queues:104:5)
    at async defaultBehavior (/opt/homebrew/lib/node_modules/appium/build/lib/appium.js:634:20)
    at async AppiumDriver.executeWrappedCommand (/opt/homebrew/lib/node_modules/appium/build/lib/appium.js:726:22)
    at async AppiumDriver.executeCommand (/opt/homebrew/lib/node_modules/appium/build/lib/appium.js:645:21)
    at async doJwpProxy (/opt/homebrew/lib/node_modules/appium/node_modules/@appium/base-driver/build/lib/protocol/protocol.js:476:9)
    at async asyncHandler (/opt/homebrew/lib/node_modules/appium/node_modules/@appium/base-driver/build/lib/protocol/protocol.js:307:21)
2026-08-17 17:15:13 [WARNING ] login_page.py:158 — Attempt 1 did not reach the login sheet, recovering and retrying...
2026-08-17 17:15:13 [WARNING ] base_page.py:419 — Attempting to recover application state...
2026-08-17 17:15:16 [INFO    ] base_page.py:424 — App recovery attempt completed.
2026-08-17 17:15:18 [INFO    ] login_page.py:53 — Profile tab open attempt 2/2
2026-08-17 17:15:18 [ERROR   ] base_page.py:182 — Fatal session error clicking ('xpath', "//android.view.View[@clickable='true'][.//android.widget.TextView[@text='Profile']]") — session is dead, not retrying: Message: 'POST /element' cannot be proxied to UiAutomator2 server because the instrumentation process is not running (probably crashed). Check the server log and/or the logcat output for more details
Stacktrace:
UnknownError: 'POST /element' cannot be proxied to UiAutomator2 server because the instrumentation process is not running (probably crashed). Check the server log and/or the logcat output for more details
    at UIA2Proxy.command (/opt/homebrew/lib/node_modules/appium/node_modules/@appium/base-driver/build/lib/jsonwp-proxy/proxy.js:272:19)
    at process.processTicksAndRejections (node:internal/process/task_queues:104:5)
    at async AndroidUiautomator2Driver.doFindElementOrEls (/Users/vc.rajdeep.kumar/.appium/node_modules/appium-uiautomator2-driver/build/lib/commands/find.js:24:13)
    at async doFind (/Users/vc.rajdeep.kumar/.appium/node_modules/appium-uiautomator2-driver/node_modules/appium-android-driver/build/lib/commands/find.js:24:23)
    at async wrappedCondFn (/opt/homebrew/lib/node_modules/appium/node_modules/@appium/base-driver/build/lib/basedriver/commands/timeout.js:97:20)
    at async spin (/opt/homebrew/lib/node_modules/appium/node_modules/asyncbox/build/lib/asyncbox.js:174:24)
    at async waitForCondition (/opt/homebrew/lib/node_modules/appium/node_modules/asyncbox/build/lib/asyncbox.js:192:12)
    at async AndroidUiautomator2Driver.implicitWaitForCondition (/opt/homebrew/lib/node_modules/appium/node_modules/@appium/base-driver/build/lib/basedriver/commands/timeout.js:99:16)
    at async AndroidUiautomator2Driver.findElOrEls (/Users/vc.rajdeep.kumar/.appium/node_modules/appium-uiautomator2-driver/node_modules/appium-android-driver/build/lib/commands/find.js:45:9)
    at async AndroidUiautomator2Driver.findElOrElsWithProcessing (/opt/homebrew/lib/node_modules/appium/node_modules/@appium/base-driver/build/lib/basedriver/commands/find.js:12:16)
    at async AndroidUiautomator2Driver.findElement (/opt/homebrew/lib/node_modules/appium/node_modules/@appium/base-driver/build/lib/basedriver/commands/find.js:27:16)
2026-08-17 17:15:18 [WARNING ] login_page.py:98 — Element-based click failed: Session/instrumentation dead while clicking ('xpath', "//android.view.View[@clickable='true'][.//android.widget.TextView[@text='Profile']]"): Message: 'POST /element' cannot be proxied to UiAutomator2 server because the instrumentation process is not running (probably crashed). Check the server log and/or the logcat output for more details
Stacktrace:
UnknownError: 'POST /element' cannot be proxied to UiAutomator2 server because the instrumentation process is not running (probably crashed). Check the server log and/or the logcat output for more details
    at UIA2Proxy.command (/opt/homebrew/lib/node_modules/appium/node_modules/@appium/base-driver/build/lib/jsonwp-proxy/proxy.js:272:19)
    at process.processTicksAndRejections (node:internal/process/task_queues:104:5)
    at async AndroidUiautomator2Driver.doFindElementOrEls (/Users/vc.rajdeep.kumar/.appium/node_modules/appium-uiautomator2-driver/build/lib/commands/find.js:24:13)
    at async doFind (/Users/vc.rajdeep.kumar/.appium/node_modules/appium-uiautomator2-driver/node_modules/appium-android-driver/build/lib/commands/find.js:24:23)
    at async wrappedCondFn (/opt/homebrew/lib/node_modules/appium/node_modules/@appium/base-driver/build/lib/basedriver/commands/timeout.js:97:20)
    at async spin (/opt/homebrew/lib/node_modules/appium/node_modules/asyncbox/build/lib/asyncbox.js:174:24)
    at async waitForCondition (/opt/homebrew/lib/node_modules/appium/node_modules/asyncbox/build/lib/asyncbox.js:192:12)
    at async AndroidUiautomator2Driver.implicitWaitForCondition (/opt/homebrew/lib/node_modules/appium/node_modules/@appium/base-driver/build/lib/basedriver/commands/timeout.js:99:16)
    at async AndroidUiautomator2Driver.findElOrEls (/Users/vc.rajdeep.kumar/.appium/node_modules/appium-uiautomator2-driver/node_modules/appium-android-driver/build/lib/commands/find.js:45:9)
    at async AndroidUiautomator2Driver.findElOrElsWithProcessing (/opt/homebrew/lib/node_modules/appium/node_modules/@appium/base-driver/build/lib/basedriver/commands/find.js:12:16)
    at async AndroidUiautomator2Driver.findElement (/opt/homebrew/lib/node_modules/appium/node_modules/@appium/base-driver/build/lib/basedriver/commands/find.js:27:16)
2026-08-17 17:15:18 [WARNING ] base_page.py:255 — Error checking display status for ('-android uiautomator', 'new UiSelector().text("Edit Profile")'): Message: 'POST /element' cannot be proxied to UiAutomator2 server because the instrumentation process is not running (probably crashed). Check the server log and/or the logcat output for more details
Stacktrace:
UnknownError: 'POST /element' cannot be proxied to UiAutomator2 server because the instrumentation process is not running (probably crashed). Check the server log and/or the logcat output for more details
    at UIA2Proxy.command (/opt/homebrew/lib/node_modules/appium/node_modules/@appium/base-driver/build/lib/jsonwp-proxy/proxy.js:272:19)
    at process.processTicksAndRejections (node:internal/process/task_queues:104:5)
    at async AndroidUiautomator2Driver.doFindElementOrEls (/Users/vc.rajdeep.kumar/.appium/node_modules/appium-uiautomator2-driver/build/lib/commands/find.js:24:13)
    at async doFind (/Users/vc.rajdeep.kumar/.appium/node_modules/appium-uiautomator2-driver/node_modules/appium-android-driver/build/lib/commands/find.js:24:23)
    at async wrappedCondFn (/opt/homebrew/lib/node_modules/appium/node_modules/@appium/base-driver/build/lib/basedriver/commands/timeout.js:97:20)
    at async spin (/opt/homebrew/lib/node_modules/appium/node_modules/asyncbox/build/lib/asyncbox.js:174:24)
    at async waitForCondition (/opt/homebrew/lib/node_modules/appium/node_modules/asyncbox/build/lib/asyncbox.js:192:12)
    at async AndroidUiautomator2Driver.implicitWaitForCondition (/opt/homebrew/lib/node_modules/appium/node_modules/@appium/base-driver/build/lib/basedriver/commands/timeout.js:99:16)
    at async AndroidUiautomator2Driver.findElOrEls (/Users/vc.rajdeep.kumar/.appium/node_modules/appium-uiautomator2-driver/node_modules/appium-android-driver/build/lib/commands/find.js:45:9)
    at async AndroidUiautomator2Driver.findElOrElsWithProcessing (/opt/homebrew/lib/node_modules/appium/node_modules/@appium/base-driver/build/lib/basedriver/commands/find.js:12:16)
    at async AndroidUiautomator2Driver.findElement (/opt/homebrew/lib/node_modules/appium/node_modules/@appium/base-driver/build/lib/basedriver/commands/find.js:27:16)
2026-08-17 17:15:18 [WARNING ] base_page.py:255 — Error checking display status for ('id', 'com.zee5.hipi:id/exo_content_frame'): Message: 'POST /element' cannot be proxied to UiAutomator2 server because the instrumentation process is not running (probably crashed). Check the server log and/or the logcat output for more details
Stacktrace:
UnknownError: 'POST /element' cannot be proxied to UiAutomator2 server because the instrumentation process is not running (probably crashed). Check the server log and/or the logcat output for more details
    at UIA2Proxy.command (/opt/homebrew/lib/node_modules/appium/node_modules/@appium/base-driver/build/lib/jsonwp-proxy/proxy.js:272:19)
    at process.processTicksAndRejections (node:internal/process/task_queues:104:5)
    at async AndroidUiautomator2Driver.doFindElementOrEls (/Users/vc.rajdeep.kumar/.appium/node_modules/appium-uiautomator2-driver/build/lib/commands/find.js:24:13)
    at async doFind (/Users/vc.rajdeep.kumar/.appium/node_modules/appium-uiautomator2-driver/node_modules/appium-android-driver/build/lib/commands/find.js:24:23)
    at async wrappedCondFn (/opt/homebrew/lib/node_modules/appium/node_modules/@appium/base-driver/build/lib/basedriver/commands/timeout.js:97:20)
    at async spin (/opt/homebrew/lib/node_modules/appium/node_modules/asyncbox/build/lib/asyncbox.js:174:24)
    at async waitForCondition (/opt/homebrew/lib/node_modules/appium/node_modules/asyncbox/build/lib/asyncbox.js:192:12)
    at async AndroidUiautomator2Driver.implicitWaitForCondition (/opt/homebrew/lib/node_modules/appium/node_modules/@appium/base-driver/build/lib/basedriver/commands/timeout.js:99:16)
    at async AndroidUiautomator2Driver.findElOrEls (/Users/vc.rajdeep.kumar/.appium/node_modules/appium-uiautomator2-driver/node_modules/appium-android-driver/build/lib/commands/find.js:45:9)
    at async AndroidUiautomator2Driver.findElOrElsWithProcessing (/opt/homebrew/lib/node_modules/appium/node_modules/@appium/base-driver/build/lib/basedriver/commands/find.js:12:16)
    at async AndroidUiautomator2Driver.findElement (/opt/homebrew/lib/node_modules/appium/node_modules/@appium/base-driver/build/lib/basedriver/commands/find.js:27:16)
2026-08-17 17:15:18 [WARNING ] login_page.py:135 — Coordinate tap failed: Message: 'GET /window/current/size' cannot be proxied to UiAutomator2 server because the instrumentation process is not running (probably crashed). Check the server log and/or the logcat output for more details
Stacktrace:
UnknownError: 'GET /window/current/size' cannot be proxied to UiAutomator2 server because the instrumentation process is not running (probably crashed). Check the server log and/or the logcat output for more details
    at UIA2Proxy.command (/opt/homebrew/lib/node_modules/appium/node_modules/@appium/base-driver/build/lib/jsonwp-proxy/proxy.js:272:19)
    at process.processTicksAndRejections (node:internal/process/task_queues:104:5)
    at async AndroidUiautomator2Driver.getWindowSize (/Users/vc.rajdeep.kumar/.appium/node_modules/appium-uiautomator2-driver/build/lib/commands/viewport.js:73:13)
    at async AndroidUiautomator2Driver.getWindowRect (/Users/vc.rajdeep.kumar/.appium/node_modules/appium-uiautomator2-driver/build/lib/commands/viewport.js:53:31)
2026-08-17 17:15:24 [ERROR   ] base_page.py:148 — None of the candidate locators became visible within 6s. Candidates: [('-android uiautomator', 'new UiSelector().textContains("Continue")'), ('class name', 'android.widget.EditText')]. Last error: Message: 'POST /elements' cannot be proxied to UiAutomator2 server because the instrumentation process is not running (probably crashed). Check the server log and/or the logcat output for more details
Stacktrace:
UnknownError: 'POST /elements' cannot be proxied to UiAutomator2 server because the instrumentation process is not running (probably crashed). Check the server log and/or the logcat output for more details
    at UIA2Proxy.command (/opt/homebrew/lib/node_modules/appium/node_modules/@appium/base-driver/build/lib/jsonwp-proxy/proxy.js:272:19)
    at process.processTicksAndRejections (node:internal/process/task_queues:104:5)
    at async AndroidUiautomator2Driver.doFindElementOrEls (/Users/vc.rajdeep.kumar/.appium/node_modules/appium-uiautomator2-driver/build/lib/commands/find.js:24:13)
    at async doFind (/Users/vc.rajdeep.kumar/.appium/node_modules/appium-uiautomator2-driver/node_modules/appium-android-driver/build/lib/commands/find.js:24:23)
    at async wrappedCondFn (/opt/homebrew/lib/node_modules/appium/node_modules/@appium/base-driver/build/lib/basedriver/commands/timeout.js:97:20)
    at async spin (/opt/homebrew/lib/node_modules/appium/node_modules/asyncbox/build/lib/asyncbox.js:174:24)
    at async waitForCondition (/opt/homebrew/lib/node_modules/appium/node_modules/asyncbox/build/lib/asyncbox.js:192:12)
    at async AndroidUiautomator2Driver.implicitWaitForCondition (/opt/homebrew/lib/node_modules/appium/node_modules/@appium/base-driver/build/lib/basedriver/commands/timeout.js:99:16)
    at async AndroidUiautomator2Driver.findElOrEls (/Users/vc.rajdeep.kumar/.appium/node_modules/appium-uiautomator2-driver/node_modules/appium-android-driver/build/lib/commands/find.js:45:9)
    at async AndroidUiautomator2Driver.findElOrElsWithProcessing (/opt/homebrew/lib/node_modules/appium/node_modules/@appium/base-driver/build/lib/basedriver/commands/find.js:12:16)
    at async AndroidUiautomator2Driver.findElements (/opt/homebrew/lib/node_modules/appium/node_modules/@appium/base-driver/build/lib/basedriver/commands/find.js:30:16)
2026-08-17 17:15:24 [ERROR   ] screenshot_utils.py:64 — Screenshot capture failed: Message: 'GET /screenshot' cannot be proxied to UiAutomator2 server because the instrumentation process is not running (probably crashed). Check the server log and/or the logcat output for more details
Stacktrace:
UnknownError: 'GET /screenshot' cannot be proxied to UiAutomator2 server because the instrumentation process is not running (probably crashed). Check the server log and/or the logcat output for more details
    at UIA2Proxy.command (/opt/homebrew/lib/node_modules/appium/node_modules/@appium/base-driver/build/lib/jsonwp-proxy/proxy.js:272:19)
    at process.processTicksAndRejections (node:internal/process/task_queues:104:5)
    at async AndroidUiautomator2Driver.getScreenshot (/Users/vc.rajdeep.kumar/.appium/node_modules/appium-uiautomator2-driver/build/lib/commands/screenshot.js:72:19)
2026-08-17 17:15:24 [ERROR   ] screenshot_utils.py:87 — Page source save failed: Message: 'GET /session/2c86b17d-a0bf-4c36-bb87-3f5f0528e79d/source' cannot be proxied to UiAutomator2 server because the instrumentation process is not running (probably crashed). Check the server log and/or the logcat output for more details
Stacktrace:
InvalidContextError: 'GET /session/2c86b17d-a0bf-4c36-bb87-3f5f0528e79d/source' cannot be proxied to UiAutomator2 server because the instrumentation process is not running (probably crashed). Check the server log and/or the logcat output for more details
    at UIA2Proxy.proxyCommand (/Users/vc.rajdeep.kumar/.appium/node_modules/appium-uiautomator2-driver/build/lib/uiautomator2.js:32:19)
    at UIA2Proxy.proxyReqRes (/opt/homebrew/lib/node_modules/appium/node_modules/@appium/base-driver/build/lib/jsonwp-proxy/proxy.js:325:49)
    at runCommandPromise (/opt/homebrew/lib/node_modules/appium/node_modules/@appium/base-driver/build/lib/basedriver/driver.js:121:30)
    at /opt/homebrew/lib/node_modules/appium/node_modules/async-lock/lib/index.js:171:12
    at AsyncLock._promiseTry (/opt/homebrew/lib/node_modules/appium/node_modules/async-lock/lib/index.js:306:31)
    at exec (/opt/homebrew/lib/node_modules/appium/node_modules/async-lock/lib/index.js:170:9)
    at AsyncLock.acquire (/opt/homebrew/lib/node_modules/appium/node_modules/async-lock/lib/index.js:189:3)
    at AndroidUiautomator2Driver.executeCommand (/opt/homebrew/lib/node_modules/appium/node_modules/@appium/base-driver/build/lib/basedriver/driver.js:161:45)
    at process.processTicksAndRejections (node:internal/process/task_queues:104:5)
    at async defaultBehavior (/opt/homebrew/lib/node_modules/appium/build/lib/appium.js:634:20)
    at async AppiumDriver.executeWrappedCommand (/opt/homebrew/lib/node_modules/appium/build/lib/appium.js:726:22)
    at async AppiumDriver.executeCommand (/opt/homebrew/lib/node_modules/appium/build/lib/appium.js:645:21)
    at async doJwpProxy (/opt/homebrew/lib/node_modules/appium/node_modules/@appium/base-driver/build/lib/protocol/protocol.js:476:9)
    at async asyncHandler (/opt/homebrew/lib/node_modules/appium/node_modules/@appium/base-driver/build/lib/protocol/protocol.js:307:21)
2026-08-17 17:15:24 [WARNING ] login_page.py:158 — Attempt 2 did not reach the login sheet, recovering and retrying...
2026-08-17 17:15:24 [WARNING ] base_page.py:419 — Attempting to recover application state...
2026-08-17 17:15:27 [INFO    ] base_page.py:424 — App recovery attempt completed.
2026-08-17 17:15:29 [ERROR   ] login_page.py:171 — Unable to open profile tab / reach login sheet after 2 attempts
2026-08-17 17:15:29 [ERROR   ] screenshot_utils.py:64 — Screenshot capture failed: Message: 'GET /screenshot' cannot be proxied to UiAutomator2 server because the instrumentation process is not running (probably crashed). Check the server log and/or the logcat output for more details
Stacktrace:
UnknownError: 'GET /screenshot' cannot be proxied to UiAutomator2 server because the instrumentation process is not running (probably crashed). Check the server log and/or the logcat output for more details
    at UIA2Proxy.command (/opt/homebrew/lib/node_modules/appium/node_modules/@appium/base-driver/build/lib/jsonwp-proxy/proxy.js:272:19)
    at process.processTicksAndRejections (node:internal/process/task_queues:104:5)
    at async AndroidUiautomator2Driver.getScreenshot (/Users/vc.rajdeep.kumar/.appium/node_modules/appium-uiautomator2-driver/build/lib/commands/screenshot.js:72:19)
2026-08-17 17:15:29 [ERROR   ] screenshot_utils.py:87 — Page source save failed: Message: 'GET /session/2c86b17d-a0bf-4c36-bb87-3f5f0528e79d/source' cannot be proxied to UiAutomator2 server because the instrumentation process is not running (probably crashed). Check the server log and/or the logcat output for more details
Stacktrace:
InvalidContextError: 'GET /session/2c86b17d-a0bf-4c36-bb87-3f5f0528e79d/source' cannot be proxied to UiAutomator2 server because the instrumentation process is not running (probably crashed). Check the server log and/or the logcat output for more details
    at UIA2Proxy.proxyCommand (/Users/vc.rajdeep.kumar/.appium/node_modules/appium-uiautomator2-driver/build/lib/uiautomator2.js:32:19)
    at UIA2Proxy.proxyReqRes (/opt/homebrew/lib/node_modules/appium/node_modules/@appium/base-driver/build/lib/jsonwp-proxy/proxy.js:325:49)
    at runCommandPromise (/opt/homebrew/lib/node_modules/appium/node_modules/@appium/base-driver/build/lib/basedriver/driver.js:121:30)
    at /opt/homebrew/lib/node_modules/appium/node_modules/async-lock/lib/index.js:171:12
    at AsyncLock._promiseTry (/opt/homebrew/lib/node_modules/appium/node_modules/async-lock/lib/index.js:306:31)
    at exec (/opt/homebrew/lib/node_modules/appium/node_modules/async-lock/lib/index.js:170:9)
    at AsyncLock.acquire (/opt/homebrew/lib/node_modules/appium/node_modules/async-lock/lib/index.js:189:3)
    at AndroidUiautomator2Driver.executeCommand (/opt/homebrew/lib/node_modules/appium/node_modules/@appium/base-driver/build/lib/basedriver/driver.js:161:45)
    at process.processTicksAndRejections (node:internal/process/task_queues:104:5)
    at async defaultBehavior (/opt/homebrew/lib/node_modules/appium/build/lib/appium.js:634:20)
    at async AppiumDriver.executeWrappedCommand (/opt/homebrew/lib/node_modules/appium/build/lib/appium.js:726:22)
    at async AppiumDriver.executeCommand (/opt/homebrew/lib/node_modules/appium/build/lib/appium.js:645:21)
    at async doJwpProxy (/opt/homebrew/lib/node_modules/appium/node_modules/@appium/base-driver/build/lib/protocol/protocol.js:476:9)
    at async asyncHandler (/opt/homebrew/lib/node_modules/appium/node_modules/@appium/base-driver/build/lib/protocol/protocol.js:307:21)
2026-08-17 17:15:29 [WARNING ] base_page.py:255 — Error checking display status for ('-android uiautomator', 'new UiSelector().text("Edit Profile")'): Message: 'POST /element' cannot be proxied to UiAutomator2 server because the instrumentation process is not running (probably crashed). Check the server log and/or the logcat output for more details
Stacktrace:
UnknownError: 'POST /element' cannot be proxied to UiAutomator2 server because the instrumentation process is not running (probably crashed). Check the server log and/or the logcat output for more details
    at UIA2Proxy.command (/opt/homebrew/lib/node_modules/appium/node_modules/@appium/base-driver/build/lib/jsonwp-proxy/proxy.js:272:19)
    at process.processTicksAndRejections (node:internal/process/task_queues:104:5)
    at async AndroidUiautomator2Driver.doFindElementOrEls (/Users/vc.rajdeep.kumar/.appium/node_modules/appium-uiautomator2-driver/build/lib/commands/find.js:24:13)
    at async doFind (/Users/vc.rajdeep.kumar/.appium/node_modules/appium-uiautomator2-driver/node_modules/appium-android-driver/build/lib/commands/find.js:24:23)
    at async wrappedCondFn (/opt/homebrew/lib/node_modules/appium/node_modules/@appium/base-driver/build/lib/basedriver/commands/timeout.js:97:20)
    at async spin (/opt/homebrew/lib/node_modules/appium/node_modules/asyncbox/build/lib/asyncbox.js:174:24)
    at async waitForCondition (/opt/homebrew/lib/node_modules/appium/node_modules/asyncbox/build/lib/asyncbox.js:192:12)
    at async AndroidUiautomator2Driver.implicitWaitForCondition (/opt/homebrew/lib/node_modules/appium/node_modules/@appium/base-driver/build/lib/basedriver/commands/timeout.js:99:16)
    at async AndroidUiautomator2Driver.findElOrEls (/Users/vc.rajdeep.kumar/.appium/node_modules/appium-uiautomator2-driver/node_modules/appium-android-driver/build/lib/commands/find.js:45:9)
    at async AndroidUiautomator2Driver.findElOrElsWithProcessing (/opt/homebrew/lib/node_modules/appium/node_modules/@appium/base-driver/build/lib/basedriver/commands/find.js:12:16)
    at async AndroidUiautomator2Driver.findElement (/opt/homebrew/lib/node_modules/appium/node_modules/@appium/base-driver/build/lib/basedriver/commands/find.js:27:16)
2026-08-17 17:15:29 [WARNING ] base_page.py:255 — Error checking display status for ('id', 'com.zee5.hipi:id/exo_content_frame'): Message: 'POST /element' cannot be proxied to UiAutomator2 server because the instrumentation process is not running (probably crashed). Check the server log and/or the logcat output for more details
Stacktrace:
UnknownError: 'POST /element' cannot be proxied to UiAutomator2 server because the instrumentation process is not running (probably crashed). Check the server log and/or the logcat output for more details
    at UIA2Proxy.command (/opt/homebrew/lib/node_modules/appium/node_modules/@appium/base-driver/build/lib/jsonwp-proxy/proxy.js:272:19)
    at process.processTicksAndRejections (node:internal/process/task_queues:104:5)
    at async AndroidUiautomator2Driver.doFindElementOrEls (/Users/vc.rajdeep.kumar/.appium/node_modules/appium-uiautomator2-driver/build/lib/commands/find.js:24:13)
    at async doFind (/Users/vc.rajdeep.kumar/.appium/node_modules/appium-uiautomator2-driver/node_modules/appium-android-driver/build/lib/commands/find.js:24:23)
    at async wrappedCondFn (/opt/homebrew/lib/node_modules/appium/node_modules/@appium/base-driver/build/lib/basedriver/commands/timeout.js:97:20)
    at async spin (/opt/homebrew/lib/node_modules/appium/node_modules/asyncbox/build/lib/asyncbox.js:174:24)
    at async waitForCondition (/opt/homebrew/lib/node_modules/appium/node_modules/asyncbox/build/lib/asyncbox.js:192:12)
    at async AndroidUiautomator2Driver.implicitWaitForCondition (/opt/homebrew/lib/node_modules/appium/node_modules/@appium/base-driver/build/lib/basedriver/commands/timeout.js:99:16)
    at async AndroidUiautomator2Driver.findElOrEls (/Users/vc.rajdeep.kumar/.appium/node_modules/appium-uiautomator2-driver/node_modules/appium-android-driver/build/lib/commands/find.js:45:9)
    at async AndroidUiautomator2Driver.findElOrElsWithProcessing (/opt/homebrew/lib/node_modules/appium/node_modules/@appium/base-driver/build/lib/basedriver/commands/find.js:12:16)
    at async AndroidUiautomator2Driver.findElement (/opt/homebrew/lib/node_modules/appium/node_modules/@appium/base-driver/build/lib/basedriver/commands/find.js:27:16)
2026-08-17 17:15:29 [ERROR   ] login_page.py:733 — Login flow failed: Unable to open profile tab / reach login sheet after 2 attempts
2026-08-17 17:15:29 [ERROR   ] screenshot_utils.py:64 — Screenshot capture failed: Message: 'GET /screenshot' cannot be proxied to UiAutomator2 server because the instrumentation process is not running (probably crashed). Check the server log and/or the logcat output for more details
Stacktrace:
UnknownError: 'GET /screenshot' cannot be proxied to UiAutomator2 server because the instrumentation process is not running (probably crashed). Check the server log and/or the logcat output for more details
    at UIA2Proxy.command (/opt/homebrew/lib/node_modules/appium/node_modules/@appium/base-driver/build/lib/jsonwp-proxy/proxy.js:272:19)
    at process.processTicksAndRejections (node:internal/process/task_queues:104:5)
    at async AndroidUiautomator2Driver.getScreenshot (/Users/vc.rajdeep.kumar/.appium/node_modules/appium-uiautomator2-driver/build/lib/commands/screenshot.js:72:19)
2026-08-17 17:15:29 [ERROR   ] screenshot_utils.py:87 — Page source save failed: Message: 'GET /session/2c86b17d-a0bf-4c36-bb87-3f5f0528e79d/source' cannot be proxied to UiAutomator2 server because the instrumentation process is not running (probably crashed). Check the server log and/or the logcat output for more details
Stacktrace:
InvalidContextError: 'GET /session/2c86b17d-a0bf-4c36-bb87-3f5f0528e79d/source' cannot be proxied to UiAutomator2 server because the instrumentation process is not running (probably crashed). Check the server log and/or the logcat output for more details
    at UIA2Proxy.proxyCommand (/Users/vc.rajdeep.kumar/.appium/node_modules/appium-uiautomator2-driver/build/lib/uiautomator2.js:32:19)
    at UIA2Proxy.proxyReqRes (/opt/homebrew/lib/node_modules/appium/node_modules/@appium/base-driver/build/lib/jsonwp-proxy/proxy.js:325:49)
    at runCommandPromise (/opt/homebrew/lib/node_modules/appium/node_modules/@appium/base-driver/build/lib/basedriver/driver.js:121:30)
    at /opt/homebrew/lib/node_modules/appium/node_modules/async-lock/lib/index.js:171:12
    at AsyncLock._promiseTry (/opt/homebrew/lib/node_modules/appium/node_modules/async-lock/lib/index.js:306:31)
    at exec (/opt/homebrew/lib/node_modules/appium/node_modules/async-lock/lib/index.js:170:9)
    at AsyncLock.acquire (/opt/homebrew/lib/node_modules/appium/node_modules/async-lock/lib/index.js:189:3)
    at AndroidUiautomator2Driver.executeCommand (/opt/homebrew/lib/node_modules/appium/node_modules/@appium/base-driver/build/lib/basedriver/driver.js:161:45)
    at process.processTicksAndRejections (node:internal/process/task_queues:104:5)
    at async defaultBehavior (/opt/homebrew/lib/node_modules/appium/build/lib/appium.js:634:20)
    at async AppiumDriver.executeWrappedCommand (/opt/homebrew/lib/node_modules/appium/build/lib/appium.js:726:22)
    at async AppiumDriver.executeCommand (/opt/homebrew/lib/node_modules/appium/build/lib/appium.js:645:21)
    at async doJwpProxy (/opt/homebrew/lib/node_modules/appium/node_modules/@appium/base-driver/build/lib/protocol/protocol.js:476:9)
    at async asyncHandler (/opt/homebrew/lib/node_modules/appium/node_modules/@appium/base-driver/build/lib/protocol/protocol.js:307:21)
2026-08-17 17:15:29 [ERROR   ] screenshot_utils.py:64 — Screenshot capture failed: Message: 'GET /screenshot' cannot be proxied to UiAutomator2 server because the instrumentation process is not running (probably crashed). Check the server log and/or the logcat output for more details
Stacktrace:
UnknownError: 'GET /screenshot' cannot be proxied to UiAutomator2 server because the instrumentation process is not running (probably crashed). Check the server log and/or the logcat output for more details
    at UIA2Proxy.command (/opt/homebrew/lib/node_modules/appium/node_modules/@appium/base-driver/build/lib/jsonwp-proxy/proxy.js:272:19)
    at process.processTicksAndRejections (node:internal/process/task_queues:104:5)
    at async AndroidUiautomator2Driver.getScreenshot (/Users/vc.rajdeep.kumar/.appium/node_modules/appium-uiautomator2-driver/build/lib/commands/screenshot.js:72:19)
2026-08-17 17:15:29 [ERROR   ] screenshot_utils.py:87 — Page source save failed: Message: 'GET /session/2c86b17d-a0bf-4c36-bb87-3f5f0528e79d/source' cannot be proxied to UiAutomator2 server because the instrumentation process is not running (probably crashed). Check the server log and/or the logcat output for more details
Stacktrace:
InvalidContextError: 'GET /session/2c86b17d-a0bf-4c36-bb87-3f5f0528e79d/source' cannot be proxied to UiAutomator2 server because the instrumentation process is not running (probably crashed). Check the server log and/or the logcat output for more details
    at UIA2Proxy.proxyCommand (/Users/vc.rajdeep.kumar/.appium/node_modules/appium-uiautomator2-driver/build/lib/uiautomator2.js:32:19)
    at UIA2Proxy.proxyReqRes (/opt/homebrew/lib/node_modules/appium/node_modules/@appium/base-driver/build/lib/jsonwp-proxy/proxy.js:325:49)
    at runCommandPromise (/opt/homebrew/lib/node_modules/appium/node_modules/@appium/base-driver/build/lib/basedriver/driver.js:121:30)
    at /opt/homebrew/lib/node_modules/appium/node_modules/async-lock/lib/index.js:171:12
    at AsyncLock._promiseTry (/opt/homebrew/lib/node_modules/appium/node_modules/async-lock/lib/index.js:306:31)
    at exec (/opt/homebrew/lib/node_modules/appium/node_modules/async-lock/lib/index.js:170:9)
    at AsyncLock.acquire (/opt/homebrew/lib/node_modules/appium/node_modules/async-lock/lib/index.js:189:3)
    at AndroidUiautomator2Driver.executeCommand (/opt/homebrew/lib/node_modules/appium/node_modules/@appium/base-driver/build/lib/basedriver/driver.js:161:45)
    at process.processTicksAndRejections (node:internal/process/task_queues:104:5)
    at async defaultBehavior (/opt/homebrew/lib/node_modules/appium/build/lib/appium.js:634:20)
    at async AppiumDriver.executeWrappedCommand (/opt/homebrew/lib/node_modules/appium/build/lib/appium.js:726:22)
    at async AppiumDriver.executeCommand (/opt/homebrew/lib/node_modules/appium/build/lib/appium.js:645:21)
    at async doJwpProxy (/opt/homebrew/lib/node_modules/appium/node_modules/@appium/base-driver/build/lib/protocol/protocol.js:476:9)
    at async asyncHandler (/opt/homebrew/lib/node_modules/appium/node_modules/@appium/base-driver/build/lib/protocol/protocol.js:307:21)
2026-08-17 17:15:29 [ERROR   ] conftest.py:468 — Test FAILED: test_continuous_feed_flow
2026-08-17 17:15:29 [INFO    ] conftest.py:326 — ==================================================
2026-08-17 17:15:29 [INFO    ] conftest.py:327 — DRIVER SETUP START
2026-08-17 17:15:29 [INFO    ] conftest.py:328 — ==================================================
2026-08-17 17:15:29 [INFO    ] conftest.py:158 — Driver creation attempt 1/3
2026-08-17 17:15:30 [INFO    ] driver_factory.py:53 — ========== DRIVER CREATION START ==========
2026-08-17 17:15:30 [INFO    ] driver_factory.py:70 — Device: emulator | Env: qa | Platform: Android
2026-08-17 17:15:30 [INFO    ] driver_factory.py:136 — Device Name: Android Emulator
2026-08-17 17:15:30 [INFO    ] driver_factory.py:137 — UDID: emulator-5554
2026-08-17 17:15:30 [INFO    ] driver_factory.py:151 — App Package: com.zee5.hipi (noReset=true, activity not set)
2026-08-17 17:15:34 [INFO    ] driver_factory.py:112 — App launched by driver. Waiting for stabilization...
2026-08-17 17:15:36 [INFO    ] driver_factory.py:115 — ========== DRIVER CREATED SUCCESSFULLY ==========
2026-08-17 17:15:36 [INFO    ] conftest.py:351 — Driver created successfully.
2026-08-17 17:15:39 [INFO    ] popup_handler.py:122 — Checking for 'Get Started' screen...
2026-08-17 17:15:43 [INFO    ] popup_handler.py:134 — 'Get Started' screen not present — skipping.
2026-08-17 17:15:43 [INFO    ] conftest.py:252 — App readiness probe: HiPi is in foreground (com.zee5.hipi).
2026-08-17 17:15:43 [INFO    ] conftest.py:364 — DRIVER SETUP COMPLETE
2026-08-17 17:15:43 [INFO    ] base_test.py:29 — BaseTest setup completed.
2026-08-17 17:15:43 [INFO    ] test_login.py:70 — ========== LOGIN TEST START ==========
2026-08-17 17:15:43 [INFO    ] test_login.py:74 — TEST TYPE: valid_login
2026-08-17 17:15:43 [INFO    ] login_page.py:599 — ========== LOGIN FLOW START ==========
2026-08-17 17:15:44 [INFO    ] login_page.py:43 — Opening profile tab
2026-08-17 17:15:45 [INFO    ] login_page.py:53 — Profile tab open attempt 1/2
2026-08-17 17:15:45 [INFO    ] base_page.py:173 — Clicked: ('xpath', "//android.view.View[@clickable='true'][.//android.widget.TextView[@text='Profile']]")
2026-08-17 17:15:52 [ERROR   ] base_page.py:148 — None of the candidate locators became visible within 6s. Candidates: [('-android uiautomator', 'new UiSelector().textContains("Continue")'), ('class name', 'android.widget.EditText')]. Last error: None
2026-08-17 17:15:52 [INFO    ] screenshot_utils.py:60 — Screenshot saved: reports/screenshots/wait_for_any_visible_failed_20260817_171552.png
2026-08-17 17:15:52 [INFO    ] screenshot_utils.py:83 — Page source saved: reports/screenshots/wait_for_any_visible_failed_20260817_171552.xml
2026-08-17 17:15:52 [INFO    ] login_page.py:200 — Already logged in — 'Edit Profile' visible. noReset=true preserved a previous session. Navigating to home feed.
2026-08-17 17:15:53 [INFO    ] base_page.py:173 — Clicked: ('xpath', "//android.view.View[@clickable='true'][.//android.widget.TextView[@text='Home']]")
2026-08-17 17:15:53 [INFO    ] login_page.py:211 — Navigated to home tab.
2026-08-17 17:15:53 [INFO    ] login_page.py:616 — ========== LOGIN SKIPPED (ALREADY LOGGED IN) ==========
2026-08-17 17:15:53 [INFO    ] test_login.py:97 — VALID LOGIN SUCCESS
2026-08-17 17:15:53 [INFO    ] test_login.py:135 — ========== LOGIN TEST END ==========
2026-08-17 17:15:53 [INFO    ] conftest.py:375 — Closing driver session.
2026-08-17 17:15:54 [INFO    ] conftest.py:326 — ==================================================
2026-08-17 17:15:54 [INFO    ] conftest.py:327 — DRIVER SETUP START
2026-08-17 17:15:54 [INFO    ] conftest.py:328 — ==================================================
2026-08-17 17:15:54 [INFO    ] conftest.py:344 — Test 'test_login_with_multiple_users[9876543210-1111-invalid_otp]' is marked requires_logout — clearing app data before session start.
2026-08-17 17:15:54 [INFO    ] conftest.py:229 — Cleared app data for com.zee5.hipi (logged-out state guaranteed).
2026-08-17 17:15:54 [INFO    ] conftest.py:158 — Driver creation attempt 1/3
2026-08-17 17:15:55 [INFO    ] driver_factory.py:53 — ========== DRIVER CREATION START ==========
2026-08-17 17:15:55 [INFO    ] driver_factory.py:70 — Device: emulator | Env: qa | Platform: Android
2026-08-17 17:15:55 [INFO    ] driver_factory.py:136 — Device Name: Android Emulator
2026-08-17 17:15:55 [INFO    ] driver_factory.py:137 — UDID: emulator-5554
2026-08-17 17:15:55 [INFO    ] driver_factory.py:151 — App Package: com.zee5.hipi (noReset=true, activity not set)
2026-08-17 17:16:01 [INFO    ] driver_factory.py:112 — App launched by driver. Waiting for stabilization...
2026-08-17 17:16:03 [INFO    ] driver_factory.py:115 — ========== DRIVER CREATED SUCCESSFULLY ==========
2026-08-17 17:16:03 [INFO    ] conftest.py:351 — Driver created successfully.
2026-08-17 17:16:06 [INFO    ] popup_handler.py:122 — Checking for 'Get Started' screen...
2026-08-17 17:16:09 [INFO    ] popup_handler.py:130 — 'Get Started' screen dismissed.
2026-08-17 17:16:12 [WARNING ] conftest.py:256 — App readiness probe: unexpected package 'com.google.android.permissioncontroller' (expected 'com.zee5.hipi').
2026-08-17 17:16:12 [INFO    ] conftest.py:364 — DRIVER SETUP COMPLETE
2026-08-17 17:16:12 [INFO    ] base_test.py:29 — BaseTest setup completed.
2026-08-17 17:16:12 [INFO    ] test_login.py:70 — ========== LOGIN TEST START ==========
2026-08-17 17:16:12 [INFO    ] test_login.py:74 — TEST TYPE: invalid_otp
2026-08-17 17:16:12 [INFO    ] login_page.py:599 — ========== LOGIN FLOW START ==========
2026-08-17 17:16:12 [WARNING ] base_page.py:353 — System dialog in foreground (com.google.android.permissioncontroller) — clearing it.
2026-08-17 17:16:12 [INFO    ] base_page.py:398 — Cleared system dialog via ('id', 'com.android.permissioncontroller:id/permission_allow_button')
2026-08-17 17:16:15 [INFO    ] login_page.py:43 — Opening profile tab
2026-08-17 17:16:16 [INFO    ] login_page.py:53 — Profile tab open attempt 1/2
2026-08-17 17:16:16 [INFO    ] base_page.py:173 — Clicked: ('xpath', "//android.view.View[@clickable='true'][.//android.widget.TextView[@text='Profile']]")
2026-08-17 17:31:53 [ERROR   ] base_page.py:148 — None of the candidate locators became visible within 6s. Candidates: [('-android uiautomator', 'new UiSelector().textContains("Continue")'), ('class name', 'android.widget.EditText')]. Last error: Message: Could not proxy command to the remote server. Original error: timeout of 25000ms exceeded
Stacktrace:
UnknownError: Could not proxy command to the remote server. Original error: timeout of 25000ms exceeded
    at ProxyRequestError.getActualError (/opt/homebrew/lib/node_modules/appium/node_modules/@appium/base-driver/build/lib/protocol/errors.js:692:16)
    at UIA2Proxy.command (/opt/homebrew/lib/node_modules/appium/node_modules/@appium/base-driver/build/lib/jsonwp-proxy/proxy.js:270:27)
    at processTicksAndRejections (node:internal/process/task_queues:104:5)
    at runNextTicks (node:internal/process/task_queues:69:3)
    at process.processTimers (node:internal/timers:538:9)
    at async AndroidUiautomator2Driver.doFindElementOrEls (/Users/vc.rajdeep.kumar/.appium/node_modules/appium-uiautomator2-driver/build/lib/commands/find.js:24:13)
    at async doFind (/Users/vc.rajdeep.kumar/.appium/node_modules/appium-uiautomator2-driver/node_modules/appium-android-driver/build/lib/commands/find.js:24:23)
    at async wrappedCondFn (/opt/homebrew/lib/node_modules/appium/node_modules/@appium/base-driver/build/lib/basedriver/commands/timeout.js:97:20)
    at async spin (/opt/homebrew/lib/node_modules/appium/node_modules/asyncbox/build/lib/asyncbox.js:174:24)
    at async waitForCondition (/opt/homebrew/lib/node_modules/appium/node_modules/asyncbox/build/lib/asyncbox.js:192:12)
    at async AndroidUiautomator2Driver.implicitWaitForCondition (/opt/homebrew/lib/node_modules/appium/node_modules/@appium/base-driver/build/lib/basedriver/commands/timeout.js:99:16)
    at async AndroidUiautomator2Driver.findElOrEls (/Users/vc.rajdeep.kumar/.appium/node_modules/appium-uiautomator2-driver/node_modules/appium-android-driver/build/lib/commands/find.js:45:9)
    at async AndroidUiautomator2Driver.findElOrElsWithProcessing (/opt/homebrew/lib/node_modules/appium/node_modules/@appium/base-driver/build/lib/basedriver/commands/find.js:12:16)
    at async AndroidUiautomator2Driver.findElements (/opt/homebrew/lib/node_modules/appium/node_modules/@appium/base-driver/build/lib/basedriver/commands/find.js:30:16)
2026-08-17 17:31:53 [INFO    ] screenshot_utils.py:60 — Screenshot saved: reports/screenshots/wait_for_any_visible_failed_20260817_173153.png
2026-08-17 17:31:54 [INFO    ] screenshot_utils.py:83 — Page source saved: reports/screenshots/wait_for_any_visible_failed_20260817_173153.xml
2026-08-17 17:33:42 [WARNING ] base_page.py:255 — Error checking display status for ('-android uiautomator', 'new UiSelector().text("Edit Profile")'): Message: Could not proxy command to the remote server. Original error: timeout of 25000ms exceeded
Stacktrace:
UnknownError: Could not proxy command to the remote server. Original error: timeout of 25000ms exceeded
    at ProxyRequestError.getActualError (/opt/homebrew/lib/node_modules/appium/node_modules/@appium/base-driver/build/lib/protocol/errors.js:692:16)
    at UIA2Proxy.command (/opt/homebrew/lib/node_modules/appium/node_modules/@appium/base-driver/build/lib/jsonwp-proxy/proxy.js:270:27)
    at processTicksAndRejections (node:internal/process/task_queues:104:5)
    at runNextTicks (node:internal/process/task_queues:69:3)
    at process.processTimers (node:internal/timers:538:9)
    at async AndroidUiautomator2Driver.doFindElementOrEls (/Users/vc.rajdeep.kumar/.appium/node_modules/appium-uiautomator2-driver/build/lib/commands/find.js:24:13)
    at async doFind (/Users/vc.rajdeep.kumar/.appium/node_modules/appium-uiautomator2-driver/node_modules/appium-android-driver/build/lib/commands/find.js:24:23)
    at async wrappedCondFn (/opt/homebrew/lib/node_modules/appium/node_modules/@appium/base-driver/build/lib/basedriver/commands/timeout.js:97:20)
    at async spin (/opt/homebrew/lib/node_modules/appium/node_modules/asyncbox/build/lib/asyncbox.js:174:24)
    at async waitForCondition (/opt/homebrew/lib/node_modules/appium/node_modules/asyncbox/build/lib/asyncbox.js:192:12)
    at async AndroidUiautomator2Driver.implicitWaitForCondition (/opt/homebrew/lib/node_modules/appium/node_modules/@appium/base-driver/build/lib/basedriver/commands/timeout.js:99:16)
    at async AndroidUiautomator2Driver.findElOrEls (/Users/vc.rajdeep.kumar/.appium/node_modules/appium-uiautomator2-driver/node_modules/appium-android-driver/build/lib/commands/find.js:45:9)
    at async AndroidUiautomator2Driver.findElOrElsWithProcessing (/opt/homebrew/lib/node_modules/appium/node_modules/@appium/base-driver/build/lib/basedriver/commands/find.js:12:16)
    at async AndroidUiautomator2Driver.findElement (/opt/homebrew/lib/node_modules/appium/node_modules/@appium/base-driver/build/lib/basedriver/commands/find.js:27:16)
2026-08-17 17:33:45 [ERROR   ] base_page.py:106 — Element not visible after 3s: ('id', 'com.zee5.hipi:id/exo_content_frame')
2026-08-17 17:33:46 [INFO    ] screenshot_utils.py:60 — Screenshot saved: reports/screenshots/element_not_visible_com.zee5.hipi_id_exo_content_frame_20260817_173345.png
2026-08-17 17:33:46 [INFO    ] screenshot_utils.py:83 — Page source saved: reports/screenshots/element_not_visible_com.zee5.hipi_id_exo_content_frame_20260817_173346.xml
2026-08-17 17:33:46 [INFO    ] gestures.py:29 — Tap performed at X:760 Y:2246
2026-08-17 17:33:47 [INFO    ] base_page.py:140 — wait_for_any_visible matched: ('-android uiautomator', 'new UiSelector().textContains("Continue")')
2026-08-17 17:33:47 [INFO    ] login_page.py:147 — Profile tab opened (coordinate tap, verified)
2026-08-17 17:33:47 [INFO    ] login_page.py:238 — Clicking continue button
2026-08-17 17:33:47 [INFO    ] base_page.py:173 — Clicked: ('-android uiautomator', 'new UiSelector().textContains("Continue")')
2026-08-17 17:33:47 [INFO    ] login_page.py:248 — Continue button clicked
2026-08-17 17:33:47 [INFO    ] login_page.py:276 — Entering mobile number: 9876543210
2026-08-17 17:33:48 [INFO    ] base_page.py:209 — Entered text '9876543210' into ('class name', 'android.widget.EditText')
2026-08-17 17:33:48 [INFO    ] base_page.py:287 — Keyboard hidden.
2026-08-17 17:33:48 [INFO    ] login_page.py:298 — Mobile number entered
2026-08-17 17:33:48 [INFO    ] login_page.py:323 — Clicking proceed button
2026-08-17 17:33:50 [INFO    ] base_page.py:173 — Clicked: ('accessibility id', 'Proceed')
2026-08-17 17:33:50 [INFO    ] login_page.py:333 — Proceed button clicked
2026-08-17 17:33:50 [INFO    ] login_page.py:361 — Entering OTP: 1111
2026-08-17 17:33:50 [INFO    ] base_page.py:209 — Entered text '1111' into ('class name', 'android.widget.EditText')
2026-08-17 17:33:51 [INFO    ] base_page.py:287 — Keyboard hidden.
2026-08-17 17:33:51 [INFO    ] login_page.py:380 — OTP entered successfully
2026-08-17 17:33:51 [INFO    ] login_page.py:466 — Waiting for OTP verification outcome (sheet closes = success, sheet stays open = invalid)...
2026-08-17 17:33:51 [INFO    ] login_page.py:480 — Login sheet indicator present at start: True
2026-08-17 17:34:21 [WARNING ] login_page.py:517 — Timeout with OTP sheet still open -> treating as INVALID OTP (toast text: 'None')
2026-08-17 17:34:21 [INFO    ] screenshot_utils.py:60 — Screenshot saved: reports/screenshots/invalid_otp_toast_20260817_173421.png
2026-08-17 17:34:21 [INFO    ] screenshot_utils.py:83 — Page source saved: reports/screenshots/invalid_otp_toast_20260817_173421.xml
2026-08-17 17:34:21 [ERROR   ] login_page.py:733 — Login flow failed: Login failed - invalid OTP (toast shown: '(sheet remained open, no toast text captured)')
2026-08-17 17:34:22 [INFO    ] screenshot_utils.py:60 — Screenshot saved: reports/screenshots/login_failed_20260817_173421.png
2026-08-17 17:34:22 [INFO    ] screenshot_utils.py:83 — Page source saved: reports/screenshots/login_failed_20260817_173422.xml
2026-08-17 17:34:22 [INFO    ] test_login.py:114 — INVALID OTP VALIDATION SUCCESS
2026-08-17 17:34:22 [INFO    ] test_login.py:135 — ========== LOGIN TEST END ==========
2026-08-17 17:34:22 [INFO    ] conftest.py:375 — Closing driver session.
2026-08-17 17:34:22 [INFO    ] conftest.py:326 — ==================================================
2026-08-17 17:34:22 [INFO    ] conftest.py:327 — DRIVER SETUP START
2026-08-17 17:34:22 [INFO    ] conftest.py:328 — ==================================================
2026-08-17 17:34:22 [INFO    ] conftest.py:344 — Test 'test_login_with_multiple_users[9876543210-9999-invalid_otp]' is marked requires_logout — clearing app data before session start.
2026-08-17 17:34:23 [INFO    ] conftest.py:229 — Cleared app data for com.zee5.hipi (logged-out state guaranteed).
2026-08-17 17:34:23 [INFO    ] conftest.py:158 — Driver creation attempt 1/3
2026-08-17 17:34:23 [INFO    ] driver_factory.py:53 — ========== DRIVER CREATION START ==========
2026-08-17 17:34:23 [INFO    ] driver_factory.py:70 — Device: emulator | Env: qa | Platform: Android
2026-08-17 17:34:23 [INFO    ] driver_factory.py:136 — Device Name: Android Emulator
2026-08-17 17:34:23 [INFO    ] driver_factory.py:137 — UDID: emulator-5554
2026-08-17 17:34:23 [INFO    ] driver_factory.py:151 — App Package: com.zee5.hipi (noReset=true, activity not set)
2026-08-17 17:34:28 [INFO    ] driver_factory.py:112 — App launched by driver. Waiting for stabilization...
2026-08-17 17:34:30 [INFO    ] driver_factory.py:115 — ========== DRIVER CREATED SUCCESSFULLY ==========
2026-08-17 17:34:30 [INFO    ] conftest.py:351 — Driver created successfully.
2026-08-17 17:34:33 [INFO    ] popup_handler.py:122 — Checking for 'Get Started' screen...
2026-08-17 17:34:36 [INFO    ] popup_handler.py:130 — 'Get Started' screen dismissed.
2026-08-17 17:34:39 [WARNING ] conftest.py:256 — App readiness probe: unexpected package 'com.google.android.permissioncontroller' (expected 'com.zee5.hipi').
2026-08-17 17:34:39 [INFO    ] conftest.py:364 — DRIVER SETUP COMPLETE
2026-08-17 17:34:39 [INFO    ] base_test.py:29 — BaseTest setup completed.
2026-08-17 17:34:39 [INFO    ] test_login.py:70 — ========== LOGIN TEST START ==========
2026-08-17 17:34:39 [INFO    ] test_login.py:74 — TEST TYPE: invalid_otp
2026-08-17 17:34:39 [INFO    ] login_page.py:599 — ========== LOGIN FLOW START ==========
2026-08-17 17:34:39 [WARNING ] base_page.py:353 — System dialog in foreground (com.google.android.permissioncontroller) — clearing it.
2026-08-17 17:34:39 [INFO    ] base_page.py:398 — Cleared system dialog via ('id', 'com.android.permissioncontroller:id/permission_allow_button')
2026-08-17 17:34:42 [INFO    ] login_page.py:43 — Opening profile tab
2026-08-17 17:34:43 [INFO    ] login_page.py:53 — Profile tab open attempt 1/2
2026-08-17 17:34:44 [INFO    ] base_page.py:173 — Clicked: ('xpath', "//android.view.View[@clickable='true'][.//android.widget.TextView[@text='Profile']]")
2026-08-17 17:34:45 [INFO    ] base_page.py:140 — wait_for_any_visible matched: ('class name', 'android.widget.EditText')
2026-08-17 17:34:45 [INFO    ] login_page.py:78 — Profile tab opened (element click, verified)
2026-08-17 17:34:45 [INFO    ] login_page.py:238 — Clicking continue button
2026-08-17 17:34:46 [INFO    ] base_page.py:173 — Clicked: ('-android uiautomator', 'new UiSelector().textContains("Continue")')
2026-08-17 17:34:46 [INFO    ] login_page.py:248 — Continue button clicked
2026-08-17 17:34:46 [INFO    ] login_page.py:276 — Entering mobile number: 9876543210
2026-08-17 17:34:46 [INFO    ] base_page.py:209 — Entered text '9876543210' into ('class name', 'android.widget.EditText')
2026-08-17 17:34:46 [INFO    ] base_page.py:287 — Keyboard hidden.
2026-08-17 17:34:47 [INFO    ] login_page.py:298 — Mobile number entered
2026-08-17 17:34:47 [INFO    ] login_page.py:323 — Clicking proceed button
2026-08-17 17:34:49 [INFO    ] base_page.py:173 — Clicked: ('accessibility id', 'Proceed')
2026-08-17 17:34:49 [INFO    ] login_page.py:333 — Proceed button clicked
2026-08-17 17:34:49 [INFO    ] login_page.py:361 — Entering OTP: 9999
2026-08-17 17:34:49 [INFO    ] base_page.py:209 — Entered text '9999' into ('class name', 'android.widget.EditText')
2026-08-17 17:34:49 [INFO    ] base_page.py:287 — Keyboard hidden.
2026-08-17 17:34:49 [INFO    ] login_page.py:380 — OTP entered successfully
2026-08-17 17:34:49 [INFO    ] login_page.py:466 — Waiting for OTP verification outcome (sheet closes = success, sheet stays open = invalid)...
2026-08-17 17:34:49 [INFO    ] login_page.py:480 — Login sheet indicator present at start: True
2026-08-17 17:35:19 [WARNING ] login_page.py:517 — Timeout with OTP sheet still open -> treating as INVALID OTP (toast text: 'None')
2026-08-17 17:35:20 [INFO    ] screenshot_utils.py:60 — Screenshot saved: reports/screenshots/invalid_otp_toast_20260817_173519.png
2026-08-17 17:35:20 [INFO    ] screenshot_utils.py:83 — Page source saved: reports/screenshots/invalid_otp_toast_20260817_173520.xml
2026-08-17 17:35:20 [ERROR   ] login_page.py:733 — Login flow failed: Login failed - invalid OTP (toast shown: '(sheet remained open, no toast text captured)')
2026-08-17 17:35:20 [INFO    ] screenshot_utils.py:60 — Screenshot saved: reports/screenshots/login_failed_20260817_173520.png
2026-08-17 17:35:20 [INFO    ] screenshot_utils.py:83 — Page source saved: reports/screenshots/login_failed_20260817_173520.xml
2026-08-17 17:35:20 [INFO    ] test_login.py:114 — INVALID OTP VALIDATION SUCCESS
2026-08-17 17:35:20 [INFO    ] test_login.py:135 — ========== LOGIN TEST END ==========
2026-08-17 17:35:20 [INFO    ] conftest.py:375 — Closing driver session.
2026-08-17 17:35:21 [INFO    ] conftest.py:326 — ==================================================
2026-08-17 17:35:21 [INFO    ] conftest.py:327 — DRIVER SETUP START
2026-08-17 17:35:21 [INFO    ] conftest.py:328 — ==================================================
2026-08-17 17:35:21 [INFO    ] conftest.py:344 — Test 'test_login_with_multiple_users[9876543210-0-short_otp]' is marked requires_logout — clearing app data before session start.
2026-08-17 17:35:21 [INFO    ] conftest.py:229 — Cleared app data for com.zee5.hipi (logged-out state guaranteed).
2026-08-17 17:35:21 [INFO    ] conftest.py:158 — Driver creation attempt 1/3
2026-08-17 17:35:22 [INFO    ] driver_factory.py:53 — ========== DRIVER CREATION START ==========
2026-08-17 17:35:22 [INFO    ] driver_factory.py:70 — Device: emulator | Env: qa | Platform: Android
2026-08-17 17:35:22 [INFO    ] driver_factory.py:136 — Device Name: Android Emulator
2026-08-17 17:35:22 [INFO    ] driver_factory.py:137 — UDID: emulator-5554
2026-08-17 17:35:22 [INFO    ] driver_factory.py:151 — App Package: com.zee5.hipi (noReset=true, activity not set)
2026-08-17 17:35:28 [INFO    ] driver_factory.py:112 — App launched by driver. Waiting for stabilization...
2026-08-17 17:35:30 [INFO    ] driver_factory.py:115 — ========== DRIVER CREATED SUCCESSFULLY ==========
2026-08-17 17:35:30 [INFO    ] conftest.py:351 — Driver created successfully.
2026-08-17 17:35:33 [INFO    ] popup_handler.py:122 — Checking for 'Get Started' screen...
2026-08-17 17:35:34 [INFO    ] popup_handler.py:130 — 'Get Started' screen dismissed.
2026-08-17 17:35:37 [WARNING ] conftest.py:256 — App readiness probe: unexpected package 'com.google.android.permissioncontroller' (expected 'com.zee5.hipi').
2026-08-17 17:35:37 [INFO    ] conftest.py:364 — DRIVER SETUP COMPLETE
2026-08-17 17:35:37 [INFO    ] base_test.py:29 — BaseTest setup completed.
2026-08-17 17:35:37 [INFO    ] test_login.py:70 — ========== LOGIN TEST START ==========
2026-08-17 17:35:37 [INFO    ] test_login.py:74 — TEST TYPE: short_otp
2026-08-17 17:35:37 [INFO    ] login_page.py:599 — ========== LOGIN FLOW START ==========
2026-08-17 17:35:38 [WARNING ] base_page.py:353 — System dialog in foreground (com.google.android.permissioncontroller) — clearing it.
2026-08-17 17:35:38 [INFO    ] base_page.py:398 — Cleared system dialog via ('id', 'com.android.permissioncontroller:id/permission_allow_button')
2026-08-17 17:35:41 [INFO    ] login_page.py:43 — Opening profile tab
2026-08-17 17:35:42 [INFO    ] login_page.py:53 — Profile tab open attempt 1/2
2026-08-17 17:35:42 [INFO    ] base_page.py:173 — Clicked: ('xpath', "//android.view.View[@clickable='true'][.//android.widget.TextView[@text='Profile']]")
2026-08-17 17:35:44 [INFO    ] base_page.py:140 — wait_for_any_visible matched: ('class name', 'android.widget.EditText')
2026-08-17 17:35:44 [INFO    ] login_page.py:78 — Profile tab opened (element click, verified)
2026-08-17 17:35:44 [INFO    ] login_page.py:238 — Clicking continue button
2026-08-17 17:35:44 [INFO    ] base_page.py:173 — Clicked: ('-android uiautomator', 'new UiSelector().textContains("Continue")')
2026-08-17 17:35:44 [INFO    ] login_page.py:248 — Continue button clicked
2026-08-17 17:35:44 [INFO    ] login_page.py:276 — Entering mobile number: 9876543210
2026-08-17 17:35:45 [INFO    ] base_page.py:209 — Entered text '9876543210' into ('class name', 'android.widget.EditText')
2026-08-17 17:35:45 [INFO    ] base_page.py:287 — Keyboard hidden.
2026-08-17 17:35:46 [INFO    ] login_page.py:298 — Mobile number entered
2026-08-17 17:35:46 [INFO    ] login_page.py:323 — Clicking proceed button
2026-08-17 17:35:47 [INFO    ] base_page.py:173 — Clicked: ('accessibility id', 'Proceed')
2026-08-17 17:35:47 [INFO    ] login_page.py:333 — Proceed button clicked
2026-08-17 17:35:47 [INFO    ] login_page.py:361 — Entering OTP: 0
2026-08-17 17:35:47 [ERROR   ] login_page.py:388 — OTP entry failed: Invalid OTP length
2026-08-17 17:35:48 [INFO    ] screenshot_utils.py:60 — Screenshot saved: reports/screenshots/otp_failed_20260817_173547.png
2026-08-17 17:35:48 [INFO    ] screenshot_utils.py:83 — Page source saved: reports/screenshots/otp_failed_20260817_173548.xml
2026-08-17 17:35:48 [ERROR   ] login_page.py:733 — Login flow failed: Invalid OTP length
2026-08-17 17:35:48 [INFO    ] screenshot_utils.py:60 — Screenshot saved: reports/screenshots/login_failed_20260817_173548.png
2026-08-17 17:35:48 [INFO    ] screenshot_utils.py:83 — Page source saved: reports/screenshots/login_failed_20260817_173548.xml
2026-08-17 17:35:48 [INFO    ] test_login.py:131 — SHORT OTP VALIDATION SUCCESS
2026-08-17 17:35:48 [INFO    ] test_login.py:135 — ========== LOGIN TEST END ==========
2026-08-17 17:35:48 [INFO    ] conftest.py:375 — Closing driver session.
2026-08-17 17:35:49 [INFO    ] conftest.py:326 — ==================================================
2026-08-17 17:35:49 [INFO    ] conftest.py:327 — DRIVER SETUP START
2026-08-17 17:35:49 [INFO    ] conftest.py:328 — ==================================================
2026-08-17 17:35:49 [INFO    ] conftest.py:344 — Test 'test_login_with_multiple_users[9876543210-57-short_otp]' is marked requires_logout — clearing app data before session start.
2026-08-17 17:35:49 [INFO    ] conftest.py:229 — Cleared app data for com.zee5.hipi (logged-out state guaranteed).
2026-08-17 17:35:49 [INFO    ] conftest.py:158 — Driver creation attempt 1/3
2026-08-17 17:35:49 [INFO    ] driver_factory.py:53 — ========== DRIVER CREATION START ==========
2026-08-17 17:35:49 [INFO    ] driver_factory.py:70 — Device: emulator | Env: qa | Platform: Android
2026-08-17 17:35:49 [INFO    ] driver_factory.py:136 — Device Name: Android Emulator
2026-08-17 17:35:49 [INFO    ] driver_factory.py:137 — UDID: emulator-5554
2026-08-17 17:35:49 [INFO    ] driver_factory.py:151 — App Package: com.zee5.hipi (noReset=true, activity not set)
2026-08-17 17:35:55 [INFO    ] driver_factory.py:112 — App launched by driver. Waiting for stabilization...
2026-08-17 17:35:57 [INFO    ] driver_factory.py:115 — ========== DRIVER CREATED SUCCESSFULLY ==========
2026-08-17 17:35:57 [INFO    ] conftest.py:351 — Driver created successfully.
2026-08-17 17:36:00 [INFO    ] popup_handler.py:122 — Checking for 'Get Started' screen...
2026-08-17 17:36:03 [INFO    ] popup_handler.py:130 — 'Get Started' screen dismissed.
2026-08-17 17:36:06 [WARNING ] conftest.py:256 — App readiness probe: unexpected package 'com.google.android.permissioncontroller' (expected 'com.zee5.hipi').
2026-08-17 17:36:06 [INFO    ] conftest.py:364 — DRIVER SETUP COMPLETE
2026-08-17 17:36:06 [INFO    ] base_test.py:29 — BaseTest setup completed.
2026-08-17 17:36:06 [INFO    ] test_login.py:70 — ========== LOGIN TEST START ==========
2026-08-17 17:36:06 [INFO    ] test_login.py:74 — TEST TYPE: short_otp
2026-08-17 17:36:06 [INFO    ] login_page.py:599 — ========== LOGIN FLOW START ==========
2026-08-17 17:36:07 [WARNING ] base_page.py:353 — System dialog in foreground (com.google.android.permissioncontroller) — clearing it.
2026-08-17 17:36:07 [INFO    ] base_page.py:398 — Cleared system dialog via ('id', 'com.android.permissioncontroller:id/permission_allow_button')
2026-08-17 17:36:10 [INFO    ] login_page.py:43 — Opening profile tab
2026-08-17 17:36:11 [INFO    ] login_page.py:53 — Profile tab open attempt 1/2
2026-08-17 17:36:11 [INFO    ] base_page.py:173 — Clicked: ('xpath', "//android.view.View[@clickable='true'][.//android.widget.TextView[@text='Profile']]")
2026-08-17 17:36:13 [INFO    ] base_page.py:140 — wait_for_any_visible matched: ('class name', 'android.widget.EditText')
2026-08-17 17:36:13 [INFO    ] login_page.py:78 — Profile tab opened (element click, verified)
2026-08-17 17:36:13 [INFO    ] login_page.py:238 — Clicking continue button
2026-08-17 17:36:14 [INFO    ] base_page.py:173 — Clicked: ('-android uiautomator', 'new UiSelector().textContains("Continue")')
2026-08-17 17:36:14 [INFO    ] login_page.py:248 — Continue button clicked
2026-08-17 17:36:14 [INFO    ] login_page.py:276 — Entering mobile number: 9876543210
2026-08-17 17:36:14 [INFO    ] base_page.py:209 — Entered text '9876543210' into ('class name', 'android.widget.EditText')
2026-08-17 17:36:14 [INFO    ] base_page.py:287 — Keyboard hidden.
2026-08-17 17:36:15 [INFO    ] login_page.py:298 — Mobile number entered
2026-08-17 17:36:15 [INFO    ] login_page.py:323 — Clicking proceed button
2026-08-17 17:36:16 [INFO    ] base_page.py:173 — Clicked: ('accessibility id', 'Proceed')
2026-08-17 17:36:16 [INFO    ] login_page.py:333 — Proceed button clicked
2026-08-17 17:36:16 [INFO    ] login_page.py:361 — Entering OTP: 57
2026-08-17 17:36:16 [ERROR   ] login_page.py:388 — OTP entry failed: Invalid OTP length
2026-08-17 17:36:17 [INFO    ] screenshot_utils.py:60 — Screenshot saved: reports/screenshots/otp_failed_20260817_173616.png
2026-08-17 17:36:17 [INFO    ] screenshot_utils.py:83 — Page source saved: reports/screenshots/otp_failed_20260817_173617.xml
2026-08-17 17:36:17 [ERROR   ] login_page.py:733 — Login flow failed: Invalid OTP length
2026-08-17 17:36:17 [INFO    ] screenshot_utils.py:60 — Screenshot saved: reports/screenshots/login_failed_20260817_173617.png
2026-08-17 17:36:17 [INFO    ] screenshot_utils.py:83 — Page source saved: reports/screenshots/login_failed_20260817_173617.xml
2026-08-17 17:36:17 [INFO    ] test_login.py:131 — SHORT OTP VALIDATION SUCCESS
2026-08-17 17:36:17 [INFO    ] test_login.py:135 — ========== LOGIN TEST END ==========
2026-08-17 17:36:17 [INFO    ] conftest.py:375 — Closing driver session.
2026-08-17 17:36:18 [INFO    ] conftest.py:326 — ==================================================
2026-08-17 17:36:18 [INFO    ] conftest.py:327 — DRIVER SETUP START
2026-08-17 17:36:18 [INFO    ] conftest.py:328 — ==================================================
2026-08-17 17:36:18 [INFO    ] conftest.py:344 — Test 'test_login_with_multiple_users[9876543210-575-short_otp]' is marked requires_logout — clearing app data before session start.
2026-08-17 17:36:18 [INFO    ] conftest.py:229 — Cleared app data for com.zee5.hipi (logged-out state guaranteed).
2026-08-17 17:36:18 [INFO    ] conftest.py:158 — Driver creation attempt 1/3
2026-08-17 17:36:19 [INFO    ] driver_factory.py:53 — ========== DRIVER CREATION START ==========
2026-08-17 17:36:19 [INFO    ] driver_factory.py:70 — Device: emulator | Env: qa | Platform: Android
2026-08-17 17:36:19 [INFO    ] driver_factory.py:136 — Device Name: Android Emulator
2026-08-17 17:36:19 [INFO    ] driver_factory.py:137 — UDID: emulator-5554
2026-08-17 17:36:19 [INFO    ] driver_factory.py:151 — App Package: com.zee5.hipi (noReset=true, activity not set)
2026-08-17 17:36:24 [INFO    ] driver_factory.py:112 — App launched by driver. Waiting for stabilization...
2026-08-17 17:36:26 [INFO    ] driver_factory.py:115 — ========== DRIVER CREATED SUCCESSFULLY ==========
2026-08-17 17:36:26 [INFO    ] conftest.py:351 — Driver created successfully.
2026-08-17 17:36:29 [INFO    ] popup_handler.py:122 — Checking for 'Get Started' screen...
2026-08-17 17:36:32 [INFO    ] popup_handler.py:130 — 'Get Started' screen dismissed.
2026-08-17 17:36:35 [WARNING ] conftest.py:256 — App readiness probe: unexpected package 'com.google.android.permissioncontroller' (expected 'com.zee5.hipi').
2026-08-17 17:36:35 [INFO    ] conftest.py:364 — DRIVER SETUP COMPLETE
2026-08-17 17:36:35 [INFO    ] base_test.py:29 — BaseTest setup completed.
2026-08-17 17:36:35 [INFO    ] test_login.py:70 — ========== LOGIN TEST START ==========
2026-08-17 17:36:35 [INFO    ] test_login.py:74 — TEST TYPE: short_otp
2026-08-17 17:36:35 [INFO    ] login_page.py:599 — ========== LOGIN FLOW START ==========
2026-08-17 17:36:35 [WARNING ] base_page.py:353 — System dialog in foreground (com.google.android.permissioncontroller) — clearing it.
2026-08-17 17:36:35 [INFO    ] base_page.py:398 — Cleared system dialog via ('id', 'com.android.permissioncontroller:id/permission_allow_button')
2026-08-17 17:36:38 [INFO    ] login_page.py:43 — Opening profile tab
2026-08-17 17:36:39 [INFO    ] login_page.py:53 — Profile tab open attempt 1/2
2026-08-17 17:36:40 [INFO    ] base_page.py:173 — Clicked: ('xpath', "//android.view.View[@clickable='true'][.//android.widget.TextView[@text='Profile']]")
2026-08-17 17:36:41 [INFO    ] base_page.py:140 — wait_for_any_visible matched: ('class name', 'android.widget.EditText')
2026-08-17 17:36:41 [INFO    ] login_page.py:78 — Profile tab opened (element click, verified)
2026-08-17 17:36:41 [INFO    ] login_page.py:238 — Clicking continue button
2026-08-17 17:36:42 [INFO    ] base_page.py:173 — Clicked: ('-android uiautomator', 'new UiSelector().textContains("Continue")')
2026-08-17 17:36:42 [INFO    ] login_page.py:248 — Continue button clicked
2026-08-17 17:36:42 [INFO    ] login_page.py:276 — Entering mobile number: 9876543210
2026-08-17 17:36:42 [INFO    ] base_page.py:209 — Entered text '9876543210' into ('class name', 'android.widget.EditText')
2026-08-17 17:36:43 [INFO    ] base_page.py:287 — Keyboard hidden.
2026-08-17 17:36:43 [INFO    ] login_page.py:298 — Mobile number entered
2026-08-17 17:36:43 [INFO    ] login_page.py:323 — Clicking proceed button
2026-08-17 17:36:45 [INFO    ] base_page.py:173 — Clicked: ('accessibility id', 'Proceed')
2026-08-17 17:36:45 [INFO    ] login_page.py:333 — Proceed button clicked
2026-08-17 17:36:45 [INFO    ] login_page.py:361 — Entering OTP: 575
2026-08-17 17:36:45 [ERROR   ] login_page.py:388 — OTP entry failed: Invalid OTP length
2026-08-17 17:36:46 [INFO    ] screenshot_utils.py:60 — Screenshot saved: reports/screenshots/otp_failed_20260817_173645.png
2026-08-17 17:36:46 [INFO    ] screenshot_utils.py:83 — Page source saved: reports/screenshots/otp_failed_20260817_173646.xml
2026-08-17 17:36:46 [ERROR   ] login_page.py:733 — Login flow failed: Invalid OTP length
2026-08-17 17:36:46 [INFO    ] screenshot_utils.py:60 — Screenshot saved: reports/screenshots/login_failed_20260817_173646.png
2026-08-17 17:36:46 [INFO    ] screenshot_utils.py:83 — Page source saved: reports/screenshots/login_failed_20260817_173646.xml
2026-08-17 17:36:46 [INFO    ] test_login.py:131 — SHORT OTP VALIDATION SUCCESS
2026-08-17 17:36:46 [INFO    ] test_login.py:135 — ========== LOGIN TEST END ==========
2026-08-17 17:36:46 [INFO    ] conftest.py:375 — Closing driver session.
2026-08-17 17:36:47 [INFO    ] conftest.py:428 — LOGGED-IN DRIVER: closing session.
2026-08-17 17:36:47 [ERROR   ] conftest.py:432 — logged_in_driver quit failed: Message: A session is either terminated or not started
Stacktrace:
NoSuchDriverError: A session is either terminated or not started
    at asyncHandler (/opt/homebrew/lib/node_modules/appium/node_modules/@appium/base-driver/build/lib/protocol/protocol.js:293:23)
    at /opt/homebrew/lib/node_modules/appium/node_modules/@appium/base-driver/build/lib/protocol/protocol.js:447:36
    at Layer.handleRequest (/opt/homebrew/lib/node_modules/appium/node_modules/router/lib/layer.js:152:17)
    at next (/opt/homebrew/lib/node_modules/appium/node_modules/router/lib/route.js:157:13)
    at Route.dispatch (/opt/homebrew/lib/node_modules/appium/node_modules/router/lib/route.js:117:3)
    at handle (/opt/homebrew/lib/node_modules/appium/node_modules/router/index.js:435:11)
    at Layer.handleRequest (/opt/homebrew/lib/node_modules/appium/node_modules/router/lib/layer.js:152:17)
    at /opt/homebrew/lib/node_modules/appium/node_modules/router/index.js:295:15
    at param (/opt/homebrew/lib/node_modules/appium/node_modules/router/index.js:600:14)
    at param (/opt/homebrew/lib/node_modules/appium/node_modules/router/index.js:610:14)
    at processParams (/opt/homebrew/lib/node_modules/appium/node_modules/router/index.js:664:3)
    at next (/opt/homebrew/lib/node_modules/appium/node_modules/router/index.js:291:5)
    at logger (/opt/homebrew/lib/node_modules/appium/node_modules/morgan/index.js:144:5)
    at Layer.handleRequest (/opt/homebrew/lib/node_modules/appium/node_modules/router/lib/layer.js:152:17)
    at trimPrefix (/opt/homebrew/lib/node_modules/appium/node_modules/router/index.js:342:13)
    at /opt/homebrew/lib/node_modules/appium/node_modules/router/index.js:297:9
    at processParams (/opt/homebrew/lib/node_modules/appium/node_modules/router/index.js:582:12)
    at next (/opt/homebrew/lib/node_modules/appium/node_modules/router/index.js:291:5)
    at read (/opt/homebrew/lib/node_modules/appium/node_modules/body-parser/lib/read.js:53:5)
    at jsonParser (/opt/homebrew/lib/node_modules/appium/node_modules/body-parser/lib/types/json.js:88:5)
    at Layer.handleRequest (/opt/homebrew/lib/node_modules/appium/node_modules/router/lib/layer.js:152:17)
    at trimPrefix (/opt/homebrew/lib/node_modules/appium/node_modules/router/index.js:342:13)
2026-08-17 17:36:47 [INFO    ] conftest.py:482 — ==================================================
2026-08-17 17:36:47 [INFO    ] conftest.py:483 — PYTEST SESSION END | Exit status: 1
2026-08-17 17:36:47 [INFO    ] conftest.py:484 — ==================================================
