2026-08-17 14:16:50 [INFO    ] conftest.py:427 — ==================================================
2026-08-17 14:16:50 [INFO    ] conftest.py:428 — PYTEST SESSION START
2026-08-17 14:16:50 [INFO    ] conftest.py:429 — ==================================================
2026-08-17 14:16:50 [INFO    ] conftest.py:291 — ==================================================
2026-08-17 14:16:50 [INFO    ] conftest.py:292 — DRIVER SETUP START
2026-08-17 14:16:50 [INFO    ] conftest.py:293 — ==================================================
2026-08-17 14:16:50 [INFO    ] conftest.py:158 — Driver creation attempt 1/3
2026-08-17 14:16:51 [INFO    ] driver_factory.py:53 — ========== DRIVER CREATION START ==========
2026-08-17 14:16:51 [INFO    ] driver_factory.py:70 — Device: emulator | Env: qa | Platform: Android
2026-08-17 14:16:51 [INFO    ] driver_factory.py:136 — Device Name: Android Emulator
2026-08-17 14:16:51 [INFO    ] driver_factory.py:137 — UDID: emulator-5554
2026-08-17 14:16:51 [INFO    ] driver_factory.py:151 — App Package: com.zee5.hipi (noReset=true, activity not set)
2026-08-17 14:16:55 [INFO    ] driver_factory.py:112 — App launched by driver. Waiting for stabilization...
2026-08-17 14:16:57 [INFO    ] driver_factory.py:115 — ========== DRIVER CREATED SUCCESSFULLY ==========
2026-08-17 14:16:57 [INFO    ] conftest.py:302 — Driver created successfully.
2026-08-17 14:17:00 [INFO    ] popup_handler.py:122 — Checking for 'Get Started' screen...
2026-08-17 14:17:04 [INFO    ] popup_handler.py:134 — 'Get Started' screen not present — skipping.
2026-08-17 14:17:04 [INFO    ] conftest.py:217 — App readiness probe: HiPi is in foreground (com.zee5.hipi).
2026-08-17 14:17:04 [INFO    ] conftest.py:315 — DRIVER SETUP COMPLETE
2026-08-17 14:17:04 [INFO    ] base_test.py:20 — BaseTest setup completed.
2026-08-17 14:17:04 [INFO    ] base_test.py:58 — login_and_reach_feed: START
2026-08-17 14:17:04 [INFO    ] base_test.py:30 — Logging in as default test user.
2026-08-17 14:17:04 [INFO    ] login_page.py:591 — ========== LOGIN FLOW START ==========
2026-08-17 14:17:05 [INFO    ] login_page.py:43 — Opening profile tab
2026-08-17 14:17:06 [INFO    ] login_page.py:53 — Profile tab open attempt 1/2
2026-08-17 14:17:06 [INFO    ] base_page.py:110 — Clicked: ('xpath', "//android.view.View[@clickable='true'][.//android.widget.TextView[@text='Profile']]")
2026-08-17 14:17:13 [ERROR   ] base_page.py:92 — None of the candidate locators became visible within 6s. Candidates: [('-android uiautomator', 'new UiSelector().textContains("Continue")'), ('class name', 'android.widget.EditText')]. Last error: None
2026-08-17 14:17:16 [INFO    ] screenshot_utils.py:60 — Screenshot saved: reports/screenshots/wait_for_any_visible_failed_20260817_141713.png
2026-08-17 14:17:17 [INFO    ] screenshot_utils.py:83 — Page source saved: reports/screenshots/wait_for_any_visible_failed_20260817_141716.xml
2026-08-17 14:17:17 [INFO    ] login_page.py:200 — Already logged in — 'Edit Profile' visible. noReset=true preserved a previous session. Navigating to home feed.
2026-08-17 14:17:18 [INFO    ] base_page.py:110 — Clicked: ('xpath', "//android.view.View[@clickable='true'][.//android.widget.TextView[@text='Home']]")
2026-08-17 14:17:18 [INFO    ] login_page.py:211 — Navigated to home tab.
2026-08-17 14:17:18 [INFO    ] login_page.py:608 — ========== LOGIN SKIPPED (ALREADY LOGGED IN) ==========
2026-08-17 14:17:18 [INFO    ] login_page.py:548 — Validating home page
2026-08-17 14:17:22 [INFO    ] login_page.py:558 — Home page displayed (exo_content_frame visible)
2026-08-17 14:17:22 [INFO    ] base_test.py:63 — login_and_reach_feed: COMPLETE
2026-08-17 14:17:22 [INFO    ] feed_page.py:155 — Liking current video
2026-08-17 14:17:23 [INFO    ] base_page.py:110 — Clicked: ('-android uiautomator', 'new UiSelector().className("android.widget.Button").instance(0)')
2026-08-17 14:17:23 [INFO    ] feed_page.py:165 — Video liked
2026-08-17 14:17:23 [INFO    ] test_feed.py:99 — TEST PASSED: Like video
2026-08-17 14:17:23 [INFO    ] conftest.py:326 — Closing driver session.
2026-08-17 14:17:27 [INFO    ] conftest.py:291 — ==================================================
2026-08-17 14:17:27 [INFO    ] conftest.py:292 — DRIVER SETUP START
2026-08-17 14:17:27 [INFO    ] conftest.py:293 — ==================================================
2026-08-17 14:17:27 [INFO    ] conftest.py:158 — Driver creation attempt 1/3
2026-08-17 14:17:29 [INFO    ] driver_factory.py:53 — ========== DRIVER CREATION START ==========
2026-08-17 14:17:29 [INFO    ] driver_factory.py:70 — Device: emulator | Env: qa | Platform: Android
2026-08-17 14:17:29 [INFO    ] driver_factory.py:136 — Device Name: Android Emulator
2026-08-17 14:17:29 [INFO    ] driver_factory.py:137 — UDID: emulator-5554
2026-08-17 14:17:29 [INFO    ] driver_factory.py:151 — App Package: com.zee5.hipi (noReset=true, activity not set)
2026-08-17 14:17:40 [INFO    ] driver_factory.py:112 — App launched by driver. Waiting for stabilization...
2026-08-17 14:17:42 [INFO    ] driver_factory.py:115 — ========== DRIVER CREATED SUCCESSFULLY ==========
2026-08-17 14:17:42 [INFO    ] conftest.py:302 — Driver created successfully.
2026-08-17 14:17:46 [INFO    ] popup_handler.py:122 — Checking for 'Get Started' screen...
2026-08-17 14:17:49 [INFO    ] popup_handler.py:134 — 'Get Started' screen not present — skipping.
2026-08-17 14:17:49 [INFO    ] conftest.py:217 — App readiness probe: HiPi is in foreground (com.zee5.hipi).
2026-08-17 14:17:49 [INFO    ] conftest.py:315 — DRIVER SETUP COMPLETE
2026-08-17 14:17:49 [INFO    ] base_test.py:20 — BaseTest setup completed.
2026-08-17 14:17:49 [INFO    ] base_test.py:58 — login_and_reach_feed: START
2026-08-17 14:17:49 [INFO    ] base_test.py:30 — Logging in as default test user.
2026-08-17 14:17:49 [INFO    ] login_page.py:591 — ========== LOGIN FLOW START ==========
2026-08-17 14:17:50 [INFO    ] login_page.py:43 — Opening profile tab
2026-08-17 14:17:51 [INFO    ] login_page.py:53 — Profile tab open attempt 1/2
2026-08-17 14:17:52 [INFO    ] base_page.py:110 — Clicked: ('xpath', "//android.view.View[@clickable='true'][.//android.widget.TextView[@text='Profile']]")
2026-08-17 14:17:59 [ERROR   ] base_page.py:92 — None of the candidate locators became visible within 6s. Candidates: [('-android uiautomator', 'new UiSelector().textContains("Continue")'), ('class name', 'android.widget.EditText')]. Last error: None
2026-08-17 14:18:03 [INFO    ] screenshot_utils.py:60 — Screenshot saved: reports/screenshots/wait_for_any_visible_failed_20260817_141759.png
2026-08-17 14:18:05 [INFO    ] screenshot_utils.py:83 — Page source saved: reports/screenshots/wait_for_any_visible_failed_20260817_141803.xml
2026-08-17 14:18:06 [INFO    ] login_page.py:200 — Already logged in — 'Edit Profile' visible. noReset=true preserved a previous session. Navigating to home feed.
2026-08-17 14:18:07 [INFO    ] base_page.py:110 — Clicked: ('xpath', "//android.view.View[@clickable='true'][.//android.widget.TextView[@text='Home']]")
2026-08-17 14:18:07 [INFO    ] login_page.py:211 — Navigated to home tab.
2026-08-17 14:18:07 [INFO    ] login_page.py:608 — ========== LOGIN SKIPPED (ALREADY LOGGED IN) ==========
2026-08-17 14:18:07 [INFO    ] login_page.py:548 — Validating home page
2026-08-17 14:18:11 [INFO    ] login_page.py:558 — Home page displayed (exo_content_frame visible)
2026-08-17 14:18:11 [INFO    ] base_test.py:63 — login_and_reach_feed: COMPLETE
2026-08-17 14:18:11 [INFO    ] feed_page.py:155 — Liking current video
2026-08-17 14:18:13 [INFO    ] base_page.py:110 — Clicked: ('-android uiautomator', 'new UiSelector().className("android.widget.Button").instance(0)')
2026-08-17 14:18:13 [INFO    ] feed_page.py:165 — Video liked
2026-08-17 14:18:14 [INFO    ] feed_page.py:197 — Unliking current video
2026-08-17 14:18:19 [ERROR   ] base_page.py:118 — Click failed on attempt 1 for ('-android uiautomator', 'new UiSelector().className("android.widget.Button").instance(0)'): Message: Could not proxy command to the remote server. Original error: socket hang up
Stacktrace:
UnknownError: Could not proxy command to the remote server. Original error: socket hang up
    at ProxyRequestError.getActualError (/opt/homebrew/lib/node_modules/appium/node_modules/@appium/base-driver/build/lib/protocol/errors.js:692:16)
    at UIA2Proxy.command (/opt/homebrew/lib/node_modules/appium/node_modules/@appium/base-driver/build/lib/jsonwp-proxy/proxy.js:270:27)
    at process.processTicksAndRejections (node:internal/process/task_queues:104:5)
    at async AndroidUiautomator2Driver.getAttribute (/Users/vc.rajdeep.kumar/.appium/node_modules/appium-uiautomator2-driver/build/lib/commands/element.js:39:19)
    at async AndroidUiautomator2Driver.elementDisplayed (/Users/vc.rajdeep.kumar/.appium/node_modules/appium-uiautomator2-driver/build/lib/commands/element.js:47:19)
2026-08-17 14:18:19 [WARNING ] base_page.py:262 — Attempting to recover application state...
2026-08-17 14:18:19 [ERROR   ] base_page.py:257 — Failed to ensure app is in foreground: Message: Could not retrieve the currently focused package and activity. Original error: Error executing adbExec. Original error: 'Command '/Users/vc.rajdeep.kumar/Library/Android/sdk/platform-tools/adb -P 5037 -s emulator-5554 shell dumpsys window displays' exited with code 1'; Command output: adb: device offline

Stacktrace:
UnknownError: Could not retrieve the currently focused package and activity. Original error: Error executing adbExec. Original error: 'Command '/Users/vc.rajdeep.kumar/Library/Android/sdk/platform-tools/adb -P 5037 -s emulator-5554 shell dumpsys window displays' exited with code 1'; Command output: adb: device offline

    at getResponseForW3CError (/opt/homebrew/lib/node_modules/appium/node_modules/@appium/base-driver/build/lib/protocol/errors.js:824:36)
    at asyncHandler (/opt/homebrew/lib/node_modules/appium/node_modules/@appium/base-driver/build/lib/protocol/protocol.js:430:77)
The above error is caused by
Error: Could not retrieve the currently focused package and activity. Original error: Error executing adbExec. Original error: 'Command '/Users/vc.rajdeep.kumar/Library/Android/sdk/platform-tools/adb -P 5037 -s emulator-5554 shell dumpsys window displays' exited with code 1'; Command output: adb: device offline

    at ADB.getFocusedPackageAndActivity (/Users/vc.rajdeep.kumar/.appium/node_modules/appium-uiautomator2-driver/node_modules/appium-adb/build/lib/tools/app-commands.js:643:15)
    at async AndroidUiautomator2Driver.getCurrentPackage (/Users/vc.rajdeep.kumar/.appium/node_modules/appium-uiautomator2-driver/node_modules/appium-android-driver/build/lib/commands/app-management.js:308:13)
    at async AndroidUiautomator2Driver.executeMethod (/opt/homebrew/lib/node_modules/appium/node_modules/@appium/base-driver/build/lib/basedriver/commands/execute.js:43:16)
    at async AndroidUiautomator2Driver.execute (/Users/vc.rajdeep.kumar/.appium/node_modules/appium-uiautomator2-driver/node_modules/appium-android-driver/build/lib/commands/execute.js:24:16)
2026-08-17 14:18:19 [ERROR   ] screenshot_utils.py:64 — Screenshot capture failed: Message: 'GET /screenshot' cannot be proxied to UiAutomator2 server because the instrumentation process is not running (probably crashed). Check the server log and/or the logcat output for more details
Stacktrace:
UnknownError: 'GET /screenshot' cannot be proxied to UiAutomator2 server because the instrumentation process is not running (probably crashed). Check the server log and/or the logcat output for more details
    at UIA2Proxy.command (/opt/homebrew/lib/node_modules/appium/node_modules/@appium/base-driver/build/lib/jsonwp-proxy/proxy.js:272:19)
    at process.processTicksAndRejections (node:internal/process/task_queues:104:5)
    at async AndroidUiautomator2Driver.getScreenshot (/Users/vc.rajdeep.kumar/.appium/node_modules/appium-uiautomator2-driver/build/lib/commands/screenshot.js:72:19)
2026-08-17 14:18:19 [ERROR   ] screenshot_utils.py:87 — Page source save failed: Message: 'GET /session/4374800d-1e8d-4dac-ac8b-3cd1fea513ac/source' cannot be proxied to UiAutomator2 server because the instrumentation process is not running (probably crashed). Check the server log and/or the logcat output for more details
Stacktrace:
InvalidContextError: 'GET /session/4374800d-1e8d-4dac-ac8b-3cd1fea513ac/source' cannot be proxied to UiAutomator2 server because the instrumentation process is not running (probably crashed). Check the server log and/or the logcat output for more details
    at UIA2Proxy.proxyCommand (/Users/vc.rajdeep.kumar/.appium/node_modules/appium-uiautomator2-driver/build/lib/uiautomator2.js:32:19)
    at UIA2Proxy.proxyReqRes (/opt/homebrew/lib/node_modules/appium/node_modules/@appium/base-driver/build/lib/jsonwp-proxy/proxy.js:325:49)
    at runCommandPromise (/opt/homebrew/lib/node_modules/appium/node_modules/@appium/base-driver/build/lib/basedriver/driver.js:121:30)
    at /opt/homebrew/lib/node_modules/appium/node_modules/async-lock/lib/index.js:171:12
    at AsyncLock._promiseTry (/opt/homebrew/lib/node_modules/appium/node_modules/async-lock/lib/index.js:306:31)
    at exec (/opt/homebrew/lib/node_modules/appium/node_modules/async-lock/lib/index.js:170:9)
    at AsyncLock.acquire (/opt/homebrew/lib/node_modules/appium/node_modules/async-lock/lib/index.js:189:3)
    at AndroidUiautomator2Driver.executeCommand (/opt/homebrew/lib/node_modules/appium/node_modules/@appium/base-driver/build/lib/basedriver/driver.js:161:45)
    at process.processTicksAndRejections (node:internal/process/task_queues:104:5)
    at async defaultBehavior (/opt/homebrew/lib/node_modules/appium/build/lib/appium.js:634:20)
    at async AppiumDriver.executeWrappedCommand (/opt/homebrew/lib/node_modules/appium/build/lib/appium.js:726:22)
    at async AppiumDriver.executeCommand (/opt/homebrew/lib/node_modules/appium/build/lib/appium.js:645:21)
    at async doJwpProxy (/opt/homebrew/lib/node_modules/appium/node_modules/@appium/base-driver/build/lib/protocol/protocol.js:476:9)
    at async asyncHandler (/opt/homebrew/lib/node_modules/appium/node_modules/@appium/base-driver/build/lib/protocol/protocol.js:307:21)
2026-08-17 14:18:22 [INFO    ] base_page.py:266 — App recovery attempt completed.
2026-08-17 14:18:22 [ERROR   ] base_page.py:118 — Click failed on attempt 2 for ('-android uiautomator', 'new UiSelector().className("android.widget.Button").instance(0)'): Message: 'POST /element' cannot be proxied to UiAutomator2 server because the instrumentation process is not running (probably crashed). Check the server log and/or the logcat output for more details
Stacktrace:
UnknownError: 'POST /element' cannot be proxied to UiAutomator2 server because the instrumentation process is not running (probably crashed). Check the server log and/or the logcat output for more details
    at UIA2Proxy.command (/opt/homebrew/lib/node_modules/appium/node_modules/@appium/base-driver/build/lib/jsonwp-proxy/proxy.js:272:19)
    at process.processTicksAndRejections (node:internal/process/task_queues:104:5)
    at async AndroidUiautomator2Driver.doFindElementOrEls (/Users/vc.rajdeep.kumar/.appium/node_modules/appium-uiautomator2-driver/build/lib/commands/find.js:24:13)
    at async doFind (/Users/vc.rajdeep.kumar/.appium/node_modules/appium-uiautomator2-driver/node_modules/appium-android-driver/build/lib/commands/find.js:24:23)
    at async wrappedCondFn (/opt/homebrew/lib/node_modules/appium/node_modules/@appium/base-driver/build/lib/basedriver/commands/timeout.js:97:20)
    at async spin (/opt/homebrew/lib/node_modules/appium/node_modules/asyncbox/build/lib/asyncbox.js:174:24)
    at async waitForCondition (/opt/homebrew/lib/node_modules/appium/node_modules/asyncbox/build/lib/asyncbox.js:192:12)
    at async AndroidUiautomator2Driver.implicitWaitForCondition (/opt/homebrew/lib/node_modules/appium/node_modules/@appium/base-driver/build/lib/basedriver/commands/timeout.js:99:16)
    at async AndroidUiautomator2Driver.findElOrEls (/Users/vc.rajdeep.kumar/.appium/node_modules/appium-uiautomator2-driver/node_modules/appium-android-driver/build/lib/commands/find.js:45:9)
    at async AndroidUiautomator2Driver.findElOrElsWithProcessing (/opt/homebrew/lib/node_modules/appium/node_modules/@appium/base-driver/build/lib/basedriver/commands/find.js:12:16)
    at async AndroidUiautomator2Driver.findElement (/opt/homebrew/lib/node_modules/appium/node_modules/@appium/base-driver/build/lib/basedriver/commands/find.js:27:16)
2026-08-17 14:18:22 [WARNING ] base_page.py:262 — Attempting to recover application state...
2026-08-17 14:18:25 [INFO    ] base_page.py:266 — App recovery attempt completed.
2026-08-17 14:18:25 [ERROR   ] base_page.py:118 — Click failed on attempt 3 for ('-android uiautomator', 'new UiSelector().className("android.widget.Button").instance(0)'): Message: 'POST /element' cannot be proxied to UiAutomator2 server because the instrumentation process is not running (probably crashed). Check the server log and/or the logcat output for more details
Stacktrace:
UnknownError: 'POST /element' cannot be proxied to UiAutomator2 server because the instrumentation process is not running (probably crashed). Check the server log and/or the logcat output for more details
    at UIA2Proxy.command (/opt/homebrew/lib/node_modules/appium/node_modules/@appium/base-driver/build/lib/jsonwp-proxy/proxy.js:272:19)
    at process.processTicksAndRejections (node:internal/process/task_queues:104:5)
    at async AndroidUiautomator2Driver.doFindElementOrEls (/Users/vc.rajdeep.kumar/.appium/node_modules/appium-uiautomator2-driver/build/lib/commands/find.js:24:13)
    at async doFind (/Users/vc.rajdeep.kumar/.appium/node_modules/appium-uiautomator2-driver/node_modules/appium-android-driver/build/lib/commands/find.js:24:23)
    at async wrappedCondFn (/opt/homebrew/lib/node_modules/appium/node_modules/@appium/base-driver/build/lib/basedriver/commands/timeout.js:97:20)
    at async spin (/opt/homebrew/lib/node_modules/appium/node_modules/asyncbox/build/lib/asyncbox.js:174:24)
    at async waitForCondition (/opt/homebrew/lib/node_modules/appium/node_modules/asyncbox/build/lib/asyncbox.js:192:12)
    at async AndroidUiautomator2Driver.implicitWaitForCondition (/opt/homebrew/lib/node_modules/appium/node_modules/@appium/base-driver/build/lib/basedriver/commands/timeout.js:99:16)
    at async AndroidUiautomator2Driver.findElOrEls (/Users/vc.rajdeep.kumar/.appium/node_modules/appium-uiautomator2-driver/node_modules/appium-android-driver/build/lib/commands/find.js:45:9)
    at async AndroidUiautomator2Driver.findElOrElsWithProcessing (/opt/homebrew/lib/node_modules/appium/node_modules/@appium/base-driver/build/lib/basedriver/commands/find.js:12:16)
    at async AndroidUiautomator2Driver.findElement (/opt/homebrew/lib/node_modules/appium/node_modules/@appium/base-driver/build/lib/basedriver/commands/find.js:27:16)
2026-08-17 14:18:25 [WARNING ] base_page.py:262 — Attempting to recover application state...
2026-08-17 14:18:28 [INFO    ] base_page.py:266 — App recovery attempt completed.
2026-08-17 14:18:28 [ERROR   ] screenshot_utils.py:64 — Screenshot capture failed: Message: 'GET /screenshot' cannot be proxied to UiAutomator2 server because the instrumentation process is not running (probably crashed). Check the server log and/or the logcat output for more details
Stacktrace:
UnknownError: 'GET /screenshot' cannot be proxied to UiAutomator2 server because the instrumentation process is not running (probably crashed). Check the server log and/or the logcat output for more details
    at UIA2Proxy.command (/opt/homebrew/lib/node_modules/appium/node_modules/@appium/base-driver/build/lib/jsonwp-proxy/proxy.js:272:19)
    at process.processTicksAndRejections (node:internal/process/task_queues:104:5)
    at async AndroidUiautomator2Driver.getScreenshot (/Users/vc.rajdeep.kumar/.appium/node_modules/appium-uiautomator2-driver/build/lib/commands/screenshot.js:72:19)
2026-08-17 14:18:28 [ERROR   ] screenshot_utils.py:87 — Page source save failed: Message: 'GET /session/4374800d-1e8d-4dac-ac8b-3cd1fea513ac/source' cannot be proxied to UiAutomator2 server because the instrumentation process is not running (probably crashed). Check the server log and/or the logcat output for more details
Stacktrace:
InvalidContextError: 'GET /session/4374800d-1e8d-4dac-ac8b-3cd1fea513ac/source' cannot be proxied to UiAutomator2 server because the instrumentation process is not running (probably crashed). Check the server log and/or the logcat output for more details
    at UIA2Proxy.proxyCommand (/Users/vc.rajdeep.kumar/.appium/node_modules/appium-uiautomator2-driver/build/lib/uiautomator2.js:32:19)
    at UIA2Proxy.proxyReqRes (/opt/homebrew/lib/node_modules/appium/node_modules/@appium/base-driver/build/lib/jsonwp-proxy/proxy.js:325:49)
    at runCommandPromise (/opt/homebrew/lib/node_modules/appium/node_modules/@appium/base-driver/build/lib/basedriver/driver.js:121:30)
    at /opt/homebrew/lib/node_modules/appium/node_modules/async-lock/lib/index.js:171:12
    at AsyncLock._promiseTry (/opt/homebrew/lib/node_modules/appium/node_modules/async-lock/lib/index.js:306:31)
    at exec (/opt/homebrew/lib/node_modules/appium/node_modules/async-lock/lib/index.js:170:9)
    at AsyncLock.acquire (/opt/homebrew/lib/node_modules/appium/node_modules/async-lock/lib/index.js:189:3)
    at AndroidUiautomator2Driver.executeCommand (/opt/homebrew/lib/node_modules/appium/node_modules/@appium/base-driver/build/lib/basedriver/driver.js:161:45)
    at process.processTicksAndRejections (node:internal/process/task_queues:104:5)
    at async defaultBehavior (/opt/homebrew/lib/node_modules/appium/build/lib/appium.js:634:20)
    at async AppiumDriver.executeWrappedCommand (/opt/homebrew/lib/node_modules/appium/build/lib/appium.js:726:22)
    at async AppiumDriver.executeCommand (/opt/homebrew/lib/node_modules/appium/build/lib/appium.js:645:21)
    at async doJwpProxy (/opt/homebrew/lib/node_modules/appium/node_modules/@appium/base-driver/build/lib/protocol/protocol.js:476:9)
    at async asyncHandler (/opt/homebrew/lib/node_modules/appium/node_modules/@appium/base-driver/build/lib/protocol/protocol.js:307:21)
2026-08-17 14:18:28 [ERROR   ] feed_page.py:215 — Unlike video failed: Unable to click ('-android uiautomator', 'new UiSelector().className("android.widget.Button").instance(0)') after 3 retries. Last exception: Message: 'POST /element' cannot be proxied to UiAutomator2 server because the instrumentation process is not running (probably crashed). Check the server log and/or the logcat output for more details
Stacktrace:
UnknownError: 'POST /element' cannot be proxied to UiAutomator2 server because the instrumentation process is not running (probably crashed). Check the server log and/or the logcat output for more details
    at UIA2Proxy.command (/opt/homebrew/lib/node_modules/appium/node_modules/@appium/base-driver/build/lib/jsonwp-proxy/proxy.js:272:19)
    at process.processTicksAndRejections (node:internal/process/task_queues:104:5)
    at async AndroidUiautomator2Driver.doFindElementOrEls (/Users/vc.rajdeep.kumar/.appium/node_modules/appium-uiautomator2-driver/build/lib/commands/find.js:24:13)
    at async doFind (/Users/vc.rajdeep.kumar/.appium/node_modules/appium-uiautomator2-driver/node_modules/appium-android-driver/build/lib/commands/find.js:24:23)
    at async wrappedCondFn (/opt/homebrew/lib/node_modules/appium/node_modules/@appium/base-driver/build/lib/basedriver/commands/timeout.js:97:20)
    at async spin (/opt/homebrew/lib/node_modules/appium/node_modules/asyncbox/build/lib/asyncbox.js:174:24)
    at async waitForCondition (/opt/homebrew/lib/node_modules/appium/node_modules/asyncbox/build/lib/asyncbox.js:192:12)
    at async AndroidUiautomator2Driver.implicitWaitForCondition (/opt/homebrew/lib/node_modules/appium/node_modules/@appium/base-driver/build/lib/basedriver/commands/timeout.js:99:16)
    at async AndroidUiautomator2Driver.findElOrEls (/Users/vc.rajdeep.kumar/.appium/node_modules/appium-uiautomator2-driver/node_modules/appium-android-driver/build/lib/commands/find.js:45:9)
    at async AndroidUiautomator2Driver.findElOrElsWithProcessing (/opt/homebrew/lib/node_modules/appium/node_modules/@appium/base-driver/build/lib/basedriver/commands/find.js:12:16)
    at async AndroidUiautomator2Driver.findElement (/opt/homebrew/lib/node_modules/appium/node_modules/@appium/base-driver/build/lib/basedriver/commands/find.js:27:16)
2026-08-17 14:18:28 [ERROR   ] screenshot_utils.py:64 — Screenshot capture failed: Message: 'GET /screenshot' cannot be proxied to UiAutomator2 server because the instrumentation process is not running (probably crashed). Check the server log and/or the logcat output for more details
Stacktrace:
UnknownError: 'GET /screenshot' cannot be proxied to UiAutomator2 server because the instrumentation process is not running (probably crashed). Check the server log and/or the logcat output for more details
    at UIA2Proxy.command (/opt/homebrew/lib/node_modules/appium/node_modules/@appium/base-driver/build/lib/jsonwp-proxy/proxy.js:272:19)
    at process.processTicksAndRejections (node:internal/process/task_queues:104:5)
    at async AndroidUiautomator2Driver.getScreenshot (/Users/vc.rajdeep.kumar/.appium/node_modules/appium-uiautomator2-driver/build/lib/commands/screenshot.js:72:19)
2026-08-17 14:18:28 [ERROR   ] screenshot_utils.py:87 — Page source save failed: Message: 'GET /session/4374800d-1e8d-4dac-ac8b-3cd1fea513ac/source' cannot be proxied to UiAutomator2 server because the instrumentation process is not running (probably crashed). Check the server log and/or the logcat output for more details
Stacktrace:
InvalidContextError: 'GET /session/4374800d-1e8d-4dac-ac8b-3cd1fea513ac/source' cannot be proxied to UiAutomator2 server because the instrumentation process is not running (probably crashed). Check the server log and/or the logcat output for more details
    at UIA2Proxy.proxyCommand (/Users/vc.rajdeep.kumar/.appium/node_modules/appium-uiautomator2-driver/build/lib/uiautomator2.js:32:19)
    at UIA2Proxy.proxyReqRes (/opt/homebrew/lib/node_modules/appium/node_modules/@appium/base-driver/build/lib/jsonwp-proxy/proxy.js:325:49)
    at runCommandPromise (/opt/homebrew/lib/node_modules/appium/node_modules/@appium/base-driver/build/lib/basedriver/driver.js:121:30)
    at /opt/homebrew/lib/node_modules/appium/node_modules/async-lock/lib/index.js:171:12
    at AsyncLock._promiseTry (/opt/homebrew/lib/node_modules/appium/node_modules/async-lock/lib/index.js:306:31)
    at exec (/opt/homebrew/lib/node_modules/appium/node_modules/async-lock/lib/index.js:170:9)
    at AsyncLock.acquire (/opt/homebrew/lib/node_modules/appium/node_modules/async-lock/lib/index.js:189:3)
    at AndroidUiautomator2Driver.executeCommand (/opt/homebrew/lib/node_modules/appium/node_modules/@appium/base-driver/build/lib/basedriver/driver.js:161:45)
    at process.processTicksAndRejections (node:internal/process/task_queues:104:5)
    at async defaultBehavior (/opt/homebrew/lib/node_modules/appium/build/lib/appium.js:634:20)
    at async AppiumDriver.executeWrappedCommand (/opt/homebrew/lib/node_modules/appium/build/lib/appium.js:726:22)
    at async AppiumDriver.executeCommand (/opt/homebrew/lib/node_modules/appium/build/lib/appium.js:645:21)
    at async doJwpProxy (/opt/homebrew/lib/node_modules/appium/node_modules/@appium/base-driver/build/lib/protocol/protocol.js:476:9)
    at async asyncHandler (/opt/homebrew/lib/node_modules/appium/node_modules/@appium/base-driver/build/lib/protocol/protocol.js:307:21)
2026-08-17 14:18:28 [ERROR   ] screenshot_utils.py:64 — Screenshot capture failed: Message: 'GET /screenshot' cannot be proxied to UiAutomator2 server because the instrumentation process is not running (probably crashed). Check the server log and/or the logcat output for more details
Stacktrace:
UnknownError: 'GET /screenshot' cannot be proxied to UiAutomator2 server because the instrumentation process is not running (probably crashed). Check the server log and/or the logcat output for more details
    at UIA2Proxy.command (/opt/homebrew/lib/node_modules/appium/node_modules/@appium/base-driver/build/lib/jsonwp-proxy/proxy.js:272:19)
    at process.processTicksAndRejections (node:internal/process/task_queues:104:5)
    at async AndroidUiautomator2Driver.getScreenshot (/Users/vc.rajdeep.kumar/.appium/node_modules/appium-uiautomator2-driver/build/lib/commands/screenshot.js:72:19)
2026-08-17 14:18:28 [ERROR   ] screenshot_utils.py:87 — Page source save failed: Message: 'GET /session/4374800d-1e8d-4dac-ac8b-3cd1fea513ac/source' cannot be proxied to UiAutomator2 server because the instrumentation process is not running (probably crashed). Check the server log and/or the logcat output for more details
Stacktrace:
InvalidContextError: 'GET /session/4374800d-1e8d-4dac-ac8b-3cd1fea513ac/source' cannot be proxied to UiAutomator2 server because the instrumentation process is not running (probably crashed). Check the server log and/or the logcat output for more details
    at UIA2Proxy.proxyCommand (/Users/vc.rajdeep.kumar/.appium/node_modules/appium-uiautomator2-driver/build/lib/uiautomator2.js:32:19)
    at UIA2Proxy.proxyReqRes (/opt/homebrew/lib/node_modules/appium/node_modules/@appium/base-driver/build/lib/jsonwp-proxy/proxy.js:325:49)
    at runCommandPromise (/opt/homebrew/lib/node_modules/appium/node_modules/@appium/base-driver/build/lib/basedriver/driver.js:121:30)
    at /opt/homebrew/lib/node_modules/appium/node_modules/async-lock/lib/index.js:171:12
    at AsyncLock._promiseTry (/opt/homebrew/lib/node_modules/appium/node_modules/async-lock/lib/index.js:306:31)
    at exec (/opt/homebrew/lib/node_modules/appium/node_modules/async-lock/lib/index.js:170:9)
    at AsyncLock.acquire (/opt/homebrew/lib/node_modules/appium/node_modules/async-lock/lib/index.js:189:3)
    at AndroidUiautomator2Driver.executeCommand (/opt/homebrew/lib/node_modules/appium/node_modules/@appium/base-driver/build/lib/basedriver/driver.js:161:45)
    at process.processTicksAndRejections (node:internal/process/task_queues:104:5)
    at async defaultBehavior (/opt/homebrew/lib/node_modules/appium/build/lib/appium.js:634:20)
    at async AppiumDriver.executeWrappedCommand (/opt/homebrew/lib/node_modules/appium/build/lib/appium.js:726:22)
    at async AppiumDriver.executeCommand (/opt/homebrew/lib/node_modules/appium/build/lib/appium.js:645:21)
    at async doJwpProxy (/opt/homebrew/lib/node_modules/appium/node_modules/@appium/base-driver/build/lib/protocol/protocol.js:476:9)
    at async asyncHandler (/opt/homebrew/lib/node_modules/appium/node_modules/@appium/base-driver/build/lib/protocol/protocol.js:307:21)
2026-08-17 14:18:28 [ERROR   ] conftest.py:419 — Test FAILED: test_like_then_unlike_video
2026-08-17 14:18:28 [INFO    ] conftest.py:326 — Closing driver session.
2026-08-17 14:18:34 [INFO    ] conftest.py:291 — ==================================================
2026-08-17 14:18:34 [INFO    ] conftest.py:292 — DRIVER SETUP START
2026-08-17 14:18:34 [INFO    ] conftest.py:293 — ==================================================
2026-08-17 14:18:34 [INFO    ] conftest.py:158 — Driver creation attempt 1/3
2026-08-17 14:18:35 [INFO    ] driver_factory.py:53 — ========== DRIVER CREATION START ==========
2026-08-17 14:18:35 [INFO    ] driver_factory.py:70 — Device: emulator | Env: qa | Platform: Android
2026-08-17 14:18:35 [INFO    ] driver_factory.py:136 — Device Name: Android Emulator
2026-08-17 14:18:35 [INFO    ] driver_factory.py:137 — UDID: emulator-5554
2026-08-17 14:18:35 [INFO    ] driver_factory.py:151 — App Package: com.zee5.hipi (noReset=true, activity not set)
2026-08-17 14:18:40 [INFO    ] driver_factory.py:112 — App launched by driver. Waiting for stabilization...
2026-08-17 14:18:42 [INFO    ] driver_factory.py:115 — ========== DRIVER CREATED SUCCESSFULLY ==========
2026-08-17 14:18:42 [INFO    ] conftest.py:302 — Driver created successfully.
2026-08-17 14:18:45 [INFO    ] popup_handler.py:122 — Checking for 'Get Started' screen...
2026-08-17 14:18:49 [INFO    ] popup_handler.py:134 — 'Get Started' screen not present — skipping.
2026-08-17 14:18:49 [INFO    ] conftest.py:217 — App readiness probe: HiPi is in foreground (com.zee5.hipi).
2026-08-17 14:18:49 [INFO    ] conftest.py:315 — DRIVER SETUP COMPLETE
2026-08-17 14:18:49 [INFO    ] base_test.py:20 — BaseTest setup completed.
2026-08-17 14:18:49 [INFO    ] base_test.py:58 — login_and_reach_feed: START
2026-08-17 14:18:49 [INFO    ] base_test.py:30 — Logging in as default test user.
2026-08-17 14:18:49 [INFO    ] login_page.py:591 — ========== LOGIN FLOW START ==========
2026-08-17 14:18:50 [INFO    ] login_page.py:43 — Opening profile tab
2026-08-17 14:18:51 [INFO    ] login_page.py:53 — Profile tab open attempt 1/2
2026-08-17 14:18:51 [INFO    ] base_page.py:110 — Clicked: ('xpath', "//android.view.View[@clickable='true'][.//android.widget.TextView[@text='Profile']]")
2026-08-17 14:18:58 [ERROR   ] base_page.py:92 — None of the candidate locators became visible within 6s. Candidates: [('-android uiautomator', 'new UiSelector().textContains("Continue")'), ('class name', 'android.widget.EditText')]. Last error: None
2026-08-17 14:19:02 [INFO    ] screenshot_utils.py:60 — Screenshot saved: reports/screenshots/wait_for_any_visible_failed_20260817_141858.png
2026-08-17 14:19:02 [INFO    ] screenshot_utils.py:83 — Page source saved: reports/screenshots/wait_for_any_visible_failed_20260817_141902.xml
2026-08-17 14:19:03 [INFO    ] login_page.py:200 — Already logged in — 'Edit Profile' visible. noReset=true preserved a previous session. Navigating to home feed.
2026-08-17 14:19:04 [INFO    ] base_page.py:110 — Clicked: ('xpath', "//android.view.View[@clickable='true'][.//android.widget.TextView[@text='Home']]")
2026-08-17 14:19:04 [INFO    ] login_page.py:211 — Navigated to home tab.
2026-08-17 14:19:04 [INFO    ] login_page.py:608 — ========== LOGIN SKIPPED (ALREADY LOGGED IN) ==========
2026-08-17 14:19:04 [INFO    ] login_page.py:548 — Validating home page
2026-08-17 14:19:08 [INFO    ] login_page.py:558 — Home page displayed (exo_content_frame visible)
2026-08-17 14:19:08 [INFO    ] base_test.py:63 — login_and_reach_feed: COMPLETE
2026-08-17 14:19:08 [INFO    ] feed_page.py:347 — Adding comment: Awesome 🔥
2026-08-17 14:19:08 [INFO    ] feed_page.py:237 — Opening comment sheet
2026-08-17 14:19:10 [INFO    ] base_page.py:110 — Clicked: ('-android uiautomator', 'new UiSelector().className("android.widget.Button").instance(1)')
2026-08-17 14:19:12 [ERROR   ] feed_page.py:259 — Open comment sheet failed: Message: Could not proxy command to the remote server. Original error: socket hang up
Stacktrace:
UnknownError: Could not proxy command to the remote server. Original error: socket hang up
    at ProxyRequestError.getActualError (/opt/homebrew/lib/node_modules/appium/node_modules/@appium/base-driver/build/lib/protocol/errors.js:692:16)
    at UIA2Proxy.command (/opt/homebrew/lib/node_modules/appium/node_modules/@appium/base-driver/build/lib/jsonwp-proxy/proxy.js:270:27)
    at process.processTicksAndRejections (node:internal/process/task_queues:104:5)
    at async AndroidUiautomator2Driver.doFindElementOrEls (/Users/vc.rajdeep.kumar/.appium/node_modules/appium-uiautomator2-driver/build/lib/commands/find.js:24:13)
    at async doFind (/Users/vc.rajdeep.kumar/.appium/node_modules/appium-uiautomator2-driver/node_modules/appium-android-driver/build/lib/commands/find.js:24:23)
    at async wrappedCondFn (/opt/homebrew/lib/node_modules/appium/node_modules/@appium/base-driver/build/lib/basedriver/commands/timeout.js:97:20)
    at async spin (/opt/homebrew/lib/node_modules/appium/node_modules/asyncbox/build/lib/asyncbox.js:174:24)
    at async waitForCondition (/opt/homebrew/lib/node_modules/appium/node_modules/asyncbox/build/lib/asyncbox.js:192:12)
    at async AndroidUiautomator2Driver.implicitWaitForCondition (/opt/homebrew/lib/node_modules/appium/node_modules/@appium/base-driver/build/lib/basedriver/commands/timeout.js:99:16)
    at async AndroidUiautomator2Driver.findElOrEls (/Users/vc.rajdeep.kumar/.appium/node_modules/appium-uiautomator2-driver/node_modules/appium-android-driver/build/lib/commands/find.js:45:9)
    at async AndroidUiautomator2Driver.findElOrElsWithProcessing (/opt/homebrew/lib/node_modules/appium/node_modules/@appium/base-driver/build/lib/basedriver/commands/find.js:12:16)
    at async AndroidUiautomator2Driver.findElement (/opt/homebrew/lib/node_modules/appium/node_modules/@appium/base-driver/build/lib/basedriver/commands/find.js:27:16)
2026-08-17 14:19:12 [ERROR   ] screenshot_utils.py:64 — Screenshot capture failed: Message: 'GET /screenshot' cannot be proxied to UiAutomator2 server because the instrumentation process is not running (probably crashed). Check the server log and/or the logcat output for more details
Stacktrace:
UnknownError: 'GET /screenshot' cannot be proxied to UiAutomator2 server because the instrumentation process is not running (probably crashed). Check the server log and/or the logcat output for more details
    at UIA2Proxy.command (/opt/homebrew/lib/node_modules/appium/node_modules/@appium/base-driver/build/lib/jsonwp-proxy/proxy.js:272:19)
    at process.processTicksAndRejections (node:internal/process/task_queues:104:5)
    at async AndroidUiautomator2Driver.getScreenshot (/Users/vc.rajdeep.kumar/.appium/node_modules/appium-uiautomator2-driver/build/lib/commands/screenshot.js:72:19)
2026-08-17 14:19:12 [ERROR   ] screenshot_utils.py:87 — Page source save failed: Message: 'GET /session/2be491f9-5a55-49ae-a028-25944666e6a6/source' cannot be proxied to UiAutomator2 server because the instrumentation process is not running (probably crashed). Check the server log and/or the logcat output for more details
Stacktrace:
InvalidContextError: 'GET /session/2be491f9-5a55-49ae-a028-25944666e6a6/source' cannot be proxied to UiAutomator2 server because the instrumentation process is not running (probably crashed). Check the server log and/or the logcat output for more details
    at UIA2Proxy.proxyCommand (/Users/vc.rajdeep.kumar/.appium/node_modules/appium-uiautomator2-driver/build/lib/uiautomator2.js:32:19)
    at UIA2Proxy.proxyReqRes (/opt/homebrew/lib/node_modules/appium/node_modules/@appium/base-driver/build/lib/jsonwp-proxy/proxy.js:325:49)
    at runCommandPromise (/opt/homebrew/lib/node_modules/appium/node_modules/@appium/base-driver/build/lib/basedriver/driver.js:121:30)
    at /opt/homebrew/lib/node_modules/appium/node_modules/async-lock/lib/index.js:171:12
    at AsyncLock._promiseTry (/opt/homebrew/lib/node_modules/appium/node_modules/async-lock/lib/index.js:306:31)
    at exec (/opt/homebrew/lib/node_modules/appium/node_modules/async-lock/lib/index.js:170:9)
    at AsyncLock.acquire (/opt/homebrew/lib/node_modules/appium/node_modules/async-lock/lib/index.js:189:3)
    at AndroidUiautomator2Driver.executeCommand (/opt/homebrew/lib/node_modules/appium/node_modules/@appium/base-driver/build/lib/basedriver/driver.js:161:45)
    at process.processTicksAndRejections (node:internal/process/task_queues:104:5)
    at async defaultBehavior (/opt/homebrew/lib/node_modules/appium/build/lib/appium.js:634:20)
    at async AppiumDriver.executeWrappedCommand (/opt/homebrew/lib/node_modules/appium/build/lib/appium.js:726:22)
    at async AppiumDriver.executeCommand (/opt/homebrew/lib/node_modules/appium/build/lib/appium.js:645:21)
    at async doJwpProxy (/opt/homebrew/lib/node_modules/appium/node_modules/@appium/base-driver/build/lib/protocol/protocol.js:476:9)
    at async asyncHandler (/opt/homebrew/lib/node_modules/appium/node_modules/@appium/base-driver/build/lib/protocol/protocol.js:307:21)
2026-08-17 14:19:12 [ERROR   ] feed_page.py:384 — Add comment failed: Message: Could not proxy command to the remote server. Original error: socket hang up
Stacktrace:
UnknownError: Could not proxy command to the remote server. Original error: socket hang up
    at ProxyRequestError.getActualError (/opt/homebrew/lib/node_modules/appium/node_modules/@appium/base-driver/build/lib/protocol/errors.js:692:16)
    at UIA2Proxy.command (/opt/homebrew/lib/node_modules/appium/node_modules/@appium/base-driver/build/lib/jsonwp-proxy/proxy.js:270:27)
    at process.processTicksAndRejections (node:internal/process/task_queues:104:5)
    at async AndroidUiautomator2Driver.doFindElementOrEls (/Users/vc.rajdeep.kumar/.appium/node_modules/appium-uiautomator2-driver/build/lib/commands/find.js:24:13)
    at async doFind (/Users/vc.rajdeep.kumar/.appium/node_modules/appium-uiautomator2-driver/node_modules/appium-android-driver/build/lib/commands/find.js:24:23)
    at async wrappedCondFn (/opt/homebrew/lib/node_modules/appium/node_modules/@appium/base-driver/build/lib/basedriver/commands/timeout.js:97:20)
    at async spin (/opt/homebrew/lib/node_modules/appium/node_modules/asyncbox/build/lib/asyncbox.js:174:24)
    at async waitForCondition (/opt/homebrew/lib/node_modules/appium/node_modules/asyncbox/build/lib/asyncbox.js:192:12)
    at async AndroidUiautomator2Driver.implicitWaitForCondition (/opt/homebrew/lib/node_modules/appium/node_modules/@appium/base-driver/build/lib/basedriver/commands/timeout.js:99:16)
    at async AndroidUiautomator2Driver.findElOrEls (/Users/vc.rajdeep.kumar/.appium/node_modules/appium-uiautomator2-driver/node_modules/appium-android-driver/build/lib/commands/find.js:45:9)
    at async AndroidUiautomator2Driver.findElOrElsWithProcessing (/opt/homebrew/lib/node_modules/appium/node_modules/@appium/base-driver/build/lib/basedriver/commands/find.js:12:16)
    at async AndroidUiautomator2Driver.findElement (/opt/homebrew/lib/node_modules/appium/node_modules/@appium/base-driver/build/lib/basedriver/commands/find.js:27:16)
2026-08-17 14:19:12 [ERROR   ] screenshot_utils.py:64 — Screenshot capture failed: Message: 'GET /screenshot' cannot be proxied to UiAutomator2 server because the instrumentation process is not running (probably crashed). Check the server log and/or the logcat output for more details
Stacktrace:
UnknownError: 'GET /screenshot' cannot be proxied to UiAutomator2 server because the instrumentation process is not running (probably crashed). Check the server log and/or the logcat output for more details
    at UIA2Proxy.command (/opt/homebrew/lib/node_modules/appium/node_modules/@appium/base-driver/build/lib/jsonwp-proxy/proxy.js:272:19)
    at process.processTicksAndRejections (node:internal/process/task_queues:104:5)
    at async AndroidUiautomator2Driver.getScreenshot (/Users/vc.rajdeep.kumar/.appium/node_modules/appium-uiautomator2-driver/build/lib/commands/screenshot.js:72:19)
2026-08-17 14:19:12 [ERROR   ] screenshot_utils.py:87 — Page source save failed: Message: 'GET /session/2be491f9-5a55-49ae-a028-25944666e6a6/source' cannot be proxied to UiAutomator2 server because the instrumentation process is not running (probably crashed). Check the server log and/or the logcat output for more details
Stacktrace:
InvalidContextError: 'GET /session/2be491f9-5a55-49ae-a028-25944666e6a6/source' cannot be proxied to UiAutomator2 server because the instrumentation process is not running (probably crashed). Check the server log and/or the logcat output for more details
    at UIA2Proxy.proxyCommand (/Users/vc.rajdeep.kumar/.appium/node_modules/appium-uiautomator2-driver/build/lib/uiautomator2.js:32:19)
    at UIA2Proxy.proxyReqRes (/opt/homebrew/lib/node_modules/appium/node_modules/@appium/base-driver/build/lib/jsonwp-proxy/proxy.js:325:49)
    at runCommandPromise (/opt/homebrew/lib/node_modules/appium/node_modules/@appium/base-driver/build/lib/basedriver/driver.js:121:30)
    at /opt/homebrew/lib/node_modules/appium/node_modules/async-lock/lib/index.js:171:12
    at AsyncLock._promiseTry (/opt/homebrew/lib/node_modules/appium/node_modules/async-lock/lib/index.js:306:31)
    at exec (/opt/homebrew/lib/node_modules/appium/node_modules/async-lock/lib/index.js:170:9)
    at AsyncLock.acquire (/opt/homebrew/lib/node_modules/appium/node_modules/async-lock/lib/index.js:189:3)
    at AndroidUiautomator2Driver.executeCommand (/opt/homebrew/lib/node_modules/appium/node_modules/@appium/base-driver/build/lib/basedriver/driver.js:161:45)
    at process.processTicksAndRejections (node:internal/process/task_queues:104:5)
    at async defaultBehavior (/opt/homebrew/lib/node_modules/appium/build/lib/appium.js:634:20)
    at async AppiumDriver.executeWrappedCommand (/opt/homebrew/lib/node_modules/appium/build/lib/appium.js:726:22)
    at async AppiumDriver.executeCommand (/opt/homebrew/lib/node_modules/appium/build/lib/appium.js:645:21)
    at async doJwpProxy (/opt/homebrew/lib/node_modules/appium/node_modules/@appium/base-driver/build/lib/protocol/protocol.js:476:9)
    at async asyncHandler (/opt/homebrew/lib/node_modules/appium/node_modules/@appium/base-driver/build/lib/protocol/protocol.js:307:21)
2026-08-17 14:19:12 [ERROR   ] screenshot_utils.py:64 — Screenshot capture failed: Message: 'GET /screenshot' cannot be proxied to UiAutomator2 server because the instrumentation process is not running (probably crashed). Check the server log and/or the logcat output for more details
Stacktrace:
UnknownError: 'GET /screenshot' cannot be proxied to UiAutomator2 server because the instrumentation process is not running (probably crashed). Check the server log and/or the logcat output for more details
    at UIA2Proxy.command (/opt/homebrew/lib/node_modules/appium/node_modules/@appium/base-driver/build/lib/jsonwp-proxy/proxy.js:272:19)
    at process.processTicksAndRejections (node:internal/process/task_queues:104:5)
    at async AndroidUiautomator2Driver.getScreenshot (/Users/vc.rajdeep.kumar/.appium/node_modules/appium-uiautomator2-driver/build/lib/commands/screenshot.js:72:19)
2026-08-17 14:19:12 [ERROR   ] screenshot_utils.py:87 — Page source save failed: Message: 'GET /session/2be491f9-5a55-49ae-a028-25944666e6a6/source' cannot be proxied to UiAutomator2 server because the instrumentation process is not running (probably crashed). Check the server log and/or the logcat output for more details
Stacktrace:
InvalidContextError: 'GET /session/2be491f9-5a55-49ae-a028-25944666e6a6/source' cannot be proxied to UiAutomator2 server because the instrumentation process is not running (probably crashed). Check the server log and/or the logcat output for more details
    at UIA2Proxy.proxyCommand (/Users/vc.rajdeep.kumar/.appium/node_modules/appium-uiautomator2-driver/build/lib/uiautomator2.js:32:19)
    at UIA2Proxy.proxyReqRes (/opt/homebrew/lib/node_modules/appium/node_modules/@appium/base-driver/build/lib/jsonwp-proxy/proxy.js:325:49)
    at runCommandPromise (/opt/homebrew/lib/node_modules/appium/node_modules/@appium/base-driver/build/lib/basedriver/driver.js:121:30)
    at /opt/homebrew/lib/node_modules/appium/node_modules/async-lock/lib/index.js:171:12
    at AsyncLock._promiseTry (/opt/homebrew/lib/node_modules/appium/node_modules/async-lock/lib/index.js:306:31)
    at exec (/opt/homebrew/lib/node_modules/appium/node_modules/async-lock/lib/index.js:170:9)
    at AsyncLock.acquire (/opt/homebrew/lib/node_modules/appium/node_modules/async-lock/lib/index.js:189:3)
    at AndroidUiautomator2Driver.executeCommand (/opt/homebrew/lib/node_modules/appium/node_modules/@appium/base-driver/build/lib/basedriver/driver.js:161:45)
    at process.processTicksAndRejections (node:internal/process/task_queues:104:5)
    at async defaultBehavior (/opt/homebrew/lib/node_modules/appium/build/lib/appium.js:634:20)
    at async AppiumDriver.executeWrappedCommand (/opt/homebrew/lib/node_modules/appium/build/lib/appium.js:726:22)
    at async AppiumDriver.executeCommand (/opt/homebrew/lib/node_modules/appium/build/lib/appium.js:645:21)
    at async doJwpProxy (/opt/homebrew/lib/node_modules/appium/node_modules/@appium/base-driver/build/lib/protocol/protocol.js:476:9)
    at async asyncHandler (/opt/homebrew/lib/node_modules/appium/node_modules/@appium/base-driver/build/lib/protocol/protocol.js:307:21)
2026-08-17 14:19:12 [ERROR   ] conftest.py:419 — Test FAILED: test_add_comment
2026-08-17 14:19:12 [INFO    ] conftest.py:326 — Closing driver session.
2026-08-17 14:19:12 [INFO    ] conftest.py:291 — ==================================================
2026-08-17 14:19:12 [INFO    ] conftest.py:292 — DRIVER SETUP START
2026-08-17 14:19:12 [INFO    ] conftest.py:293 — ==================================================
2026-08-17 14:19:12 [INFO    ] conftest.py:158 — Driver creation attempt 1/3
2026-08-17 14:19:16 [INFO    ] driver_factory.py:53 — ========== DRIVER CREATION START ==========
2026-08-17 14:19:16 [INFO    ] driver_factory.py:70 — Device: emulator | Env: qa | Platform: Android
2026-08-17 14:19:16 [INFO    ] driver_factory.py:136 — Device Name: Android Emulator
2026-08-17 14:19:16 [INFO    ] driver_factory.py:137 — UDID: emulator-5554
2026-08-17 14:19:16 [INFO    ] driver_factory.py:151 — App Package: com.zee5.hipi (noReset=true, activity not set)
2026-08-17 14:19:22 [INFO    ] driver_factory.py:112 — App launched by driver. Waiting for stabilization...
2026-08-17 14:19:24 [INFO    ] driver_factory.py:115 — ========== DRIVER CREATED SUCCESSFULLY ==========
2026-08-17 14:19:24 [INFO    ] conftest.py:302 — Driver created successfully.
2026-08-17 14:19:28 [INFO    ] popup_handler.py:122 — Checking for 'Get Started' screen...
2026-08-17 14:19:31 [INFO    ] popup_handler.py:134 — 'Get Started' screen not present — skipping.
2026-08-17 14:19:31 [INFO    ] conftest.py:217 — App readiness probe: HiPi is in foreground (com.zee5.hipi).
2026-08-17 14:19:31 [INFO    ] conftest.py:315 — DRIVER SETUP COMPLETE
2026-08-17 14:19:31 [INFO    ] base_test.py:20 — BaseTest setup completed.
2026-08-17 14:19:31 [INFO    ] base_test.py:58 — login_and_reach_feed: START
2026-08-17 14:19:31 [INFO    ] base_test.py:30 — Logging in as default test user.
2026-08-17 14:19:31 [INFO    ] login_page.py:591 — ========== LOGIN FLOW START ==========
2026-08-17 14:19:32 [INFO    ] login_page.py:43 — Opening profile tab
2026-08-17 14:19:33 [INFO    ] login_page.py:53 — Profile tab open attempt 1/2
2026-08-17 14:19:42 [ERROR   ] base_page.py:59 — Element not clickable after 8s: ('xpath', "//android.view.View[@clickable='true'][.//android.widget.TextView[@text='Profile']]")
2026-08-17 14:19:42 [INFO    ] screenshot_utils.py:60 — Screenshot saved: reports/screenshots/element_not_clickable___android.view.View__clickable=_true___.__android.widget.TextView__text=_Profile____20260817_141942.png
2026-08-17 14:19:43 [INFO    ] screenshot_utils.py:83 — Page source saved: reports/screenshots/element_not_clickable___android.view.View__clickable=_true___.__android.widget.TextView__text=_Profile____20260817_141942.xml
2026-08-17 14:19:43 [ERROR   ] base_page.py:118 — Click failed on attempt 1 for ('xpath', "//android.view.View[@clickable='true'][.//android.widget.TextView[@text='Profile']]"): Message: 
Stacktrace:
NoSuchElementError: An element could not be located on the page using the given search parameters.
    at AndroidUiautomator2Driver.findElOrEls (/Users/vc.rajdeep.kumar/.appium/node_modules/appium-uiautomator2-driver/node_modules/appium-android-driver/build/lib/commands/find.js:62:15)
    at process.processTicksAndRejections (node:internal/process/task_queues:104:5)
    at async AndroidUiautomator2Driver.findElOrElsWithProcessing (/opt/homebrew/lib/node_modules/appium/node_modules/@appium/base-driver/build/lib/basedriver/commands/find.js:12:16)
    at async AndroidUiautomator2Driver.findElement (/opt/homebrew/lib/node_modules/appium/node_modules/@appium/base-driver/build/lib/basedriver/commands/find.js:27:16)
2026-08-17 14:19:43 [WARNING ] base_page.py:262 — Attempting to recover application state...
2026-08-17 14:19:46 [INFO    ] base_page.py:266 — App recovery attempt completed.
2026-08-17 14:19:46 [INFO    ] screenshot_utils.py:60 — Screenshot saved: reports/screenshots/click_failed_20260817_141946.png
2026-08-17 14:19:46 [INFO    ] screenshot_utils.py:83 — Page source saved: reports/screenshots/click_failed_20260817_141946.xml
2026-08-17 14:19:46 [WARNING ] login_page.py:98 — Element-based click failed: Unable to click ('xpath', "//android.view.View[@clickable='true'][.//android.widget.TextView[@text='Profile']]") after 1 retries. Last exception: Message: 
Stacktrace:
NoSuchElementError: An element could not be located on the page using the given search parameters.
    at AndroidUiautomator2Driver.findElOrEls (/Users/vc.rajdeep.kumar/.appium/node_modules/appium-uiautomator2-driver/node_modules/appium-android-driver/build/lib/commands/find.js:62:15)
    at process.processTicksAndRejections (node:internal/process/task_queues:104:5)
    at async AndroidUiautomator2Driver.findElOrElsWithProcessing (/opt/homebrew/lib/node_modules/appium/node_modules/@appium/base-driver/build/lib/basedriver/commands/find.js:12:16)
    at async AndroidUiautomator2Driver.findElement (/opt/homebrew/lib/node_modules/appium/node_modules/@appium/base-driver/build/lib/basedriver/commands/find.js:27:16)
2026-08-17 14:19:55 [ERROR   ] base_page.py:50 — Element not visible after 8s: ('-android uiautomator', 'new UiSelector().text("Edit Profile")')
2026-08-17 14:19:55 [INFO    ] screenshot_utils.py:60 — Screenshot saved: reports/screenshots/element_not_visible_new UiSelector().text(_Edit Profile_)_20260817_141955.png
2026-08-17 14:19:55 [INFO    ] screenshot_utils.py:83 — Page source saved: reports/screenshots/element_not_visible_new UiSelector().text(_Edit Profile_)_20260817_141955.xml
2026-08-17 14:19:59 [ERROR   ] base_page.py:50 — Element not visible after 3s: ('id', 'com.zee5.hipi:id/exo_content_frame')
2026-08-17 14:19:59 [INFO    ] screenshot_utils.py:60 — Screenshot saved: reports/screenshots/element_not_visible_com.zee5.hipi_id_exo_content_frame_20260817_141959.png
2026-08-17 14:19:59 [INFO    ] screenshot_utils.py:83 — Page source saved: reports/screenshots/element_not_visible_com.zee5.hipi_id_exo_content_frame_20260817_141959.xml
2026-08-17 14:19:59 [INFO    ] gestures.py:29 — Tap performed at X:760 Y:2246
2026-08-17 14:20:00 [INFO    ] base_page.py:84 — wait_for_any_visible matched: ('class name', 'android.widget.EditText')
2026-08-17 14:20:00 [INFO    ] login_page.py:147 — Profile tab opened (coordinate tap, verified)
2026-08-17 14:20:05 [ERROR   ] base_page.py:50 — Element not visible after 5s: ('-android uiautomator', 'new UiSelector().textContains("Continue")')
2026-08-17 14:20:06 [INFO    ] screenshot_utils.py:60 — Screenshot saved: reports/screenshots/element_not_visible_new UiSelector().textContains(_Continue_)_20260817_142005.png
2026-08-17 14:20:07 [INFO    ] screenshot_utils.py:83 — Page source saved: reports/screenshots/element_not_visible_new UiSelector().textContains(_Continue_)_20260817_142006.xml
2026-08-17 14:20:07 [INFO    ] login_page.py:276 — Entering mobile number: 9876543210
2026-08-17 14:20:07 [INFO    ] base_page.py:136 — Entered text '9876543210' into ('class name', 'android.widget.EditText')
2026-08-17 14:20:10 [INFO    ] login_page.py:290 — Mobile number entered
2026-08-17 14:20:10 [INFO    ] login_page.py:315 — Clicking proceed button
2026-08-17 14:20:20 [ERROR   ] base_page.py:59 — Element not clickable after 10s: ('accessibility id', 'Proceed')
2026-08-17 14:20:21 [INFO    ] screenshot_utils.py:60 — Screenshot saved: reports/screenshots/element_not_clickable_Proceed_20260817_142020.png
2026-08-17 14:20:21 [INFO    ] screenshot_utils.py:83 — Page source saved: reports/screenshots/element_not_clickable_Proceed_20260817_142021.xml
2026-08-17 14:20:21 [ERROR   ] base_page.py:118 — Click failed on attempt 1 for ('accessibility id', 'Proceed'): Message: 
Stacktrace:
NoSuchElementError: An element could not be located on the page using the given search parameters.
    at AndroidUiautomator2Driver.findElOrEls (/Users/vc.rajdeep.kumar/.appium/node_modules/appium-uiautomator2-driver/node_modules/appium-android-driver/build/lib/commands/find.js:62:15)
    at process.processTicksAndRejections (node:internal/process/task_queues:104:5)
    at async AndroidUiautomator2Driver.findElOrElsWithProcessing (/opt/homebrew/lib/node_modules/appium/node_modules/@appium/base-driver/build/lib/basedriver/commands/find.js:12:16)
    at async AndroidUiautomator2Driver.findElement (/opt/homebrew/lib/node_modules/appium/node_modules/@appium/base-driver/build/lib/basedriver/commands/find.js:27:16)
2026-08-17 14:20:21 [WARNING ] base_page.py:262 — Attempting to recover application state...
2026-08-17 14:20:24 [INFO    ] base_page.py:266 — App recovery attempt completed.
2026-08-17 14:20:34 [ERROR   ] base_page.py:59 — Element not clickable after 10s: ('accessibility id', 'Proceed')
2026-08-17 14:20:34 [INFO    ] screenshot_utils.py:60 — Screenshot saved: reports/screenshots/element_not_clickable_Proceed_20260817_142034.png
2026-08-17 14:20:35 [INFO    ] screenshot_utils.py:83 — Page source saved: reports/screenshots/element_not_clickable_Proceed_20260817_142034.xml
2026-08-17 14:20:35 [ERROR   ] base_page.py:118 — Click failed on attempt 2 for ('accessibility id', 'Proceed'): Message: 
Stacktrace:
NoSuchElementError: An element could not be located on the page using the given search parameters.
    at AndroidUiautomator2Driver.findElOrEls (/Users/vc.rajdeep.kumar/.appium/node_modules/appium-uiautomator2-driver/node_modules/appium-android-driver/build/lib/commands/find.js:62:15)
    at process.processTicksAndRejections (node:internal/process/task_queues:104:5)
    at async AndroidUiautomator2Driver.findElOrElsWithProcessing (/opt/homebrew/lib/node_modules/appium/node_modules/@appium/base-driver/build/lib/basedriver/commands/find.js:12:16)
    at async AndroidUiautomator2Driver.findElement (/opt/homebrew/lib/node_modules/appium/node_modules/@appium/base-driver/build/lib/basedriver/commands/find.js:27:16)
2026-08-17 14:20:35 [WARNING ] base_page.py:262 — Attempting to recover application state...
2026-08-17 14:20:38 [INFO    ] base_page.py:266 — App recovery attempt completed.
2026-08-17 14:20:48 [ERROR   ] base_page.py:59 — Element not clickable after 10s: ('accessibility id', 'Proceed')
2026-08-17 14:20:48 [INFO    ] screenshot_utils.py:60 — Screenshot saved: reports/screenshots/element_not_clickable_Proceed_20260817_142048.png
2026-08-17 14:20:48 [INFO    ] screenshot_utils.py:83 — Page source saved: reports/screenshots/element_not_clickable_Proceed_20260817_142048.xml
2026-08-17 14:20:48 [ERROR   ] base_page.py:118 — Click failed on attempt 3 for ('accessibility id', 'Proceed'): Message: 
Stacktrace:
NoSuchElementError: An element could not be located on the page using the given search parameters.
    at AndroidUiautomator2Driver.findElOrEls (/Users/vc.rajdeep.kumar/.appium/node_modules/appium-uiautomator2-driver/node_modules/appium-android-driver/build/lib/commands/find.js:62:15)
    at process.processTicksAndRejections (node:internal/process/task_queues:104:5)
    at async AndroidUiautomator2Driver.findElOrElsWithProcessing (/opt/homebrew/lib/node_modules/appium/node_modules/@appium/base-driver/build/lib/basedriver/commands/find.js:12:16)
    at async AndroidUiautomator2Driver.findElement (/opt/homebrew/lib/node_modules/appium/node_modules/@appium/base-driver/build/lib/basedriver/commands/find.js:27:16)
2026-08-17 14:20:48 [WARNING ] base_page.py:262 — Attempting to recover application state...
2026-08-17 14:20:51 [INFO    ] base_page.py:266 — App recovery attempt completed.
2026-08-17 14:20:52 [INFO    ] screenshot_utils.py:60 — Screenshot saved: reports/screenshots/click_failed_20260817_142051.png
2026-08-17 14:20:52 [INFO    ] screenshot_utils.py:83 — Page source saved: reports/screenshots/click_failed_20260817_142052.xml
2026-08-17 14:20:52 [ERROR   ] login_page.py:333 — Proceed button failed: Unable to click ('accessibility id', 'Proceed') after 3 retries. Last exception: Message: 
Stacktrace:
NoSuchElementError: An element could not be located on the page using the given search parameters.
    at AndroidUiautomator2Driver.findElOrEls (/Users/vc.rajdeep.kumar/.appium/node_modules/appium-uiautomator2-driver/node_modules/appium-android-driver/build/lib/commands/find.js:62:15)
    at process.processTicksAndRejections (node:internal/process/task_queues:104:5)
    at async AndroidUiautomator2Driver.findElOrElsWithProcessing (/opt/homebrew/lib/node_modules/appium/node_modules/@appium/base-driver/build/lib/basedriver/commands/find.js:12:16)
    at async AndroidUiautomator2Driver.findElement (/opt/homebrew/lib/node_modules/appium/node_modules/@appium/base-driver/build/lib/basedriver/commands/find.js:27:16)
2026-08-17 14:20:53 [INFO    ] screenshot_utils.py:60 — Screenshot saved: reports/screenshots/proceed_button_failed_20260817_142052.png
2026-08-17 14:20:53 [INFO    ] screenshot_utils.py:83 — Page source saved: reports/screenshots/proceed_button_failed_20260817_142053.xml
2026-08-17 14:20:53 [ERROR   ] login_page.py:725 — Login flow failed: Unable to click ('accessibility id', 'Proceed') after 3 retries. Last exception: Message: 
Stacktrace:
NoSuchElementError: An element could not be located on the page using the given search parameters.
    at AndroidUiautomator2Driver.findElOrEls (/Users/vc.rajdeep.kumar/.appium/node_modules/appium-uiautomator2-driver/node_modules/appium-android-driver/build/lib/commands/find.js:62:15)
    at process.processTicksAndRejections (node:internal/process/task_queues:104:5)
    at async AndroidUiautomator2Driver.findElOrElsWithProcessing (/opt/homebrew/lib/node_modules/appium/node_modules/@appium/base-driver/build/lib/basedriver/commands/find.js:12:16)
    at async AndroidUiautomator2Driver.findElement (/opt/homebrew/lib/node_modules/appium/node_modules/@appium/base-driver/build/lib/basedriver/commands/find.js:27:16)
2026-08-17 14:20:53 [INFO    ] screenshot_utils.py:60 — Screenshot saved: reports/screenshots/login_failed_20260817_142053.png
2026-08-17 14:20:53 [INFO    ] screenshot_utils.py:83 — Page source saved: reports/screenshots/login_failed_20260817_142053.xml
2026-08-17 14:20:54 [INFO    ] screenshot_utils.py:60 — Screenshot saved: reports/screenshots/test_add_comment_variants_comment_0__20260817_142053.png
2026-08-17 14:20:54 [INFO    ] screenshot_utils.py:83 — Page source saved: reports/screenshots/test_add_comment_variants_comment_0__20260817_142054.xml
2026-08-17 14:20:54 [ERROR   ] conftest.py:419 — Test FAILED: test_add_comment_variants[comment_0]
2026-08-17 14:20:54 [INFO    ] conftest.py:326 — Closing driver session.
2026-08-17 14:20:55 [INFO    ] conftest.py:291 — ==================================================
2026-08-17 14:20:55 [INFO    ] conftest.py:292 — DRIVER SETUP START
2026-08-17 14:20:55 [INFO    ] conftest.py:293 — ==================================================
2026-08-17 14:20:55 [INFO    ] conftest.py:158 — Driver creation attempt 1/3
2026-08-17 14:20:56 [INFO    ] driver_factory.py:53 — ========== DRIVER CREATION START ==========
2026-08-17 14:20:56 [INFO    ] driver_factory.py:70 — Device: emulator | Env: qa | Platform: Android
2026-08-17 14:20:56 [INFO    ] driver_factory.py:136 — Device Name: Android Emulator
2026-08-17 14:20:56 [INFO    ] driver_factory.py:137 — UDID: emulator-5554
2026-08-17 14:20:56 [INFO    ] driver_factory.py:151 — App Package: com.zee5.hipi (noReset=true, activity not set)
2026-08-17 14:21:01 [INFO    ] driver_factory.py:112 — App launched by driver. Waiting for stabilization...
2026-08-17 14:21:03 [INFO    ] driver_factory.py:115 — ========== DRIVER CREATED SUCCESSFULLY ==========
2026-08-17 14:21:03 [INFO    ] conftest.py:302 — Driver created successfully.
2026-08-17 14:21:06 [INFO    ] popup_handler.py:122 — Checking for 'Get Started' screen...
2026-08-17 14:21:09 [INFO    ] popup_handler.py:134 — 'Get Started' screen not present — skipping.
2026-08-17 14:21:10 [INFO    ] conftest.py:217 — App readiness probe: HiPi is in foreground (com.zee5.hipi).
2026-08-17 14:21:10 [INFO    ] conftest.py:315 — DRIVER SETUP COMPLETE
2026-08-17 14:21:10 [INFO    ] base_test.py:20 — BaseTest setup completed.
2026-08-17 14:21:10 [INFO    ] base_test.py:58 — login_and_reach_feed: START
2026-08-17 14:21:10 [INFO    ] base_test.py:30 — Logging in as default test user.
2026-08-17 14:21:10 [INFO    ] login_page.py:591 — ========== LOGIN FLOW START ==========
2026-08-17 14:21:11 [INFO    ] login_page.py:43 — Opening profile tab
2026-08-17 14:21:12 [INFO    ] login_page.py:53 — Profile tab open attempt 1/2
2026-08-17 14:21:20 [ERROR   ] base_page.py:59 — Element not clickable after 8s: ('xpath', "//android.view.View[@clickable='true'][.//android.widget.TextView[@text='Profile']]")
2026-08-17 14:21:21 [INFO    ] screenshot_utils.py:60 — Screenshot saved: reports/screenshots/element_not_clickable___android.view.View__clickable=_true___.__android.widget.TextView__text=_Profile____20260817_142120.png
2026-08-17 14:21:21 [INFO    ] screenshot_utils.py:83 — Page source saved: reports/screenshots/element_not_clickable___android.view.View__clickable=_true___.__android.widget.TextView__text=_Profile____20260817_142121.xml
2026-08-17 14:21:21 [ERROR   ] base_page.py:118 — Click failed on attempt 1 for ('xpath', "//android.view.View[@clickable='true'][.//android.widget.TextView[@text='Profile']]"): Message: 
Stacktrace:
NoSuchElementError: An element could not be located on the page using the given search parameters.
    at AndroidUiautomator2Driver.findElOrEls (/Users/vc.rajdeep.kumar/.appium/node_modules/appium-uiautomator2-driver/node_modules/appium-android-driver/build/lib/commands/find.js:62:15)
    at process.processTicksAndRejections (node:internal/process/task_queues:104:5)
    at async AndroidUiautomator2Driver.findElOrElsWithProcessing (/opt/homebrew/lib/node_modules/appium/node_modules/@appium/base-driver/build/lib/basedriver/commands/find.js:12:16)
    at async AndroidUiautomator2Driver.findElement (/opt/homebrew/lib/node_modules/appium/node_modules/@appium/base-driver/build/lib/basedriver/commands/find.js:27:16)
2026-08-17 14:21:21 [WARNING ] base_page.py:262 — Attempting to recover application state...
2026-08-17 14:21:24 [INFO    ] base_page.py:266 — App recovery attempt completed.
2026-08-17 14:21:25 [INFO    ] screenshot_utils.py:60 — Screenshot saved: reports/screenshots/click_failed_20260817_142124.png
2026-08-17 14:21:25 [INFO    ] screenshot_utils.py:83 — Page source saved: reports/screenshots/click_failed_20260817_142125.xml
2026-08-17 14:21:25 [WARNING ] login_page.py:98 — Element-based click failed: Unable to click ('xpath', "//android.view.View[@clickable='true'][.//android.widget.TextView[@text='Profile']]") after 1 retries. Last exception: Message: 
Stacktrace:
NoSuchElementError: An element could not be located on the page using the given search parameters.
    at AndroidUiautomator2Driver.findElOrEls (/Users/vc.rajdeep.kumar/.appium/node_modules/appium-uiautomator2-driver/node_modules/appium-android-driver/build/lib/commands/find.js:62:15)
    at process.processTicksAndRejections (node:internal/process/task_queues:104:5)
    at async AndroidUiautomator2Driver.findElOrElsWithProcessing (/opt/homebrew/lib/node_modules/appium/node_modules/@appium/base-driver/build/lib/basedriver/commands/find.js:12:16)
    at async AndroidUiautomator2Driver.findElement (/opt/homebrew/lib/node_modules/appium/node_modules/@appium/base-driver/build/lib/basedriver/commands/find.js:27:16)
2026-08-17 14:21:33 [ERROR   ] base_page.py:50 — Element not visible after 8s: ('-android uiautomator', 'new UiSelector().text("Edit Profile")')
2026-08-17 14:21:34 [INFO    ] screenshot_utils.py:60 — Screenshot saved: reports/screenshots/element_not_visible_new UiSelector().text(_Edit Profile_)_20260817_142133.png
2026-08-17 14:21:34 [INFO    ] screenshot_utils.py:83 — Page source saved: reports/screenshots/element_not_visible_new UiSelector().text(_Edit Profile_)_20260817_142134.xml
2026-08-17 14:21:37 [ERROR   ] base_page.py:50 — Element not visible after 3s: ('id', 'com.zee5.hipi:id/exo_content_frame')
2026-08-17 14:21:37 [INFO    ] screenshot_utils.py:60 — Screenshot saved: reports/screenshots/element_not_visible_com.zee5.hipi_id_exo_content_frame_20260817_142137.png
2026-08-17 14:21:37 [INFO    ] screenshot_utils.py:83 — Page source saved: reports/screenshots/element_not_visible_com.zee5.hipi_id_exo_content_frame_20260817_142137.xml
2026-08-17 14:21:38 [INFO    ] gestures.py:29 — Tap performed at X:760 Y:2246
2026-08-17 14:21:39 [INFO    ] base_page.py:84 — wait_for_any_visible matched: ('class name', 'android.widget.EditText')
2026-08-17 14:21:39 [INFO    ] login_page.py:147 — Profile tab opened (coordinate tap, verified)
2026-08-17 14:21:44 [ERROR   ] base_page.py:50 — Element not visible after 5s: ('-android uiautomator', 'new UiSelector().textContains("Continue")')
2026-08-17 14:21:44 [INFO    ] screenshot_utils.py:60 — Screenshot saved: reports/screenshots/element_not_visible_new UiSelector().textContains(_Continue_)_20260817_142144.png
2026-08-17 14:21:44 [INFO    ] screenshot_utils.py:83 — Page source saved: reports/screenshots/element_not_visible_new UiSelector().textContains(_Continue_)_20260817_142144.xml
2026-08-17 14:21:44 [INFO    ] login_page.py:276 — Entering mobile number: 9876543210
2026-08-17 14:21:45 [INFO    ] base_page.py:136 — Entered text '9876543210' into ('class name', 'android.widget.EditText')
2026-08-17 14:21:47 [INFO    ] login_page.py:290 — Mobile number entered
2026-08-17 14:21:47 [INFO    ] login_page.py:315 — Clicking proceed button
2026-08-17 14:21:58 [ERROR   ] base_page.py:59 — Element not clickable after 10s: ('accessibility id', 'Proceed')
2026-08-17 14:21:58 [INFO    ] screenshot_utils.py:60 — Screenshot saved: reports/screenshots/element_not_clickable_Proceed_20260817_142158.png
2026-08-17 14:21:59 [INFO    ] screenshot_utils.py:83 — Page source saved: reports/screenshots/element_not_clickable_Proceed_20260817_142158.xml
2026-08-17 14:21:59 [ERROR   ] base_page.py:118 — Click failed on attempt 1 for ('accessibility id', 'Proceed'): Message: 
Stacktrace:
NoSuchElementError: An element could not be located on the page using the given search parameters.
    at AndroidUiautomator2Driver.findElOrEls (/Users/vc.rajdeep.kumar/.appium/node_modules/appium-uiautomator2-driver/node_modules/appium-android-driver/build/lib/commands/find.js:62:15)
    at process.processTicksAndRejections (node:internal/process/task_queues:104:5)
    at async AndroidUiautomator2Driver.findElOrElsWithProcessing (/opt/homebrew/lib/node_modules/appium/node_modules/@appium/base-driver/build/lib/basedriver/commands/find.js:12:16)
    at async AndroidUiautomator2Driver.findElement (/opt/homebrew/lib/node_modules/appium/node_modules/@appium/base-driver/build/lib/basedriver/commands/find.js:27:16)
2026-08-17 14:21:59 [WARNING ] base_page.py:262 — Attempting to recover application state...
2026-08-17 14:22:02 [INFO    ] base_page.py:266 — App recovery attempt completed.
2026-08-17 14:22:12 [ERROR   ] base_page.py:59 — Element not clickable after 10s: ('accessibility id', 'Proceed')
2026-08-17 14:22:13 [INFO    ] screenshot_utils.py:60 — Screenshot saved: reports/screenshots/element_not_clickable_Proceed_20260817_142212.png
2026-08-17 14:22:13 [INFO    ] screenshot_utils.py:83 — Page source saved: reports/screenshots/element_not_clickable_Proceed_20260817_142213.xml
2026-08-17 14:22:13 [ERROR   ] base_page.py:118 — Click failed on attempt 2 for ('accessibility id', 'Proceed'): Message: 
Stacktrace:
NoSuchElementError: An element could not be located on the page using the given search parameters.
    at AndroidUiautomator2Driver.findElOrEls (/Users/vc.rajdeep.kumar/.appium/node_modules/appium-uiautomator2-driver/node_modules/appium-android-driver/build/lib/commands/find.js:62:15)
    at process.processTicksAndRejections (node:internal/process/task_queues:104:5)
    at async AndroidUiautomator2Driver.findElOrElsWithProcessing (/opt/homebrew/lib/node_modules/appium/node_modules/@appium/base-driver/build/lib/basedriver/commands/find.js:12:16)
    at async AndroidUiautomator2Driver.findElement (/opt/homebrew/lib/node_modules/appium/node_modules/@appium/base-driver/build/lib/basedriver/commands/find.js:27:16)
2026-08-17 14:22:13 [WARNING ] base_page.py:262 — Attempting to recover application state...
2026-08-17 14:22:16 [INFO    ] base_page.py:266 — App recovery attempt completed.
2026-08-17 14:22:27 [ERROR   ] base_page.py:59 — Element not clickable after 10s: ('accessibility id', 'Proceed')
2026-08-17 14:22:28 [INFO    ] screenshot_utils.py:60 — Screenshot saved: reports/screenshots/element_not_clickable_Proceed_20260817_142227.png
2026-08-17 14:22:29 [INFO    ] screenshot_utils.py:83 — Page source saved: reports/screenshots/element_not_clickable_Proceed_20260817_142228.xml
2026-08-17 14:22:29 [ERROR   ] base_page.py:118 — Click failed on attempt 3 for ('accessibility id', 'Proceed'): Message: 
Stacktrace:
NoSuchElementError: An element could not be located on the page using the given search parameters.
    at AndroidUiautomator2Driver.findElOrEls (/Users/vc.rajdeep.kumar/.appium/node_modules/appium-uiautomator2-driver/node_modules/appium-android-driver/build/lib/commands/find.js:62:15)
    at process.processTicksAndRejections (node:internal/process/task_queues:104:5)
    at async AndroidUiautomator2Driver.findElOrElsWithProcessing (/opt/homebrew/lib/node_modules/appium/node_modules/@appium/base-driver/build/lib/basedriver/commands/find.js:12:16)
    at async AndroidUiautomator2Driver.findElement (/opt/homebrew/lib/node_modules/appium/node_modules/@appium/base-driver/build/lib/basedriver/commands/find.js:27:16)
2026-08-17 14:22:29 [WARNING ] base_page.py:262 — Attempting to recover application state...
2026-08-17 14:22:32 [INFO    ] base_page.py:266 — App recovery attempt completed.
2026-08-17 14:22:32 [INFO    ] screenshot_utils.py:60 — Screenshot saved: reports/screenshots/click_failed_20260817_142232.png
2026-08-17 14:22:32 [INFO    ] screenshot_utils.py:83 — Page source saved: reports/screenshots/click_failed_20260817_142232.xml
2026-08-17 14:22:32 [ERROR   ] login_page.py:333 — Proceed button failed: Unable to click ('accessibility id', 'Proceed') after 3 retries. Last exception: Message: 
Stacktrace:
NoSuchElementError: An element could not be located on the page using the given search parameters.
    at AndroidUiautomator2Driver.findElOrEls (/Users/vc.rajdeep.kumar/.appium/node_modules/appium-uiautomator2-driver/node_modules/appium-android-driver/build/lib/commands/find.js:62:15)
    at process.processTicksAndRejections (node:internal/process/task_queues:104:5)
    at async AndroidUiautomator2Driver.findElOrElsWithProcessing (/opt/homebrew/lib/node_modules/appium/node_modules/@appium/base-driver/build/lib/basedriver/commands/find.js:12:16)
    at async AndroidUiautomator2Driver.findElement (/opt/homebrew/lib/node_modules/appium/node_modules/@appium/base-driver/build/lib/basedriver/commands/find.js:27:16)
2026-08-17 14:22:33 [INFO    ] screenshot_utils.py:60 — Screenshot saved: reports/screenshots/proceed_button_failed_20260817_142232.png
2026-08-17 14:22:33 [INFO    ] screenshot_utils.py:83 — Page source saved: reports/screenshots/proceed_button_failed_20260817_142233.xml
2026-08-17 14:22:33 [ERROR   ] login_page.py:725 — Login flow failed: Unable to click ('accessibility id', 'Proceed') after 3 retries. Last exception: Message: 
Stacktrace:
NoSuchElementError: An element could not be located on the page using the given search parameters.
    at AndroidUiautomator2Driver.findElOrEls (/Users/vc.rajdeep.kumar/.appium/node_modules/appium-uiautomator2-driver/node_modules/appium-android-driver/build/lib/commands/find.js:62:15)
    at process.processTicksAndRejections (node:internal/process/task_queues:104:5)
    at async AndroidUiautomator2Driver.findElOrElsWithProcessing (/opt/homebrew/lib/node_modules/appium/node_modules/@appium/base-driver/build/lib/basedriver/commands/find.js:12:16)
    at async AndroidUiautomator2Driver.findElement (/opt/homebrew/lib/node_modules/appium/node_modules/@appium/base-driver/build/lib/basedriver/commands/find.js:27:16)
2026-08-17 14:22:33 [INFO    ] screenshot_utils.py:60 — Screenshot saved: reports/screenshots/login_failed_20260817_142233.png
2026-08-17 14:22:33 [INFO    ] screenshot_utils.py:83 — Page source saved: reports/screenshots/login_failed_20260817_142233.xml
2026-08-17 14:22:34 [INFO    ] screenshot_utils.py:60 — Screenshot saved: reports/screenshots/test_add_comment_variants_comment_1__20260817_142233.png
2026-08-17 14:22:34 [INFO    ] screenshot_utils.py:83 — Page source saved: reports/screenshots/test_add_comment_variants_comment_1__20260817_142234.xml
2026-08-17 14:22:34 [ERROR   ] conftest.py:419 — Test FAILED: test_add_comment_variants[comment_1]
2026-08-17 14:22:34 [INFO    ] conftest.py:326 — Closing driver session.
2026-08-17 14:22:35 [INFO    ] conftest.py:291 — ==================================================
2026-08-17 14:22:35 [INFO    ] conftest.py:292 — DRIVER SETUP START
2026-08-17 14:22:35 [INFO    ] conftest.py:293 — ==================================================
2026-08-17 14:22:35 [INFO    ] conftest.py:158 — Driver creation attempt 1/3
2026-08-17 14:22:36 [INFO    ] driver_factory.py:53 — ========== DRIVER CREATION START ==========
2026-08-17 14:22:36 [INFO    ] driver_factory.py:70 — Device: emulator | Env: qa | Platform: Android
2026-08-17 14:22:36 [INFO    ] driver_factory.py:136 — Device Name: Android Emulator
2026-08-17 14:22:36 [INFO    ] driver_factory.py:137 — UDID: emulator-5554
2026-08-17 14:22:36 [INFO    ] driver_factory.py:151 — App Package: com.zee5.hipi (noReset=true, activity not set)
2026-08-17 14:22:39 [INFO    ] driver_factory.py:112 — App launched by driver. Waiting for stabilization...
2026-08-17 14:22:41 [INFO    ] driver_factory.py:115 — ========== DRIVER CREATED SUCCESSFULLY ==========
2026-08-17 14:22:41 [INFO    ] conftest.py:302 — Driver created successfully.
2026-08-17 14:22:44 [INFO    ] popup_handler.py:122 — Checking for 'Get Started' screen...
2026-08-17 14:22:47 [INFO    ] popup_handler.py:134 — 'Get Started' screen not present — skipping.
2026-08-17 14:22:48 [INFO    ] conftest.py:217 — App readiness probe: HiPi is in foreground (com.zee5.hipi).
2026-08-17 14:22:48 [INFO    ] conftest.py:315 — DRIVER SETUP COMPLETE
2026-08-17 14:22:48 [INFO    ] base_test.py:20 — BaseTest setup completed.
2026-08-17 14:22:48 [INFO    ] base_test.py:58 — login_and_reach_feed: START
2026-08-17 14:22:48 [INFO    ] base_test.py:30 — Logging in as default test user.
2026-08-17 14:22:48 [INFO    ] login_page.py:591 — ========== LOGIN FLOW START ==========
2026-08-17 14:22:49 [INFO    ] login_page.py:43 — Opening profile tab
2026-08-17 14:22:50 [INFO    ] login_page.py:53 — Profile tab open attempt 1/2
2026-08-17 14:22:59 [ERROR   ] base_page.py:59 — Element not clickable after 8s: ('xpath', "//android.view.View[@clickable='true'][.//android.widget.TextView[@text='Profile']]")
2026-08-17 14:23:01 [INFO    ] screenshot_utils.py:60 — Screenshot saved: reports/screenshots/element_not_clickable___android.view.View__clickable=_true___.__android.widget.TextView__text=_Profile____20260817_142259.png
2026-08-17 14:23:01 [INFO    ] screenshot_utils.py:83 — Page source saved: reports/screenshots/element_not_clickable___android.view.View__clickable=_true___.__android.widget.TextView__text=_Profile____20260817_142301.xml
2026-08-17 14:23:01 [ERROR   ] base_page.py:118 — Click failed on attempt 1 for ('xpath', "//android.view.View[@clickable='true'][.//android.widget.TextView[@text='Profile']]"): Message: 
Stacktrace:
NoSuchElementError: An element could not be located on the page using the given search parameters.
    at AndroidUiautomator2Driver.findElOrEls (/Users/vc.rajdeep.kumar/.appium/node_modules/appium-uiautomator2-driver/node_modules/appium-android-driver/build/lib/commands/find.js:62:15)
    at process.processTicksAndRejections (node:internal/process/task_queues:104:5)
    at async AndroidUiautomator2Driver.findElOrElsWithProcessing (/opt/homebrew/lib/node_modules/appium/node_modules/@appium/base-driver/build/lib/basedriver/commands/find.js:12:16)
    at async AndroidUiautomator2Driver.findElement (/opt/homebrew/lib/node_modules/appium/node_modules/@appium/base-driver/build/lib/basedriver/commands/find.js:27:16)
2026-08-17 14:23:01 [WARNING ] base_page.py:262 — Attempting to recover application state...
2026-08-17 14:23:04 [INFO    ] base_page.py:266 — App recovery attempt completed.
2026-08-17 14:23:04 [INFO    ] screenshot_utils.py:60 — Screenshot saved: reports/screenshots/click_failed_20260817_142304.png
2026-08-17 14:23:04 [INFO    ] screenshot_utils.py:83 — Page source saved: reports/screenshots/click_failed_20260817_142304.xml
2026-08-17 14:23:04 [WARNING ] login_page.py:98 — Element-based click failed: Unable to click ('xpath', "//android.view.View[@clickable='true'][.//android.widget.TextView[@text='Profile']]") after 1 retries. Last exception: Message: 
Stacktrace:
NoSuchElementError: An element could not be located on the page using the given search parameters.
    at AndroidUiautomator2Driver.findElOrEls (/Users/vc.rajdeep.kumar/.appium/node_modules/appium-uiautomator2-driver/node_modules/appium-android-driver/build/lib/commands/find.js:62:15)
    at process.processTicksAndRejections (node:internal/process/task_queues:104:5)
    at async AndroidUiautomator2Driver.findElOrElsWithProcessing (/opt/homebrew/lib/node_modules/appium/node_modules/@appium/base-driver/build/lib/basedriver/commands/find.js:12:16)
    at async AndroidUiautomator2Driver.findElement (/opt/homebrew/lib/node_modules/appium/node_modules/@appium/base-driver/build/lib/basedriver/commands/find.js:27:16)
2026-08-17 14:23:12 [ERROR   ] base_page.py:50 — Element not visible after 8s: ('-android uiautomator', 'new UiSelector().text("Edit Profile")')
2026-08-17 14:23:12 [INFO    ] screenshot_utils.py:60 — Screenshot saved: reports/screenshots/element_not_visible_new UiSelector().text(_Edit Profile_)_20260817_142312.png
2026-08-17 14:23:13 [INFO    ] screenshot_utils.py:83 — Page source saved: reports/screenshots/element_not_visible_new UiSelector().text(_Edit Profile_)_20260817_142312.xml
2026-08-17 14:23:16 [ERROR   ] base_page.py:50 — Element not visible after 3s: ('id', 'com.zee5.hipi:id/exo_content_frame')
2026-08-17 14:23:16 [INFO    ] screenshot_utils.py:60 — Screenshot saved: reports/screenshots/element_not_visible_com.zee5.hipi_id_exo_content_frame_20260817_142316.png
2026-08-17 14:23:16 [INFO    ] screenshot_utils.py:83 — Page source saved: reports/screenshots/element_not_visible_com.zee5.hipi_id_exo_content_frame_20260817_142316.xml
2026-08-17 14:23:16 [INFO    ] gestures.py:29 — Tap performed at X:760 Y:2246
2026-08-17 14:23:17 [INFO    ] base_page.py:84 — wait_for_any_visible matched: ('class name', 'android.widget.EditText')
2026-08-17 14:23:17 [INFO    ] login_page.py:147 — Profile tab opened (coordinate tap, verified)
2026-08-17 14:23:22 [ERROR   ] base_page.py:50 — Element not visible after 5s: ('-android uiautomator', 'new UiSelector().textContains("Continue")')
2026-08-17 14:23:23 [INFO    ] screenshot_utils.py:60 — Screenshot saved: reports/screenshots/element_not_visible_new UiSelector().textContains(_Continue_)_20260817_142322.png
2026-08-17 14:23:23 [INFO    ] screenshot_utils.py:83 — Page source saved: reports/screenshots/element_not_visible_new UiSelector().textContains(_Continue_)_20260817_142323.xml
2026-08-17 14:23:23 [INFO    ] login_page.py:276 — Entering mobile number: 9876543210
2026-08-17 14:23:24 [INFO    ] base_page.py:136 — Entered text '9876543210' into ('class name', 'android.widget.EditText')
2026-08-17 14:23:26 [INFO    ] login_page.py:290 — Mobile number entered
2026-08-17 14:23:26 [INFO    ] login_page.py:315 — Clicking proceed button
2026-08-17 14:23:37 [ERROR   ] base_page.py:59 — Element not clickable after 10s: ('accessibility id', 'Proceed')
2026-08-17 14:23:37 [INFO    ] screenshot_utils.py:60 — Screenshot saved: reports/screenshots/element_not_clickable_Proceed_20260817_142337.png
2026-08-17 14:23:37 [INFO    ] screenshot_utils.py:83 — Page source saved: reports/screenshots/element_not_clickable_Proceed_20260817_142337.xml
2026-08-17 14:23:37 [ERROR   ] base_page.py:118 — Click failed on attempt 1 for ('accessibility id', 'Proceed'): Message: 
Stacktrace:
NoSuchElementError: An element could not be located on the page using the given search parameters.
    at AndroidUiautomator2Driver.findElOrEls (/Users/vc.rajdeep.kumar/.appium/node_modules/appium-uiautomator2-driver/node_modules/appium-android-driver/build/lib/commands/find.js:62:15)
    at process.processTicksAndRejections (node:internal/process/task_queues:104:5)
    at async AndroidUiautomator2Driver.findElOrElsWithProcessing (/opt/homebrew/lib/node_modules/appium/node_modules/@appium/base-driver/build/lib/basedriver/commands/find.js:12:16)
    at async AndroidUiautomator2Driver.findElement (/opt/homebrew/lib/node_modules/appium/node_modules/@appium/base-driver/build/lib/basedriver/commands/find.js:27:16)
2026-08-17 14:23:37 [WARNING ] base_page.py:262 — Attempting to recover application state...
2026-08-17 14:23:40 [INFO    ] base_page.py:266 — App recovery attempt completed.
2026-08-17 14:23:50 [ERROR   ] base_page.py:59 — Element not clickable after 10s: ('accessibility id', 'Proceed')
2026-08-17 14:23:51 [INFO    ] screenshot_utils.py:60 — Screenshot saved: reports/screenshots/element_not_clickable_Proceed_20260817_142350.png
2026-08-17 14:23:51 [INFO    ] screenshot_utils.py:83 — Page source saved: reports/screenshots/element_not_clickable_Proceed_20260817_142351.xml
2026-08-17 14:23:51 [ERROR   ] base_page.py:118 — Click failed on attempt 2 for ('accessibility id', 'Proceed'): Message: 
Stacktrace:
NoSuchElementError: An element could not be located on the page using the given search parameters.
    at AndroidUiautomator2Driver.findElOrEls (/Users/vc.rajdeep.kumar/.appium/node_modules/appium-uiautomator2-driver/node_modules/appium-android-driver/build/lib/commands/find.js:62:15)
    at process.processTicksAndRejections (node:internal/process/task_queues:104:5)
    at async AndroidUiautomator2Driver.findElOrElsWithProcessing (/opt/homebrew/lib/node_modules/appium/node_modules/@appium/base-driver/build/lib/basedriver/commands/find.js:12:16)
    at async AndroidUiautomator2Driver.findElement (/opt/homebrew/lib/node_modules/appium/node_modules/@appium/base-driver/build/lib/basedriver/commands/find.js:27:16)
2026-08-17 14:23:51 [WARNING ] base_page.py:262 — Attempting to recover application state...
2026-08-17 14:23:54 [INFO    ] base_page.py:266 — App recovery attempt completed.
2026-08-17 14:24:04 [ERROR   ] base_page.py:59 — Element not clickable after 10s: ('accessibility id', 'Proceed')
2026-08-17 14:24:04 [INFO    ] screenshot_utils.py:60 — Screenshot saved: reports/screenshots/element_not_clickable_Proceed_20260817_142404.png
2026-08-17 14:24:04 [INFO    ] screenshot_utils.py:83 — Page source saved: reports/screenshots/element_not_clickable_Proceed_20260817_142404.xml
2026-08-17 14:24:04 [ERROR   ] base_page.py:118 — Click failed on attempt 3 for ('accessibility id', 'Proceed'): Message: 
Stacktrace:
NoSuchElementError: An element could not be located on the page using the given search parameters.
    at AndroidUiautomator2Driver.findElOrEls (/Users/vc.rajdeep.kumar/.appium/node_modules/appium-uiautomator2-driver/node_modules/appium-android-driver/build/lib/commands/find.js:62:15)
    at process.processTicksAndRejections (node:internal/process/task_queues:104:5)
    at async AndroidUiautomator2Driver.findElOrElsWithProcessing (/opt/homebrew/lib/node_modules/appium/node_modules/@appium/base-driver/build/lib/basedriver/commands/find.js:12:16)
    at async AndroidUiautomator2Driver.findElement (/opt/homebrew/lib/node_modules/appium/node_modules/@appium/base-driver/build/lib/basedriver/commands/find.js:27:16)
2026-08-17 14:24:04 [WARNING ] base_page.py:262 — Attempting to recover application state...
2026-08-17 14:24:07 [INFO    ] base_page.py:266 — App recovery attempt completed.
2026-08-17 14:24:08 [INFO    ] screenshot_utils.py:60 — Screenshot saved: reports/screenshots/click_failed_20260817_142407.png
2026-08-17 14:24:08 [INFO    ] screenshot_utils.py:83 — Page source saved: reports/screenshots/click_failed_20260817_142408.xml
2026-08-17 14:24:08 [ERROR   ] login_page.py:333 — Proceed button failed: Unable to click ('accessibility id', 'Proceed') after 3 retries. Last exception: Message: 
Stacktrace:
NoSuchElementError: An element could not be located on the page using the given search parameters.
    at AndroidUiautomator2Driver.findElOrEls (/Users/vc.rajdeep.kumar/.appium/node_modules/appium-uiautomator2-driver/node_modules/appium-android-driver/build/lib/commands/find.js:62:15)
    at process.processTicksAndRejections (node:internal/process/task_queues:104:5)
    at async AndroidUiautomator2Driver.findElOrElsWithProcessing (/opt/homebrew/lib/node_modules/appium/node_modules/@appium/base-driver/build/lib/basedriver/commands/find.js:12:16)
    at async AndroidUiautomator2Driver.findElement (/opt/homebrew/lib/node_modules/appium/node_modules/@appium/base-driver/build/lib/basedriver/commands/find.js:27:16)
2026-08-17 14:24:08 [INFO    ] screenshot_utils.py:60 — Screenshot saved: reports/screenshots/proceed_button_failed_20260817_142408.png
2026-08-17 14:24:08 [INFO    ] screenshot_utils.py:83 — Page source saved: reports/screenshots/proceed_button_failed_20260817_142408.xml
2026-08-17 14:24:08 [ERROR   ] login_page.py:725 — Login flow failed: Unable to click ('accessibility id', 'Proceed') after 3 retries. Last exception: Message: 
Stacktrace:
NoSuchElementError: An element could not be located on the page using the given search parameters.
    at AndroidUiautomator2Driver.findElOrEls (/Users/vc.rajdeep.kumar/.appium/node_modules/appium-uiautomator2-driver/node_modules/appium-android-driver/build/lib/commands/find.js:62:15)
    at process.processTicksAndRejections (node:internal/process/task_queues:104:5)
    at async AndroidUiautomator2Driver.findElOrElsWithProcessing (/opt/homebrew/lib/node_modules/appium/node_modules/@appium/base-driver/build/lib/basedriver/commands/find.js:12:16)
    at async AndroidUiautomator2Driver.findElement (/opt/homebrew/lib/node_modules/appium/node_modules/@appium/base-driver/build/lib/basedriver/commands/find.js:27:16)
2026-08-17 14:24:08 [INFO    ] screenshot_utils.py:60 — Screenshot saved: reports/screenshots/login_failed_20260817_142408.png
2026-08-17 14:24:09 [INFO    ] screenshot_utils.py:83 — Page source saved: reports/screenshots/login_failed_20260817_142408.xml
2026-08-17 14:24:09 [INFO    ] screenshot_utils.py:60 — Screenshot saved: reports/screenshots/test_add_comment_variants_comment_2__20260817_142409.png
2026-08-17 14:24:09 [INFO    ] screenshot_utils.py:83 — Page source saved: reports/screenshots/test_add_comment_variants_comment_2__20260817_142409.xml
2026-08-17 14:24:09 [ERROR   ] conftest.py:419 — Test FAILED: test_add_comment_variants[comment_2]
2026-08-17 14:24:09 [INFO    ] conftest.py:326 — Closing driver session.
2026-08-17 14:24:10 [INFO    ] conftest.py:291 — ==================================================
2026-08-17 14:24:10 [INFO    ] conftest.py:292 — DRIVER SETUP START
2026-08-17 14:24:10 [INFO    ] conftest.py:293 — ==================================================
2026-08-17 14:24:10 [INFO    ] conftest.py:158 — Driver creation attempt 1/3
2026-08-17 14:24:11 [INFO    ] driver_factory.py:53 — ========== DRIVER CREATION START ==========
2026-08-17 14:24:11 [INFO    ] driver_factory.py:70 — Device: emulator | Env: qa | Platform: Android
2026-08-17 14:24:11 [INFO    ] driver_factory.py:136 — Device Name: Android Emulator
2026-08-17 14:24:11 [INFO    ] driver_factory.py:137 — UDID: emulator-5554
2026-08-17 14:24:11 [INFO    ] driver_factory.py:151 — App Package: com.zee5.hipi (noReset=true, activity not set)
2026-08-17 14:24:16 [INFO    ] driver_factory.py:112 — App launched by driver. Waiting for stabilization...
2026-08-17 14:24:18 [INFO    ] driver_factory.py:115 — ========== DRIVER CREATED SUCCESSFULLY ==========
2026-08-17 14:24:18 [INFO    ] conftest.py:302 — Driver created successfully.
2026-08-17 14:24:21 [INFO    ] popup_handler.py:122 — Checking for 'Get Started' screen...
2026-08-17 14:24:25 [INFO    ] popup_handler.py:134 — 'Get Started' screen not present — skipping.
2026-08-17 14:24:25 [INFO    ] conftest.py:217 — App readiness probe: HiPi is in foreground (com.zee5.hipi).
2026-08-17 14:24:25 [INFO    ] conftest.py:315 — DRIVER SETUP COMPLETE
2026-08-17 14:24:25 [INFO    ] base_test.py:20 — BaseTest setup completed.
2026-08-17 14:24:25 [INFO    ] base_test.py:58 — login_and_reach_feed: START
2026-08-17 14:24:25 [INFO    ] base_test.py:30 — Logging in as default test user.
2026-08-17 14:24:25 [INFO    ] login_page.py:591 — ========== LOGIN FLOW START ==========
2026-08-17 14:24:26 [INFO    ] login_page.py:43 — Opening profile tab
2026-08-17 14:24:27 [INFO    ] login_page.py:53 — Profile tab open attempt 1/2
2026-08-17 14:24:35 [ERROR   ] base_page.py:59 — Element not clickable after 8s: ('xpath', "//android.view.View[@clickable='true'][.//android.widget.TextView[@text='Profile']]")
2026-08-17 14:24:36 [INFO    ] screenshot_utils.py:60 — Screenshot saved: reports/screenshots/element_not_clickable___android.view.View__clickable=_true___.__android.widget.TextView__text=_Profile____20260817_142435.png
2026-08-17 14:24:36 [INFO    ] screenshot_utils.py:83 — Page source saved: reports/screenshots/element_not_clickable___android.view.View__clickable=_true___.__android.widget.TextView__text=_Profile____20260817_142436.xml
2026-08-17 14:24:36 [ERROR   ] base_page.py:118 — Click failed on attempt 1 for ('xpath', "//android.view.View[@clickable='true'][.//android.widget.TextView[@text='Profile']]"): Message: 
Stacktrace:
NoSuchElementError: An element could not be located on the page using the given search parameters.
    at AndroidUiautomator2Driver.findElOrEls (/Users/vc.rajdeep.kumar/.appium/node_modules/appium-uiautomator2-driver/node_modules/appium-android-driver/build/lib/commands/find.js:62:15)
    at process.processTicksAndRejections (node:internal/process/task_queues:104:5)
    at async AndroidUiautomator2Driver.findElOrElsWithProcessing (/opt/homebrew/lib/node_modules/appium/node_modules/@appium/base-driver/build/lib/basedriver/commands/find.js:12:16)
    at async AndroidUiautomator2Driver.findElement (/opt/homebrew/lib/node_modules/appium/node_modules/@appium/base-driver/build/lib/basedriver/commands/find.js:27:16)
2026-08-17 14:24:36 [WARNING ] base_page.py:262 — Attempting to recover application state...
2026-08-17 14:24:40 [INFO    ] base_page.py:266 — App recovery attempt completed.
2026-08-17 14:24:40 [INFO    ] screenshot_utils.py:60 — Screenshot saved: reports/screenshots/click_failed_20260817_142440.png
2026-08-17 14:24:40 [INFO    ] screenshot_utils.py:83 — Page source saved: reports/screenshots/click_failed_20260817_142440.xml
2026-08-17 14:24:40 [WARNING ] login_page.py:98 — Element-based click failed: Unable to click ('xpath', "//android.view.View[@clickable='true'][.//android.widget.TextView[@text='Profile']]") after 1 retries. Last exception: Message: 
Stacktrace:
NoSuchElementError: An element could not be located on the page using the given search parameters.
    at AndroidUiautomator2Driver.findElOrEls (/Users/vc.rajdeep.kumar/.appium/node_modules/appium-uiautomator2-driver/node_modules/appium-android-driver/build/lib/commands/find.js:62:15)
    at process.processTicksAndRejections (node:internal/process/task_queues:104:5)
    at async AndroidUiautomator2Driver.findElOrElsWithProcessing (/opt/homebrew/lib/node_modules/appium/node_modules/@appium/base-driver/build/lib/basedriver/commands/find.js:12:16)
    at async AndroidUiautomator2Driver.findElement (/opt/homebrew/lib/node_modules/appium/node_modules/@appium/base-driver/build/lib/basedriver/commands/find.js:27:16)
2026-08-17 14:24:49 [ERROR   ] base_page.py:50 — Element not visible after 8s: ('-android uiautomator', 'new UiSelector().text("Edit Profile")')
2026-08-17 14:24:49 [INFO    ] screenshot_utils.py:60 — Screenshot saved: reports/screenshots/element_not_visible_new UiSelector().text(_Edit Profile_)_20260817_142449.png
2026-08-17 14:24:49 [INFO    ] screenshot_utils.py:83 — Page source saved: reports/screenshots/element_not_visible_new UiSelector().text(_Edit Profile_)_20260817_142449.xml
2026-08-17 14:24:52 [ERROR   ] base_page.py:50 — Element not visible after 3s: ('id', 'com.zee5.hipi:id/exo_content_frame')
2026-08-17 14:24:53 [INFO    ] screenshot_utils.py:60 — Screenshot saved: reports/screenshots/element_not_visible_com.zee5.hipi_id_exo_content_frame_20260817_142452.png
2026-08-17 14:24:53 [INFO    ] screenshot_utils.py:83 — Page source saved: reports/screenshots/element_not_visible_com.zee5.hipi_id_exo_content_frame_20260817_142453.xml
2026-08-17 14:24:53 [INFO    ] gestures.py:29 — Tap performed at X:760 Y:2246
2026-08-17 14:24:54 [INFO    ] base_page.py:84 — wait_for_any_visible matched: ('class name', 'android.widget.EditText')
2026-08-17 14:24:54 [INFO    ] login_page.py:147 — Profile tab opened (coordinate tap, verified)
2026-08-17 14:24:59 [ERROR   ] base_page.py:50 — Element not visible after 5s: ('-android uiautomator', 'new UiSelector().textContains("Continue")')
2026-08-17 14:25:00 [INFO    ] screenshot_utils.py:60 — Screenshot saved: reports/screenshots/element_not_visible_new UiSelector().textContains(_Continue_)_20260817_142459.png
2026-08-17 14:25:01 [INFO    ] screenshot_utils.py:83 — Page source saved: reports/screenshots/element_not_visible_new UiSelector().textContains(_Continue_)_20260817_142500.xml
2026-08-17 14:25:01 [INFO    ] login_page.py:276 — Entering mobile number: 9876543210
2026-08-17 14:25:02 [INFO    ] base_page.py:136 — Entered text '9876543210' into ('class name', 'android.widget.EditText')
2026-08-17 14:25:04 [INFO    ] login_page.py:290 — Mobile number entered
2026-08-17 14:25:04 [INFO    ] login_page.py:315 — Clicking proceed button
2026-08-17 14:25:15 [ERROR   ] base_page.py:59 — Element not clickable after 10s: ('accessibility id', 'Proceed')
2026-08-17 14:25:15 [INFO    ] screenshot_utils.py:60 — Screenshot saved: reports/screenshots/element_not_clickable_Proceed_20260817_142515.png
2026-08-17 14:25:15 [INFO    ] screenshot_utils.py:83 — Page source saved: reports/screenshots/element_not_clickable_Proceed_20260817_142515.xml
2026-08-17 14:25:15 [ERROR   ] base_page.py:118 — Click failed on attempt 1 for ('accessibility id', 'Proceed'): Message: 
Stacktrace:
NoSuchElementError: An element could not be located on the page using the given search parameters.
    at AndroidUiautomator2Driver.findElOrEls (/Users/vc.rajdeep.kumar/.appium/node_modules/appium-uiautomator2-driver/node_modules/appium-android-driver/build/lib/commands/find.js:62:15)
    at process.processTicksAndRejections (node:internal/process/task_queues:104:5)
    at async AndroidUiautomator2Driver.findElOrElsWithProcessing (/opt/homebrew/lib/node_modules/appium/node_modules/@appium/base-driver/build/lib/basedriver/commands/find.js:12:16)
    at async AndroidUiautomator2Driver.findElement (/opt/homebrew/lib/node_modules/appium/node_modules/@appium/base-driver/build/lib/basedriver/commands/find.js:27:16)
2026-08-17 14:25:15 [WARNING ] base_page.py:262 — Attempting to recover application state...
2026-08-17 14:25:18 [INFO    ] base_page.py:266 — App recovery attempt completed.
2026-08-17 14:25:29 [ERROR   ] base_page.py:59 — Element not clickable after 10s: ('accessibility id', 'Proceed')
2026-08-17 14:25:29 [INFO    ] screenshot_utils.py:60 — Screenshot saved: reports/screenshots/element_not_clickable_Proceed_20260817_142529.png
2026-08-17 14:25:30 [INFO    ] screenshot_utils.py:83 — Page source saved: reports/screenshots/element_not_clickable_Proceed_20260817_142529.xml
2026-08-17 14:25:30 [ERROR   ] base_page.py:118 — Click failed on attempt 2 for ('accessibility id', 'Proceed'): Message: 
Stacktrace:
NoSuchElementError: An element could not be located on the page using the given search parameters.
    at AndroidUiautomator2Driver.findElOrEls (/Users/vc.rajdeep.kumar/.appium/node_modules/appium-uiautomator2-driver/node_modules/appium-android-driver/build/lib/commands/find.js:62:15)
    at process.processTicksAndRejections (node:internal/process/task_queues:104:5)
    at async AndroidUiautomator2Driver.findElOrElsWithProcessing (/opt/homebrew/lib/node_modules/appium/node_modules/@appium/base-driver/build/lib/basedriver/commands/find.js:12:16)
    at async AndroidUiautomator2Driver.findElement (/opt/homebrew/lib/node_modules/appium/node_modules/@appium/base-driver/build/lib/basedriver/commands/find.js:27:16)
2026-08-17 14:25:30 [WARNING ] base_page.py:262 — Attempting to recover application state...
2026-08-17 14:25:33 [INFO    ] base_page.py:266 — App recovery attempt completed.
2026-08-17 14:25:43 [ERROR   ] base_page.py:59 — Element not clickable after 10s: ('accessibility id', 'Proceed')
2026-08-17 14:25:44 [INFO    ] screenshot_utils.py:60 — Screenshot saved: reports/screenshots/element_not_clickable_Proceed_20260817_142543.png
2026-08-17 14:25:44 [INFO    ] screenshot_utils.py:83 — Page source saved: reports/screenshots/element_not_clickable_Proceed_20260817_142544.xml
2026-08-17 14:25:44 [ERROR   ] base_page.py:118 — Click failed on attempt 3 for ('accessibility id', 'Proceed'): Message: 
Stacktrace:
NoSuchElementError: An element could not be located on the page using the given search parameters.
    at AndroidUiautomator2Driver.findElOrEls (/Users/vc.rajdeep.kumar/.appium/node_modules/appium-uiautomator2-driver/node_modules/appium-android-driver/build/lib/commands/find.js:62:15)
    at process.processTicksAndRejections (node:internal/process/task_queues:104:5)
    at async AndroidUiautomator2Driver.findElOrElsWithProcessing (/opt/homebrew/lib/node_modules/appium/node_modules/@appium/base-driver/build/lib/basedriver/commands/find.js:12:16)
    at async AndroidUiautomator2Driver.findElement (/opt/homebrew/lib/node_modules/appium/node_modules/@appium/base-driver/build/lib/basedriver/commands/find.js:27:16)
2026-08-17 14:25:44 [WARNING ] base_page.py:262 — Attempting to recover application state...
2026-08-17 14:25:47 [INFO    ] base_page.py:266 — App recovery attempt completed.
2026-08-17 14:25:47 [INFO    ] screenshot_utils.py:60 — Screenshot saved: reports/screenshots/click_failed_20260817_142547.png
2026-08-17 14:25:47 [INFO    ] screenshot_utils.py:83 — Page source saved: reports/screenshots/click_failed_20260817_142547.xml
2026-08-17 14:25:47 [ERROR   ] login_page.py:333 — Proceed button failed: Unable to click ('accessibility id', 'Proceed') after 3 retries. Last exception: Message: 
Stacktrace:
NoSuchElementError: An element could not be located on the page using the given search parameters.
    at AndroidUiautomator2Driver.findElOrEls (/Users/vc.rajdeep.kumar/.appium/node_modules/appium-uiautomator2-driver/node_modules/appium-android-driver/build/lib/commands/find.js:62:15)
    at process.processTicksAndRejections (node:internal/process/task_queues:104:5)
    at async AndroidUiautomator2Driver.findElOrElsWithProcessing (/opt/homebrew/lib/node_modules/appium/node_modules/@appium/base-driver/build/lib/basedriver/commands/find.js:12:16)
    at async AndroidUiautomator2Driver.findElement (/opt/homebrew/lib/node_modules/appium/node_modules/@appium/base-driver/build/lib/basedriver/commands/find.js:27:16)
2026-08-17 14:25:48 [INFO    ] screenshot_utils.py:60 — Screenshot saved: reports/screenshots/proceed_button_failed_20260817_142547.png
2026-08-17 14:25:48 [INFO    ] screenshot_utils.py:83 — Page source saved: reports/screenshots/proceed_button_failed_20260817_142548.xml
2026-08-17 14:25:48 [ERROR   ] login_page.py:725 — Login flow failed: Unable to click ('accessibility id', 'Proceed') after 3 retries. Last exception: Message: 
Stacktrace:
NoSuchElementError: An element could not be located on the page using the given search parameters.
    at AndroidUiautomator2Driver.findElOrEls (/Users/vc.rajdeep.kumar/.appium/node_modules/appium-uiautomator2-driver/node_modules/appium-android-driver/build/lib/commands/find.js:62:15)
    at process.processTicksAndRejections (node:internal/process/task_queues:104:5)
    at async AndroidUiautomator2Driver.findElOrElsWithProcessing (/opt/homebrew/lib/node_modules/appium/node_modules/@appium/base-driver/build/lib/basedriver/commands/find.js:12:16)
    at async AndroidUiautomator2Driver.findElement (/opt/homebrew/lib/node_modules/appium/node_modules/@appium/base-driver/build/lib/basedriver/commands/find.js:27:16)
2026-08-17 14:25:48 [INFO    ] screenshot_utils.py:60 — Screenshot saved: reports/screenshots/login_failed_20260817_142548.png
2026-08-17 14:25:48 [INFO    ] screenshot_utils.py:83 — Page source saved: reports/screenshots/login_failed_20260817_142548.xml
2026-08-17 14:25:48 [INFO    ] screenshot_utils.py:60 — Screenshot saved: reports/screenshots/test_add_comment_variants_comment_3__20260817_142548.png
2026-08-17 14:25:48 [INFO    ] screenshot_utils.py:83 — Page source saved: reports/screenshots/test_add_comment_variants_comment_3__20260817_142548.xml
2026-08-17 14:25:48 [ERROR   ] conftest.py:419 — Test FAILED: test_add_comment_variants[comment_3]
2026-08-17 14:25:48 [INFO    ] conftest.py:326 — Closing driver session.
2026-08-17 14:25:49 [INFO    ] conftest.py:291 — ==================================================
2026-08-17 14:25:49 [INFO    ] conftest.py:292 — DRIVER SETUP START
2026-08-17 14:25:49 [INFO    ] conftest.py:293 — ==================================================
2026-08-17 14:25:49 [INFO    ] conftest.py:158 — Driver creation attempt 1/3
2026-08-17 14:25:51 [INFO    ] driver_factory.py:53 — ========== DRIVER CREATION START ==========
2026-08-17 14:25:51 [INFO    ] driver_factory.py:70 — Device: emulator | Env: qa | Platform: Android
2026-08-17 14:25:51 [INFO    ] driver_factory.py:136 — Device Name: Android Emulator
2026-08-17 14:25:51 [INFO    ] driver_factory.py:137 — UDID: emulator-5554
2026-08-17 14:25:51 [INFO    ] driver_factory.py:151 — App Package: com.zee5.hipi (noReset=true, activity not set)
2026-08-17 14:25:57 [INFO    ] driver_factory.py:112 — App launched by driver. Waiting for stabilization...
2026-08-17 14:25:59 [INFO    ] driver_factory.py:115 — ========== DRIVER CREATED SUCCESSFULLY ==========
2026-08-17 14:25:59 [INFO    ] conftest.py:302 — Driver created successfully.
2026-08-17 14:26:02 [INFO    ] popup_handler.py:122 — Checking for 'Get Started' screen...
2026-08-17 14:26:06 [INFO    ] popup_handler.py:134 — 'Get Started' screen not present — skipping.
2026-08-17 14:26:06 [INFO    ] conftest.py:217 — App readiness probe: HiPi is in foreground (com.zee5.hipi).
2026-08-17 14:26:06 [INFO    ] conftest.py:315 — DRIVER SETUP COMPLETE
2026-08-17 14:26:06 [INFO    ] base_test.py:20 — BaseTest setup completed.
2026-08-17 14:26:06 [INFO    ] base_test.py:58 — login_and_reach_feed: START
2026-08-17 14:26:06 [INFO    ] base_test.py:30 — Logging in as default test user.
2026-08-17 14:26:06 [INFO    ] login_page.py:591 — ========== LOGIN FLOW START ==========
2026-08-17 14:26:07 [INFO    ] login_page.py:43 — Opening profile tab
2026-08-17 14:26:08 [INFO    ] login_page.py:53 — Profile tab open attempt 1/2
2026-08-17 14:26:16 [ERROR   ] base_page.py:59 — Element not clickable after 8s: ('xpath', "//android.view.View[@clickable='true'][.//android.widget.TextView[@text='Profile']]")
2026-08-17 14:26:17 [INFO    ] screenshot_utils.py:60 — Screenshot saved: reports/screenshots/element_not_clickable___android.view.View__clickable=_true___.__android.widget.TextView__text=_Profile____20260817_142616.png
2026-08-17 14:26:17 [INFO    ] screenshot_utils.py:83 — Page source saved: reports/screenshots/element_not_clickable___android.view.View__clickable=_true___.__android.widget.TextView__text=_Profile____20260817_142617.xml
2026-08-17 14:26:17 [ERROR   ] base_page.py:118 — Click failed on attempt 1 for ('xpath', "//android.view.View[@clickable='true'][.//android.widget.TextView[@text='Profile']]"): Message: 
Stacktrace:
NoSuchElementError: An element could not be located on the page using the given search parameters.
    at AndroidUiautomator2Driver.findElOrEls (/Users/vc.rajdeep.kumar/.appium/node_modules/appium-uiautomator2-driver/node_modules/appium-android-driver/build/lib/commands/find.js:62:15)
    at process.processTicksAndRejections (node:internal/process/task_queues:104:5)
    at async AndroidUiautomator2Driver.findElOrElsWithProcessing (/opt/homebrew/lib/node_modules/appium/node_modules/@appium/base-driver/build/lib/basedriver/commands/find.js:12:16)
    at async AndroidUiautomator2Driver.findElement (/opt/homebrew/lib/node_modules/appium/node_modules/@appium/base-driver/build/lib/basedriver/commands/find.js:27:16)
2026-08-17 14:26:17 [WARNING ] base_page.py:262 — Attempting to recover application state...
2026-08-17 14:26:20 [INFO    ] base_page.py:266 — App recovery attempt completed.
2026-08-17 14:26:21 [INFO    ] screenshot_utils.py:60 — Screenshot saved: reports/screenshots/click_failed_20260817_142620.png
2026-08-17 14:26:21 [INFO    ] screenshot_utils.py:83 — Page source saved: reports/screenshots/click_failed_20260817_142621.xml
2026-08-17 14:26:21 [WARNING ] login_page.py:98 — Element-based click failed: Unable to click ('xpath', "//android.view.View[@clickable='true'][.//android.widget.TextView[@text='Profile']]") after 1 retries. Last exception: Message: 
Stacktrace:
NoSuchElementError: An element could not be located on the page using the given search parameters.
    at AndroidUiautomator2Driver.findElOrEls (/Users/vc.rajdeep.kumar/.appium/node_modules/appium-uiautomator2-driver/node_modules/appium-android-driver/build/lib/commands/find.js:62:15)
    at process.processTicksAndRejections (node:internal/process/task_queues:104:5)
    at async AndroidUiautomator2Driver.findElOrElsWithProcessing (/opt/homebrew/lib/node_modules/appium/node_modules/@appium/base-driver/build/lib/basedriver/commands/find.js:12:16)
    at async AndroidUiautomator2Driver.findElement (/opt/homebrew/lib/node_modules/appium/node_modules/@appium/base-driver/build/lib/basedriver/commands/find.js:27:16)
2026-08-17 14:26:30 [ERROR   ] base_page.py:50 — Element not visible after 8s: ('-android uiautomator', 'new UiSelector().text("Edit Profile")')
2026-08-17 14:26:30 [INFO    ] screenshot_utils.py:60 — Screenshot saved: reports/screenshots/element_not_visible_new UiSelector().text(_Edit Profile_)_20260817_142630.png
2026-08-17 14:26:31 [INFO    ] screenshot_utils.py:83 — Page source saved: reports/screenshots/element_not_visible_new UiSelector().text(_Edit Profile_)_20260817_142630.xml
2026-08-17 14:26:34 [ERROR   ] base_page.py:50 — Element not visible after 3s: ('id', 'com.zee5.hipi:id/exo_content_frame')
2026-08-17 14:26:35 [INFO    ] screenshot_utils.py:60 — Screenshot saved: reports/screenshots/element_not_visible_com.zee5.hipi_id_exo_content_frame_20260817_142634.png
2026-08-17 14:26:35 [INFO    ] screenshot_utils.py:83 — Page source saved: reports/screenshots/element_not_visible_com.zee5.hipi_id_exo_content_frame_20260817_142635.xml
2026-08-17 14:26:35 [INFO    ] gestures.py:29 — Tap performed at X:760 Y:2246
2026-08-17 14:26:36 [INFO    ] base_page.py:84 — wait_for_any_visible matched: ('class name', 'android.widget.EditText')
2026-08-17 14:26:36 [INFO    ] login_page.py:147 — Profile tab opened (coordinate tap, verified)
2026-08-17 14:26:41 [ERROR   ] base_page.py:50 — Element not visible after 5s: ('-android uiautomator', 'new UiSelector().textContains("Continue")')
2026-08-17 14:26:42 [INFO    ] screenshot_utils.py:60 — Screenshot saved: reports/screenshots/element_not_visible_new UiSelector().textContains(_Continue_)_20260817_142641.png
2026-08-17 14:26:42 [INFO    ] screenshot_utils.py:83 — Page source saved: reports/screenshots/element_not_visible_new UiSelector().textContains(_Continue_)_20260817_142642.xml
2026-08-17 14:26:42 [INFO    ] login_page.py:276 — Entering mobile number: 9876543210
2026-08-17 14:26:43 [INFO    ] base_page.py:136 — Entered text '9876543210' into ('class name', 'android.widget.EditText')
2026-08-17 14:26:45 [INFO    ] login_page.py:290 — Mobile number entered
2026-08-17 14:26:45 [INFO    ] login_page.py:315 — Clicking proceed button
2026-08-17 14:26:56 [ERROR   ] base_page.py:59 — Element not clickable after 10s: ('accessibility id', 'Proceed')
2026-08-17 14:26:56 [INFO    ] screenshot_utils.py:60 — Screenshot saved: reports/screenshots/element_not_clickable_Proceed_20260817_142656.png
2026-08-17 14:26:57 [INFO    ] screenshot_utils.py:83 — Page source saved: reports/screenshots/element_not_clickable_Proceed_20260817_142656.xml
2026-08-17 14:26:57 [ERROR   ] base_page.py:118 — Click failed on attempt 1 for ('accessibility id', 'Proceed'): Message: 
Stacktrace:
NoSuchElementError: An element could not be located on the page using the given search parameters.
    at AndroidUiautomator2Driver.findElOrEls (/Users/vc.rajdeep.kumar/.appium/node_modules/appium-uiautomator2-driver/node_modules/appium-android-driver/build/lib/commands/find.js:62:15)
    at process.processTicksAndRejections (node:internal/process/task_queues:104:5)
    at async AndroidUiautomator2Driver.findElOrElsWithProcessing (/opt/homebrew/lib/node_modules/appium/node_modules/@appium/base-driver/build/lib/basedriver/commands/find.js:12:16)
    at async AndroidUiautomator2Driver.findElement (/opt/homebrew/lib/node_modules/appium/node_modules/@appium/base-driver/build/lib/basedriver/commands/find.js:27:16)
2026-08-17 14:26:57 [WARNING ] base_page.py:262 — Attempting to recover application state...
2026-08-17 14:27:00 [INFO    ] base_page.py:266 — App recovery attempt completed.
2026-08-17 14:27:10 [ERROR   ] base_page.py:59 — Element not clickable after 10s: ('accessibility id', 'Proceed')
2026-08-17 14:27:10 [INFO    ] screenshot_utils.py:60 — Screenshot saved: reports/screenshots/element_not_clickable_Proceed_20260817_142710.png
2026-08-17 14:27:11 [INFO    ] screenshot_utils.py:83 — Page source saved: reports/screenshots/element_not_clickable_Proceed_20260817_142710.xml
2026-08-17 14:27:11 [ERROR   ] base_page.py:118 — Click failed on attempt 2 for ('accessibility id', 'Proceed'): Message: 
Stacktrace:
NoSuchElementError: An element could not be located on the page using the given search parameters.
    at AndroidUiautomator2Driver.findElOrEls (/Users/vc.rajdeep.kumar/.appium/node_modules/appium-uiautomator2-driver/node_modules/appium-android-driver/build/lib/commands/find.js:62:15)
    at process.processTicksAndRejections (node:internal/process/task_queues:104:5)
    at async AndroidUiautomator2Driver.findElOrElsWithProcessing (/opt/homebrew/lib/node_modules/appium/node_modules/@appium/base-driver/build/lib/basedriver/commands/find.js:12:16)
    at async AndroidUiautomator2Driver.findElement (/opt/homebrew/lib/node_modules/appium/node_modules/@appium/base-driver/build/lib/basedriver/commands/find.js:27:16)
2026-08-17 14:27:11 [WARNING ] base_page.py:262 — Attempting to recover application state...
2026-08-17 14:27:14 [INFO    ] base_page.py:266 — App recovery attempt completed.
2026-08-17 14:27:24 [ERROR   ] base_page.py:59 — Element not clickable after 10s: ('accessibility id', 'Proceed')
2026-08-17 14:27:25 [INFO    ] screenshot_utils.py:60 — Screenshot saved: reports/screenshots/element_not_clickable_Proceed_20260817_142724.png
2026-08-17 14:27:25 [INFO    ] screenshot_utils.py:83 — Page source saved: reports/screenshots/element_not_clickable_Proceed_20260817_142725.xml
2026-08-17 14:27:25 [ERROR   ] base_page.py:118 — Click failed on attempt 3 for ('accessibility id', 'Proceed'): Message: 
Stacktrace:
NoSuchElementError: An element could not be located on the page using the given search parameters.
    at AndroidUiautomator2Driver.findElOrEls (/Users/vc.rajdeep.kumar/.appium/node_modules/appium-uiautomator2-driver/node_modules/appium-android-driver/build/lib/commands/find.js:62:15)
    at process.processTicksAndRejections (node:internal/process/task_queues:104:5)
    at async AndroidUiautomator2Driver.findElOrElsWithProcessing (/opt/homebrew/lib/node_modules/appium/node_modules/@appium/base-driver/build/lib/basedriver/commands/find.js:12:16)
    at async AndroidUiautomator2Driver.findElement (/opt/homebrew/lib/node_modules/appium/node_modules/@appium/base-driver/build/lib/basedriver/commands/find.js:27:16)
2026-08-17 14:27:25 [WARNING ] base_page.py:262 — Attempting to recover application state...
2026-08-17 14:27:28 [INFO    ] base_page.py:266 — App recovery attempt completed.
2026-08-17 14:27:29 [INFO    ] screenshot_utils.py:60 — Screenshot saved: reports/screenshots/click_failed_20260817_142728.png
2026-08-17 14:27:29 [INFO    ] screenshot_utils.py:83 — Page source saved: reports/screenshots/click_failed_20260817_142729.xml
2026-08-17 14:27:29 [ERROR   ] login_page.py:333 — Proceed button failed: Unable to click ('accessibility id', 'Proceed') after 3 retries. Last exception: Message: 
Stacktrace:
NoSuchElementError: An element could not be located on the page using the given search parameters.
    at AndroidUiautomator2Driver.findElOrEls (/Users/vc.rajdeep.kumar/.appium/node_modules/appium-uiautomator2-driver/node_modules/appium-android-driver/build/lib/commands/find.js:62:15)
    at process.processTicksAndRejections (node:internal/process/task_queues:104:5)
    at async AndroidUiautomator2Driver.findElOrElsWithProcessing (/opt/homebrew/lib/node_modules/appium/node_modules/@appium/base-driver/build/lib/basedriver/commands/find.js:12:16)
    at async AndroidUiautomator2Driver.findElement (/opt/homebrew/lib/node_modules/appium/node_modules/@appium/base-driver/build/lib/basedriver/commands/find.js:27:16)
2026-08-17 14:27:29 [INFO    ] screenshot_utils.py:60 — Screenshot saved: reports/screenshots/proceed_button_failed_20260817_142729.png
2026-08-17 14:27:29 [INFO    ] screenshot_utils.py:83 — Page source saved: reports/screenshots/proceed_button_failed_20260817_142729.xml
2026-08-17 14:27:29 [ERROR   ] login_page.py:725 — Login flow failed: Unable to click ('accessibility id', 'Proceed') after 3 retries. Last exception: Message: 
Stacktrace:
NoSuchElementError: An element could not be located on the page using the given search parameters.
    at AndroidUiautomator2Driver.findElOrEls (/Users/vc.rajdeep.kumar/.appium/node_modules/appium-uiautomator2-driver/node_modules/appium-android-driver/build/lib/commands/find.js:62:15)
    at process.processTicksAndRejections (node:internal/process/task_queues:104:5)
    at async AndroidUiautomator2Driver.findElOrElsWithProcessing (/opt/homebrew/lib/node_modules/appium/node_modules/@appium/base-driver/build/lib/basedriver/commands/find.js:12:16)
    at async AndroidUiautomator2Driver.findElement (/opt/homebrew/lib/node_modules/appium/node_modules/@appium/base-driver/build/lib/basedriver/commands/find.js:27:16)
2026-08-17 14:27:30 [INFO    ] screenshot_utils.py:60 — Screenshot saved: reports/screenshots/login_failed_20260817_142729.png
2026-08-17 14:27:30 [INFO    ] screenshot_utils.py:83 — Page source saved: reports/screenshots/login_failed_20260817_142730.xml
2026-08-17 14:27:30 [INFO    ] screenshot_utils.py:60 — Screenshot saved: reports/screenshots/test_add_comment_variants_comment_4__20260817_142730.png
2026-08-17 14:27:31 [INFO    ] screenshot_utils.py:83 — Page source saved: reports/screenshots/test_add_comment_variants_comment_4__20260817_142730.xml
2026-08-17 14:27:31 [ERROR   ] conftest.py:419 — Test FAILED: test_add_comment_variants[comment_4]
2026-08-17 14:27:31 [INFO    ] conftest.py:326 — Closing driver session.
2026-08-17 14:27:31 [INFO    ] conftest.py:291 — ==================================================
2026-08-17 14:27:31 [INFO    ] conftest.py:292 — DRIVER SETUP START
2026-08-17 14:27:31 [INFO    ] conftest.py:293 — ==================================================
2026-08-17 14:27:31 [INFO    ] conftest.py:158 — Driver creation attempt 1/3
2026-08-17 14:27:32 [INFO    ] driver_factory.py:53 — ========== DRIVER CREATION START ==========
2026-08-17 14:27:32 [INFO    ] driver_factory.py:70 — Device: emulator | Env: qa | Platform: Android
2026-08-17 14:27:32 [INFO    ] driver_factory.py:136 — Device Name: Android Emulator
2026-08-17 14:27:32 [INFO    ] driver_factory.py:137 — UDID: emulator-5554
2026-08-17 14:27:32 [INFO    ] driver_factory.py:151 — App Package: com.zee5.hipi (noReset=true, activity not set)
2026-08-17 14:27:36 [INFO    ] driver_factory.py:112 — App launched by driver. Waiting for stabilization...
2026-08-17 14:27:38 [INFO    ] driver_factory.py:115 — ========== DRIVER CREATED SUCCESSFULLY ==========
2026-08-17 14:27:38 [INFO    ] conftest.py:302 — Driver created successfully.
2026-08-17 14:27:41 [INFO    ] popup_handler.py:122 — Checking for 'Get Started' screen...
2026-08-17 14:27:44 [INFO    ] popup_handler.py:134 — 'Get Started' screen not present — skipping.
2026-08-17 14:27:45 [INFO    ] conftest.py:217 — App readiness probe: HiPi is in foreground (com.zee5.hipi).
2026-08-17 14:27:45 [INFO    ] conftest.py:315 — DRIVER SETUP COMPLETE
2026-08-17 14:27:45 [INFO    ] base_test.py:20 — BaseTest setup completed.
2026-08-17 14:27:45 [INFO    ] base_test.py:58 — login_and_reach_feed: START
2026-08-17 14:27:45 [INFO    ] base_test.py:30 — Logging in as default test user.
2026-08-17 14:27:45 [INFO    ] login_page.py:591 — ========== LOGIN FLOW START ==========
2026-08-17 14:27:46 [INFO    ] login_page.py:43 — Opening profile tab
2026-08-17 14:27:47 [INFO    ] login_page.py:53 — Profile tab open attempt 1/2
2026-08-17 14:27:56 [ERROR   ] base_page.py:59 — Element not clickable after 8s: ('xpath', "//android.view.View[@clickable='true'][.//android.widget.TextView[@text='Profile']]")
2026-08-17 14:27:59 [INFO    ] screenshot_utils.py:60 — Screenshot saved: reports/screenshots/element_not_clickable___android.view.View__clickable=_true___.__android.widget.TextView__text=_Profile____20260817_142756.png
2026-08-17 14:28:00 [INFO    ] screenshot_utils.py:83 — Page source saved: reports/screenshots/element_not_clickable___android.view.View__clickable=_true___.__android.widget.TextView__text=_Profile____20260817_142759.xml
2026-08-17 14:28:00 [ERROR   ] base_page.py:118 — Click failed on attempt 1 for ('xpath', "//android.view.View[@clickable='true'][.//android.widget.TextView[@text='Profile']]"): Message: 
Stacktrace:
NoSuchElementError: An element could not be located on the page using the given search parameters.
    at AndroidUiautomator2Driver.findElOrEls (/Users/vc.rajdeep.kumar/.appium/node_modules/appium-uiautomator2-driver/node_modules/appium-android-driver/build/lib/commands/find.js:62:15)
    at process.processTicksAndRejections (node:internal/process/task_queues:104:5)
    at async AndroidUiautomator2Driver.findElOrElsWithProcessing (/opt/homebrew/lib/node_modules/appium/node_modules/@appium/base-driver/build/lib/basedriver/commands/find.js:12:16)
    at async AndroidUiautomator2Driver.findElement (/opt/homebrew/lib/node_modules/appium/node_modules/@appium/base-driver/build/lib/basedriver/commands/find.js:27:16)
2026-08-17 14:28:00 [WARNING ] base_page.py:262 — Attempting to recover application state...
2026-08-17 14:28:03 [INFO    ] base_page.py:266 — App recovery attempt completed.
2026-08-17 14:28:04 [INFO    ] screenshot_utils.py:60 — Screenshot saved: reports/screenshots/click_failed_20260817_142803.png
2026-08-17 14:28:04 [INFO    ] screenshot_utils.py:83 — Page source saved: reports/screenshots/click_failed_20260817_142804.xml
2026-08-17 14:28:04 [WARNING ] login_page.py:98 — Element-based click failed: Unable to click ('xpath', "//android.view.View[@clickable='true'][.//android.widget.TextView[@text='Profile']]") after 1 retries. Last exception: Message: 
Stacktrace:
NoSuchElementError: An element could not be located on the page using the given search parameters.
    at AndroidUiautomator2Driver.findElOrEls (/Users/vc.rajdeep.kumar/.appium/node_modules/appium-uiautomator2-driver/node_modules/appium-android-driver/build/lib/commands/find.js:62:15)
    at process.processTicksAndRejections (node:internal/process/task_queues:104:5)
    at async AndroidUiautomator2Driver.findElOrElsWithProcessing (/opt/homebrew/lib/node_modules/appium/node_modules/@appium/base-driver/build/lib/basedriver/commands/find.js:12:16)
    at async AndroidUiautomator2Driver.findElement (/opt/homebrew/lib/node_modules/appium/node_modules/@appium/base-driver/build/lib/basedriver/commands/find.js:27:16)
2026-08-17 14:28:12 [ERROR   ] base_page.py:50 — Element not visible after 8s: ('-android uiautomator', 'new UiSelector().text("Edit Profile")')
2026-08-17 14:28:13 [INFO    ] screenshot_utils.py:60 — Screenshot saved: reports/screenshots/element_not_visible_new UiSelector().text(_Edit Profile_)_20260817_142812.png
2026-08-17 14:28:13 [INFO    ] screenshot_utils.py:83 — Page source saved: reports/screenshots/element_not_visible_new UiSelector().text(_Edit Profile_)_20260817_142813.xml
2026-08-17 14:28:16 [ERROR   ] base_page.py:50 — Element not visible after 3s: ('id', 'com.zee5.hipi:id/exo_content_frame')
2026-08-17 14:28:17 [INFO    ] screenshot_utils.py:60 — Screenshot saved: reports/screenshots/element_not_visible_com.zee5.hipi_id_exo_content_frame_20260817_142816.png
2026-08-17 14:28:17 [INFO    ] screenshot_utils.py:83 — Page source saved: reports/screenshots/element_not_visible_com.zee5.hipi_id_exo_content_frame_20260817_142817.xml
2026-08-17 14:28:17 [INFO    ] gestures.py:29 — Tap performed at X:760 Y:2246
2026-08-17 14:28:18 [INFO    ] base_page.py:84 — wait_for_any_visible matched: ('class name', 'android.widget.EditText')
2026-08-17 14:28:18 [INFO    ] login_page.py:147 — Profile tab opened (coordinate tap, verified)
2026-08-17 14:28:24 [ERROR   ] base_page.py:50 — Element not visible after 5s: ('-android uiautomator', 'new UiSelector().textContains("Continue")')
2026-08-17 14:28:24 [INFO    ] screenshot_utils.py:60 — Screenshot saved: reports/screenshots/element_not_visible_new UiSelector().textContains(_Continue_)_20260817_142824.png
2026-08-17 14:28:24 [INFO    ] screenshot_utils.py:83 — Page source saved: reports/screenshots/element_not_visible_new UiSelector().textContains(_Continue_)_20260817_142824.xml
2026-08-17 14:28:24 [INFO    ] login_page.py:276 — Entering mobile number: 9876543210
2026-08-17 14:28:25 [INFO    ] base_page.py:136 — Entered text '9876543210' into ('class name', 'android.widget.EditText')
2026-08-17 14:28:27 [INFO    ] login_page.py:290 — Mobile number entered
2026-08-17 14:28:27 [INFO    ] login_page.py:315 — Clicking proceed button
2026-08-17 14:28:37 [ERROR   ] base_page.py:59 — Element not clickable after 10s: ('accessibility id', 'Proceed')
2026-08-17 14:28:38 [INFO    ] screenshot_utils.py:60 — Screenshot saved: reports/screenshots/element_not_clickable_Proceed_20260817_142837.png
2026-08-17 14:28:38 [INFO    ] screenshot_utils.py:83 — Page source saved: reports/screenshots/element_not_clickable_Proceed_20260817_142838.xml
2026-08-17 14:28:38 [ERROR   ] base_page.py:118 — Click failed on attempt 1 for ('accessibility id', 'Proceed'): Message: 
Stacktrace:
NoSuchElementError: An element could not be located on the page using the given search parameters.
    at AndroidUiautomator2Driver.findElOrEls (/Users/vc.rajdeep.kumar/.appium/node_modules/appium-uiautomator2-driver/node_modules/appium-android-driver/build/lib/commands/find.js:62:15)
    at process.processTicksAndRejections (node:internal/process/task_queues:104:5)
    at async AndroidUiautomator2Driver.findElOrElsWithProcessing (/opt/homebrew/lib/node_modules/appium/node_modules/@appium/base-driver/build/lib/basedriver/commands/find.js:12:16)
    at async AndroidUiautomator2Driver.findElement (/opt/homebrew/lib/node_modules/appium/node_modules/@appium/base-driver/build/lib/basedriver/commands/find.js:27:16)
2026-08-17 14:28:38 [WARNING ] base_page.py:262 — Attempting to recover application state...
2026-08-17 14:28:41 [INFO    ] base_page.py:266 — App recovery attempt completed.
2026-08-17 14:28:52 [ERROR   ] base_page.py:59 — Element not clickable after 10s: ('accessibility id', 'Proceed')
2026-08-17 14:28:52 [INFO    ] screenshot_utils.py:60 — Screenshot saved: reports/screenshots/element_not_clickable_Proceed_20260817_142852.png
2026-08-17 14:28:52 [INFO    ] screenshot_utils.py:83 — Page source saved: reports/screenshots/element_not_clickable_Proceed_20260817_142852.xml
2026-08-17 14:28:52 [ERROR   ] base_page.py:118 — Click failed on attempt 2 for ('accessibility id', 'Proceed'): Message: 
Stacktrace:
NoSuchElementError: An element could not be located on the page using the given search parameters.
    at AndroidUiautomator2Driver.findElOrEls (/Users/vc.rajdeep.kumar/.appium/node_modules/appium-uiautomator2-driver/node_modules/appium-android-driver/build/lib/commands/find.js:62:15)
    at process.processTicksAndRejections (node:internal/process/task_queues:104:5)
    at async AndroidUiautomator2Driver.findElOrElsWithProcessing (/opt/homebrew/lib/node_modules/appium/node_modules/@appium/base-driver/build/lib/basedriver/commands/find.js:12:16)
    at async AndroidUiautomator2Driver.findElement (/opt/homebrew/lib/node_modules/appium/node_modules/@appium/base-driver/build/lib/basedriver/commands/find.js:27:16)
2026-08-17 14:28:52 [WARNING ] base_page.py:262 — Attempting to recover application state...
2026-08-17 14:28:55 [INFO    ] base_page.py:266 — App recovery attempt completed.
2026-08-17 14:29:06 [ERROR   ] base_page.py:59 — Element not clickable after 10s: ('accessibility id', 'Proceed')
2026-08-17 14:29:06 [INFO    ] screenshot_utils.py:60 — Screenshot saved: reports/screenshots/element_not_clickable_Proceed_20260817_142906.png
2026-08-17 14:29:06 [INFO    ] screenshot_utils.py:83 — Page source saved: reports/screenshots/element_not_clickable_Proceed_20260817_142906.xml
2026-08-17 14:29:06 [ERROR   ] base_page.py:118 — Click failed on attempt 3 for ('accessibility id', 'Proceed'): Message: 
Stacktrace:
NoSuchElementError: An element could not be located on the page using the given search parameters.
    at AndroidUiautomator2Driver.findElOrEls (/Users/vc.rajdeep.kumar/.appium/node_modules/appium-uiautomator2-driver/node_modules/appium-android-driver/build/lib/commands/find.js:62:15)
    at process.processTicksAndRejections (node:internal/process/task_queues:104:5)
    at async AndroidUiautomator2Driver.findElOrElsWithProcessing (/opt/homebrew/lib/node_modules/appium/node_modules/@appium/base-driver/build/lib/basedriver/commands/find.js:12:16)
    at async AndroidUiautomator2Driver.findElement (/opt/homebrew/lib/node_modules/appium/node_modules/@appium/base-driver/build/lib/basedriver/commands/find.js:27:16)
2026-08-17 14:29:06 [WARNING ] base_page.py:262 — Attempting to recover application state...
2026-08-17 14:29:09 [INFO    ] base_page.py:266 — App recovery attempt completed.
2026-08-17 14:29:09 [INFO    ] screenshot_utils.py:60 — Screenshot saved: reports/screenshots/click_failed_20260817_142909.png
2026-08-17 14:29:10 [INFO    ] screenshot_utils.py:83 — Page source saved: reports/screenshots/click_failed_20260817_142909.xml
2026-08-17 14:29:10 [ERROR   ] login_page.py:333 — Proceed button failed: Unable to click ('accessibility id', 'Proceed') after 3 retries. Last exception: Message: 
Stacktrace:
NoSuchElementError: An element could not be located on the page using the given search parameters.
    at AndroidUiautomator2Driver.findElOrEls (/Users/vc.rajdeep.kumar/.appium/node_modules/appium-uiautomator2-driver/node_modules/appium-android-driver/build/lib/commands/find.js:62:15)
    at process.processTicksAndRejections (node:internal/process/task_queues:104:5)
    at async AndroidUiautomator2Driver.findElOrElsWithProcessing (/opt/homebrew/lib/node_modules/appium/node_modules/@appium/base-driver/build/lib/basedriver/commands/find.js:12:16)
    at async AndroidUiautomator2Driver.findElement (/opt/homebrew/lib/node_modules/appium/node_modules/@appium/base-driver/build/lib/basedriver/commands/find.js:27:16)
2026-08-17 14:29:10 [INFO    ] screenshot_utils.py:60 — Screenshot saved: reports/screenshots/proceed_button_failed_20260817_142910.png
2026-08-17 14:29:10 [INFO    ] screenshot_utils.py:83 — Page source saved: reports/screenshots/proceed_button_failed_20260817_142910.xml
2026-08-17 14:29:10 [ERROR   ] login_page.py:725 — Login flow failed: Unable to click ('accessibility id', 'Proceed') after 3 retries. Last exception: Message: 
Stacktrace:
NoSuchElementError: An element could not be located on the page using the given search parameters.
    at AndroidUiautomator2Driver.findElOrEls (/Users/vc.rajdeep.kumar/.appium/node_modules/appium-uiautomator2-driver/node_modules/appium-android-driver/build/lib/commands/find.js:62:15)
    at process.processTicksAndRejections (node:internal/process/task_queues:104:5)
    at async AndroidUiautomator2Driver.findElOrElsWithProcessing (/opt/homebrew/lib/node_modules/appium/node_modules/@appium/base-driver/build/lib/basedriver/commands/find.js:12:16)
    at async AndroidUiautomator2Driver.findElement (/opt/homebrew/lib/node_modules/appium/node_modules/@appium/base-driver/build/lib/basedriver/commands/find.js:27:16)
2026-08-17 14:29:11 [INFO    ] screenshot_utils.py:60 — Screenshot saved: reports/screenshots/login_failed_20260817_142910.png
2026-08-17 14:29:11 [INFO    ] screenshot_utils.py:83 — Page source saved: reports/screenshots/login_failed_20260817_142911.xml
2026-08-17 14:29:11 [INFO    ] screenshot_utils.py:60 — Screenshot saved: reports/screenshots/test_add_comment_variants_comment_5__20260817_142911.png
2026-08-17 14:29:11 [INFO    ] screenshot_utils.py:83 — Page source saved: reports/screenshots/test_add_comment_variants_comment_5__20260817_142911.xml
2026-08-17 14:29:11 [ERROR   ] conftest.py:419 — Test FAILED: test_add_comment_variants[comment_5]
2026-08-17 14:29:11 [INFO    ] conftest.py:326 — Closing driver session.
2026-08-17 14:29:13 [INFO    ] conftest.py:291 — ==================================================
2026-08-17 14:29:13 [INFO    ] conftest.py:292 — DRIVER SETUP START
2026-08-17 14:29:13 [INFO    ] conftest.py:293 — ==================================================
2026-08-17 14:29:13 [INFO    ] conftest.py:158 — Driver creation attempt 1/3
2026-08-17 14:29:14 [INFO    ] driver_factory.py:53 — ========== DRIVER CREATION START ==========
2026-08-17 14:29:14 [INFO    ] driver_factory.py:70 — Device: emulator | Env: qa | Platform: Android
2026-08-17 14:29:14 [INFO    ] driver_factory.py:136 — Device Name: Android Emulator
2026-08-17 14:29:14 [INFO    ] driver_factory.py:137 — UDID: emulator-5554
2026-08-17 14:29:14 [INFO    ] driver_factory.py:151 — App Package: com.zee5.hipi (noReset=true, activity not set)
2026-08-17 14:29:29 [INFO    ] driver_factory.py:112 — App launched by driver. Waiting for stabilization...
2026-08-17 14:29:31 [INFO    ] driver_factory.py:115 — ========== DRIVER CREATED SUCCESSFULLY ==========
2026-08-17 14:29:31 [INFO    ] conftest.py:302 — Driver created successfully.
2026-08-17 14:29:34 [INFO    ] popup_handler.py:122 — Checking for 'Get Started' screen...
2026-08-17 14:29:38 [INFO    ] popup_handler.py:134 — 'Get Started' screen not present — skipping.
2026-08-17 14:29:38 [INFO    ] conftest.py:217 — App readiness probe: HiPi is in foreground (com.zee5.hipi).
2026-08-17 14:29:38 [INFO    ] conftest.py:315 — DRIVER SETUP COMPLETE
2026-08-17 14:29:38 [INFO    ] base_test.py:20 — BaseTest setup completed.
2026-08-17 14:29:38 [INFO    ] base_test.py:58 — login_and_reach_feed: START
2026-08-17 14:29:38 [INFO    ] base_test.py:30 — Logging in as default test user.
2026-08-17 14:29:38 [INFO    ] login_page.py:591 — ========== LOGIN FLOW START ==========
2026-08-17 14:29:39 [INFO    ] login_page.py:43 — Opening profile tab
2026-08-17 14:29:40 [INFO    ] login_page.py:53 — Profile tab open attempt 1/2
2026-08-17 14:29:48 [ERROR   ] base_page.py:59 — Element not clickable after 8s: ('xpath', "//android.view.View[@clickable='true'][.//android.widget.TextView[@text='Profile']]")
2026-08-17 14:29:49 [INFO    ] screenshot_utils.py:60 — Screenshot saved: reports/screenshots/element_not_clickable___android.view.View__clickable=_true___.__android.widget.TextView__text=_Profile____20260817_142948.png
2026-08-17 14:29:49 [INFO    ] screenshot_utils.py:83 — Page source saved: reports/screenshots/element_not_clickable___android.view.View__clickable=_true___.__android.widget.TextView__text=_Profile____20260817_142949.xml
2026-08-17 14:29:49 [ERROR   ] base_page.py:118 — Click failed on attempt 1 for ('xpath', "//android.view.View[@clickable='true'][.//android.widget.TextView[@text='Profile']]"): Message: 
Stacktrace:
NoSuchElementError: An element could not be located on the page using the given search parameters.
    at AndroidUiautomator2Driver.findElOrEls (/Users/vc.rajdeep.kumar/.appium/node_modules/appium-uiautomator2-driver/node_modules/appium-android-driver/build/lib/commands/find.js:62:15)
    at process.processTicksAndRejections (node:internal/process/task_queues:104:5)
    at async AndroidUiautomator2Driver.findElOrElsWithProcessing (/opt/homebrew/lib/node_modules/appium/node_modules/@appium/base-driver/build/lib/basedriver/commands/find.js:12:16)
    at async AndroidUiautomator2Driver.findElement (/opt/homebrew/lib/node_modules/appium/node_modules/@appium/base-driver/build/lib/basedriver/commands/find.js:27:16)
2026-08-17 14:29:49 [WARNING ] base_page.py:262 — Attempting to recover application state...
2026-08-17 14:29:52 [INFO    ] base_page.py:266 — App recovery attempt completed.
2026-08-17 14:29:52 [INFO    ] screenshot_utils.py:60 — Screenshot saved: reports/screenshots/click_failed_20260817_142952.png
2026-08-17 14:29:52 [INFO    ] screenshot_utils.py:83 — Page source saved: reports/screenshots/click_failed_20260817_142952.xml
2026-08-17 14:29:52 [WARNING ] login_page.py:98 — Element-based click failed: Unable to click ('xpath', "//android.view.View[@clickable='true'][.//android.widget.TextView[@text='Profile']]") after 1 retries. Last exception: Message: 
Stacktrace:
NoSuchElementError: An element could not be located on the page using the given search parameters.
    at AndroidUiautomator2Driver.findElOrEls (/Users/vc.rajdeep.kumar/.appium/node_modules/appium-uiautomator2-driver/node_modules/appium-android-driver/build/lib/commands/find.js:62:15)
    at process.processTicksAndRejections (node:internal/process/task_queues:104:5)
    at async AndroidUiautomator2Driver.findElOrElsWithProcessing (/opt/homebrew/lib/node_modules/appium/node_modules/@appium/base-driver/build/lib/basedriver/commands/find.js:12:16)
    at async AndroidUiautomator2Driver.findElement (/opt/homebrew/lib/node_modules/appium/node_modules/@appium/base-driver/build/lib/basedriver/commands/find.js:27:16)
2026-08-17 14:30:01 [ERROR   ] base_page.py:50 — Element not visible after 8s: ('-android uiautomator', 'new UiSelector().text("Edit Profile")')
2026-08-17 14:30:02 [INFO    ] screenshot_utils.py:60 — Screenshot saved: reports/screenshots/element_not_visible_new UiSelector().text(_Edit Profile_)_20260817_143001.png
2026-08-17 14:30:02 [INFO    ] screenshot_utils.py:83 — Page source saved: reports/screenshots/element_not_visible_new UiSelector().text(_Edit Profile_)_20260817_143002.xml
2026-08-17 14:30:05 [ERROR   ] base_page.py:50 — Element not visible after 3s: ('id', 'com.zee5.hipi:id/exo_content_frame')
2026-08-17 14:30:05 [INFO    ] screenshot_utils.py:60 — Screenshot saved: reports/screenshots/element_not_visible_com.zee5.hipi_id_exo_content_frame_20260817_143005.png
2026-08-17 14:30:05 [INFO    ] screenshot_utils.py:83 — Page source saved: reports/screenshots/element_not_visible_com.zee5.hipi_id_exo_content_frame_20260817_143005.xml
2026-08-17 14:30:06 [INFO    ] gestures.py:29 — Tap performed at X:760 Y:2246
2026-08-17 14:30:07 [INFO    ] base_page.py:84 — wait_for_any_visible matched: ('class name', 'android.widget.EditText')
2026-08-17 14:30:07 [INFO    ] login_page.py:147 — Profile tab opened (coordinate tap, verified)
2026-08-17 14:30:12 [ERROR   ] base_page.py:50 — Element not visible after 5s: ('-android uiautomator', 'new UiSelector().textContains("Continue")')
2026-08-17 14:30:12 [INFO    ] screenshot_utils.py:60 — Screenshot saved: reports/screenshots/element_not_visible_new UiSelector().textContains(_Continue_)_20260817_143012.png
2026-08-17 14:30:12 [INFO    ] screenshot_utils.py:83 — Page source saved: reports/screenshots/element_not_visible_new UiSelector().textContains(_Continue_)_20260817_143012.xml
2026-08-17 14:30:12 [INFO    ] login_page.py:276 — Entering mobile number: 9876543210
2026-08-17 14:30:13 [INFO    ] base_page.py:136 — Entered text '9876543210' into ('class name', 'android.widget.EditText')
2026-08-17 14:30:16 [INFO    ] login_page.py:290 — Mobile number entered
2026-08-17 14:30:16 [INFO    ] login_page.py:315 — Clicking proceed button
2026-08-17 14:30:26 [ERROR   ] base_page.py:59 — Element not clickable after 10s: ('accessibility id', 'Proceed')
2026-08-17 14:30:27 [INFO    ] screenshot_utils.py:60 — Screenshot saved: reports/screenshots/element_not_clickable_Proceed_20260817_143026.png
2026-08-17 14:30:27 [INFO    ] screenshot_utils.py:83 — Page source saved: reports/screenshots/element_not_clickable_Proceed_20260817_143027.xml
2026-08-17 14:30:27 [ERROR   ] base_page.py:118 — Click failed on attempt 1 for ('accessibility id', 'Proceed'): Message: 
Stacktrace:
NoSuchElementError: An element could not be located on the page using the given search parameters.
    at AndroidUiautomator2Driver.findElOrEls (/Users/vc.rajdeep.kumar/.appium/node_modules/appium-uiautomator2-driver/node_modules/appium-android-driver/build/lib/commands/find.js:62:15)
    at process.processTicksAndRejections (node:internal/process/task_queues:104:5)
    at async AndroidUiautomator2Driver.findElOrElsWithProcessing (/opt/homebrew/lib/node_modules/appium/node_modules/@appium/base-driver/build/lib/basedriver/commands/find.js:12:16)
    at async AndroidUiautomator2Driver.findElement (/opt/homebrew/lib/node_modules/appium/node_modules/@appium/base-driver/build/lib/basedriver/commands/find.js:27:16)
2026-08-17 14:30:27 [WARNING ] base_page.py:262 — Attempting to recover application state...
2026-08-17 14:30:31 [INFO    ] base_page.py:266 — App recovery attempt completed.
2026-08-17 14:30:41 [ERROR   ] base_page.py:59 — Element not clickable after 10s: ('accessibility id', 'Proceed')
2026-08-17 14:30:41 [INFO    ] screenshot_utils.py:60 — Screenshot saved: reports/screenshots/element_not_clickable_Proceed_20260817_143041.png
2026-08-17 14:30:41 [INFO    ] screenshot_utils.py:83 — Page source saved: reports/screenshots/element_not_clickable_Proceed_20260817_143041.xml
2026-08-17 14:30:41 [ERROR   ] base_page.py:118 — Click failed on attempt 2 for ('accessibility id', 'Proceed'): Message: 
Stacktrace:
NoSuchElementError: An element could not be located on the page using the given search parameters.
    at AndroidUiautomator2Driver.findElOrEls (/Users/vc.rajdeep.kumar/.appium/node_modules/appium-uiautomator2-driver/node_modules/appium-android-driver/build/lib/commands/find.js:62:15)
    at process.processTicksAndRejections (node:internal/process/task_queues:104:5)
    at async AndroidUiautomator2Driver.findElOrElsWithProcessing (/opt/homebrew/lib/node_modules/appium/node_modules/@appium/base-driver/build/lib/basedriver/commands/find.js:12:16)
    at async AndroidUiautomator2Driver.findElement (/opt/homebrew/lib/node_modules/appium/node_modules/@appium/base-driver/build/lib/basedriver/commands/find.js:27:16)
2026-08-17 14:30:41 [WARNING ] base_page.py:262 — Attempting to recover application state...
2026-08-17 14:30:44 [INFO    ] base_page.py:266 — App recovery attempt completed.
2026-08-17 14:30:55 [ERROR   ] base_page.py:59 — Element not clickable after 10s: ('accessibility id', 'Proceed')
2026-08-17 14:30:55 [INFO    ] screenshot_utils.py:60 — Screenshot saved: reports/screenshots/element_not_clickable_Proceed_20260817_143055.png
2026-08-17 14:30:55 [INFO    ] screenshot_utils.py:83 — Page source saved: reports/screenshots/element_not_clickable_Proceed_20260817_143055.xml
2026-08-17 14:30:55 [ERROR   ] base_page.py:118 — Click failed on attempt 3 for ('accessibility id', 'Proceed'): Message: 
Stacktrace:
NoSuchElementError: An element could not be located on the page using the given search parameters.
    at AndroidUiautomator2Driver.findElOrEls (/Users/vc.rajdeep.kumar/.appium/node_modules/appium-uiautomator2-driver/node_modules/appium-android-driver/build/lib/commands/find.js:62:15)
    at process.processTicksAndRejections (node:internal/process/task_queues:104:5)
    at async AndroidUiautomator2Driver.findElOrElsWithProcessing (/opt/homebrew/lib/node_modules/appium/node_modules/@appium/base-driver/build/lib/basedriver/commands/find.js:12:16)
    at async AndroidUiautomator2Driver.findElement (/opt/homebrew/lib/node_modules/appium/node_modules/@appium/base-driver/build/lib/basedriver/commands/find.js:27:16)
2026-08-17 14:30:55 [WARNING ] base_page.py:262 — Attempting to recover application state...
2026-08-17 14:30:58 [INFO    ] base_page.py:266 — App recovery attempt completed.
2026-08-17 14:30:59 [INFO    ] screenshot_utils.py:60 — Screenshot saved: reports/screenshots/click_failed_20260817_143058.png
2026-08-17 14:30:59 [INFO    ] screenshot_utils.py:83 — Page source saved: reports/screenshots/click_failed_20260817_143059.xml
2026-08-17 14:30:59 [ERROR   ] login_page.py:333 — Proceed button failed: Unable to click ('accessibility id', 'Proceed') after 3 retries. Last exception: Message: 
Stacktrace:
NoSuchElementError: An element could not be located on the page using the given search parameters.
    at AndroidUiautomator2Driver.findElOrEls (/Users/vc.rajdeep.kumar/.appium/node_modules/appium-uiautomator2-driver/node_modules/appium-android-driver/build/lib/commands/find.js:62:15)
    at process.processTicksAndRejections (node:internal/process/task_queues:104:5)
    at async AndroidUiautomator2Driver.findElOrElsWithProcessing (/opt/homebrew/lib/node_modules/appium/node_modules/@appium/base-driver/build/lib/basedriver/commands/find.js:12:16)
    at async AndroidUiautomator2Driver.findElement (/opt/homebrew/lib/node_modules/appium/node_modules/@appium/base-driver/build/lib/basedriver/commands/find.js:27:16)
2026-08-17 14:30:59 [INFO    ] screenshot_utils.py:60 — Screenshot saved: reports/screenshots/proceed_button_failed_20260817_143059.png
2026-08-17 14:30:59 [INFO    ] screenshot_utils.py:83 — Page source saved: reports/screenshots/proceed_button_failed_20260817_143059.xml
2026-08-17 14:30:59 [ERROR   ] login_page.py:725 — Login flow failed: Unable to click ('accessibility id', 'Proceed') after 3 retries. Last exception: Message: 
Stacktrace:
NoSuchElementError: An element could not be located on the page using the given search parameters.
    at AndroidUiautomator2Driver.findElOrEls (/Users/vc.rajdeep.kumar/.appium/node_modules/appium-uiautomator2-driver/node_modules/appium-android-driver/build/lib/commands/find.js:62:15)
    at process.processTicksAndRejections (node:internal/process/task_queues:104:5)
    at async AndroidUiautomator2Driver.findElOrElsWithProcessing (/opt/homebrew/lib/node_modules/appium/node_modules/@appium/base-driver/build/lib/basedriver/commands/find.js:12:16)
    at async AndroidUiautomator2Driver.findElement (/opt/homebrew/lib/node_modules/appium/node_modules/@appium/base-driver/build/lib/basedriver/commands/find.js:27:16)
2026-08-17 14:31:00 [INFO    ] screenshot_utils.py:60 — Screenshot saved: reports/screenshots/login_failed_20260817_143059.png
2026-08-17 14:31:00 [INFO    ] screenshot_utils.py:83 — Page source saved: reports/screenshots/login_failed_20260817_143100.xml
2026-08-17 14:31:00 [INFO    ] screenshot_utils.py:60 — Screenshot saved: reports/screenshots/test_save_video_20260817_143100.png
2026-08-17 14:31:00 [INFO    ] screenshot_utils.py:83 — Page source saved: reports/screenshots/test_save_video_20260817_143100.xml
2026-08-17 14:31:00 [ERROR   ] conftest.py:419 — Test FAILED: test_save_video
2026-08-17 14:31:00 [INFO    ] conftest.py:326 — Closing driver session.
2026-08-17 14:31:01 [INFO    ] conftest.py:291 — ==================================================
2026-08-17 14:31:01 [INFO    ] conftest.py:292 — DRIVER SETUP START
2026-08-17 14:31:01 [INFO    ] conftest.py:293 — ==================================================
2026-08-17 14:31:01 [INFO    ] conftest.py:158 — Driver creation attempt 1/3
2026-08-17 14:31:02 [INFO    ] driver_factory.py:53 — ========== DRIVER CREATION START ==========
2026-08-17 14:31:02 [INFO    ] driver_factory.py:70 — Device: emulator | Env: qa | Platform: Android
2026-08-17 14:31:02 [INFO    ] driver_factory.py:136 — Device Name: Android Emulator
2026-08-17 14:31:02 [INFO    ] driver_factory.py:137 — UDID: emulator-5554
2026-08-17 14:31:02 [INFO    ] driver_factory.py:151 — App Package: com.zee5.hipi (noReset=true, activity not set)
2026-08-17 14:31:07 [INFO    ] driver_factory.py:112 — App launched by driver. Waiting for stabilization...
2026-08-17 14:31:09 [INFO    ] driver_factory.py:115 — ========== DRIVER CREATED SUCCESSFULLY ==========
2026-08-17 14:31:09 [INFO    ] conftest.py:302 — Driver created successfully.
2026-08-17 14:31:12 [INFO    ] popup_handler.py:122 — Checking for 'Get Started' screen...
2026-08-17 14:31:15 [INFO    ] popup_handler.py:134 — 'Get Started' screen not present — skipping.
2026-08-17 14:31:15 [INFO    ] conftest.py:217 — App readiness probe: HiPi is in foreground (com.zee5.hipi).
2026-08-17 14:31:15 [INFO    ] conftest.py:315 — DRIVER SETUP COMPLETE
2026-08-17 14:31:15 [INFO    ] base_test.py:20 — BaseTest setup completed.
2026-08-17 14:31:15 [INFO    ] base_test.py:58 — login_and_reach_feed: START
2026-08-17 14:31:15 [INFO    ] base_test.py:30 — Logging in as default test user.
2026-08-17 14:31:15 [INFO    ] login_page.py:591 — ========== LOGIN FLOW START ==========
2026-08-17 14:31:16 [INFO    ] login_page.py:43 — Opening profile tab
2026-08-17 14:31:17 [INFO    ] login_page.py:53 — Profile tab open attempt 1/2
2026-08-17 14:31:26 [ERROR   ] base_page.py:59 — Element not clickable after 8s: ('xpath', "//android.view.View[@clickable='true'][.//android.widget.TextView[@text='Profile']]")
2026-08-17 14:31:28 [INFO    ] screenshot_utils.py:60 — Screenshot saved: reports/screenshots/element_not_clickable___android.view.View__clickable=_true___.__android.widget.TextView__text=_Profile____20260817_143126.png
2026-08-17 14:31:28 [INFO    ] screenshot_utils.py:83 — Page source saved: reports/screenshots/element_not_clickable___android.view.View__clickable=_true___.__android.widget.TextView__text=_Profile____20260817_143128.xml
2026-08-17 14:31:28 [ERROR   ] base_page.py:118 — Click failed on attempt 1 for ('xpath', "//android.view.View[@clickable='true'][.//android.widget.TextView[@text='Profile']]"): Message: 
Stacktrace:
NoSuchElementError: An element could not be located on the page using the given search parameters.
    at AndroidUiautomator2Driver.findElOrEls (/Users/vc.rajdeep.kumar/.appium/node_modules/appium-uiautomator2-driver/node_modules/appium-android-driver/build/lib/commands/find.js:62:15)
    at process.processTicksAndRejections (node:internal/process/task_queues:104:5)
    at async AndroidUiautomator2Driver.findElOrElsWithProcessing (/opt/homebrew/lib/node_modules/appium/node_modules/@appium/base-driver/build/lib/basedriver/commands/find.js:12:16)
    at async AndroidUiautomator2Driver.findElement (/opt/homebrew/lib/node_modules/appium/node_modules/@appium/base-driver/build/lib/basedriver/commands/find.js:27:16)
2026-08-17 14:31:28 [WARNING ] base_page.py:262 — Attempting to recover application state...
2026-08-17 14:31:32 [INFO    ] base_page.py:266 — App recovery attempt completed.
2026-08-17 14:31:32 [INFO    ] screenshot_utils.py:60 — Screenshot saved: reports/screenshots/click_failed_20260817_143132.png
2026-08-17 14:31:33 [INFO    ] screenshot_utils.py:83 — Page source saved: reports/screenshots/click_failed_20260817_143132.xml
2026-08-17 14:31:33 [WARNING ] login_page.py:98 — Element-based click failed: Unable to click ('xpath', "//android.view.View[@clickable='true'][.//android.widget.TextView[@text='Profile']]") after 1 retries. Last exception: Message: 
Stacktrace:
NoSuchElementError: An element could not be located on the page using the given search parameters.
    at AndroidUiautomator2Driver.findElOrEls (/Users/vc.rajdeep.kumar/.appium/node_modules/appium-uiautomator2-driver/node_modules/appium-android-driver/build/lib/commands/find.js:62:15)
    at process.processTicksAndRejections (node:internal/process/task_queues:104:5)
    at async AndroidUiautomator2Driver.findElOrElsWithProcessing (/opt/homebrew/lib/node_modules/appium/node_modules/@appium/base-driver/build/lib/basedriver/commands/find.js:12:16)
    at async AndroidUiautomator2Driver.findElement (/opt/homebrew/lib/node_modules/appium/node_modules/@appium/base-driver/build/lib/basedriver/commands/find.js:27:16)
2026-08-17 14:31:41 [ERROR   ] base_page.py:50 — Element not visible after 8s: ('-android uiautomator', 'new UiSelector().text("Edit Profile")')
2026-08-17 14:31:41 [INFO    ] screenshot_utils.py:60 — Screenshot saved: reports/screenshots/element_not_visible_new UiSelector().text(_Edit Profile_)_20260817_143141.png
2026-08-17 14:31:42 [INFO    ] screenshot_utils.py:83 — Page source saved: reports/screenshots/element_not_visible_new UiSelector().text(_Edit Profile_)_20260817_143141.xml
2026-08-17 14:31:45 [ERROR   ] base_page.py:50 — Element not visible after 3s: ('id', 'com.zee5.hipi:id/exo_content_frame')
2026-08-17 14:31:46 [INFO    ] screenshot_utils.py:60 — Screenshot saved: reports/screenshots/element_not_visible_com.zee5.hipi_id_exo_content_frame_20260817_143145.png
2026-08-17 14:31:46 [INFO    ] screenshot_utils.py:83 — Page source saved: reports/screenshots/element_not_visible_com.zee5.hipi_id_exo_content_frame_20260817_143146.xml
2026-08-17 14:31:46 [INFO    ] gestures.py:29 — Tap performed at X:760 Y:2246
2026-08-17 14:31:47 [INFO    ] base_page.py:84 — wait_for_any_visible matched: ('class name', 'android.widget.EditText')
2026-08-17 14:31:47 [INFO    ] login_page.py:147 — Profile tab opened (coordinate tap, verified)
2026-08-17 14:31:52 [ERROR   ] base_page.py:50 — Element not visible after 5s: ('-android uiautomator', 'new UiSelector().textContains("Continue")')
2026-08-17 14:31:52 [INFO    ] screenshot_utils.py:60 — Screenshot saved: reports/screenshots/element_not_visible_new UiSelector().textContains(_Continue_)_20260817_143152.png
2026-08-17 14:31:53 [INFO    ] screenshot_utils.py:83 — Page source saved: reports/screenshots/element_not_visible_new UiSelector().textContains(_Continue_)_20260817_143152.xml
2026-08-17 14:31:53 [INFO    ] login_page.py:276 — Entering mobile number: 9876543210
2026-08-17 14:31:53 [INFO    ] base_page.py:136 — Entered text '9876543210' into ('class name', 'android.widget.EditText')
2026-08-17 14:31:56 [INFO    ] login_page.py:290 — Mobile number entered
2026-08-17 14:31:56 [INFO    ] login_page.py:315 — Clicking proceed button
2026-08-17 14:32:06 [ERROR   ] base_page.py:59 — Element not clickable after 10s: ('accessibility id', 'Proceed')
2026-08-17 14:32:06 [INFO    ] screenshot_utils.py:60 — Screenshot saved: reports/screenshots/element_not_clickable_Proceed_20260817_143206.png
2026-08-17 14:32:06 [INFO    ] screenshot_utils.py:83 — Page source saved: reports/screenshots/element_not_clickable_Proceed_20260817_143206.xml
2026-08-17 14:32:06 [ERROR   ] base_page.py:118 — Click failed on attempt 1 for ('accessibility id', 'Proceed'): Message: 
Stacktrace:
NoSuchElementError: An element could not be located on the page using the given search parameters.
    at AndroidUiautomator2Driver.findElOrEls (/Users/vc.rajdeep.kumar/.appium/node_modules/appium-uiautomator2-driver/node_modules/appium-android-driver/build/lib/commands/find.js:62:15)
    at process.processTicksAndRejections (node:internal/process/task_queues:104:5)
    at async AndroidUiautomator2Driver.findElOrElsWithProcessing (/opt/homebrew/lib/node_modules/appium/node_modules/@appium/base-driver/build/lib/basedriver/commands/find.js:12:16)
    at async AndroidUiautomator2Driver.findElement (/opt/homebrew/lib/node_modules/appium/node_modules/@appium/base-driver/build/lib/basedriver/commands/find.js:27:16)
2026-08-17 14:32:06 [WARNING ] base_page.py:262 — Attempting to recover application state...
2026-08-17 14:32:09 [INFO    ] base_page.py:266 — App recovery attempt completed.
2026-08-17 14:32:20 [ERROR   ] base_page.py:59 — Element not clickable after 10s: ('accessibility id', 'Proceed')
2026-08-17 14:32:20 [INFO    ] screenshot_utils.py:60 — Screenshot saved: reports/screenshots/element_not_clickable_Proceed_20260817_143220.png
2026-08-17 14:32:21 [INFO    ] screenshot_utils.py:83 — Page source saved: reports/screenshots/element_not_clickable_Proceed_20260817_143220.xml
2026-08-17 14:32:21 [ERROR   ] base_page.py:118 — Click failed on attempt 2 for ('accessibility id', 'Proceed'): Message: 
Stacktrace:
NoSuchElementError: An element could not be located on the page using the given search parameters.
    at AndroidUiautomator2Driver.findElOrEls (/Users/vc.rajdeep.kumar/.appium/node_modules/appium-uiautomator2-driver/node_modules/appium-android-driver/build/lib/commands/find.js:62:15)
    at process.processTicksAndRejections (node:internal/process/task_queues:104:5)
    at async AndroidUiautomator2Driver.findElOrElsWithProcessing (/opt/homebrew/lib/node_modules/appium/node_modules/@appium/base-driver/build/lib/basedriver/commands/find.js:12:16)
    at async AndroidUiautomator2Driver.findElement (/opt/homebrew/lib/node_modules/appium/node_modules/@appium/base-driver/build/lib/basedriver/commands/find.js:27:16)
2026-08-17 14:32:21 [WARNING ] base_page.py:262 — Attempting to recover application state...
2026-08-17 14:32:24 [INFO    ] base_page.py:266 — App recovery attempt completed.
2026-08-17 14:32:34 [ERROR   ] base_page.py:59 — Element not clickable after 10s: ('accessibility id', 'Proceed')
2026-08-17 14:32:34 [INFO    ] screenshot_utils.py:60 — Screenshot saved: reports/screenshots/element_not_clickable_Proceed_20260817_143234.png
2026-08-17 14:32:34 [INFO    ] screenshot_utils.py:83 — Page source saved: reports/screenshots/element_not_clickable_Proceed_20260817_143234.xml
2026-08-17 14:32:34 [ERROR   ] base_page.py:118 — Click failed on attempt 3 for ('accessibility id', 'Proceed'): Message: 
Stacktrace:
NoSuchElementError: An element could not be located on the page using the given search parameters.
    at AndroidUiautomator2Driver.findElOrEls (/Users/vc.rajdeep.kumar/.appium/node_modules/appium-uiautomator2-driver/node_modules/appium-android-driver/build/lib/commands/find.js:62:15)
    at process.processTicksAndRejections (node:internal/process/task_queues:104:5)
    at async AndroidUiautomator2Driver.findElOrElsWithProcessing (/opt/homebrew/lib/node_modules/appium/node_modules/@appium/base-driver/build/lib/basedriver/commands/find.js:12:16)
    at async AndroidUiautomator2Driver.findElement (/opt/homebrew/lib/node_modules/appium/node_modules/@appium/base-driver/build/lib/basedriver/commands/find.js:27:16)
2026-08-17 14:32:34 [WARNING ] base_page.py:262 — Attempting to recover application state...
2026-08-17 14:32:37 [INFO    ] base_page.py:266 — App recovery attempt completed.
2026-08-17 14:32:37 [INFO    ] screenshot_utils.py:60 — Screenshot saved: reports/screenshots/click_failed_20260817_143237.png
2026-08-17 14:32:38 [INFO    ] screenshot_utils.py:83 — Page source saved: reports/screenshots/click_failed_20260817_143237.xml
2026-08-17 14:32:38 [ERROR   ] login_page.py:333 — Proceed button failed: Unable to click ('accessibility id', 'Proceed') after 3 retries. Last exception: Message: 
Stacktrace:
NoSuchElementError: An element could not be located on the page using the given search parameters.
    at AndroidUiautomator2Driver.findElOrEls (/Users/vc.rajdeep.kumar/.appium/node_modules/appium-uiautomator2-driver/node_modules/appium-android-driver/build/lib/commands/find.js:62:15)
    at process.processTicksAndRejections (node:internal/process/task_queues:104:5)
    at async AndroidUiautomator2Driver.findElOrElsWithProcessing (/opt/homebrew/lib/node_modules/appium/node_modules/@appium/base-driver/build/lib/basedriver/commands/find.js:12:16)
    at async AndroidUiautomator2Driver.findElement (/opt/homebrew/lib/node_modules/appium/node_modules/@appium/base-driver/build/lib/basedriver/commands/find.js:27:16)
2026-08-17 14:32:38 [INFO    ] screenshot_utils.py:60 — Screenshot saved: reports/screenshots/proceed_button_failed_20260817_143238.png
2026-08-17 14:32:38 [INFO    ] screenshot_utils.py:83 — Page source saved: reports/screenshots/proceed_button_failed_20260817_143238.xml
2026-08-17 14:32:38 [ERROR   ] login_page.py:725 — Login flow failed: Unable to click ('accessibility id', 'Proceed') after 3 retries. Last exception: Message: 
Stacktrace:
NoSuchElementError: An element could not be located on the page using the given search parameters.
    at AndroidUiautomator2Driver.findElOrEls (/Users/vc.rajdeep.kumar/.appium/node_modules/appium-uiautomator2-driver/node_modules/appium-android-driver/build/lib/commands/find.js:62:15)
    at process.processTicksAndRejections (node:internal/process/task_queues:104:5)
    at async AndroidUiautomator2Driver.findElOrElsWithProcessing (/opt/homebrew/lib/node_modules/appium/node_modules/@appium/base-driver/build/lib/basedriver/commands/find.js:12:16)
    at async AndroidUiautomator2Driver.findElement (/opt/homebrew/lib/node_modules/appium/node_modules/@appium/base-driver/build/lib/basedriver/commands/find.js:27:16)
2026-08-17 14:32:39 [INFO    ] screenshot_utils.py:60 — Screenshot saved: reports/screenshots/login_failed_20260817_143238.png
2026-08-17 14:32:39 [INFO    ] screenshot_utils.py:83 — Page source saved: reports/screenshots/login_failed_20260817_143239.xml
2026-08-17 14:32:39 [INFO    ] screenshot_utils.py:60 — Screenshot saved: reports/screenshots/test_share_video_20260817_143239.png
2026-08-17 14:32:39 [INFO    ] screenshot_utils.py:83 — Page source saved: reports/screenshots/test_share_video_20260817_143239.xml
2026-08-17 14:32:39 [ERROR   ] conftest.py:419 — Test FAILED: test_share_video
2026-08-17 14:32:39 [INFO    ] conftest.py:326 — Closing driver session.
2026-08-17 14:32:40 [INFO    ] conftest.py:291 — ==================================================
2026-08-17 14:32:40 [INFO    ] conftest.py:292 — DRIVER SETUP START
2026-08-17 14:32:40 [INFO    ] conftest.py:293 — ==================================================
2026-08-17 14:32:40 [INFO    ] conftest.py:158 — Driver creation attempt 1/3
2026-08-17 14:32:41 [INFO    ] driver_factory.py:53 — ========== DRIVER CREATION START ==========
2026-08-17 14:32:41 [INFO    ] driver_factory.py:70 — Device: emulator | Env: qa | Platform: Android
2026-08-17 14:32:41 [INFO    ] driver_factory.py:136 — Device Name: Android Emulator
2026-08-17 14:32:41 [INFO    ] driver_factory.py:137 — UDID: emulator-5554
2026-08-17 14:32:41 [INFO    ] driver_factory.py:151 — App Package: com.zee5.hipi (noReset=true, activity not set)
2026-08-17 14:32:45 [INFO    ] driver_factory.py:112 — App launched by driver. Waiting for stabilization...
2026-08-17 14:32:47 [INFO    ] driver_factory.py:115 — ========== DRIVER CREATED SUCCESSFULLY ==========
2026-08-17 14:32:47 [INFO    ] conftest.py:302 — Driver created successfully.
2026-08-17 14:32:51 [INFO    ] popup_handler.py:122 — Checking for 'Get Started' screen...
2026-08-17 14:32:54 [INFO    ] popup_handler.py:134 — 'Get Started' screen not present — skipping.
2026-08-17 14:32:54 [INFO    ] conftest.py:217 — App readiness probe: HiPi is in foreground (com.zee5.hipi).
2026-08-17 14:32:54 [INFO    ] conftest.py:315 — DRIVER SETUP COMPLETE
2026-08-17 14:32:54 [INFO    ] base_test.py:20 — BaseTest setup completed.
2026-08-17 14:32:54 [INFO    ] base_test.py:58 — login_and_reach_feed: START
2026-08-17 14:32:54 [INFO    ] base_test.py:30 — Logging in as default test user.
2026-08-17 14:32:54 [INFO    ] login_page.py:591 — ========== LOGIN FLOW START ==========
2026-08-17 14:32:55 [INFO    ] login_page.py:43 — Opening profile tab
2026-08-17 14:32:56 [INFO    ] login_page.py:53 — Profile tab open attempt 1/2
2026-08-17 14:33:05 [ERROR   ] base_page.py:59 — Element not clickable after 8s: ('xpath', "//android.view.View[@clickable='true'][.//android.widget.TextView[@text='Profile']]")
2026-08-17 14:33:06 [INFO    ] screenshot_utils.py:60 — Screenshot saved: reports/screenshots/element_not_clickable___android.view.View__clickable=_true___.__android.widget.TextView__text=_Profile____20260817_143305.png
2026-08-17 14:33:06 [INFO    ] screenshot_utils.py:83 — Page source saved: reports/screenshots/element_not_clickable___android.view.View__clickable=_true___.__android.widget.TextView__text=_Profile____20260817_143306.xml
2026-08-17 14:33:06 [ERROR   ] base_page.py:118 — Click failed on attempt 1 for ('xpath', "//android.view.View[@clickable='true'][.//android.widget.TextView[@text='Profile']]"): Message: 
Stacktrace:
NoSuchElementError: An element could not be located on the page using the given search parameters.
    at AndroidUiautomator2Driver.findElOrEls (/Users/vc.rajdeep.kumar/.appium/node_modules/appium-uiautomator2-driver/node_modules/appium-android-driver/build/lib/commands/find.js:62:15)
    at process.processTicksAndRejections (node:internal/process/task_queues:104:5)
    at async AndroidUiautomator2Driver.findElOrElsWithProcessing (/opt/homebrew/lib/node_modules/appium/node_modules/@appium/base-driver/build/lib/basedriver/commands/find.js:12:16)
    at async AndroidUiautomator2Driver.findElement (/opt/homebrew/lib/node_modules/appium/node_modules/@appium/base-driver/build/lib/basedriver/commands/find.js:27:16)
2026-08-17 14:33:06 [WARNING ] base_page.py:262 — Attempting to recover application state...
2026-08-17 14:33:09 [INFO    ] base_page.py:266 — App recovery attempt completed.
2026-08-17 14:33:10 [INFO    ] screenshot_utils.py:60 — Screenshot saved: reports/screenshots/click_failed_20260817_143309.png
2026-08-17 14:33:10 [INFO    ] screenshot_utils.py:83 — Page source saved: reports/screenshots/click_failed_20260817_143310.xml
2026-08-17 14:33:10 [WARNING ] login_page.py:98 — Element-based click failed: Unable to click ('xpath', "//android.view.View[@clickable='true'][.//android.widget.TextView[@text='Profile']]") after 1 retries. Last exception: Message: 
Stacktrace:
NoSuchElementError: An element could not be located on the page using the given search parameters.
    at AndroidUiautomator2Driver.findElOrEls (/Users/vc.rajdeep.kumar/.appium/node_modules/appium-uiautomator2-driver/node_modules/appium-android-driver/build/lib/commands/find.js:62:15)
    at process.processTicksAndRejections (node:internal/process/task_queues:104:5)
    at async AndroidUiautomator2Driver.findElOrElsWithProcessing (/opt/homebrew/lib/node_modules/appium/node_modules/@appium/base-driver/build/lib/basedriver/commands/find.js:12:16)
    at async AndroidUiautomator2Driver.findElement (/opt/homebrew/lib/node_modules/appium/node_modules/@appium/base-driver/build/lib/basedriver/commands/find.js:27:16)
2026-08-17 14:33:19 [ERROR   ] base_page.py:50 — Element not visible after 8s: ('-android uiautomator', 'new UiSelector().text("Edit Profile")')
2026-08-17 14:33:19 [INFO    ] screenshot_utils.py:60 — Screenshot saved: reports/screenshots/element_not_visible_new UiSelector().text(_Edit Profile_)_20260817_143319.png
2026-08-17 14:33:19 [INFO    ] screenshot_utils.py:83 — Page source saved: reports/screenshots/element_not_visible_new UiSelector().text(_Edit Profile_)_20260817_143319.xml
2026-08-17 14:33:22 [ERROR   ] base_page.py:50 — Element not visible after 3s: ('id', 'com.zee5.hipi:id/exo_content_frame')
2026-08-17 14:33:23 [INFO    ] screenshot_utils.py:60 — Screenshot saved: reports/screenshots/element_not_visible_com.zee5.hipi_id_exo_content_frame_20260817_143322.png
2026-08-17 14:33:23 [INFO    ] screenshot_utils.py:83 — Page source saved: reports/screenshots/element_not_visible_com.zee5.hipi_id_exo_content_frame_20260817_143323.xml
2026-08-17 14:33:23 [INFO    ] gestures.py:29 — Tap performed at X:760 Y:2246
2026-08-17 14:33:23 [INFO    ] base_page.py:84 — wait_for_any_visible matched: ('class name', 'android.widget.EditText')
2026-08-17 14:33:23 [INFO    ] login_page.py:147 — Profile tab opened (coordinate tap, verified)
2026-08-17 14:33:29 [ERROR   ] base_page.py:50 — Element not visible after 5s: ('-android uiautomator', 'new UiSelector().textContains("Continue")')
2026-08-17 14:33:30 [INFO    ] screenshot_utils.py:60 — Screenshot saved: reports/screenshots/element_not_visible_new UiSelector().textContains(_Continue_)_20260817_143329.png
2026-08-17 14:33:31 [INFO    ] screenshot_utils.py:83 — Page source saved: reports/screenshots/element_not_visible_new UiSelector().textContains(_Continue_)_20260817_143330.xml
2026-08-17 14:33:31 [INFO    ] login_page.py:276 — Entering mobile number: 9876543210
2026-08-17 14:33:32 [INFO    ] base_page.py:136 — Entered text '9876543210' into ('class name', 'android.widget.EditText')
2026-08-17 14:33:34 [INFO    ] login_page.py:290 — Mobile number entered
2026-08-17 14:33:34 [INFO    ] login_page.py:315 — Clicking proceed button
2026-08-17 14:33:44 [ERROR   ] base_page.py:59 — Element not clickable after 10s: ('accessibility id', 'Proceed')
2026-08-17 14:33:45 [INFO    ] screenshot_utils.py:60 — Screenshot saved: reports/screenshots/element_not_clickable_Proceed_20260817_143344.png
2026-08-17 14:33:45 [INFO    ] screenshot_utils.py:83 — Page source saved: reports/screenshots/element_not_clickable_Proceed_20260817_143345.xml
2026-08-17 14:33:45 [ERROR   ] base_page.py:118 — Click failed on attempt 1 for ('accessibility id', 'Proceed'): Message: 
Stacktrace:
NoSuchElementError: An element could not be located on the page using the given search parameters.
    at AndroidUiautomator2Driver.findElOrEls (/Users/vc.rajdeep.kumar/.appium/node_modules/appium-uiautomator2-driver/node_modules/appium-android-driver/build/lib/commands/find.js:62:15)
    at process.processTicksAndRejections (node:internal/process/task_queues:104:5)
    at async AndroidUiautomator2Driver.findElOrElsWithProcessing (/opt/homebrew/lib/node_modules/appium/node_modules/@appium/base-driver/build/lib/basedriver/commands/find.js:12:16)
    at async AndroidUiautomator2Driver.findElement (/opt/homebrew/lib/node_modules/appium/node_modules/@appium/base-driver/build/lib/basedriver/commands/find.js:27:16)
2026-08-17 14:33:45 [WARNING ] base_page.py:262 — Attempting to recover application state...
2026-08-17 14:33:48 [INFO    ] base_page.py:266 — App recovery attempt completed.
2026-08-17 14:33:59 [ERROR   ] base_page.py:59 — Element not clickable after 10s: ('accessibility id', 'Proceed')
2026-08-17 14:34:00 [INFO    ] screenshot_utils.py:60 — Screenshot saved: reports/screenshots/element_not_clickable_Proceed_20260817_143359.png
2026-08-17 14:34:00 [INFO    ] screenshot_utils.py:83 — Page source saved: reports/screenshots/element_not_clickable_Proceed_20260817_143400.xml
2026-08-17 14:34:00 [ERROR   ] base_page.py:118 — Click failed on attempt 2 for ('accessibility id', 'Proceed'): Message: 
Stacktrace:
NoSuchElementError: An element could not be located on the page using the given search parameters.
    at AndroidUiautomator2Driver.findElOrEls (/Users/vc.rajdeep.kumar/.appium/node_modules/appium-uiautomator2-driver/node_modules/appium-android-driver/build/lib/commands/find.js:62:15)
    at process.processTicksAndRejections (node:internal/process/task_queues:104:5)
    at async AndroidUiautomator2Driver.findElOrElsWithProcessing (/opt/homebrew/lib/node_modules/appium/node_modules/@appium/base-driver/build/lib/basedriver/commands/find.js:12:16)
    at async AndroidUiautomator2Driver.findElement (/opt/homebrew/lib/node_modules/appium/node_modules/@appium/base-driver/build/lib/basedriver/commands/find.js:27:16)
2026-08-17 14:34:00 [WARNING ] base_page.py:262 — Attempting to recover application state...
2026-08-17 14:34:03 [INFO    ] base_page.py:266 — App recovery attempt completed.
2026-08-17 14:34:13 [ERROR   ] base_page.py:59 — Element not clickable after 10s: ('accessibility id', 'Proceed')
2026-08-17 14:34:14 [INFO    ] screenshot_utils.py:60 — Screenshot saved: reports/screenshots/element_not_clickable_Proceed_20260817_143413.png
2026-08-17 14:34:14 [INFO    ] screenshot_utils.py:83 — Page source saved: reports/screenshots/element_not_clickable_Proceed_20260817_143414.xml
2026-08-17 14:34:14 [ERROR   ] base_page.py:118 — Click failed on attempt 3 for ('accessibility id', 'Proceed'): Message: 
Stacktrace:
NoSuchElementError: An element could not be located on the page using the given search parameters.
    at AndroidUiautomator2Driver.findElOrEls (/Users/vc.rajdeep.kumar/.appium/node_modules/appium-uiautomator2-driver/node_modules/appium-android-driver/build/lib/commands/find.js:62:15)
    at process.processTicksAndRejections (node:internal/process/task_queues:104:5)
    at async AndroidUiautomator2Driver.findElOrElsWithProcessing (/opt/homebrew/lib/node_modules/appium/node_modules/@appium/base-driver/build/lib/basedriver/commands/find.js:12:16)
    at async AndroidUiautomator2Driver.findElement (/opt/homebrew/lib/node_modules/appium/node_modules/@appium/base-driver/build/lib/basedriver/commands/find.js:27:16)
2026-08-17 14:34:14 [WARNING ] base_page.py:262 — Attempting to recover application state...
2026-08-17 14:34:17 [INFO    ] base_page.py:266 — App recovery attempt completed.
2026-08-17 14:34:17 [INFO    ] screenshot_utils.py:60 — Screenshot saved: reports/screenshots/click_failed_20260817_143417.png
2026-08-17 14:34:18 [INFO    ] screenshot_utils.py:83 — Page source saved: reports/screenshots/click_failed_20260817_143417.xml
2026-08-17 14:34:18 [ERROR   ] login_page.py:333 — Proceed button failed: Unable to click ('accessibility id', 'Proceed') after 3 retries. Last exception: Message: 
Stacktrace:
NoSuchElementError: An element could not be located on the page using the given search parameters.
    at AndroidUiautomator2Driver.findElOrEls (/Users/vc.rajdeep.kumar/.appium/node_modules/appium-uiautomator2-driver/node_modules/appium-android-driver/build/lib/commands/find.js:62:15)
    at process.processTicksAndRejections (node:internal/process/task_queues:104:5)
    at async AndroidUiautomator2Driver.findElOrElsWithProcessing (/opt/homebrew/lib/node_modules/appium/node_modules/@appium/base-driver/build/lib/basedriver/commands/find.js:12:16)
    at async AndroidUiautomator2Driver.findElement (/opt/homebrew/lib/node_modules/appium/node_modules/@appium/base-driver/build/lib/basedriver/commands/find.js:27:16)
2026-08-17 14:34:18 [INFO    ] screenshot_utils.py:60 — Screenshot saved: reports/screenshots/proceed_button_failed_20260817_143418.png
2026-08-17 14:34:18 [INFO    ] screenshot_utils.py:83 — Page source saved: reports/screenshots/proceed_button_failed_20260817_143418.xml
2026-08-17 14:34:18 [ERROR   ] login_page.py:725 — Login flow failed: Unable to click ('accessibility id', 'Proceed') after 3 retries. Last exception: Message: 
Stacktrace:
NoSuchElementError: An element could not be located on the page using the given search parameters.
    at AndroidUiautomator2Driver.findElOrEls (/Users/vc.rajdeep.kumar/.appium/node_modules/appium-uiautomator2-driver/node_modules/appium-android-driver/build/lib/commands/find.js:62:15)
    at process.processTicksAndRejections (node:internal/process/task_queues:104:5)
    at async AndroidUiautomator2Driver.findElOrElsWithProcessing (/opt/homebrew/lib/node_modules/appium/node_modules/@appium/base-driver/build/lib/basedriver/commands/find.js:12:16)
    at async AndroidUiautomator2Driver.findElement (/opt/homebrew/lib/node_modules/appium/node_modules/@appium/base-driver/build/lib/basedriver/commands/find.js:27:16)
2026-08-17 14:34:19 [INFO    ] screenshot_utils.py:60 — Screenshot saved: reports/screenshots/login_failed_20260817_143418.png
2026-08-17 14:34:19 [INFO    ] screenshot_utils.py:83 — Page source saved: reports/screenshots/login_failed_20260817_143419.xml
2026-08-17 14:34:19 [INFO    ] screenshot_utils.py:60 — Screenshot saved: reports/screenshots/test_follow_user_20260817_143419.png
2026-08-17 14:34:19 [INFO    ] screenshot_utils.py:83 — Page source saved: reports/screenshots/test_follow_user_20260817_143419.xml
2026-08-17 14:34:19 [ERROR   ] conftest.py:419 — Test FAILED: test_follow_user
2026-08-17 14:34:19 [INFO    ] conftest.py:326 — Closing driver session.
2026-08-17 14:34:20 [INFO    ] conftest.py:291 — ==================================================
2026-08-17 14:34:20 [INFO    ] conftest.py:292 — DRIVER SETUP START
2026-08-17 14:34:20 [INFO    ] conftest.py:293 — ==================================================
2026-08-17 14:34:20 [INFO    ] conftest.py:158 — Driver creation attempt 1/3
2026-08-17 14:34:21 [INFO    ] driver_factory.py:53 — ========== DRIVER CREATION START ==========
2026-08-17 14:34:21 [INFO    ] driver_factory.py:70 — Device: emulator | Env: qa | Platform: Android
2026-08-17 14:34:21 [INFO    ] driver_factory.py:136 — Device Name: Android Emulator
2026-08-17 14:34:21 [INFO    ] driver_factory.py:137 — UDID: emulator-5554
2026-08-17 14:34:21 [INFO    ] driver_factory.py:151 — App Package: com.zee5.hipi (noReset=true, activity not set)
2026-08-17 14:34:24 [INFO    ] driver_factory.py:112 — App launched by driver. Waiting for stabilization...
2026-08-17 14:34:26 [INFO    ] driver_factory.py:115 — ========== DRIVER CREATED SUCCESSFULLY ==========
2026-08-17 14:34:26 [INFO    ] conftest.py:302 — Driver created successfully.
2026-08-17 14:34:30 [INFO    ] popup_handler.py:122 — Checking for 'Get Started' screen...
2026-08-17 14:34:33 [INFO    ] popup_handler.py:134 — 'Get Started' screen not present — skipping.
2026-08-17 14:34:33 [INFO    ] conftest.py:217 — App readiness probe: HiPi is in foreground (com.zee5.hipi).
2026-08-17 14:34:33 [INFO    ] conftest.py:315 — DRIVER SETUP COMPLETE
2026-08-17 14:34:33 [INFO    ] base_test.py:20 — BaseTest setup completed.
2026-08-17 14:34:33 [INFO    ] base_test.py:58 — login_and_reach_feed: START
2026-08-17 14:34:33 [INFO    ] base_test.py:30 — Logging in as default test user.
2026-08-17 14:34:33 [INFO    ] login_page.py:591 — ========== LOGIN FLOW START ==========
2026-08-17 14:34:34 [INFO    ] login_page.py:43 — Opening profile tab
2026-08-17 14:34:35 [INFO    ] login_page.py:53 — Profile tab open attempt 1/2
2026-08-17 14:34:44 [ERROR   ] base_page.py:59 — Element not clickable after 8s: ('xpath', "//android.view.View[@clickable='true'][.//android.widget.TextView[@text='Profile']]")
2026-08-17 14:34:44 [INFO    ] screenshot_utils.py:60 — Screenshot saved: reports/screenshots/element_not_clickable___android.view.View__clickable=_true___.__android.widget.TextView__text=_Profile____20260817_143444.png
2026-08-17 14:34:45 [INFO    ] screenshot_utils.py:83 — Page source saved: reports/screenshots/element_not_clickable___android.view.View__clickable=_true___.__android.widget.TextView__text=_Profile____20260817_143444.xml
2026-08-17 14:34:45 [ERROR   ] base_page.py:118 — Click failed on attempt 1 for ('xpath', "//android.view.View[@clickable='true'][.//android.widget.TextView[@text='Profile']]"): Message: 
Stacktrace:
NoSuchElementError: An element could not be located on the page using the given search parameters.
    at AndroidUiautomator2Driver.findElOrEls (/Users/vc.rajdeep.kumar/.appium/node_modules/appium-uiautomator2-driver/node_modules/appium-android-driver/build/lib/commands/find.js:62:15)
    at process.processTicksAndRejections (node:internal/process/task_queues:104:5)
    at async AndroidUiautomator2Driver.findElOrElsWithProcessing (/opt/homebrew/lib/node_modules/appium/node_modules/@appium/base-driver/build/lib/basedriver/commands/find.js:12:16)
    at async AndroidUiautomator2Driver.findElement (/opt/homebrew/lib/node_modules/appium/node_modules/@appium/base-driver/build/lib/basedriver/commands/find.js:27:16)
2026-08-17 14:34:45 [WARNING ] base_page.py:262 — Attempting to recover application state...
2026-08-17 14:34:48 [INFO    ] base_page.py:266 — App recovery attempt completed.
2026-08-17 14:34:48 [INFO    ] screenshot_utils.py:60 — Screenshot saved: reports/screenshots/click_failed_20260817_143448.png
2026-08-17 14:34:48 [INFO    ] screenshot_utils.py:83 — Page source saved: reports/screenshots/click_failed_20260817_143448.xml
2026-08-17 14:34:48 [WARNING ] login_page.py:98 — Element-based click failed: Unable to click ('xpath', "//android.view.View[@clickable='true'][.//android.widget.TextView[@text='Profile']]") after 1 retries. Last exception: Message: 
Stacktrace:
NoSuchElementError: An element could not be located on the page using the given search parameters.
    at AndroidUiautomator2Driver.findElOrEls (/Users/vc.rajdeep.kumar/.appium/node_modules/appium-uiautomator2-driver/node_modules/appium-android-driver/build/lib/commands/find.js:62:15)
    at process.processTicksAndRejections (node:internal/process/task_queues:104:5)
    at async AndroidUiautomator2Driver.findElOrElsWithProcessing (/opt/homebrew/lib/node_modules/appium/node_modules/@appium/base-driver/build/lib/basedriver/commands/find.js:12:16)
    at async AndroidUiautomator2Driver.findElement (/opt/homebrew/lib/node_modules/appium/node_modules/@appium/base-driver/build/lib/basedriver/commands/find.js:27:16)
2026-08-17 14:34:57 [ERROR   ] base_page.py:50 — Element not visible after 8s: ('-android uiautomator', 'new UiSelector().text("Edit Profile")')
2026-08-17 14:34:57 [INFO    ] screenshot_utils.py:60 — Screenshot saved: reports/screenshots/element_not_visible_new UiSelector().text(_Edit Profile_)_20260817_143457.png
2026-08-17 14:34:58 [INFO    ] screenshot_utils.py:83 — Page source saved: reports/screenshots/element_not_visible_new UiSelector().text(_Edit Profile_)_20260817_143457.xml
2026-08-17 14:35:01 [ERROR   ] base_page.py:50 — Element not visible after 3s: ('id', 'com.zee5.hipi:id/exo_content_frame')
2026-08-17 14:35:01 [INFO    ] screenshot_utils.py:60 — Screenshot saved: reports/screenshots/element_not_visible_com.zee5.hipi_id_exo_content_frame_20260817_143501.png
2026-08-17 14:35:01 [INFO    ] screenshot_utils.py:83 — Page source saved: reports/screenshots/element_not_visible_com.zee5.hipi_id_exo_content_frame_20260817_143501.xml
2026-08-17 14:35:01 [INFO    ] gestures.py:29 — Tap performed at X:760 Y:2246
2026-08-17 14:35:02 [INFO    ] base_page.py:84 — wait_for_any_visible matched: ('class name', 'android.widget.EditText')
2026-08-17 14:35:02 [INFO    ] login_page.py:147 — Profile tab opened (coordinate tap, verified)
2026-08-17 14:35:08 [ERROR   ] base_page.py:50 — Element not visible after 5s: ('-android uiautomator', 'new UiSelector().textContains("Continue")')
2026-08-17 14:35:08 [INFO    ] screenshot_utils.py:60 — Screenshot saved: reports/screenshots/element_not_visible_new UiSelector().textContains(_Continue_)_20260817_143508.png
2026-08-17 14:35:08 [INFO    ] screenshot_utils.py:83 — Page source saved: reports/screenshots/element_not_visible_new UiSelector().textContains(_Continue_)_20260817_143508.xml
2026-08-17 14:35:08 [INFO    ] login_page.py:276 — Entering mobile number: 9876543210
2026-08-17 14:35:09 [INFO    ] base_page.py:136 — Entered text '9876543210' into ('class name', 'android.widget.EditText')
2026-08-17 14:35:12 [INFO    ] login_page.py:290 — Mobile number entered
2026-08-17 14:35:12 [INFO    ] login_page.py:315 — Clicking proceed button
2026-08-17 14:35:22 [ERROR   ] base_page.py:59 — Element not clickable after 10s: ('accessibility id', 'Proceed')
2026-08-17 14:35:22 [INFO    ] screenshot_utils.py:60 — Screenshot saved: reports/screenshots/element_not_clickable_Proceed_20260817_143522.png
2026-08-17 14:35:22 [INFO    ] screenshot_utils.py:83 — Page source saved: reports/screenshots/element_not_clickable_Proceed_20260817_143522.xml
2026-08-17 14:35:22 [ERROR   ] base_page.py:118 — Click failed on attempt 1 for ('accessibility id', 'Proceed'): Message: 
Stacktrace:
NoSuchElementError: An element could not be located on the page using the given search parameters.
    at AndroidUiautomator2Driver.findElOrEls (/Users/vc.rajdeep.kumar/.appium/node_modules/appium-uiautomator2-driver/node_modules/appium-android-driver/build/lib/commands/find.js:62:15)
    at process.processTicksAndRejections (node:internal/process/task_queues:104:5)
    at async AndroidUiautomator2Driver.findElOrElsWithProcessing (/opt/homebrew/lib/node_modules/appium/node_modules/@appium/base-driver/build/lib/basedriver/commands/find.js:12:16)
    at async AndroidUiautomator2Driver.findElement (/opt/homebrew/lib/node_modules/appium/node_modules/@appium/base-driver/build/lib/basedriver/commands/find.js:27:16)
2026-08-17 14:35:22 [WARNING ] base_page.py:262 — Attempting to recover application state...
2026-08-17 14:35:26 [INFO    ] base_page.py:266 — App recovery attempt completed.
2026-08-17 14:35:36 [ERROR   ] base_page.py:59 — Element not clickable after 10s: ('accessibility id', 'Proceed')
2026-08-17 14:35:36 [INFO    ] screenshot_utils.py:60 — Screenshot saved: reports/screenshots/element_not_clickable_Proceed_20260817_143536.png
2026-08-17 14:35:36 [INFO    ] screenshot_utils.py:83 — Page source saved: reports/screenshots/element_not_clickable_Proceed_20260817_143536.xml
2026-08-17 14:35:36 [ERROR   ] base_page.py:118 — Click failed on attempt 2 for ('accessibility id', 'Proceed'): Message: 
Stacktrace:
NoSuchElementError: An element could not be located on the page using the given search parameters.
    at AndroidUiautomator2Driver.findElOrEls (/Users/vc.rajdeep.kumar/.appium/node_modules/appium-uiautomator2-driver/node_modules/appium-android-driver/build/lib/commands/find.js:62:15)
    at process.processTicksAndRejections (node:internal/process/task_queues:104:5)
    at async AndroidUiautomator2Driver.findElOrElsWithProcessing (/opt/homebrew/lib/node_modules/appium/node_modules/@appium/base-driver/build/lib/basedriver/commands/find.js:12:16)
    at async AndroidUiautomator2Driver.findElement (/opt/homebrew/lib/node_modules/appium/node_modules/@appium/base-driver/build/lib/basedriver/commands/find.js:27:16)
2026-08-17 14:35:36 [WARNING ] base_page.py:262 — Attempting to recover application state...
2026-08-17 14:35:39 [INFO    ] base_page.py:266 — App recovery attempt completed.
2026-08-17 14:35:50 [ERROR   ] base_page.py:59 — Element not clickable after 10s: ('accessibility id', 'Proceed')
2026-08-17 14:35:50 [INFO    ] screenshot_utils.py:60 — Screenshot saved: reports/screenshots/element_not_clickable_Proceed_20260817_143550.png
2026-08-17 14:35:50 [INFO    ] screenshot_utils.py:83 — Page source saved: reports/screenshots/element_not_clickable_Proceed_20260817_143550.xml
2026-08-17 14:35:50 [ERROR   ] base_page.py:118 — Click failed on attempt 3 for ('accessibility id', 'Proceed'): Message: 
Stacktrace:
NoSuchElementError: An element could not be located on the page using the given search parameters.
    at AndroidUiautomator2Driver.findElOrEls (/Users/vc.rajdeep.kumar/.appium/node_modules/appium-uiautomator2-driver/node_modules/appium-android-driver/build/lib/commands/find.js:62:15)
    at process.processTicksAndRejections (node:internal/process/task_queues:104:5)
    at async AndroidUiautomator2Driver.findElOrElsWithProcessing (/opt/homebrew/lib/node_modules/appium/node_modules/@appium/base-driver/build/lib/basedriver/commands/find.js:12:16)
    at async AndroidUiautomator2Driver.findElement (/opt/homebrew/lib/node_modules/appium/node_modules/@appium/base-driver/build/lib/basedriver/commands/find.js:27:16)
2026-08-17 14:35:50 [WARNING ] base_page.py:262 — Attempting to recover application state...
2026-08-17 14:35:53 [INFO    ] base_page.py:266 — App recovery attempt completed.
2026-08-17 14:35:53 [INFO    ] screenshot_utils.py:60 — Screenshot saved: reports/screenshots/click_failed_20260817_143553.png
2026-08-17 14:35:53 [INFO    ] screenshot_utils.py:83 — Page source saved: reports/screenshots/click_failed_20260817_143553.xml
2026-08-17 14:35:53 [ERROR   ] login_page.py:333 — Proceed button failed: Unable to click ('accessibility id', 'Proceed') after 3 retries. Last exception: Message: 
Stacktrace:
NoSuchElementError: An element could not be located on the page using the given search parameters.
    at AndroidUiautomator2Driver.findElOrEls (/Users/vc.rajdeep.kumar/.appium/node_modules/appium-uiautomator2-driver/node_modules/appium-android-driver/build/lib/commands/find.js:62:15)
    at process.processTicksAndRejections (node:internal/process/task_queues:104:5)
    at async AndroidUiautomator2Driver.findElOrElsWithProcessing (/opt/homebrew/lib/node_modules/appium/node_modules/@appium/base-driver/build/lib/basedriver/commands/find.js:12:16)
    at async AndroidUiautomator2Driver.findElement (/opt/homebrew/lib/node_modules/appium/node_modules/@appium/base-driver/build/lib/basedriver/commands/find.js:27:16)
2026-08-17 14:35:54 [INFO    ] screenshot_utils.py:60 — Screenshot saved: reports/screenshots/proceed_button_failed_20260817_143553.png
2026-08-17 14:35:54 [INFO    ] screenshot_utils.py:83 — Page source saved: reports/screenshots/proceed_button_failed_20260817_143554.xml
2026-08-17 14:35:54 [ERROR   ] login_page.py:725 — Login flow failed: Unable to click ('accessibility id', 'Proceed') after 3 retries. Last exception: Message: 
Stacktrace:
NoSuchElementError: An element could not be located on the page using the given search parameters.
    at AndroidUiautomator2Driver.findElOrEls (/Users/vc.rajdeep.kumar/.appium/node_modules/appium-uiautomator2-driver/node_modules/appium-android-driver/build/lib/commands/find.js:62:15)
    at process.processTicksAndRejections (node:internal/process/task_queues:104:5)
    at async AndroidUiautomator2Driver.findElOrElsWithProcessing (/opt/homebrew/lib/node_modules/appium/node_modules/@appium/base-driver/build/lib/basedriver/commands/find.js:12:16)
    at async AndroidUiautomator2Driver.findElement (/opt/homebrew/lib/node_modules/appium/node_modules/@appium/base-driver/build/lib/basedriver/commands/find.js:27:16)
2026-08-17 14:35:54 [INFO    ] screenshot_utils.py:60 — Screenshot saved: reports/screenshots/login_failed_20260817_143554.png
2026-08-17 14:35:54 [INFO    ] screenshot_utils.py:83 — Page source saved: reports/screenshots/login_failed_20260817_143554.xml
2026-08-17 14:35:55 [INFO    ] screenshot_utils.py:60 — Screenshot saved: reports/screenshots/test_mute_video_20260817_143554.png
2026-08-17 14:35:55 [INFO    ] screenshot_utils.py:83 — Page source saved: reports/screenshots/test_mute_video_20260817_143555.xml
2026-08-17 14:35:55 [ERROR   ] conftest.py:419 — Test FAILED: test_mute_video
2026-08-17 14:35:55 [INFO    ] conftest.py:326 — Closing driver session.
2026-08-17 14:35:56 [INFO    ] conftest.py:291 — ==================================================
2026-08-17 14:35:56 [INFO    ] conftest.py:292 — DRIVER SETUP START
2026-08-17 14:35:56 [INFO    ] conftest.py:293 — ==================================================
2026-08-17 14:35:56 [INFO    ] conftest.py:158 — Driver creation attempt 1/3
2026-08-17 14:35:57 [INFO    ] driver_factory.py:53 — ========== DRIVER CREATION START ==========
2026-08-17 14:35:57 [INFO    ] driver_factory.py:70 — Device: emulator | Env: qa | Platform: Android
2026-08-17 14:35:57 [INFO    ] driver_factory.py:136 — Device Name: Android Emulator
2026-08-17 14:35:57 [INFO    ] driver_factory.py:137 — UDID: emulator-5554
2026-08-17 14:35:57 [INFO    ] driver_factory.py:151 — App Package: com.zee5.hipi (noReset=true, activity not set)
2026-08-17 14:36:01 [INFO    ] driver_factory.py:112 — App launched by driver. Waiting for stabilization...
2026-08-17 14:36:03 [INFO    ] driver_factory.py:115 — ========== DRIVER CREATED SUCCESSFULLY ==========
2026-08-17 14:36:03 [INFO    ] conftest.py:302 — Driver created successfully.
2026-08-17 14:36:06 [INFO    ] popup_handler.py:122 — Checking for 'Get Started' screen...
2026-08-17 14:36:09 [INFO    ] popup_handler.py:134 — 'Get Started' screen not present — skipping.
2026-08-17 14:36:09 [INFO    ] conftest.py:217 — App readiness probe: HiPi is in foreground (com.zee5.hipi).
2026-08-17 14:36:09 [INFO    ] conftest.py:315 — DRIVER SETUP COMPLETE
2026-08-17 14:36:09 [INFO    ] base_test.py:20 — BaseTest setup completed.
2026-08-17 14:36:09 [INFO    ] base_test.py:58 — login_and_reach_feed: START
2026-08-17 14:36:09 [INFO    ] base_test.py:30 — Logging in as default test user.
2026-08-17 14:36:09 [INFO    ] login_page.py:591 — ========== LOGIN FLOW START ==========
2026-08-17 14:36:10 [INFO    ] login_page.py:43 — Opening profile tab
2026-08-17 14:36:11 [INFO    ] login_page.py:53 — Profile tab open attempt 1/2
2026-08-17 14:36:20 [ERROR   ] base_page.py:59 — Element not clickable after 8s: ('xpath', "//android.view.View[@clickable='true'][.//android.widget.TextView[@text='Profile']]")
2026-08-17 14:36:20 [INFO    ] screenshot_utils.py:60 — Screenshot saved: reports/screenshots/element_not_clickable___android.view.View__clickable=_true___.__android.widget.TextView__text=_Profile____20260817_143620.png
2026-08-17 14:36:20 [INFO    ] screenshot_utils.py:83 — Page source saved: reports/screenshots/element_not_clickable___android.view.View__clickable=_true___.__android.widget.TextView__text=_Profile____20260817_143620.xml
2026-08-17 14:36:20 [ERROR   ] base_page.py:118 — Click failed on attempt 1 for ('xpath', "//android.view.View[@clickable='true'][.//android.widget.TextView[@text='Profile']]"): Message: 
Stacktrace:
NoSuchElementError: An element could not be located on the page using the given search parameters.
    at AndroidUiautomator2Driver.findElOrEls (/Users/vc.rajdeep.kumar/.appium/node_modules/appium-uiautomator2-driver/node_modules/appium-android-driver/build/lib/commands/find.js:62:15)
    at process.processTicksAndRejections (node:internal/process/task_queues:104:5)
    at async AndroidUiautomator2Driver.findElOrElsWithProcessing (/opt/homebrew/lib/node_modules/appium/node_modules/@appium/base-driver/build/lib/basedriver/commands/find.js:12:16)
    at async AndroidUiautomator2Driver.findElement (/opt/homebrew/lib/node_modules/appium/node_modules/@appium/base-driver/build/lib/basedriver/commands/find.js:27:16)
2026-08-17 14:36:20 [WARNING ] base_page.py:262 — Attempting to recover application state...
2026-08-17 14:36:23 [INFO    ] base_page.py:266 — App recovery attempt completed.
2026-08-17 14:36:24 [INFO    ] screenshot_utils.py:60 — Screenshot saved: reports/screenshots/click_failed_20260817_143623.png
2026-08-17 14:36:24 [INFO    ] screenshot_utils.py:83 — Page source saved: reports/screenshots/click_failed_20260817_143624.xml
2026-08-17 14:36:24 [WARNING ] login_page.py:98 — Element-based click failed: Unable to click ('xpath', "//android.view.View[@clickable='true'][.//android.widget.TextView[@text='Profile']]") after 1 retries. Last exception: Message: 
Stacktrace:
NoSuchElementError: An element could not be located on the page using the given search parameters.
    at AndroidUiautomator2Driver.findElOrEls (/Users/vc.rajdeep.kumar/.appium/node_modules/appium-uiautomator2-driver/node_modules/appium-android-driver/build/lib/commands/find.js:62:15)
    at process.processTicksAndRejections (node:internal/process/task_queues:104:5)
    at async AndroidUiautomator2Driver.findElOrElsWithProcessing (/opt/homebrew/lib/node_modules/appium/node_modules/@appium/base-driver/build/lib/basedriver/commands/find.js:12:16)
    at async AndroidUiautomator2Driver.findElement (/opt/homebrew/lib/node_modules/appium/node_modules/@appium/base-driver/build/lib/basedriver/commands/find.js:27:16)
2026-08-17 14:36:32 [ERROR   ] base_page.py:50 — Element not visible after 8s: ('-android uiautomator', 'new UiSelector().text("Edit Profile")')
2026-08-17 14:36:33 [INFO    ] screenshot_utils.py:60 — Screenshot saved: reports/screenshots/element_not_visible_new UiSelector().text(_Edit Profile_)_20260817_143632.png
2026-08-17 14:36:33 [INFO    ] screenshot_utils.py:83 — Page source saved: reports/screenshots/element_not_visible_new UiSelector().text(_Edit Profile_)_20260817_143633.xml
2026-08-17 14:36:36 [ERROR   ] base_page.py:50 — Element not visible after 3s: ('id', 'com.zee5.hipi:id/exo_content_frame')
2026-08-17 14:36:37 [INFO    ] screenshot_utils.py:60 — Screenshot saved: reports/screenshots/element_not_visible_com.zee5.hipi_id_exo_content_frame_20260817_143636.png
2026-08-17 14:36:37 [INFO    ] screenshot_utils.py:83 — Page source saved: reports/screenshots/element_not_visible_com.zee5.hipi_id_exo_content_frame_20260817_143637.xml
2026-08-17 14:36:37 [INFO    ] gestures.py:29 — Tap performed at X:760 Y:2246
2026-08-17 14:36:38 [INFO    ] base_page.py:84 — wait_for_any_visible matched: ('class name', 'android.widget.EditText')
2026-08-17 14:36:38 [INFO    ] login_page.py:147 — Profile tab opened (coordinate tap, verified)
2026-08-17 14:36:43 [ERROR   ] base_page.py:50 — Element not visible after 5s: ('-android uiautomator', 'new UiSelector().textContains("Continue")')
2026-08-17 14:36:44 [INFO    ] screenshot_utils.py:60 — Screenshot saved: reports/screenshots/element_not_visible_new UiSelector().textContains(_Continue_)_20260817_143643.png
2026-08-17 14:36:44 [INFO    ] screenshot_utils.py:83 — Page source saved: reports/screenshots/element_not_visible_new UiSelector().textContains(_Continue_)_20260817_143644.xml
2026-08-17 14:36:44 [INFO    ] login_page.py:276 — Entering mobile number: 9876543210
2026-08-17 14:36:45 [INFO    ] base_page.py:136 — Entered text '9876543210' into ('class name', 'android.widget.EditText')
2026-08-17 14:36:47 [INFO    ] login_page.py:290 — Mobile number entered
2026-08-17 14:36:47 [INFO    ] login_page.py:315 — Clicking proceed button
2026-08-17 14:36:57 [ERROR   ] base_page.py:59 — Element not clickable after 10s: ('accessibility id', 'Proceed')
2026-08-17 14:36:58 [INFO    ] screenshot_utils.py:60 — Screenshot saved: reports/screenshots/element_not_clickable_Proceed_20260817_143657.png
2026-08-17 14:36:58 [INFO    ] screenshot_utils.py:83 — Page source saved: reports/screenshots/element_not_clickable_Proceed_20260817_143658.xml
2026-08-17 14:36:58 [ERROR   ] base_page.py:118 — Click failed on attempt 1 for ('accessibility id', 'Proceed'): Message: 
Stacktrace:
NoSuchElementError: An element could not be located on the page using the given search parameters.
    at AndroidUiautomator2Driver.findElOrEls (/Users/vc.rajdeep.kumar/.appium/node_modules/appium-uiautomator2-driver/node_modules/appium-android-driver/build/lib/commands/find.js:62:15)
    at process.processTicksAndRejections (node:internal/process/task_queues:104:5)
    at async AndroidUiautomator2Driver.findElOrElsWithProcessing (/opt/homebrew/lib/node_modules/appium/node_modules/@appium/base-driver/build/lib/basedriver/commands/find.js:12:16)
    at async AndroidUiautomator2Driver.findElement (/opt/homebrew/lib/node_modules/appium/node_modules/@appium/base-driver/build/lib/basedriver/commands/find.js:27:16)
2026-08-17 14:36:58 [WARNING ] base_page.py:262 — Attempting to recover application state...
2026-08-17 14:37:01 [INFO    ] base_page.py:266 — App recovery attempt completed.
2026-08-17 14:37:11 [ERROR   ] base_page.py:59 — Element not clickable after 10s: ('accessibility id', 'Proceed')
2026-08-17 14:37:12 [INFO    ] screenshot_utils.py:60 — Screenshot saved: reports/screenshots/element_not_clickable_Proceed_20260817_143711.png
2026-08-17 14:37:12 [INFO    ] screenshot_utils.py:83 — Page source saved: reports/screenshots/element_not_clickable_Proceed_20260817_143712.xml
2026-08-17 14:37:12 [ERROR   ] base_page.py:118 — Click failed on attempt 2 for ('accessibility id', 'Proceed'): Message: 
Stacktrace:
NoSuchElementError: An element could not be located on the page using the given search parameters.
    at AndroidUiautomator2Driver.findElOrEls (/Users/vc.rajdeep.kumar/.appium/node_modules/appium-uiautomator2-driver/node_modules/appium-android-driver/build/lib/commands/find.js:62:15)
    at process.processTicksAndRejections (node:internal/process/task_queues:104:5)
    at async AndroidUiautomator2Driver.findElOrElsWithProcessing (/opt/homebrew/lib/node_modules/appium/node_modules/@appium/base-driver/build/lib/basedriver/commands/find.js:12:16)
    at async AndroidUiautomator2Driver.findElement (/opt/homebrew/lib/node_modules/appium/node_modules/@appium/base-driver/build/lib/basedriver/commands/find.js:27:16)
2026-08-17 14:37:12 [WARNING ] base_page.py:262 — Attempting to recover application state...
2026-08-17 14:37:15 [INFO    ] base_page.py:266 — App recovery attempt completed.
2026-08-17 14:37:25 [ERROR   ] base_page.py:59 — Element not clickable after 10s: ('accessibility id', 'Proceed')
2026-08-17 14:37:26 [INFO    ] screenshot_utils.py:60 — Screenshot saved: reports/screenshots/element_not_clickable_Proceed_20260817_143725.png
2026-08-17 14:37:27 [INFO    ] screenshot_utils.py:83 — Page source saved: reports/screenshots/element_not_clickable_Proceed_20260817_143726.xml
2026-08-17 14:37:27 [ERROR   ] base_page.py:118 — Click failed on attempt 3 for ('accessibility id', 'Proceed'): Message: 
Stacktrace:
NoSuchElementError: An element could not be located on the page using the given search parameters.
    at AndroidUiautomator2Driver.findElOrEls (/Users/vc.rajdeep.kumar/.appium/node_modules/appium-uiautomator2-driver/node_modules/appium-android-driver/build/lib/commands/find.js:62:15)
    at process.processTicksAndRejections (node:internal/process/task_queues:104:5)
    at async AndroidUiautomator2Driver.findElOrElsWithProcessing (/opt/homebrew/lib/node_modules/appium/node_modules/@appium/base-driver/build/lib/basedriver/commands/find.js:12:16)
    at async AndroidUiautomator2Driver.findElement (/opt/homebrew/lib/node_modules/appium/node_modules/@appium/base-driver/build/lib/basedriver/commands/find.js:27:16)
2026-08-17 14:37:27 [WARNING ] base_page.py:262 — Attempting to recover application state...
2026-08-17 14:37:30 [INFO    ] base_page.py:266 — App recovery attempt completed.
2026-08-17 14:37:30 [INFO    ] screenshot_utils.py:60 — Screenshot saved: reports/screenshots/click_failed_20260817_143730.png
2026-08-17 14:37:30 [INFO    ] screenshot_utils.py:83 — Page source saved: reports/screenshots/click_failed_20260817_143730.xml
2026-08-17 14:37:30 [ERROR   ] login_page.py:333 — Proceed button failed: Unable to click ('accessibility id', 'Proceed') after 3 retries. Last exception: Message: 
Stacktrace:
NoSuchElementError: An element could not be located on the page using the given search parameters.
    at AndroidUiautomator2Driver.findElOrEls (/Users/vc.rajdeep.kumar/.appium/node_modules/appium-uiautomator2-driver/node_modules/appium-android-driver/build/lib/commands/find.js:62:15)
    at process.processTicksAndRejections (node:internal/process/task_queues:104:5)
    at async AndroidUiautomator2Driver.findElOrElsWithProcessing (/opt/homebrew/lib/node_modules/appium/node_modules/@appium/base-driver/build/lib/basedriver/commands/find.js:12:16)
    at async AndroidUiautomator2Driver.findElement (/opt/homebrew/lib/node_modules/appium/node_modules/@appium/base-driver/build/lib/basedriver/commands/find.js:27:16)
2026-08-17 14:37:31 [INFO    ] screenshot_utils.py:60 — Screenshot saved: reports/screenshots/proceed_button_failed_20260817_143730.png
2026-08-17 14:37:31 [INFO    ] screenshot_utils.py:83 — Page source saved: reports/screenshots/proceed_button_failed_20260817_143731.xml
2026-08-17 14:37:31 [ERROR   ] login_page.py:725 — Login flow failed: Unable to click ('accessibility id', 'Proceed') after 3 retries. Last exception: Message: 
Stacktrace:
NoSuchElementError: An element could not be located on the page using the given search parameters.
    at AndroidUiautomator2Driver.findElOrEls (/Users/vc.rajdeep.kumar/.appium/node_modules/appium-uiautomator2-driver/node_modules/appium-android-driver/build/lib/commands/find.js:62:15)
    at process.processTicksAndRejections (node:internal/process/task_queues:104:5)
    at async AndroidUiautomator2Driver.findElOrElsWithProcessing (/opt/homebrew/lib/node_modules/appium/node_modules/@appium/base-driver/build/lib/basedriver/commands/find.js:12:16)
    at async AndroidUiautomator2Driver.findElement (/opt/homebrew/lib/node_modules/appium/node_modules/@appium/base-driver/build/lib/basedriver/commands/find.js:27:16)
2026-08-17 14:37:31 [INFO    ] screenshot_utils.py:60 — Screenshot saved: reports/screenshots/login_failed_20260817_143731.png
2026-08-17 14:37:31 [INFO    ] screenshot_utils.py:83 — Page source saved: reports/screenshots/login_failed_20260817_143731.xml
2026-08-17 14:37:32 [INFO    ] screenshot_utils.py:60 — Screenshot saved: reports/screenshots/test_mute_then_unmute_video_20260817_143731.png
2026-08-17 14:37:32 [INFO    ] screenshot_utils.py:83 — Page source saved: reports/screenshots/test_mute_then_unmute_video_20260817_143732.xml
2026-08-17 14:37:32 [ERROR   ] conftest.py:419 — Test FAILED: test_mute_then_unmute_video
2026-08-17 14:37:32 [INFO    ] conftest.py:326 — Closing driver session.
2026-08-17 14:37:33 [INFO    ] conftest.py:291 — ==================================================
2026-08-17 14:37:33 [INFO    ] conftest.py:292 — DRIVER SETUP START
2026-08-17 14:37:33 [INFO    ] conftest.py:293 — ==================================================
2026-08-17 14:37:33 [INFO    ] conftest.py:158 — Driver creation attempt 1/3
2026-08-17 14:37:34 [INFO    ] driver_factory.py:53 — ========== DRIVER CREATION START ==========
2026-08-17 14:37:34 [INFO    ] driver_factory.py:70 — Device: emulator | Env: qa | Platform: Android
2026-08-17 14:37:34 [INFO    ] driver_factory.py:136 — Device Name: Android Emulator
2026-08-17 14:37:34 [INFO    ] driver_factory.py:137 — UDID: emulator-5554
2026-08-17 14:37:34 [INFO    ] driver_factory.py:151 — App Package: com.zee5.hipi (noReset=true, activity not set)
2026-08-17 14:37:37 [INFO    ] driver_factory.py:112 — App launched by driver. Waiting for stabilization...
2026-08-17 14:37:39 [INFO    ] driver_factory.py:115 — ========== DRIVER CREATED SUCCESSFULLY ==========
2026-08-17 14:37:39 [INFO    ] conftest.py:302 — Driver created successfully.
2026-08-17 14:37:42 [INFO    ] popup_handler.py:122 — Checking for 'Get Started' screen...
2026-08-17 14:37:46 [INFO    ] popup_handler.py:134 — 'Get Started' screen not present — skipping.
2026-08-17 14:37:46 [INFO    ] conftest.py:217 — App readiness probe: HiPi is in foreground (com.zee5.hipi).
2026-08-17 14:37:46 [INFO    ] conftest.py:315 — DRIVER SETUP COMPLETE
2026-08-17 14:37:46 [INFO    ] base_test.py:20 — BaseTest setup completed.
2026-08-17 14:37:46 [INFO    ] base_test.py:58 — login_and_reach_feed: START
2026-08-17 14:37:46 [INFO    ] base_test.py:30 — Logging in as default test user.
2026-08-17 14:37:46 [INFO    ] login_page.py:591 — ========== LOGIN FLOW START ==========
2026-08-17 14:37:47 [INFO    ] login_page.py:43 — Opening profile tab
2026-08-17 14:37:48 [INFO    ] login_page.py:53 — Profile tab open attempt 1/2
2026-08-17 14:37:56 [ERROR   ] base_page.py:59 — Element not clickable after 8s: ('xpath', "//android.view.View[@clickable='true'][.//android.widget.TextView[@text='Profile']]")
2026-08-17 14:37:59 [INFO    ] screenshot_utils.py:60 — Screenshot saved: reports/screenshots/element_not_clickable___android.view.View__clickable=_true___.__android.widget.TextView__text=_Profile____20260817_143756.png
2026-08-17 14:37:59 [INFO    ] screenshot_utils.py:83 — Page source saved: reports/screenshots/element_not_clickable___android.view.View__clickable=_true___.__android.widget.TextView__text=_Profile____20260817_143759.xml
2026-08-17 14:37:59 [ERROR   ] base_page.py:118 — Click failed on attempt 1 for ('xpath', "//android.view.View[@clickable='true'][.//android.widget.TextView[@text='Profile']]"): Message: 
Stacktrace:
NoSuchElementError: An element could not be located on the page using the given search parameters.
    at AndroidUiautomator2Driver.findElOrEls (/Users/vc.rajdeep.kumar/.appium/node_modules/appium-uiautomator2-driver/node_modules/appium-android-driver/build/lib/commands/find.js:62:15)
    at process.processTicksAndRejections (node:internal/process/task_queues:104:5)
    at async AndroidUiautomator2Driver.findElOrElsWithProcessing (/opt/homebrew/lib/node_modules/appium/node_modules/@appium/base-driver/build/lib/basedriver/commands/find.js:12:16)
    at async AndroidUiautomator2Driver.findElement (/opt/homebrew/lib/node_modules/appium/node_modules/@appium/base-driver/build/lib/basedriver/commands/find.js:27:16)
2026-08-17 14:37:59 [WARNING ] base_page.py:262 — Attempting to recover application state...
2026-08-17 14:38:02 [INFO    ] base_page.py:266 — App recovery attempt completed.
2026-08-17 14:38:03 [INFO    ] screenshot_utils.py:60 — Screenshot saved: reports/screenshots/click_failed_20260817_143802.png
2026-08-17 14:38:04 [INFO    ] screenshot_utils.py:83 — Page source saved: reports/screenshots/click_failed_20260817_143803.xml
2026-08-17 14:38:04 [WARNING ] login_page.py:98 — Element-based click failed: Unable to click ('xpath', "//android.view.View[@clickable='true'][.//android.widget.TextView[@text='Profile']]") after 1 retries. Last exception: Message: 
Stacktrace:
NoSuchElementError: An element could not be located on the page using the given search parameters.
    at AndroidUiautomator2Driver.findElOrEls (/Users/vc.rajdeep.kumar/.appium/node_modules/appium-uiautomator2-driver/node_modules/appium-android-driver/build/lib/commands/find.js:62:15)
    at process.processTicksAndRejections (node:internal/process/task_queues:104:5)
    at async AndroidUiautomator2Driver.findElOrElsWithProcessing (/opt/homebrew/lib/node_modules/appium/node_modules/@appium/base-driver/build/lib/basedriver/commands/find.js:12:16)
    at async AndroidUiautomator2Driver.findElement (/opt/homebrew/lib/node_modules/appium/node_modules/@appium/base-driver/build/lib/basedriver/commands/find.js:27:16)
2026-08-17 14:38:12 [ERROR   ] base_page.py:50 — Element not visible after 8s: ('-android uiautomator', 'new UiSelector().text("Edit Profile")')
2026-08-17 14:38:12 [INFO    ] screenshot_utils.py:60 — Screenshot saved: reports/screenshots/element_not_visible_new UiSelector().text(_Edit Profile_)_20260817_143812.png
2026-08-17 14:38:13 [INFO    ] screenshot_utils.py:83 — Page source saved: reports/screenshots/element_not_visible_new UiSelector().text(_Edit Profile_)_20260817_143812.xml
2026-08-17 14:38:16 [ERROR   ] base_page.py:50 — Element not visible after 3s: ('id', 'com.zee5.hipi:id/exo_content_frame')
2026-08-17 14:38:16 [INFO    ] screenshot_utils.py:60 — Screenshot saved: reports/screenshots/element_not_visible_com.zee5.hipi_id_exo_content_frame_20260817_143816.png
2026-08-17 14:38:17 [INFO    ] screenshot_utils.py:83 — Page source saved: reports/screenshots/element_not_visible_com.zee5.hipi_id_exo_content_frame_20260817_143816.xml
2026-08-17 14:38:17 [INFO    ] gestures.py:29 — Tap performed at X:760 Y:2246
2026-08-17 14:38:18 [INFO    ] base_page.py:84 — wait_for_any_visible matched: ('class name', 'android.widget.EditText')
2026-08-17 14:38:18 [INFO    ] login_page.py:147 — Profile tab opened (coordinate tap, verified)
2026-08-17 14:38:23 [ERROR   ] base_page.py:50 — Element not visible after 5s: ('-android uiautomator', 'new UiSelector().textContains("Continue")')
2026-08-17 14:38:23 [INFO    ] screenshot_utils.py:60 — Screenshot saved: reports/screenshots/element_not_visible_new UiSelector().textContains(_Continue_)_20260817_143823.png
2026-08-17 14:38:23 [INFO    ] screenshot_utils.py:83 — Page source saved: reports/screenshots/element_not_visible_new UiSelector().textContains(_Continue_)_20260817_143823.xml
2026-08-17 14:38:23 [INFO    ] login_page.py:276 — Entering mobile number: 9876543210
2026-08-17 14:38:25 [INFO    ] base_page.py:136 — Entered text '9876543210' into ('class name', 'android.widget.EditText')
2026-08-17 14:38:27 [INFO    ] login_page.py:290 — Mobile number entered
2026-08-17 14:38:27 [INFO    ] login_page.py:315 — Clicking proceed button
2026-08-17 14:38:38 [ERROR   ] base_page.py:59 — Element not clickable after 10s: ('accessibility id', 'Proceed')
2026-08-17 14:38:38 [INFO    ] screenshot_utils.py:60 — Screenshot saved: reports/screenshots/element_not_clickable_Proceed_20260817_143838.png
2026-08-17 14:38:38 [INFO    ] screenshot_utils.py:83 — Page source saved: reports/screenshots/element_not_clickable_Proceed_20260817_143838.xml
2026-08-17 14:38:38 [ERROR   ] base_page.py:118 — Click failed on attempt 1 for ('accessibility id', 'Proceed'): Message: 
Stacktrace:
NoSuchElementError: An element could not be located on the page using the given search parameters.
    at AndroidUiautomator2Driver.findElOrEls (/Users/vc.rajdeep.kumar/.appium/node_modules/appium-uiautomator2-driver/node_modules/appium-android-driver/build/lib/commands/find.js:62:15)
    at process.processTicksAndRejections (node:internal/process/task_queues:104:5)
    at async AndroidUiautomator2Driver.findElOrElsWithProcessing (/opt/homebrew/lib/node_modules/appium/node_modules/@appium/base-driver/build/lib/basedriver/commands/find.js:12:16)
    at async AndroidUiautomator2Driver.findElement (/opt/homebrew/lib/node_modules/appium/node_modules/@appium/base-driver/build/lib/basedriver/commands/find.js:27:16)
2026-08-17 14:38:38 [WARNING ] base_page.py:262 — Attempting to recover application state...
2026-08-17 14:38:41 [INFO    ] base_page.py:266 — App recovery attempt completed.
2026-08-17 14:38:52 [ERROR   ] base_page.py:59 — Element not clickable after 10s: ('accessibility id', 'Proceed')
2026-08-17 14:38:52 [INFO    ] screenshot_utils.py:60 — Screenshot saved: reports/screenshots/element_not_clickable_Proceed_20260817_143852.png
2026-08-17 14:38:52 [INFO    ] screenshot_utils.py:83 — Page source saved: reports/screenshots/element_not_clickable_Proceed_20260817_143852.xml
2026-08-17 14:38:52 [ERROR   ] base_page.py:118 — Click failed on attempt 2 for ('accessibility id', 'Proceed'): Message: 
Stacktrace:
NoSuchElementError: An element could not be located on the page using the given search parameters.
    at AndroidUiautomator2Driver.findElOrEls (/Users/vc.rajdeep.kumar/.appium/node_modules/appium-uiautomator2-driver/node_modules/appium-android-driver/build/lib/commands/find.js:62:15)
    at process.processTicksAndRejections (node:internal/process/task_queues:104:5)
    at async AndroidUiautomator2Driver.findElOrElsWithProcessing (/opt/homebrew/lib/node_modules/appium/node_modules/@appium/base-driver/build/lib/basedriver/commands/find.js:12:16)
    at async AndroidUiautomator2Driver.findElement (/opt/homebrew/lib/node_modules/appium/node_modules/@appium/base-driver/build/lib/basedriver/commands/find.js:27:16)
2026-08-17 14:38:52 [WARNING ] base_page.py:262 — Attempting to recover application state...
2026-08-17 14:38:55 [INFO    ] base_page.py:266 — App recovery attempt completed.
2026-08-17 14:39:06 [ERROR   ] base_page.py:59 — Element not clickable after 10s: ('accessibility id', 'Proceed')
2026-08-17 14:39:06 [INFO    ] screenshot_utils.py:60 — Screenshot saved: reports/screenshots/element_not_clickable_Proceed_20260817_143906.png
2026-08-17 14:39:06 [INFO    ] screenshot_utils.py:83 — Page source saved: reports/screenshots/element_not_clickable_Proceed_20260817_143906.xml
2026-08-17 14:39:06 [ERROR   ] base_page.py:118 — Click failed on attempt 3 for ('accessibility id', 'Proceed'): Message: 
Stacktrace:
NoSuchElementError: An element could not be located on the page using the given search parameters.
    at AndroidUiautomator2Driver.findElOrEls (/Users/vc.rajdeep.kumar/.appium/node_modules/appium-uiautomator2-driver/node_modules/appium-android-driver/build/lib/commands/find.js:62:15)
    at process.processTicksAndRejections (node:internal/process/task_queues:104:5)
    at async AndroidUiautomator2Driver.findElOrElsWithProcessing (/opt/homebrew/lib/node_modules/appium/node_modules/@appium/base-driver/build/lib/basedriver/commands/find.js:12:16)
    at async AndroidUiautomator2Driver.findElement (/opt/homebrew/lib/node_modules/appium/node_modules/@appium/base-driver/build/lib/basedriver/commands/find.js:27:16)
2026-08-17 14:39:06 [WARNING ] base_page.py:262 — Attempting to recover application state...
2026-08-17 14:39:09 [INFO    ] base_page.py:266 — App recovery attempt completed.
2026-08-17 14:39:10 [INFO    ] screenshot_utils.py:60 — Screenshot saved: reports/screenshots/click_failed_20260817_143909.png
2026-08-17 14:39:10 [INFO    ] screenshot_utils.py:83 — Page source saved: reports/screenshots/click_failed_20260817_143910.xml
2026-08-17 14:39:10 [ERROR   ] login_page.py:333 — Proceed button failed: Unable to click ('accessibility id', 'Proceed') after 3 retries. Last exception: Message: 
Stacktrace:
NoSuchElementError: An element could not be located on the page using the given search parameters.
    at AndroidUiautomator2Driver.findElOrEls (/Users/vc.rajdeep.kumar/.appium/node_modules/appium-uiautomator2-driver/node_modules/appium-android-driver/build/lib/commands/find.js:62:15)
    at process.processTicksAndRejections (node:internal/process/task_queues:104:5)
    at async AndroidUiautomator2Driver.findElOrElsWithProcessing (/opt/homebrew/lib/node_modules/appium/node_modules/@appium/base-driver/build/lib/basedriver/commands/find.js:12:16)
    at async AndroidUiautomator2Driver.findElement (/opt/homebrew/lib/node_modules/appium/node_modules/@appium/base-driver/build/lib/basedriver/commands/find.js:27:16)
2026-08-17 14:39:10 [INFO    ] screenshot_utils.py:60 — Screenshot saved: reports/screenshots/proceed_button_failed_20260817_143910.png
2026-08-17 14:39:10 [INFO    ] screenshot_utils.py:83 — Page source saved: reports/screenshots/proceed_button_failed_20260817_143910.xml
2026-08-17 14:39:10 [ERROR   ] login_page.py:725 — Login flow failed: Unable to click ('accessibility id', 'Proceed') after 3 retries. Last exception: Message: 
Stacktrace:
NoSuchElementError: An element could not be located on the page using the given search parameters.
    at AndroidUiautomator2Driver.findElOrEls (/Users/vc.rajdeep.kumar/.appium/node_modules/appium-uiautomator2-driver/node_modules/appium-android-driver/build/lib/commands/find.js:62:15)
    at process.processTicksAndRejections (node:internal/process/task_queues:104:5)
    at async AndroidUiautomator2Driver.findElOrElsWithProcessing (/opt/homebrew/lib/node_modules/appium/node_modules/@appium/base-driver/build/lib/basedriver/commands/find.js:12:16)
    at async AndroidUiautomator2Driver.findElement (/opt/homebrew/lib/node_modules/appium/node_modules/@appium/base-driver/build/lib/basedriver/commands/find.js:27:16)
2026-08-17 14:39:11 [INFO    ] screenshot_utils.py:60 — Screenshot saved: reports/screenshots/login_failed_20260817_143910.png
2026-08-17 14:39:11 [INFO    ] screenshot_utils.py:83 — Page source saved: reports/screenshots/login_failed_20260817_143911.xml
2026-08-17 14:39:11 [INFO    ] screenshot_utils.py:60 — Screenshot saved: reports/screenshots/test_pause_reel_20260817_143911.png
2026-08-17 14:39:11 [INFO    ] screenshot_utils.py:83 — Page source saved: reports/screenshots/test_pause_reel_20260817_143911.xml
2026-08-17 14:39:11 [ERROR   ] conftest.py:419 — Test FAILED: test_pause_reel
2026-08-17 14:39:11 [INFO    ] conftest.py:326 — Closing driver session.
2026-08-17 14:39:12 [INFO    ] conftest.py:291 — ==================================================
2026-08-17 14:39:12 [INFO    ] conftest.py:292 — DRIVER SETUP START
2026-08-17 14:39:12 [INFO    ] conftest.py:293 — ==================================================
2026-08-17 14:39:12 [INFO    ] conftest.py:158 — Driver creation attempt 1/3
2026-08-17 14:39:13 [INFO    ] driver_factory.py:53 — ========== DRIVER CREATION START ==========
2026-08-17 14:39:13 [INFO    ] driver_factory.py:70 — Device: emulator | Env: qa | Platform: Android
2026-08-17 14:39:13 [INFO    ] driver_factory.py:136 — Device Name: Android Emulator
2026-08-17 14:39:13 [INFO    ] driver_factory.py:137 — UDID: emulator-5554
2026-08-17 14:39:13 [INFO    ] driver_factory.py:151 — App Package: com.zee5.hipi (noReset=true, activity not set)
2026-08-17 14:39:17 [INFO    ] driver_factory.py:112 — App launched by driver. Waiting for stabilization...
2026-08-17 14:39:19 [INFO    ] driver_factory.py:115 — ========== DRIVER CREATED SUCCESSFULLY ==========
2026-08-17 14:39:19 [INFO    ] conftest.py:302 — Driver created successfully.
2026-08-17 14:39:22 [INFO    ] popup_handler.py:122 — Checking for 'Get Started' screen...
2026-08-17 14:39:25 [INFO    ] popup_handler.py:134 — 'Get Started' screen not present — skipping.
2026-08-17 14:39:25 [INFO    ] conftest.py:217 — App readiness probe: HiPi is in foreground (com.zee5.hipi).
2026-08-17 14:39:25 [INFO    ] conftest.py:315 — DRIVER SETUP COMPLETE
2026-08-17 14:39:25 [INFO    ] base_test.py:20 — BaseTest setup completed.
2026-08-17 14:39:25 [INFO    ] base_test.py:58 — login_and_reach_feed: START
2026-08-17 14:39:25 [INFO    ] base_test.py:30 — Logging in as default test user.
2026-08-17 14:39:25 [INFO    ] login_page.py:591 — ========== LOGIN FLOW START ==========
2026-08-17 14:39:27 [INFO    ] login_page.py:43 — Opening profile tab
2026-08-17 14:39:28 [INFO    ] login_page.py:53 — Profile tab open attempt 1/2
2026-08-17 14:39:36 [ERROR   ] base_page.py:59 — Element not clickable after 8s: ('xpath', "//android.view.View[@clickable='true'][.//android.widget.TextView[@text='Profile']]")
2026-08-17 14:39:37 [INFO    ] screenshot_utils.py:60 — Screenshot saved: reports/screenshots/element_not_clickable___android.view.View__clickable=_true___.__android.widget.TextView__text=_Profile____20260817_143936.png
2026-08-17 14:39:37 [INFO    ] screenshot_utils.py:83 — Page source saved: reports/screenshots/element_not_clickable___android.view.View__clickable=_true___.__android.widget.TextView__text=_Profile____20260817_143937.xml
2026-08-17 14:39:37 [ERROR   ] base_page.py:118 — Click failed on attempt 1 for ('xpath', "//android.view.View[@clickable='true'][.//android.widget.TextView[@text='Profile']]"): Message: 
Stacktrace:
NoSuchElementError: An element could not be located on the page using the given search parameters.
    at AndroidUiautomator2Driver.findElOrEls (/Users/vc.rajdeep.kumar/.appium/node_modules/appium-uiautomator2-driver/node_modules/appium-android-driver/build/lib/commands/find.js:62:15)
    at process.processTicksAndRejections (node:internal/process/task_queues:104:5)
    at async AndroidUiautomator2Driver.findElOrElsWithProcessing (/opt/homebrew/lib/node_modules/appium/node_modules/@appium/base-driver/build/lib/basedriver/commands/find.js:12:16)
    at async AndroidUiautomator2Driver.findElement (/opt/homebrew/lib/node_modules/appium/node_modules/@appium/base-driver/build/lib/basedriver/commands/find.js:27:16)
2026-08-17 14:39:37 [WARNING ] base_page.py:262 — Attempting to recover application state...
2026-08-17 14:39:40 [INFO    ] base_page.py:266 — App recovery attempt completed.
2026-08-17 14:39:40 [INFO    ] screenshot_utils.py:60 — Screenshot saved: reports/screenshots/click_failed_20260817_143940.png
2026-08-17 14:39:41 [INFO    ] screenshot_utils.py:83 — Page source saved: reports/screenshots/click_failed_20260817_143940.xml
2026-08-17 14:39:41 [WARNING ] login_page.py:98 — Element-based click failed: Unable to click ('xpath', "//android.view.View[@clickable='true'][.//android.widget.TextView[@text='Profile']]") after 1 retries. Last exception: Message: 
Stacktrace:
NoSuchElementError: An element could not be located on the page using the given search parameters.
    at AndroidUiautomator2Driver.findElOrEls (/Users/vc.rajdeep.kumar/.appium/node_modules/appium-uiautomator2-driver/node_modules/appium-android-driver/build/lib/commands/find.js:62:15)
    at process.processTicksAndRejections (node:internal/process/task_queues:104:5)
    at async AndroidUiautomator2Driver.findElOrElsWithProcessing (/opt/homebrew/lib/node_modules/appium/node_modules/@appium/base-driver/build/lib/basedriver/commands/find.js:12:16)
    at async AndroidUiautomator2Driver.findElement (/opt/homebrew/lib/node_modules/appium/node_modules/@appium/base-driver/build/lib/basedriver/commands/find.js:27:16)
2026-08-17 14:39:49 [ERROR   ] base_page.py:50 — Element not visible after 8s: ('-android uiautomator', 'new UiSelector().text("Edit Profile")')
2026-08-17 14:39:49 [INFO    ] screenshot_utils.py:60 — Screenshot saved: reports/screenshots/element_not_visible_new UiSelector().text(_Edit Profile_)_20260817_143949.png
2026-08-17 14:39:50 [INFO    ] screenshot_utils.py:83 — Page source saved: reports/screenshots/element_not_visible_new UiSelector().text(_Edit Profile_)_20260817_143949.xml
2026-08-17 14:39:53 [ERROR   ] base_page.py:50 — Element not visible after 3s: ('id', 'com.zee5.hipi:id/exo_content_frame')
2026-08-17 14:39:53 [INFO    ] screenshot_utils.py:60 — Screenshot saved: reports/screenshots/element_not_visible_com.zee5.hipi_id_exo_content_frame_20260817_143953.png
2026-08-17 14:39:53 [INFO    ] screenshot_utils.py:83 — Page source saved: reports/screenshots/element_not_visible_com.zee5.hipi_id_exo_content_frame_20260817_143953.xml
2026-08-17 14:39:53 [INFO    ] gestures.py:29 — Tap performed at X:760 Y:2246
2026-08-17 14:39:55 [INFO    ] base_page.py:84 — wait_for_any_visible matched: ('class name', 'android.widget.EditText')
2026-08-17 14:39:55 [INFO    ] login_page.py:147 — Profile tab opened (coordinate tap, verified)
2026-08-17 14:40:00 [ERROR   ] base_page.py:50 — Element not visible after 5s: ('-android uiautomator', 'new UiSelector().textContains("Continue")')
2026-08-17 14:40:02 [INFO    ] screenshot_utils.py:60 — Screenshot saved: reports/screenshots/element_not_visible_new UiSelector().textContains(_Continue_)_20260817_144000.png
2026-08-17 14:40:02 [INFO    ] screenshot_utils.py:83 — Page source saved: reports/screenshots/element_not_visible_new UiSelector().textContains(_Continue_)_20260817_144002.xml
2026-08-17 14:40:02 [INFO    ] login_page.py:276 — Entering mobile number: 9876543210
2026-08-17 14:40:03 [INFO    ] base_page.py:136 — Entered text '9876543210' into ('class name', 'android.widget.EditText')
2026-08-17 14:40:05 [INFO    ] login_page.py:290 — Mobile number entered
2026-08-17 14:40:05 [INFO    ] login_page.py:315 — Clicking proceed button
2026-08-17 14:40:16 [ERROR   ] base_page.py:59 — Element not clickable after 10s: ('accessibility id', 'Proceed')
2026-08-17 14:40:16 [INFO    ] screenshot_utils.py:60 — Screenshot saved: reports/screenshots/element_not_clickable_Proceed_20260817_144016.png
2026-08-17 14:40:16 [INFO    ] screenshot_utils.py:83 — Page source saved: reports/screenshots/element_not_clickable_Proceed_20260817_144016.xml
2026-08-17 14:40:16 [ERROR   ] base_page.py:118 — Click failed on attempt 1 for ('accessibility id', 'Proceed'): Message: 
Stacktrace:
NoSuchElementError: An element could not be located on the page using the given search parameters.
    at AndroidUiautomator2Driver.findElOrEls (/Users/vc.rajdeep.kumar/.appium/node_modules/appium-uiautomator2-driver/node_modules/appium-android-driver/build/lib/commands/find.js:62:15)
    at process.processTicksAndRejections (node:internal/process/task_queues:104:5)
    at async AndroidUiautomator2Driver.findElOrElsWithProcessing (/opt/homebrew/lib/node_modules/appium/node_modules/@appium/base-driver/build/lib/basedriver/commands/find.js:12:16)
    at async AndroidUiautomator2Driver.findElement (/opt/homebrew/lib/node_modules/appium/node_modules/@appium/base-driver/build/lib/basedriver/commands/find.js:27:16)
2026-08-17 14:40:16 [WARNING ] base_page.py:262 — Attempting to recover application state...
2026-08-17 14:40:19 [INFO    ] base_page.py:266 — App recovery attempt completed.
2026-08-17 14:40:30 [ERROR   ] base_page.py:59 — Element not clickable after 10s: ('accessibility id', 'Proceed')
2026-08-17 14:40:30 [INFO    ] screenshot_utils.py:60 — Screenshot saved: reports/screenshots/element_not_clickable_Proceed_20260817_144030.png
2026-08-17 14:40:31 [INFO    ] screenshot_utils.py:83 — Page source saved: reports/screenshots/element_not_clickable_Proceed_20260817_144030.xml
2026-08-17 14:40:31 [ERROR   ] base_page.py:118 — Click failed on attempt 2 for ('accessibility id', 'Proceed'): Message: 
Stacktrace:
NoSuchElementError: An element could not be located on the page using the given search parameters.
    at AndroidUiautomator2Driver.findElOrEls (/Users/vc.rajdeep.kumar/.appium/node_modules/appium-uiautomator2-driver/node_modules/appium-android-driver/build/lib/commands/find.js:62:15)
    at process.processTicksAndRejections (node:internal/process/task_queues:104:5)
    at async AndroidUiautomator2Driver.findElOrElsWithProcessing (/opt/homebrew/lib/node_modules/appium/node_modules/@appium/base-driver/build/lib/basedriver/commands/find.js:12:16)
    at async AndroidUiautomator2Driver.findElement (/opt/homebrew/lib/node_modules/appium/node_modules/@appium/base-driver/build/lib/basedriver/commands/find.js:27:16)
2026-08-17 14:40:31 [WARNING ] base_page.py:262 — Attempting to recover application state...
2026-08-17 14:40:34 [INFO    ] base_page.py:266 — App recovery attempt completed.
2026-08-17 14:40:44 [ERROR   ] base_page.py:59 — Element not clickable after 10s: ('accessibility id', 'Proceed')
2026-08-17 14:40:44 [INFO    ] screenshot_utils.py:60 — Screenshot saved: reports/screenshots/element_not_clickable_Proceed_20260817_144044.png
2026-08-17 14:40:45 [INFO    ] screenshot_utils.py:83 — Page source saved: reports/screenshots/element_not_clickable_Proceed_20260817_144044.xml
2026-08-17 14:40:45 [ERROR   ] base_page.py:118 — Click failed on attempt 3 for ('accessibility id', 'Proceed'): Message: 
Stacktrace:
NoSuchElementError: An element could not be located on the page using the given search parameters.
    at AndroidUiautomator2Driver.findElOrEls (/Users/vc.rajdeep.kumar/.appium/node_modules/appium-uiautomator2-driver/node_modules/appium-android-driver/build/lib/commands/find.js:62:15)
    at process.processTicksAndRejections (node:internal/process/task_queues:104:5)
    at async AndroidUiautomator2Driver.findElOrElsWithProcessing (/opt/homebrew/lib/node_modules/appium/node_modules/@appium/base-driver/build/lib/basedriver/commands/find.js:12:16)
    at async AndroidUiautomator2Driver.findElement (/opt/homebrew/lib/node_modules/appium/node_modules/@appium/base-driver/build/lib/basedriver/commands/find.js:27:16)
2026-08-17 14:40:45 [WARNING ] base_page.py:262 — Attempting to recover application state...
2026-08-17 14:40:48 [INFO    ] base_page.py:266 — App recovery attempt completed.
2026-08-17 14:40:48 [INFO    ] screenshot_utils.py:60 — Screenshot saved: reports/screenshots/click_failed_20260817_144048.png
2026-08-17 14:40:48 [INFO    ] screenshot_utils.py:83 — Page source saved: reports/screenshots/click_failed_20260817_144048.xml
2026-08-17 14:40:48 [ERROR   ] login_page.py:333 — Proceed button failed: Unable to click ('accessibility id', 'Proceed') after 3 retries. Last exception: Message: 
Stacktrace:
NoSuchElementError: An element could not be located on the page using the given search parameters.
    at AndroidUiautomator2Driver.findElOrEls (/Users/vc.rajdeep.kumar/.appium/node_modules/appium-uiautomator2-driver/node_modules/appium-android-driver/build/lib/commands/find.js:62:15)
    at process.processTicksAndRejections (node:internal/process/task_queues:104:5)
    at async AndroidUiautomator2Driver.findElOrElsWithProcessing (/opt/homebrew/lib/node_modules/appium/node_modules/@appium/base-driver/build/lib/basedriver/commands/find.js:12:16)
    at async AndroidUiautomator2Driver.findElement (/opt/homebrew/lib/node_modules/appium/node_modules/@appium/base-driver/build/lib/basedriver/commands/find.js:27:16)
2026-08-17 14:40:48 [INFO    ] screenshot_utils.py:60 — Screenshot saved: reports/screenshots/proceed_button_failed_20260817_144048.png
2026-08-17 14:40:48 [INFO    ] screenshot_utils.py:83 — Page source saved: reports/screenshots/proceed_button_failed_20260817_144048.xml
2026-08-17 14:40:48 [ERROR   ] login_page.py:725 — Login flow failed: Unable to click ('accessibility id', 'Proceed') after 3 retries. Last exception: Message: 
Stacktrace:
NoSuchElementError: An element could not be located on the page using the given search parameters.
    at AndroidUiautomator2Driver.findElOrEls (/Users/vc.rajdeep.kumar/.appium/node_modules/appium-uiautomator2-driver/node_modules/appium-android-driver/build/lib/commands/find.js:62:15)
    at process.processTicksAndRejections (node:internal/process/task_queues:104:5)
    at async AndroidUiautomator2Driver.findElOrElsWithProcessing (/opt/homebrew/lib/node_modules/appium/node_modules/@appium/base-driver/build/lib/basedriver/commands/find.js:12:16)
    at async AndroidUiautomator2Driver.findElement (/opt/homebrew/lib/node_modules/appium/node_modules/@appium/base-driver/build/lib/basedriver/commands/find.js:27:16)
2026-08-17 14:40:49 [INFO    ] screenshot_utils.py:60 — Screenshot saved: reports/screenshots/login_failed_20260817_144048.png
2026-08-17 14:40:49 [INFO    ] screenshot_utils.py:83 — Page source saved: reports/screenshots/login_failed_20260817_144049.xml
2026-08-17 14:40:49 [INFO    ] screenshot_utils.py:60 — Screenshot saved: reports/screenshots/test_pause_and_resume_reel_20260817_144049.png
2026-08-17 14:40:49 [INFO    ] screenshot_utils.py:83 — Page source saved: reports/screenshots/test_pause_and_resume_reel_20260817_144049.xml
2026-08-17 14:40:49 [ERROR   ] conftest.py:419 — Test FAILED: test_pause_and_resume_reel
2026-08-17 14:40:49 [INFO    ] conftest.py:326 — Closing driver session.
2026-08-17 14:40:50 [INFO    ] conftest.py:291 — ==================================================
2026-08-17 14:40:50 [INFO    ] conftest.py:292 — DRIVER SETUP START
2026-08-17 14:40:50 [INFO    ] conftest.py:293 — ==================================================
2026-08-17 14:40:50 [INFO    ] conftest.py:158 — Driver creation attempt 1/3
2026-08-17 14:40:51 [INFO    ] driver_factory.py:53 — ========== DRIVER CREATION START ==========
2026-08-17 14:40:51 [INFO    ] driver_factory.py:70 — Device: emulator | Env: qa | Platform: Android
2026-08-17 14:40:51 [INFO    ] driver_factory.py:136 — Device Name: Android Emulator
2026-08-17 14:40:51 [INFO    ] driver_factory.py:137 — UDID: emulator-5554
2026-08-17 14:40:51 [INFO    ] driver_factory.py:151 — App Package: com.zee5.hipi (noReset=true, activity not set)
2026-08-17 14:40:57 [INFO    ] driver_factory.py:112 — App launched by driver. Waiting for stabilization...
2026-08-17 14:40:59 [INFO    ] driver_factory.py:115 — ========== DRIVER CREATED SUCCESSFULLY ==========
2026-08-17 14:40:59 [INFO    ] conftest.py:302 — Driver created successfully.
2026-08-17 14:41:02 [INFO    ] popup_handler.py:122 — Checking for 'Get Started' screen...
2026-08-17 14:41:05 [INFO    ] popup_handler.py:134 — 'Get Started' screen not present — skipping.
2026-08-17 14:41:05 [INFO    ] conftest.py:217 — App readiness probe: HiPi is in foreground (com.zee5.hipi).
2026-08-17 14:41:05 [INFO    ] conftest.py:315 — DRIVER SETUP COMPLETE
2026-08-17 14:41:05 [INFO    ] base_test.py:20 — BaseTest setup completed.
2026-08-17 14:41:05 [INFO    ] base_test.py:58 — login_and_reach_feed: START
2026-08-17 14:41:05 [INFO    ] base_test.py:30 — Logging in as default test user.
2026-08-17 14:41:05 [INFO    ] login_page.py:591 — ========== LOGIN FLOW START ==========
2026-08-17 14:41:06 [INFO    ] login_page.py:43 — Opening profile tab
2026-08-17 14:41:07 [INFO    ] login_page.py:53 — Profile tab open attempt 1/2
2026-08-17 14:41:16 [ERROR   ] base_page.py:59 — Element not clickable after 8s: ('xpath', "//android.view.View[@clickable='true'][.//android.widget.TextView[@text='Profile']]")
2026-08-17 14:41:17 [INFO    ] screenshot_utils.py:60 — Screenshot saved: reports/screenshots/element_not_clickable___android.view.View__clickable=_true___.__android.widget.TextView__text=_Profile____20260817_144116.png
2026-08-17 14:41:17 [INFO    ] screenshot_utils.py:83 — Page source saved: reports/screenshots/element_not_clickable___android.view.View__clickable=_true___.__android.widget.TextView__text=_Profile____20260817_144117.xml
2026-08-17 14:41:17 [ERROR   ] base_page.py:118 — Click failed on attempt 1 for ('xpath', "//android.view.View[@clickable='true'][.//android.widget.TextView[@text='Profile']]"): Message: 
Stacktrace:
NoSuchElementError: An element could not be located on the page using the given search parameters.
    at AndroidUiautomator2Driver.findElOrEls (/Users/vc.rajdeep.kumar/.appium/node_modules/appium-uiautomator2-driver/node_modules/appium-android-driver/build/lib/commands/find.js:62:15)
    at process.processTicksAndRejections (node:internal/process/task_queues:104:5)
    at async AndroidUiautomator2Driver.findElOrElsWithProcessing (/opt/homebrew/lib/node_modules/appium/node_modules/@appium/base-driver/build/lib/basedriver/commands/find.js:12:16)
    at async AndroidUiautomator2Driver.findElement (/opt/homebrew/lib/node_modules/appium/node_modules/@appium/base-driver/build/lib/basedriver/commands/find.js:27:16)
2026-08-17 14:41:17 [WARNING ] base_page.py:262 — Attempting to recover application state...
2026-08-17 14:41:20 [INFO    ] base_page.py:266 — App recovery attempt completed.
2026-08-17 14:41:20 [INFO    ] screenshot_utils.py:60 — Screenshot saved: reports/screenshots/click_failed_20260817_144120.png
2026-08-17 14:41:21 [INFO    ] screenshot_utils.py:83 — Page source saved: reports/screenshots/click_failed_20260817_144120.xml
2026-08-17 14:41:21 [WARNING ] login_page.py:98 — Element-based click failed: Unable to click ('xpath', "//android.view.View[@clickable='true'][.//android.widget.TextView[@text='Profile']]") after 1 retries. Last exception: Message: 
Stacktrace:
NoSuchElementError: An element could not be located on the page using the given search parameters.
    at AndroidUiautomator2Driver.findElOrEls (/Users/vc.rajdeep.kumar/.appium/node_modules/appium-uiautomator2-driver/node_modules/appium-android-driver/build/lib/commands/find.js:62:15)
    at process.processTicksAndRejections (node:internal/process/task_queues:104:5)
    at async AndroidUiautomator2Driver.findElOrElsWithProcessing (/opt/homebrew/lib/node_modules/appium/node_modules/@appium/base-driver/build/lib/basedriver/commands/find.js:12:16)
    at async AndroidUiautomator2Driver.findElement (/opt/homebrew/lib/node_modules/appium/node_modules/@appium/base-driver/build/lib/basedriver/commands/find.js:27:16)
2026-08-17 14:41:30 [ERROR   ] base_page.py:50 — Element not visible after 8s: ('-android uiautomator', 'new UiSelector().text("Edit Profile")')
2026-08-17 14:41:33 [INFO    ] screenshot_utils.py:60 — Screenshot saved: reports/screenshots/element_not_visible_new UiSelector().text(_Edit Profile_)_20260817_144130.png
2026-08-17 14:41:33 [INFO    ] screenshot_utils.py:83 — Page source saved: reports/screenshots/element_not_visible_new UiSelector().text(_Edit Profile_)_20260817_144133.xml
2026-08-17 14:41:36 [ERROR   ] base_page.py:50 — Element not visible after 3s: ('id', 'com.zee5.hipi:id/exo_content_frame')
2026-08-17 14:41:37 [INFO    ] screenshot_utils.py:60 — Screenshot saved: reports/screenshots/element_not_visible_com.zee5.hipi_id_exo_content_frame_20260817_144136.png
2026-08-17 14:41:37 [INFO    ] screenshot_utils.py:83 — Page source saved: reports/screenshots/element_not_visible_com.zee5.hipi_id_exo_content_frame_20260817_144137.xml
2026-08-17 14:41:37 [INFO    ] gestures.py:29 — Tap performed at X:760 Y:2246
2026-08-17 14:41:38 [INFO    ] base_page.py:84 — wait_for_any_visible matched: ('class name', 'android.widget.EditText')
2026-08-17 14:41:38 [INFO    ] login_page.py:147 — Profile tab opened (coordinate tap, verified)
2026-08-17 14:41:43 [ERROR   ] base_page.py:50 — Element not visible after 5s: ('-android uiautomator', 'new UiSelector().textContains("Continue")')
2026-08-17 14:41:44 [INFO    ] screenshot_utils.py:60 — Screenshot saved: reports/screenshots/element_not_visible_new UiSelector().textContains(_Continue_)_20260817_144143.png
2026-08-17 14:41:44 [INFO    ] screenshot_utils.py:83 — Page source saved: reports/screenshots/element_not_visible_new UiSelector().textContains(_Continue_)_20260817_144144.xml
2026-08-17 14:41:44 [INFO    ] login_page.py:276 — Entering mobile number: 9876543210
2026-08-17 14:41:45 [INFO    ] base_page.py:136 — Entered text '9876543210' into ('class name', 'android.widget.EditText')
2026-08-17 14:41:47 [INFO    ] login_page.py:290 — Mobile number entered
2026-08-17 14:41:47 [INFO    ] login_page.py:315 — Clicking proceed button
2026-08-17 14:42:01 [ERROR   ] base_page.py:59 — Element not clickable after 10s: ('accessibility id', 'Proceed')
2026-08-17 14:42:02 [INFO    ] screenshot_utils.py:60 — Screenshot saved: reports/screenshots/element_not_clickable_Proceed_20260817_144201.png
2026-08-17 14:42:02 [INFO    ] screenshot_utils.py:83 — Page source saved: reports/screenshots/element_not_clickable_Proceed_20260817_144202.xml
2026-08-17 14:42:02 [ERROR   ] base_page.py:118 — Click failed on attempt 1 for ('accessibility id', 'Proceed'): Message: 
Stacktrace:
NoSuchElementError: An element could not be located on the page using the given search parameters.
    at AndroidUiautomator2Driver.findElOrEls (/Users/vc.rajdeep.kumar/.appium/node_modules/appium-uiautomator2-driver/node_modules/appium-android-driver/build/lib/commands/find.js:62:15)
    at process.processTicksAndRejections (node:internal/process/task_queues:104:5)
    at async AndroidUiautomator2Driver.findElOrElsWithProcessing (/opt/homebrew/lib/node_modules/appium/node_modules/@appium/base-driver/build/lib/basedriver/commands/find.js:12:16)
    at async AndroidUiautomator2Driver.findElement (/opt/homebrew/lib/node_modules/appium/node_modules/@appium/base-driver/build/lib/basedriver/commands/find.js:27:16)
2026-08-17 14:42:02 [WARNING ] base_page.py:262 — Attempting to recover application state...
2026-08-17 14:42:05 [INFO    ] base_page.py:266 — App recovery attempt completed.
2026-08-17 14:42:15 [ERROR   ] base_page.py:59 — Element not clickable after 10s: ('accessibility id', 'Proceed')
2026-08-17 14:42:16 [INFO    ] screenshot_utils.py:60 — Screenshot saved: reports/screenshots/element_not_clickable_Proceed_20260817_144215.png
2026-08-17 14:42:16 [INFO    ] screenshot_utils.py:83 — Page source saved: reports/screenshots/element_not_clickable_Proceed_20260817_144216.xml
2026-08-17 14:42:16 [ERROR   ] base_page.py:118 — Click failed on attempt 2 for ('accessibility id', 'Proceed'): Message: 
Stacktrace:
NoSuchElementError: An element could not be located on the page using the given search parameters.
    at AndroidUiautomator2Driver.findElOrEls (/Users/vc.rajdeep.kumar/.appium/node_modules/appium-uiautomator2-driver/node_modules/appium-android-driver/build/lib/commands/find.js:62:15)
    at process.processTicksAndRejections (node:internal/process/task_queues:104:5)
    at async AndroidUiautomator2Driver.findElOrElsWithProcessing (/opt/homebrew/lib/node_modules/appium/node_modules/@appium/base-driver/build/lib/basedriver/commands/find.js:12:16)
    at async AndroidUiautomator2Driver.findElement (/opt/homebrew/lib/node_modules/appium/node_modules/@appium/base-driver/build/lib/basedriver/commands/find.js:27:16)
2026-08-17 14:42:16 [WARNING ] base_page.py:262 — Attempting to recover application state...
2026-08-17 14:42:19 [INFO    ] base_page.py:266 — App recovery attempt completed.
2026-08-17 14:42:30 [ERROR   ] base_page.py:59 — Element not clickable after 10s: ('accessibility id', 'Proceed')
2026-08-17 14:42:30 [INFO    ] screenshot_utils.py:60 — Screenshot saved: reports/screenshots/element_not_clickable_Proceed_20260817_144230.png
2026-08-17 14:42:31 [INFO    ] screenshot_utils.py:83 — Page source saved: reports/screenshots/element_not_clickable_Proceed_20260817_144230.xml
2026-08-17 14:42:31 [ERROR   ] base_page.py:118 — Click failed on attempt 3 for ('accessibility id', 'Proceed'): Message: 
Stacktrace:
NoSuchElementError: An element could not be located on the page using the given search parameters.
    at AndroidUiautomator2Driver.findElOrEls (/Users/vc.rajdeep.kumar/.appium/node_modules/appium-uiautomator2-driver/node_modules/appium-android-driver/build/lib/commands/find.js:62:15)
    at process.processTicksAndRejections (node:internal/process/task_queues:104:5)
    at async AndroidUiautomator2Driver.findElOrElsWithProcessing (/opt/homebrew/lib/node_modules/appium/node_modules/@appium/base-driver/build/lib/basedriver/commands/find.js:12:16)
    at async AndroidUiautomator2Driver.findElement (/opt/homebrew/lib/node_modules/appium/node_modules/@appium/base-driver/build/lib/basedriver/commands/find.js:27:16)
2026-08-17 14:42:31 [WARNING ] base_page.py:262 — Attempting to recover application state...
2026-08-17 14:42:34 [INFO    ] base_page.py:266 — App recovery attempt completed.
2026-08-17 14:42:34 [INFO    ] screenshot_utils.py:60 — Screenshot saved: reports/screenshots/click_failed_20260817_144234.png
2026-08-17 14:42:34 [INFO    ] screenshot_utils.py:83 — Page source saved: reports/screenshots/click_failed_20260817_144234.xml
2026-08-17 14:42:34 [ERROR   ] login_page.py:333 — Proceed button failed: Unable to click ('accessibility id', 'Proceed') after 3 retries. Last exception: Message: 
Stacktrace:
NoSuchElementError: An element could not be located on the page using the given search parameters.
    at AndroidUiautomator2Driver.findElOrEls (/Users/vc.rajdeep.kumar/.appium/node_modules/appium-uiautomator2-driver/node_modules/appium-android-driver/build/lib/commands/find.js:62:15)
    at process.processTicksAndRejections (node:internal/process/task_queues:104:5)
    at async AndroidUiautomator2Driver.findElOrElsWithProcessing (/opt/homebrew/lib/node_modules/appium/node_modules/@appium/base-driver/build/lib/basedriver/commands/find.js:12:16)
    at async AndroidUiautomator2Driver.findElement (/opt/homebrew/lib/node_modules/appium/node_modules/@appium/base-driver/build/lib/basedriver/commands/find.js:27:16)
2026-08-17 14:42:35 [INFO    ] screenshot_utils.py:60 — Screenshot saved: reports/screenshots/proceed_button_failed_20260817_144234.png
2026-08-17 14:42:35 [INFO    ] screenshot_utils.py:83 — Page source saved: reports/screenshots/proceed_button_failed_20260817_144235.xml
2026-08-17 14:42:35 [ERROR   ] login_page.py:725 — Login flow failed: Unable to click ('accessibility id', 'Proceed') after 3 retries. Last exception: Message: 
Stacktrace:
NoSuchElementError: An element could not be located on the page using the given search parameters.
    at AndroidUiautomator2Driver.findElOrEls (/Users/vc.rajdeep.kumar/.appium/node_modules/appium-uiautomator2-driver/node_modules/appium-android-driver/build/lib/commands/find.js:62:15)
    at process.processTicksAndRejections (node:internal/process/task_queues:104:5)
    at async AndroidUiautomator2Driver.findElOrElsWithProcessing (/opt/homebrew/lib/node_modules/appium/node_modules/@appium/base-driver/build/lib/basedriver/commands/find.js:12:16)
    at async AndroidUiautomator2Driver.findElement (/opt/homebrew/lib/node_modules/appium/node_modules/@appium/base-driver/build/lib/basedriver/commands/find.js:27:16)
2026-08-17 14:42:35 [INFO    ] screenshot_utils.py:60 — Screenshot saved: reports/screenshots/login_failed_20260817_144235.png
2026-08-17 14:42:35 [INFO    ] screenshot_utils.py:83 — Page source saved: reports/screenshots/login_failed_20260817_144235.xml
2026-08-17 14:42:36 [INFO    ] screenshot_utils.py:60 — Screenshot saved: reports/screenshots/test_swipe_to_next_video_20260817_144235.png
2026-08-17 14:42:36 [INFO    ] screenshot_utils.py:83 — Page source saved: reports/screenshots/test_swipe_to_next_video_20260817_144236.xml
2026-08-17 14:42:36 [ERROR   ] conftest.py:419 — Test FAILED: test_swipe_to_next_video
2026-08-17 14:42:36 [INFO    ] conftest.py:326 — Closing driver session.
2026-08-17 14:42:37 [INFO    ] conftest.py:291 — ==================================================
2026-08-17 14:42:37 [INFO    ] conftest.py:292 — DRIVER SETUP START
2026-08-17 14:42:37 [INFO    ] conftest.py:293 — ==================================================
2026-08-17 14:42:37 [INFO    ] conftest.py:158 — Driver creation attempt 1/3
2026-08-17 14:42:38 [INFO    ] driver_factory.py:53 — ========== DRIVER CREATION START ==========
2026-08-17 14:42:38 [INFO    ] driver_factory.py:70 — Device: emulator | Env: qa | Platform: Android
2026-08-17 14:42:38 [INFO    ] driver_factory.py:136 — Device Name: Android Emulator
2026-08-17 14:42:38 [INFO    ] driver_factory.py:137 — UDID: emulator-5554
2026-08-17 14:42:38 [INFO    ] driver_factory.py:151 — App Package: com.zee5.hipi (noReset=true, activity not set)
2026-08-17 14:42:42 [INFO    ] driver_factory.py:112 — App launched by driver. Waiting for stabilization...
2026-08-17 14:42:44 [INFO    ] driver_factory.py:115 — ========== DRIVER CREATED SUCCESSFULLY ==========
2026-08-17 14:42:44 [INFO    ] conftest.py:302 — Driver created successfully.
2026-08-17 14:42:47 [INFO    ] popup_handler.py:122 — Checking for 'Get Started' screen...
2026-08-17 14:42:51 [INFO    ] popup_handler.py:134 — 'Get Started' screen not present — skipping.
2026-08-17 14:42:51 [INFO    ] conftest.py:217 — App readiness probe: HiPi is in foreground (com.zee5.hipi).
2026-08-17 14:42:51 [INFO    ] conftest.py:315 — DRIVER SETUP COMPLETE
2026-08-17 14:42:51 [INFO    ] base_test.py:20 — BaseTest setup completed.
2026-08-17 14:42:51 [INFO    ] base_test.py:58 — login_and_reach_feed: START
2026-08-17 14:42:51 [INFO    ] base_test.py:30 — Logging in as default test user.
2026-08-17 14:42:51 [INFO    ] login_page.py:591 — ========== LOGIN FLOW START ==========
2026-08-17 14:42:52 [INFO    ] login_page.py:43 — Opening profile tab
2026-08-17 14:42:53 [INFO    ] login_page.py:53 — Profile tab open attempt 1/2
2026-08-17 14:43:02 [ERROR   ] base_page.py:59 — Element not clickable after 8s: ('xpath', "//android.view.View[@clickable='true'][.//android.widget.TextView[@text='Profile']]")
2026-08-17 14:43:05 [INFO    ] screenshot_utils.py:60 — Screenshot saved: reports/screenshots/element_not_clickable___android.view.View__clickable=_true___.__android.widget.TextView__text=_Profile____20260817_144302.png
2026-08-17 14:43:06 [INFO    ] screenshot_utils.py:83 — Page source saved: reports/screenshots/element_not_clickable___android.view.View__clickable=_true___.__android.widget.TextView__text=_Profile____20260817_144305.xml
2026-08-17 14:43:06 [ERROR   ] base_page.py:118 — Click failed on attempt 1 for ('xpath', "//android.view.View[@clickable='true'][.//android.widget.TextView[@text='Profile']]"): Message: 
Stacktrace:
NoSuchElementError: An element could not be located on the page using the given search parameters.
    at AndroidUiautomator2Driver.findElOrEls (/Users/vc.rajdeep.kumar/.appium/node_modules/appium-uiautomator2-driver/node_modules/appium-android-driver/build/lib/commands/find.js:62:15)
    at process.processTicksAndRejections (node:internal/process/task_queues:104:5)
    at async AndroidUiautomator2Driver.findElOrElsWithProcessing (/opt/homebrew/lib/node_modules/appium/node_modules/@appium/base-driver/build/lib/basedriver/commands/find.js:12:16)
    at async AndroidUiautomator2Driver.findElement (/opt/homebrew/lib/node_modules/appium/node_modules/@appium/base-driver/build/lib/basedriver/commands/find.js:27:16)
2026-08-17 14:43:06 [WARNING ] base_page.py:262 — Attempting to recover application state...
2026-08-17 14:43:09 [INFO    ] base_page.py:266 — App recovery attempt completed.
2026-08-17 14:43:09 [INFO    ] screenshot_utils.py:60 — Screenshot saved: reports/screenshots/click_failed_20260817_144309.png
2026-08-17 14:43:09 [INFO    ] screenshot_utils.py:83 — Page source saved: reports/screenshots/click_failed_20260817_144309.xml
2026-08-17 14:43:09 [WARNING ] login_page.py:98 — Element-based click failed: Unable to click ('xpath', "//android.view.View[@clickable='true'][.//android.widget.TextView[@text='Profile']]") after 1 retries. Last exception: Message: 
Stacktrace:
NoSuchElementError: An element could not be located on the page using the given search parameters.
    at AndroidUiautomator2Driver.findElOrEls (/Users/vc.rajdeep.kumar/.appium/node_modules/appium-uiautomator2-driver/node_modules/appium-android-driver/build/lib/commands/find.js:62:15)
    at process.processTicksAndRejections (node:internal/process/task_queues:104:5)
    at async AndroidUiautomator2Driver.findElOrElsWithProcessing (/opt/homebrew/lib/node_modules/appium/node_modules/@appium/base-driver/build/lib/basedriver/commands/find.js:12:16)
    at async AndroidUiautomator2Driver.findElement (/opt/homebrew/lib/node_modules/appium/node_modules/@appium/base-driver/build/lib/basedriver/commands/find.js:27:16)
2026-08-17 14:43:17 [ERROR   ] base_page.py:50 — Element not visible after 8s: ('-android uiautomator', 'new UiSelector().text("Edit Profile")')
2026-08-17 14:43:18 [INFO    ] screenshot_utils.py:60 — Screenshot saved: reports/screenshots/element_not_visible_new UiSelector().text(_Edit Profile_)_20260817_144317.png
2026-08-17 14:43:18 [INFO    ] screenshot_utils.py:83 — Page source saved: reports/screenshots/element_not_visible_new UiSelector().text(_Edit Profile_)_20260817_144318.xml
2026-08-17 14:43:21 [ERROR   ] base_page.py:50 — Element not visible after 3s: ('id', 'com.zee5.hipi:id/exo_content_frame')
2026-08-17 14:43:22 [INFO    ] screenshot_utils.py:60 — Screenshot saved: reports/screenshots/element_not_visible_com.zee5.hipi_id_exo_content_frame_20260817_144321.png
2026-08-17 14:43:22 [INFO    ] screenshot_utils.py:83 — Page source saved: reports/screenshots/element_not_visible_com.zee5.hipi_id_exo_content_frame_20260817_144322.xml
2026-08-17 14:43:22 [INFO    ] gestures.py:29 — Tap performed at X:760 Y:2246
2026-08-17 14:43:23 [INFO    ] base_page.py:84 — wait_for_any_visible matched: ('class name', 'android.widget.EditText')
2026-08-17 14:43:23 [INFO    ] login_page.py:147 — Profile tab opened (coordinate tap, verified)
2026-08-17 14:43:29 [ERROR   ] base_page.py:50 — Element not visible after 5s: ('-android uiautomator', 'new UiSelector().textContains("Continue")')
2026-08-17 14:43:29 [INFO    ] screenshot_utils.py:60 — Screenshot saved: reports/screenshots/element_not_visible_new UiSelector().textContains(_Continue_)_20260817_144329.png
2026-08-17 14:43:30 [INFO    ] screenshot_utils.py:83 — Page source saved: reports/screenshots/element_not_visible_new UiSelector().textContains(_Continue_)_20260817_144329.xml
2026-08-17 14:43:30 [INFO    ] login_page.py:276 — Entering mobile number: 9876543210
2026-08-17 14:43:31 [INFO    ] base_page.py:136 — Entered text '9876543210' into ('class name', 'android.widget.EditText')
2026-08-17 14:43:33 [INFO    ] login_page.py:290 — Mobile number entered
2026-08-17 14:43:33 [INFO    ] login_page.py:315 — Clicking proceed button
2026-08-17 14:43:43 [ERROR   ] base_page.py:59 — Element not clickable after 10s: ('accessibility id', 'Proceed')
2026-08-17 14:43:44 [INFO    ] screenshot_utils.py:60 — Screenshot saved: reports/screenshots/element_not_clickable_Proceed_20260817_144343.png
2026-08-17 14:43:44 [INFO    ] screenshot_utils.py:83 — Page source saved: reports/screenshots/element_not_clickable_Proceed_20260817_144344.xml
2026-08-17 14:43:44 [ERROR   ] base_page.py:118 — Click failed on attempt 1 for ('accessibility id', 'Proceed'): Message: 
Stacktrace:
NoSuchElementError: An element could not be located on the page using the given search parameters.
    at AndroidUiautomator2Driver.findElOrEls (/Users/vc.rajdeep.kumar/.appium/node_modules/appium-uiautomator2-driver/node_modules/appium-android-driver/build/lib/commands/find.js:62:15)
    at process.processTicksAndRejections (node:internal/process/task_queues:104:5)
    at async AndroidUiautomator2Driver.findElOrElsWithProcessing (/opt/homebrew/lib/node_modules/appium/node_modules/@appium/base-driver/build/lib/basedriver/commands/find.js:12:16)
    at async AndroidUiautomator2Driver.findElement (/opt/homebrew/lib/node_modules/appium/node_modules/@appium/base-driver/build/lib/basedriver/commands/find.js:27:16)
2026-08-17 14:43:44 [WARNING ] base_page.py:262 — Attempting to recover application state...
2026-08-17 14:43:47 [INFO    ] base_page.py:266 — App recovery attempt completed.
2026-08-17 14:43:58 [ERROR   ] base_page.py:59 — Element not clickable after 10s: ('accessibility id', 'Proceed')
2026-08-17 14:43:59 [INFO    ] screenshot_utils.py:60 — Screenshot saved: reports/screenshots/element_not_clickable_Proceed_20260817_144358.png
2026-08-17 14:43:59 [INFO    ] screenshot_utils.py:83 — Page source saved: reports/screenshots/element_not_clickable_Proceed_20260817_144359.xml
2026-08-17 14:43:59 [ERROR   ] base_page.py:118 — Click failed on attempt 2 for ('accessibility id', 'Proceed'): Message: 
Stacktrace:
NoSuchElementError: An element could not be located on the page using the given search parameters.
    at AndroidUiautomator2Driver.findElOrEls (/Users/vc.rajdeep.kumar/.appium/node_modules/appium-uiautomator2-driver/node_modules/appium-android-driver/build/lib/commands/find.js:62:15)
    at process.processTicksAndRejections (node:internal/process/task_queues:104:5)
    at async AndroidUiautomator2Driver.findElOrElsWithProcessing (/opt/homebrew/lib/node_modules/appium/node_modules/@appium/base-driver/build/lib/basedriver/commands/find.js:12:16)
    at async AndroidUiautomator2Driver.findElement (/opt/homebrew/lib/node_modules/appium/node_modules/@appium/base-driver/build/lib/basedriver/commands/find.js:27:16)
2026-08-17 14:43:59 [WARNING ] base_page.py:262 — Attempting to recover application state...
2026-08-17 14:44:02 [INFO    ] base_page.py:266 — App recovery attempt completed.
2026-08-17 14:44:13 [ERROR   ] base_page.py:59 — Element not clickable after 10s: ('accessibility id', 'Proceed')
2026-08-17 14:44:14 [INFO    ] screenshot_utils.py:60 — Screenshot saved: reports/screenshots/element_not_clickable_Proceed_20260817_144413.png
2026-08-17 14:44:14 [INFO    ] screenshot_utils.py:83 — Page source saved: reports/screenshots/element_not_clickable_Proceed_20260817_144414.xml
2026-08-17 14:44:14 [ERROR   ] base_page.py:118 — Click failed on attempt 3 for ('accessibility id', 'Proceed'): Message: 
Stacktrace:
NoSuchElementError: An element could not be located on the page using the given search parameters.
    at AndroidUiautomator2Driver.findElOrEls (/Users/vc.rajdeep.kumar/.appium/node_modules/appium-uiautomator2-driver/node_modules/appium-android-driver/build/lib/commands/find.js:62:15)
    at process.processTicksAndRejections (node:internal/process/task_queues:104:5)
    at async AndroidUiautomator2Driver.findElOrElsWithProcessing (/opt/homebrew/lib/node_modules/appium/node_modules/@appium/base-driver/build/lib/basedriver/commands/find.js:12:16)
    at async AndroidUiautomator2Driver.findElement (/opt/homebrew/lib/node_modules/appium/node_modules/@appium/base-driver/build/lib/basedriver/commands/find.js:27:16)
2026-08-17 14:44:14 [WARNING ] base_page.py:262 — Attempting to recover application state...
2026-08-17 14:44:17 [INFO    ] base_page.py:266 — App recovery attempt completed.
2026-08-17 14:44:17 [INFO    ] screenshot_utils.py:60 — Screenshot saved: reports/screenshots/click_failed_20260817_144417.png
2026-08-17 14:44:17 [INFO    ] screenshot_utils.py:83 — Page source saved: reports/screenshots/click_failed_20260817_144417.xml
2026-08-17 14:44:17 [ERROR   ] login_page.py:333 — Proceed button failed: Unable to click ('accessibility id', 'Proceed') after 3 retries. Last exception: Message: 
Stacktrace:
NoSuchElementError: An element could not be located on the page using the given search parameters.
    at AndroidUiautomator2Driver.findElOrEls (/Users/vc.rajdeep.kumar/.appium/node_modules/appium-uiautomator2-driver/node_modules/appium-android-driver/build/lib/commands/find.js:62:15)
    at process.processTicksAndRejections (node:internal/process/task_queues:104:5)
    at async AndroidUiautomator2Driver.findElOrElsWithProcessing (/opt/homebrew/lib/node_modules/appium/node_modules/@appium/base-driver/build/lib/basedriver/commands/find.js:12:16)
    at async AndroidUiautomator2Driver.findElement (/opt/homebrew/lib/node_modules/appium/node_modules/@appium/base-driver/build/lib/basedriver/commands/find.js:27:16)
2026-08-17 14:44:18 [INFO    ] screenshot_utils.py:60 — Screenshot saved: reports/screenshots/proceed_button_failed_20260817_144417.png
2026-08-17 14:44:18 [INFO    ] screenshot_utils.py:83 — Page source saved: reports/screenshots/proceed_button_failed_20260817_144418.xml
2026-08-17 14:44:18 [ERROR   ] login_page.py:725 — Login flow failed: Unable to click ('accessibility id', 'Proceed') after 3 retries. Last exception: Message: 
Stacktrace:
NoSuchElementError: An element could not be located on the page using the given search parameters.
    at AndroidUiautomator2Driver.findElOrEls (/Users/vc.rajdeep.kumar/.appium/node_modules/appium-uiautomator2-driver/node_modules/appium-android-driver/build/lib/commands/find.js:62:15)
    at process.processTicksAndRejections (node:internal/process/task_queues:104:5)
    at async AndroidUiautomator2Driver.findElOrElsWithProcessing (/opt/homebrew/lib/node_modules/appium/node_modules/@appium/base-driver/build/lib/basedriver/commands/find.js:12:16)
    at async AndroidUiautomator2Driver.findElement (/opt/homebrew/lib/node_modules/appium/node_modules/@appium/base-driver/build/lib/basedriver/commands/find.js:27:16)
2026-08-17 14:44:18 [INFO    ] screenshot_utils.py:60 — Screenshot saved: reports/screenshots/login_failed_20260817_144418.png
2026-08-17 14:44:18 [INFO    ] screenshot_utils.py:83 — Page source saved: reports/screenshots/login_failed_20260817_144418.xml
2026-08-17 14:44:19 [INFO    ] screenshot_utils.py:60 — Screenshot saved: reports/screenshots/test_swipe_multiple_reels_20260817_144418.png
2026-08-17 14:44:19 [INFO    ] screenshot_utils.py:83 — Page source saved: reports/screenshots/test_swipe_multiple_reels_20260817_144419.xml
2026-08-17 14:44:19 [ERROR   ] conftest.py:419 — Test FAILED: test_swipe_multiple_reels
2026-08-17 14:44:19 [INFO    ] conftest.py:326 — Closing driver session.
2026-08-17 14:44:19 [INFO    ] conftest.py:291 — ==================================================
2026-08-17 14:44:19 [INFO    ] conftest.py:292 — DRIVER SETUP START
2026-08-17 14:44:19 [INFO    ] conftest.py:293 — ==================================================
2026-08-17 14:44:19 [INFO    ] conftest.py:158 — Driver creation attempt 1/3
2026-08-17 14:44:21 [INFO    ] driver_factory.py:53 — ========== DRIVER CREATION START ==========
2026-08-17 14:44:21 [INFO    ] driver_factory.py:70 — Device: emulator | Env: qa | Platform: Android
2026-08-17 14:44:21 [INFO    ] driver_factory.py:136 — Device Name: Android Emulator
2026-08-17 14:44:21 [INFO    ] driver_factory.py:137 — UDID: emulator-5554
2026-08-17 14:44:21 [INFO    ] driver_factory.py:151 — App Package: com.zee5.hipi (noReset=true, activity not set)
2026-08-17 14:44:25 [INFO    ] driver_factory.py:112 — App launched by driver. Waiting for stabilization...
2026-08-17 14:44:27 [INFO    ] driver_factory.py:115 — ========== DRIVER CREATED SUCCESSFULLY ==========
2026-08-17 14:44:27 [INFO    ] conftest.py:302 — Driver created successfully.
2026-08-17 14:44:31 [INFO    ] popup_handler.py:122 — Checking for 'Get Started' screen...
2026-08-17 14:44:34 [INFO    ] popup_handler.py:134 — 'Get Started' screen not present — skipping.
2026-08-17 14:44:34 [INFO    ] conftest.py:217 — App readiness probe: HiPi is in foreground (com.zee5.hipi).
2026-08-17 14:44:34 [INFO    ] conftest.py:315 — DRIVER SETUP COMPLETE
2026-08-17 14:44:34 [INFO    ] base_test.py:20 — BaseTest setup completed.
2026-08-17 14:44:34 [INFO    ] base_test.py:58 — login_and_reach_feed: START
2026-08-17 14:44:34 [INFO    ] base_test.py:30 — Logging in as default test user.
2026-08-17 14:44:34 [INFO    ] login_page.py:591 — ========== LOGIN FLOW START ==========
2026-08-17 14:44:35 [INFO    ] login_page.py:43 — Opening profile tab
2026-08-17 14:44:36 [INFO    ] login_page.py:53 — Profile tab open attempt 1/2
2026-08-17 14:44:44 [ERROR   ] base_page.py:59 — Element not clickable after 8s: ('xpath', "//android.view.View[@clickable='true'][.//android.widget.TextView[@text='Profile']]")
2026-08-17 14:44:45 [INFO    ] screenshot_utils.py:60 — Screenshot saved: reports/screenshots/element_not_clickable___android.view.View__clickable=_true___.__android.widget.TextView__text=_Profile____20260817_144444.png
2026-08-17 14:44:45 [INFO    ] screenshot_utils.py:83 — Page source saved: reports/screenshots/element_not_clickable___android.view.View__clickable=_true___.__android.widget.TextView__text=_Profile____20260817_144445.xml
2026-08-17 14:44:45 [ERROR   ] base_page.py:118 — Click failed on attempt 1 for ('xpath', "//android.view.View[@clickable='true'][.//android.widget.TextView[@text='Profile']]"): Message: 
Stacktrace:
NoSuchElementError: An element could not be located on the page using the given search parameters.
    at AndroidUiautomator2Driver.findElOrEls (/Users/vc.rajdeep.kumar/.appium/node_modules/appium-uiautomator2-driver/node_modules/appium-android-driver/build/lib/commands/find.js:62:15)
    at process.processTicksAndRejections (node:internal/process/task_queues:104:5)
    at async AndroidUiautomator2Driver.findElOrElsWithProcessing (/opt/homebrew/lib/node_modules/appium/node_modules/@appium/base-driver/build/lib/basedriver/commands/find.js:12:16)
    at async AndroidUiautomator2Driver.findElement (/opt/homebrew/lib/node_modules/appium/node_modules/@appium/base-driver/build/lib/basedriver/commands/find.js:27:16)
2026-08-17 14:44:45 [WARNING ] base_page.py:262 — Attempting to recover application state...
2026-08-17 14:44:48 [INFO    ] base_page.py:266 — App recovery attempt completed.
2026-08-17 14:44:49 [INFO    ] screenshot_utils.py:60 — Screenshot saved: reports/screenshots/click_failed_20260817_144448.png
2026-08-17 14:44:49 [INFO    ] screenshot_utils.py:83 — Page source saved: reports/screenshots/click_failed_20260817_144449.xml
2026-08-17 14:44:49 [WARNING ] login_page.py:98 — Element-based click failed: Unable to click ('xpath', "//android.view.View[@clickable='true'][.//android.widget.TextView[@text='Profile']]") after 1 retries. Last exception: Message: 
Stacktrace:
NoSuchElementError: An element could not be located on the page using the given search parameters.
    at AndroidUiautomator2Driver.findElOrEls (/Users/vc.rajdeep.kumar/.appium/node_modules/appium-uiautomator2-driver/node_modules/appium-android-driver/build/lib/commands/find.js:62:15)
    at process.processTicksAndRejections (node:internal/process/task_queues:104:5)
    at async AndroidUiautomator2Driver.findElOrElsWithProcessing (/opt/homebrew/lib/node_modules/appium/node_modules/@appium/base-driver/build/lib/basedriver/commands/find.js:12:16)
    at async AndroidUiautomator2Driver.findElement (/opt/homebrew/lib/node_modules/appium/node_modules/@appium/base-driver/build/lib/basedriver/commands/find.js:27:16)
2026-08-17 14:44:57 [ERROR   ] base_page.py:50 — Element not visible after 8s: ('-android uiautomator', 'new UiSelector().text("Edit Profile")')
2026-08-17 14:44:57 [INFO    ] screenshot_utils.py:60 — Screenshot saved: reports/screenshots/element_not_visible_new UiSelector().text(_Edit Profile_)_20260817_144457.png
2026-08-17 14:44:58 [INFO    ] screenshot_utils.py:83 — Page source saved: reports/screenshots/element_not_visible_new UiSelector().text(_Edit Profile_)_20260817_144457.xml
2026-08-17 14:45:01 [ERROR   ] base_page.py:50 — Element not visible after 3s: ('id', 'com.zee5.hipi:id/exo_content_frame')
2026-08-17 14:45:02 [INFO    ] screenshot_utils.py:60 — Screenshot saved: reports/screenshots/element_not_visible_com.zee5.hipi_id_exo_content_frame_20260817_144501.png
2026-08-17 14:45:02 [INFO    ] screenshot_utils.py:83 — Page source saved: reports/screenshots/element_not_visible_com.zee5.hipi_id_exo_content_frame_20260817_144502.xml
2026-08-17 14:45:03 [INFO    ] gestures.py:29 — Tap performed at X:760 Y:2246
2026-08-17 14:45:04 [INFO    ] base_page.py:84 — wait_for_any_visible matched: ('class name', 'android.widget.EditText')
2026-08-17 14:45:04 [INFO    ] login_page.py:147 — Profile tab opened (coordinate tap, verified)
2026-08-17 14:45:09 [ERROR   ] base_page.py:50 — Element not visible after 5s: ('-android uiautomator', 'new UiSelector().textContains("Continue")')
2026-08-17 14:45:10 [INFO    ] screenshot_utils.py:60 — Screenshot saved: reports/screenshots/element_not_visible_new UiSelector().textContains(_Continue_)_20260817_144509.png
2026-08-17 14:45:10 [INFO    ] screenshot_utils.py:83 — Page source saved: reports/screenshots/element_not_visible_new UiSelector().textContains(_Continue_)_20260817_144510.xml
2026-08-17 14:45:10 [INFO    ] login_page.py:276 — Entering mobile number: 9876543210
2026-08-17 14:45:11 [INFO    ] base_page.py:136 — Entered text '9876543210' into ('class name', 'android.widget.EditText')
2026-08-17 14:45:13 [INFO    ] login_page.py:290 — Mobile number entered
2026-08-17 14:45:13 [INFO    ] login_page.py:315 — Clicking proceed button
2026-08-17 14:45:23 [ERROR   ] base_page.py:59 — Element not clickable after 10s: ('accessibility id', 'Proceed')
2026-08-17 14:45:24 [INFO    ] screenshot_utils.py:60 — Screenshot saved: reports/screenshots/element_not_clickable_Proceed_20260817_144523.png
2026-08-17 14:45:24 [INFO    ] screenshot_utils.py:83 — Page source saved: reports/screenshots/element_not_clickable_Proceed_20260817_144524.xml
2026-08-17 14:45:24 [ERROR   ] base_page.py:118 — Click failed on attempt 1 for ('accessibility id', 'Proceed'): Message: 
Stacktrace:
NoSuchElementError: An element could not be located on the page using the given search parameters.
    at AndroidUiautomator2Driver.findElOrEls (/Users/vc.rajdeep.kumar/.appium/node_modules/appium-uiautomator2-driver/node_modules/appium-android-driver/build/lib/commands/find.js:62:15)
    at process.processTicksAndRejections (node:internal/process/task_queues:104:5)
    at async AndroidUiautomator2Driver.findElOrElsWithProcessing (/opt/homebrew/lib/node_modules/appium/node_modules/@appium/base-driver/build/lib/basedriver/commands/find.js:12:16)
    at async AndroidUiautomator2Driver.findElement (/opt/homebrew/lib/node_modules/appium/node_modules/@appium/base-driver/build/lib/basedriver/commands/find.js:27:16)
2026-08-17 14:45:24 [WARNING ] base_page.py:262 — Attempting to recover application state...
2026-08-17 14:45:27 [INFO    ] base_page.py:266 — App recovery attempt completed.
2026-08-17 14:45:37 [ERROR   ] base_page.py:59 — Element not clickable after 10s: ('accessibility id', 'Proceed')
2026-08-17 14:45:37 [INFO    ] screenshot_utils.py:60 — Screenshot saved: reports/screenshots/element_not_clickable_Proceed_20260817_144537.png
2026-08-17 14:45:37 [INFO    ] screenshot_utils.py:83 — Page source saved: reports/screenshots/element_not_clickable_Proceed_20260817_144537.xml
2026-08-17 14:45:37 [ERROR   ] base_page.py:118 — Click failed on attempt 2 for ('accessibility id', 'Proceed'): Message: 
Stacktrace:
NoSuchElementError: An element could not be located on the page using the given search parameters.
    at AndroidUiautomator2Driver.findElOrEls (/Users/vc.rajdeep.kumar/.appium/node_modules/appium-uiautomator2-driver/node_modules/appium-android-driver/build/lib/commands/find.js:62:15)
    at process.processTicksAndRejections (node:internal/process/task_queues:104:5)
    at async AndroidUiautomator2Driver.findElOrElsWithProcessing (/opt/homebrew/lib/node_modules/appium/node_modules/@appium/base-driver/build/lib/basedriver/commands/find.js:12:16)
    at async AndroidUiautomator2Driver.findElement (/opt/homebrew/lib/node_modules/appium/node_modules/@appium/base-driver/build/lib/basedriver/commands/find.js:27:16)
2026-08-17 14:45:37 [WARNING ] base_page.py:262 — Attempting to recover application state...
2026-08-17 14:45:40 [INFO    ] base_page.py:266 — App recovery attempt completed.
2026-08-17 14:45:51 [ERROR   ] base_page.py:59 — Element not clickable after 10s: ('accessibility id', 'Proceed')
2026-08-17 14:45:51 [INFO    ] screenshot_utils.py:60 — Screenshot saved: reports/screenshots/element_not_clickable_Proceed_20260817_144551.png
2026-08-17 14:45:51 [INFO    ] screenshot_utils.py:83 — Page source saved: reports/screenshots/element_not_clickable_Proceed_20260817_144551.xml
2026-08-17 14:45:51 [ERROR   ] base_page.py:118 — Click failed on attempt 3 for ('accessibility id', 'Proceed'): Message: 
Stacktrace:
NoSuchElementError: An element could not be located on the page using the given search parameters.
    at AndroidUiautomator2Driver.findElOrEls (/Users/vc.rajdeep.kumar/.appium/node_modules/appium-uiautomator2-driver/node_modules/appium-android-driver/build/lib/commands/find.js:62:15)
    at process.processTicksAndRejections (node:internal/process/task_queues:104:5)
    at async AndroidUiautomator2Driver.findElOrElsWithProcessing (/opt/homebrew/lib/node_modules/appium/node_modules/@appium/base-driver/build/lib/basedriver/commands/find.js:12:16)
    at async AndroidUiautomator2Driver.findElement (/opt/homebrew/lib/node_modules/appium/node_modules/@appium/base-driver/build/lib/basedriver/commands/find.js:27:16)
2026-08-17 14:45:51 [WARNING ] base_page.py:262 — Attempting to recover application state...
2026-08-17 14:45:54 [INFO    ] base_page.py:266 — App recovery attempt completed.
2026-08-17 14:45:55 [INFO    ] screenshot_utils.py:60 — Screenshot saved: reports/screenshots/click_failed_20260817_144554.png
2026-08-17 14:45:55 [INFO    ] screenshot_utils.py:83 — Page source saved: reports/screenshots/click_failed_20260817_144555.xml
2026-08-17 14:45:55 [ERROR   ] login_page.py:333 — Proceed button failed: Unable to click ('accessibility id', 'Proceed') after 3 retries. Last exception: Message: 
Stacktrace:
NoSuchElementError: An element could not be located on the page using the given search parameters.
    at AndroidUiautomator2Driver.findElOrEls (/Users/vc.rajdeep.kumar/.appium/node_modules/appium-uiautomator2-driver/node_modules/appium-android-driver/build/lib/commands/find.js:62:15)
    at process.processTicksAndRejections (node:internal/process/task_queues:104:5)
    at async AndroidUiautomator2Driver.findElOrElsWithProcessing (/opt/homebrew/lib/node_modules/appium/node_modules/@appium/base-driver/build/lib/basedriver/commands/find.js:12:16)
    at async AndroidUiautomator2Driver.findElement (/opt/homebrew/lib/node_modules/appium/node_modules/@appium/base-driver/build/lib/basedriver/commands/find.js:27:16)
2026-08-17 14:45:56 [INFO    ] screenshot_utils.py:60 — Screenshot saved: reports/screenshots/proceed_button_failed_20260817_144555.png
2026-08-17 14:45:56 [INFO    ] screenshot_utils.py:83 — Page source saved: reports/screenshots/proceed_button_failed_20260817_144556.xml
2026-08-17 14:45:56 [ERROR   ] login_page.py:725 — Login flow failed: Unable to click ('accessibility id', 'Proceed') after 3 retries. Last exception: Message: 
Stacktrace:
NoSuchElementError: An element could not be located on the page using the given search parameters.
    at AndroidUiautomator2Driver.findElOrEls (/Users/vc.rajdeep.kumar/.appium/node_modules/appium-uiautomator2-driver/node_modules/appium-android-driver/build/lib/commands/find.js:62:15)
    at process.processTicksAndRejections (node:internal/process/task_queues:104:5)
    at async AndroidUiautomator2Driver.findElOrElsWithProcessing (/opt/homebrew/lib/node_modules/appium/node_modules/@appium/base-driver/build/lib/basedriver/commands/find.js:12:16)
    at async AndroidUiautomator2Driver.findElement (/opt/homebrew/lib/node_modules/appium/node_modules/@appium/base-driver/build/lib/basedriver/commands/find.js:27:16)
2026-08-17 14:45:56 [INFO    ] screenshot_utils.py:60 — Screenshot saved: reports/screenshots/login_failed_20260817_144556.png
2026-08-17 14:45:57 [INFO    ] screenshot_utils.py:83 — Page source saved: reports/screenshots/login_failed_20260817_144556.xml
2026-08-17 14:45:57 [INFO    ] screenshot_utils.py:60 — Screenshot saved: reports/screenshots/test_open_creator_profile_20260817_144557.png
2026-08-17 14:45:58 [INFO    ] screenshot_utils.py:83 — Page source saved: reports/screenshots/test_open_creator_profile_20260817_144557.xml
2026-08-17 14:45:58 [ERROR   ] conftest.py:419 — Test FAILED: test_open_creator_profile
2026-08-17 14:45:58 [INFO    ] conftest.py:326 — Closing driver session.
2026-08-17 14:45:59 [INFO    ] conftest.py:291 — ==================================================
2026-08-17 14:45:59 [INFO    ] conftest.py:292 — DRIVER SETUP START
2026-08-17 14:45:59 [INFO    ] conftest.py:293 — ==================================================
2026-08-17 14:45:59 [INFO    ] conftest.py:158 — Driver creation attempt 1/3
2026-08-17 14:46:01 [INFO    ] driver_factory.py:53 — ========== DRIVER CREATION START ==========
2026-08-17 14:46:01 [INFO    ] driver_factory.py:70 — Device: emulator | Env: qa | Platform: Android
2026-08-17 14:46:01 [INFO    ] driver_factory.py:136 — Device Name: Android Emulator
2026-08-17 14:46:01 [INFO    ] driver_factory.py:137 — UDID: emulator-5554
2026-08-17 14:46:01 [INFO    ] driver_factory.py:151 — App Package: com.zee5.hipi (noReset=true, activity not set)
2026-08-17 14:46:05 [INFO    ] driver_factory.py:112 — App launched by driver. Waiting for stabilization...
2026-08-17 14:46:07 [INFO    ] driver_factory.py:115 — ========== DRIVER CREATED SUCCESSFULLY ==========
2026-08-17 14:46:07 [INFO    ] conftest.py:302 — Driver created successfully.
2026-08-17 14:46:10 [INFO    ] popup_handler.py:122 — Checking for 'Get Started' screen...
2026-08-17 14:46:13 [INFO    ] popup_handler.py:134 — 'Get Started' screen not present — skipping.
2026-08-17 14:46:13 [INFO    ] conftest.py:217 — App readiness probe: HiPi is in foreground (com.zee5.hipi).
2026-08-17 14:46:13 [INFO    ] conftest.py:315 — DRIVER SETUP COMPLETE
2026-08-17 14:46:13 [INFO    ] base_test.py:20 — BaseTest setup completed.
2026-08-17 14:46:13 [INFO    ] base_test.py:58 — login_and_reach_feed: START
2026-08-17 14:46:13 [INFO    ] base_test.py:30 — Logging in as default test user.
2026-08-17 14:46:13 [INFO    ] login_page.py:591 — ========== LOGIN FLOW START ==========
2026-08-17 14:46:14 [INFO    ] login_page.py:43 — Opening profile tab
2026-08-17 14:46:15 [INFO    ] login_page.py:53 — Profile tab open attempt 1/2
2026-08-17 14:46:24 [ERROR   ] base_page.py:59 — Element not clickable after 8s: ('xpath', "//android.view.View[@clickable='true'][.//android.widget.TextView[@text='Profile']]")
2026-08-17 14:46:24 [INFO    ] screenshot_utils.py:60 — Screenshot saved: reports/screenshots/element_not_clickable___android.view.View__clickable=_true___.__android.widget.TextView__text=_Profile____20260817_144624.png
2026-08-17 14:46:25 [INFO    ] screenshot_utils.py:83 — Page source saved: reports/screenshots/element_not_clickable___android.view.View__clickable=_true___.__android.widget.TextView__text=_Profile____20260817_144624.xml
2026-08-17 14:46:25 [ERROR   ] base_page.py:118 — Click failed on attempt 1 for ('xpath', "//android.view.View[@clickable='true'][.//android.widget.TextView[@text='Profile']]"): Message: 
Stacktrace:
NoSuchElementError: An element could not be located on the page using the given search parameters.
    at AndroidUiautomator2Driver.findElOrEls (/Users/vc.rajdeep.kumar/.appium/node_modules/appium-uiautomator2-driver/node_modules/appium-android-driver/build/lib/commands/find.js:62:15)
    at process.processTicksAndRejections (node:internal/process/task_queues:104:5)
    at async AndroidUiautomator2Driver.findElOrElsWithProcessing (/opt/homebrew/lib/node_modules/appium/node_modules/@appium/base-driver/build/lib/basedriver/commands/find.js:12:16)
    at async AndroidUiautomator2Driver.findElement (/opt/homebrew/lib/node_modules/appium/node_modules/@appium/base-driver/build/lib/basedriver/commands/find.js:27:16)
2026-08-17 14:46:25 [WARNING ] base_page.py:262 — Attempting to recover application state...
2026-08-17 14:46:28 [INFO    ] base_page.py:266 — App recovery attempt completed.
2026-08-17 14:46:28 [INFO    ] screenshot_utils.py:60 — Screenshot saved: reports/screenshots/click_failed_20260817_144628.png
2026-08-17 14:46:29 [INFO    ] screenshot_utils.py:83 — Page source saved: reports/screenshots/click_failed_20260817_144628.xml
2026-08-17 14:46:29 [WARNING ] login_page.py:98 — Element-based click failed: Unable to click ('xpath', "//android.view.View[@clickable='true'][.//android.widget.TextView[@text='Profile']]") after 1 retries. Last exception: Message: 
Stacktrace:
NoSuchElementError: An element could not be located on the page using the given search parameters.
    at AndroidUiautomator2Driver.findElOrEls (/Users/vc.rajdeep.kumar/.appium/node_modules/appium-uiautomator2-driver/node_modules/appium-android-driver/build/lib/commands/find.js:62:15)
    at process.processTicksAndRejections (node:internal/process/task_queues:104:5)
    at async AndroidUiautomator2Driver.findElOrElsWithProcessing (/opt/homebrew/lib/node_modules/appium/node_modules/@appium/base-driver/build/lib/basedriver/commands/find.js:12:16)
    at async AndroidUiautomator2Driver.findElement (/opt/homebrew/lib/node_modules/appium/node_modules/@appium/base-driver/build/lib/basedriver/commands/find.js:27:16)
2026-08-17 14:46:37 [ERROR   ] base_page.py:50 — Element not visible after 8s: ('-android uiautomator', 'new UiSelector().text("Edit Profile")')
2026-08-17 14:46:37 [INFO    ] screenshot_utils.py:60 — Screenshot saved: reports/screenshots/element_not_visible_new UiSelector().text(_Edit Profile_)_20260817_144637.png
2026-08-17 14:46:37 [INFO    ] screenshot_utils.py:83 — Page source saved: reports/screenshots/element_not_visible_new UiSelector().text(_Edit Profile_)_20260817_144637.xml
2026-08-17 14:46:41 [ERROR   ] base_page.py:50 — Element not visible after 3s: ('id', 'com.zee5.hipi:id/exo_content_frame')
2026-08-17 14:46:43 [INFO    ] screenshot_utils.py:60 — Screenshot saved: reports/screenshots/element_not_visible_com.zee5.hipi_id_exo_content_frame_20260817_144641.png
2026-08-17 14:46:45 [INFO    ] screenshot_utils.py:83 — Page source saved: reports/screenshots/element_not_visible_com.zee5.hipi_id_exo_content_frame_20260817_144643.xml
2026-08-17 14:46:45 [INFO    ] gestures.py:29 — Tap performed at X:760 Y:2246
2026-08-17 14:46:46 [INFO    ] base_page.py:84 — wait_for_any_visible matched: ('class name', 'android.widget.EditText')
2026-08-17 14:46:46 [INFO    ] login_page.py:147 — Profile tab opened (coordinate tap, verified)
2026-08-17 14:46:52 [ERROR   ] base_page.py:50 — Element not visible after 5s: ('-android uiautomator', 'new UiSelector().textContains("Continue")')
2026-08-17 14:46:52 [INFO    ] screenshot_utils.py:60 — Screenshot saved: reports/screenshots/element_not_visible_new UiSelector().textContains(_Continue_)_20260817_144652.png
2026-08-17 14:46:52 [INFO    ] screenshot_utils.py:83 — Page source saved: reports/screenshots/element_not_visible_new UiSelector().textContains(_Continue_)_20260817_144652.xml
2026-08-17 14:46:52 [INFO    ] login_page.py:276 — Entering mobile number: 9876543210
2026-08-17 14:46:53 [INFO    ] base_page.py:136 — Entered text '9876543210' into ('class name', 'android.widget.EditText')
2026-08-17 14:46:55 [INFO    ] login_page.py:290 — Mobile number entered
2026-08-17 14:46:55 [INFO    ] login_page.py:315 — Clicking proceed button
2026-08-17 15:01:59 [ERROR   ] base_page.py:118 — Click failed on attempt 1 for ('accessibility id', 'Proceed'): Message: Could not proxy command to the remote server. Original error: timeout of 240000ms exceeded
Stacktrace:
UnknownError: Could not proxy command to the remote server. Original error: timeout of 240000ms exceeded
    at ProxyRequestError.getActualError (/opt/homebrew/lib/node_modules/appium/node_modules/@appium/base-driver/build/lib/protocol/errors.js:692:16)
    at UIA2Proxy.command (/opt/homebrew/lib/node_modules/appium/node_modules/@appium/base-driver/build/lib/jsonwp-proxy/proxy.js:270:27)
    at processTicksAndRejections (node:internal/process/task_queues:104:5)
    at runNextTicks (node:internal/process/task_queues:69:3)
    at process.processTimers (node:internal/timers:538:9)
    at async AndroidUiautomator2Driver.doFindElementOrEls (/Users/vc.rajdeep.kumar/.appium/node_modules/appium-uiautomator2-driver/build/lib/commands/find.js:24:13)
    at async doFind (/Users/vc.rajdeep.kumar/.appium/node_modules/appium-uiautomator2-driver/node_modules/appium-android-driver/build/lib/commands/find.js:24:23)
    at async wrappedCondFn (/opt/homebrew/lib/node_modules/appium/node_modules/@appium/base-driver/build/lib/basedriver/commands/timeout.js:97:20)
    at async spin (/opt/homebrew/lib/node_modules/appium/node_modules/asyncbox/build/lib/asyncbox.js:174:24)
    at async waitForCondition (/opt/homebrew/lib/node_modules/appium/node_modules/asyncbox/build/lib/asyncbox.js:192:12)
    at async AndroidUiautomator2Driver.implicitWaitForCondition (/opt/homebrew/lib/node_modules/appium/node_modules/@appium/base-driver/build/lib/basedriver/commands/timeout.js:99:16)
    at async AndroidUiautomator2Driver.findElOrEls (/Users/vc.rajdeep.kumar/.appium/node_modules/appium-uiautomator2-driver/node_modules/appium-android-driver/build/lib/commands/find.js:45:9)
    at async AndroidUiautomator2Driver.findElOrElsWithProcessing (/opt/homebrew/lib/node_modules/appium/node_modules/@appium/base-driver/build/lib/basedriver/commands/find.js:12:16)
    at async AndroidUiautomator2Driver.findElement (/opt/homebrew/lib/node_modules/appium/node_modules/@appium/base-driver/build/lib/basedriver/commands/find.js:27:16)
2026-08-17 15:01:59 [WARNING ] base_page.py:262 — Attempting to recover application state...
2026-08-17 15:02:02 [INFO    ] base_page.py:266 — App recovery attempt completed.
2026-08-17 15:02:12 [ERROR   ] base_page.py:59 — Element not clickable after 10s: ('accessibility id', 'Proceed')
2026-08-17 15:02:13 [INFO    ] screenshot_utils.py:60 — Screenshot saved: reports/screenshots/element_not_clickable_Proceed_20260817_150212.png
2026-08-17 15:02:13 [INFO    ] screenshot_utils.py:83 — Page source saved: reports/screenshots/element_not_clickable_Proceed_20260817_150213.xml
2026-08-17 15:02:13 [ERROR   ] base_page.py:118 — Click failed on attempt 2 for ('accessibility id', 'Proceed'): Message: 
Stacktrace:
NoSuchElementError: An element could not be located on the page using the given search parameters.
    at AndroidUiautomator2Driver.findElOrEls (/Users/vc.rajdeep.kumar/.appium/node_modules/appium-uiautomator2-driver/node_modules/appium-android-driver/build/lib/commands/find.js:62:15)
    at process.processTicksAndRejections (node:internal/process/task_queues:104:5)
    at async AndroidUiautomator2Driver.findElOrElsWithProcessing (/opt/homebrew/lib/node_modules/appium/node_modules/@appium/base-driver/build/lib/basedriver/commands/find.js:12:16)
    at async AndroidUiautomator2Driver.findElement (/opt/homebrew/lib/node_modules/appium/node_modules/@appium/base-driver/build/lib/basedriver/commands/find.js:27:16)
2026-08-17 15:02:13 [WARNING ] base_page.py:262 — Attempting to recover application state...
2026-08-17 15:02:16 [INFO    ] base_page.py:266 — App recovery attempt completed.
2026-08-17 15:02:38 [ERROR   ] base_page.py:59 — Element not clickable after 10s: ('accessibility id', 'Proceed')
2026-08-17 15:02:39 [INFO    ] screenshot_utils.py:60 — Screenshot saved: reports/screenshots/element_not_clickable_Proceed_20260817_150238.png
2026-08-17 15:02:40 [INFO    ] screenshot_utils.py:83 — Page source saved: reports/screenshots/element_not_clickable_Proceed_20260817_150239.xml
2026-08-17 15:02:40 [ERROR   ] base_page.py:118 — Click failed on attempt 3 for ('accessibility id', 'Proceed'): Message: 
Stacktrace:
NoSuchElementError: An element could not be located on the page using the given search parameters.
    at AndroidUiautomator2Driver.findElOrEls (/Users/vc.rajdeep.kumar/.appium/node_modules/appium-uiautomator2-driver/node_modules/appium-android-driver/build/lib/commands/find.js:62:15)
    at process.processTicksAndRejections (node:internal/process/task_queues:104:5)
    at async AndroidUiautomator2Driver.findElOrElsWithProcessing (/opt/homebrew/lib/node_modules/appium/node_modules/@appium/base-driver/build/lib/basedriver/commands/find.js:12:16)
    at async AndroidUiautomator2Driver.findElement (/opt/homebrew/lib/node_modules/appium/node_modules/@appium/base-driver/build/lib/basedriver/commands/find.js:27:16)
2026-08-17 15:02:40 [WARNING ] base_page.py:262 — Attempting to recover application state...
2026-08-17 15:02:43 [INFO    ] base_page.py:266 — App recovery attempt completed.
2026-08-17 15:02:43 [INFO    ] screenshot_utils.py:60 — Screenshot saved: reports/screenshots/click_failed_20260817_150243.png
2026-08-17 15:02:43 [INFO    ] screenshot_utils.py:83 — Page source saved: reports/screenshots/click_failed_20260817_150243.xml
2026-08-17 15:02:43 [ERROR   ] login_page.py:333 — Proceed button failed: Unable to click ('accessibility id', 'Proceed') after 3 retries. Last exception: Message: 
Stacktrace:
NoSuchElementError: An element could not be located on the page using the given search parameters.
    at AndroidUiautomator2Driver.findElOrEls (/Users/vc.rajdeep.kumar/.appium/node_modules/appium-uiautomator2-driver/node_modules/appium-android-driver/build/lib/commands/find.js:62:15)
    at process.processTicksAndRejections (node:internal/process/task_queues:104:5)
    at async AndroidUiautomator2Driver.findElOrElsWithProcessing (/opt/homebrew/lib/node_modules/appium/node_modules/@appium/base-driver/build/lib/basedriver/commands/find.js:12:16)
    at async AndroidUiautomator2Driver.findElement (/opt/homebrew/lib/node_modules/appium/node_modules/@appium/base-driver/build/lib/basedriver/commands/find.js:27:16)
2026-08-17 15:02:44 [INFO    ] screenshot_utils.py:60 — Screenshot saved: reports/screenshots/proceed_button_failed_20260817_150243.png
2026-08-17 15:02:44 [INFO    ] screenshot_utils.py:83 — Page source saved: reports/screenshots/proceed_button_failed_20260817_150244.xml
2026-08-17 15:02:44 [ERROR   ] login_page.py:725 — Login flow failed: Unable to click ('accessibility id', 'Proceed') after 3 retries. Last exception: Message: 
Stacktrace:
NoSuchElementError: An element could not be located on the page using the given search parameters.
    at AndroidUiautomator2Driver.findElOrEls (/Users/vc.rajdeep.kumar/.appium/node_modules/appium-uiautomator2-driver/node_modules/appium-android-driver/build/lib/commands/find.js:62:15)
    at process.processTicksAndRejections (node:internal/process/task_queues:104:5)
    at async AndroidUiautomator2Driver.findElOrElsWithProcessing (/opt/homebrew/lib/node_modules/appium/node_modules/@appium/base-driver/build/lib/basedriver/commands/find.js:12:16)
    at async AndroidUiautomator2Driver.findElement (/opt/homebrew/lib/node_modules/appium/node_modules/@appium/base-driver/build/lib/basedriver/commands/find.js:27:16)
2026-08-17 15:02:44 [INFO    ] screenshot_utils.py:60 — Screenshot saved: reports/screenshots/login_failed_20260817_150244.png
2026-08-17 15:02:44 [INFO    ] screenshot_utils.py:83 — Page source saved: reports/screenshots/login_failed_20260817_150244.xml
2026-08-17 15:02:45 [INFO    ] screenshot_utils.py:60 — Screenshot saved: reports/screenshots/test_open_and_close_comment_sheet_20260817_150244.png
2026-08-17 15:02:45 [INFO    ] screenshot_utils.py:83 — Page source saved: reports/screenshots/test_open_and_close_comment_sheet_20260817_150245.xml
2026-08-17 15:02:45 [ERROR   ] conftest.py:419 — Test FAILED: test_open_and_close_comment_sheet
2026-08-17 15:02:45 [INFO    ] conftest.py:326 — Closing driver session.
2026-08-17 15:02:46 [INFO    ] conftest.py:291 — ==================================================
2026-08-17 15:02:46 [INFO    ] conftest.py:292 — DRIVER SETUP START
2026-08-17 15:02:46 [INFO    ] conftest.py:293 — ==================================================
2026-08-17 15:02:46 [INFO    ] conftest.py:158 — Driver creation attempt 1/3
2026-08-17 15:17:46 [INFO    ] driver_factory.py:53 — ========== DRIVER CREATION START ==========
2026-08-17 15:17:46 [INFO    ] driver_factory.py:70 — Device: emulator | Env: qa | Platform: Android
2026-08-17 15:17:46 [INFO    ] driver_factory.py:136 — Device Name: Android Emulator
2026-08-17 15:17:46 [INFO    ] driver_factory.py:137 — UDID: emulator-5554
2026-08-17 15:17:46 [INFO    ] driver_factory.py:151 — App Package: com.zee5.hipi (noReset=true, activity not set)
2026-08-17 15:17:55 [INFO    ] driver_factory.py:112 — App launched by driver. Waiting for stabilization...
2026-08-17 15:17:57 [INFO    ] driver_factory.py:115 — ========== DRIVER CREATED SUCCESSFULLY ==========
2026-08-17 15:17:57 [INFO    ] conftest.py:302 — Driver created successfully.
2026-08-17 15:18:00 [INFO    ] popup_handler.py:122 — Checking for 'Get Started' screen...
2026-08-17 15:18:03 [INFO    ] popup_handler.py:134 — 'Get Started' screen not present — skipping.
2026-08-17 15:18:03 [INFO    ] conftest.py:217 — App readiness probe: HiPi is in foreground (com.zee5.hipi).
2026-08-17 15:18:03 [INFO    ] conftest.py:315 — DRIVER SETUP COMPLETE
2026-08-17 15:18:03 [INFO    ] base_test.py:20 — BaseTest setup completed.
2026-08-17 15:18:03 [INFO    ] base_test.py:58 — login_and_reach_feed: START
2026-08-17 15:18:03 [INFO    ] base_test.py:30 — Logging in as default test user.
2026-08-17 15:18:03 [INFO    ] login_page.py:591 — ========== LOGIN FLOW START ==========
2026-08-17 15:18:04 [INFO    ] login_page.py:43 — Opening profile tab
2026-08-17 15:18:05 [INFO    ] login_page.py:53 — Profile tab open attempt 1/2
2026-08-17 15:18:14 [ERROR   ] base_page.py:59 — Element not clickable after 8s: ('xpath', "//android.view.View[@clickable='true'][.//android.widget.TextView[@text='Profile']]")
2026-08-17 15:18:15 [INFO    ] screenshot_utils.py:60 — Screenshot saved: reports/screenshots/element_not_clickable___android.view.View__clickable=_true___.__android.widget.TextView__text=_Profile____20260817_151814.png
2026-08-17 15:18:15 [INFO    ] screenshot_utils.py:83 — Page source saved: reports/screenshots/element_not_clickable___android.view.View__clickable=_true___.__android.widget.TextView__text=_Profile____20260817_151815.xml
2026-08-17 15:18:15 [ERROR   ] base_page.py:118 — Click failed on attempt 1 for ('xpath', "//android.view.View[@clickable='true'][.//android.widget.TextView[@text='Profile']]"): Message: 
Stacktrace:
NoSuchElementError: An element could not be located on the page using the given search parameters.
    at AndroidUiautomator2Driver.findElOrEls (/Users/vc.rajdeep.kumar/.appium/node_modules/appium-uiautomator2-driver/node_modules/appium-android-driver/build/lib/commands/find.js:62:15)
    at process.processTicksAndRejections (node:internal/process/task_queues:104:5)
    at async AndroidUiautomator2Driver.findElOrElsWithProcessing (/opt/homebrew/lib/node_modules/appium/node_modules/@appium/base-driver/build/lib/basedriver/commands/find.js:12:16)
    at async AndroidUiautomator2Driver.findElement (/opt/homebrew/lib/node_modules/appium/node_modules/@appium/base-driver/build/lib/basedriver/commands/find.js:27:16)
2026-08-17 15:18:15 [WARNING ] base_page.py:262 — Attempting to recover application state...
2026-08-17 15:18:18 [INFO    ] base_page.py:266 — App recovery attempt completed.
2026-08-17 15:18:18 [INFO    ] screenshot_utils.py:60 — Screenshot saved: reports/screenshots/click_failed_20260817_151818.png
2026-08-17 15:18:18 [INFO    ] screenshot_utils.py:83 — Page source saved: reports/screenshots/click_failed_20260817_151818.xml
2026-08-17 15:18:18 [WARNING ] login_page.py:98 — Element-based click failed: Unable to click ('xpath', "//android.view.View[@clickable='true'][.//android.widget.TextView[@text='Profile']]") after 1 retries. Last exception: Message: 
Stacktrace:
NoSuchElementError: An element could not be located on the page using the given search parameters.
    at AndroidUiautomator2Driver.findElOrEls (/Users/vc.rajdeep.kumar/.appium/node_modules/appium-uiautomator2-driver/node_modules/appium-android-driver/build/lib/commands/find.js:62:15)
    at process.processTicksAndRejections (node:internal/process/task_queues:104:5)
    at async AndroidUiautomator2Driver.findElOrElsWithProcessing (/opt/homebrew/lib/node_modules/appium/node_modules/@appium/base-driver/build/lib/basedriver/commands/find.js:12:16)
    at async AndroidUiautomator2Driver.findElement (/opt/homebrew/lib/node_modules/appium/node_modules/@appium/base-driver/build/lib/basedriver/commands/find.js:27:16)
2026-08-17 15:18:26 [ERROR   ] base_page.py:50 — Element not visible after 8s: ('-android uiautomator', 'new UiSelector().text("Edit Profile")')
2026-08-17 15:18:27 [INFO    ] screenshot_utils.py:60 — Screenshot saved: reports/screenshots/element_not_visible_new UiSelector().text(_Edit Profile_)_20260817_151826.png
2026-08-17 15:18:27 [INFO    ] screenshot_utils.py:83 — Page source saved: reports/screenshots/element_not_visible_new UiSelector().text(_Edit Profile_)_20260817_151827.xml
2026-08-17 15:18:30 [ERROR   ] base_page.py:50 — Element not visible after 3s: ('id', 'com.zee5.hipi:id/exo_content_frame')
2026-08-17 15:18:31 [INFO    ] screenshot_utils.py:60 — Screenshot saved: reports/screenshots/element_not_visible_com.zee5.hipi_id_exo_content_frame_20260817_151830.png
2026-08-17 15:18:31 [INFO    ] screenshot_utils.py:83 — Page source saved: reports/screenshots/element_not_visible_com.zee5.hipi_id_exo_content_frame_20260817_151831.xml
2026-08-17 15:18:31 [INFO    ] gestures.py:29 — Tap performed at X:760 Y:2246
2026-08-17 15:18:32 [INFO    ] base_page.py:84 — wait_for_any_visible matched: ('class name', 'android.widget.EditText')
2026-08-17 15:18:32 [INFO    ] login_page.py:147 — Profile tab opened (coordinate tap, verified)
2026-08-17 15:18:37 [ERROR   ] base_page.py:50 — Element not visible after 5s: ('-android uiautomator', 'new UiSelector().textContains("Continue")')
2026-08-17 15:18:38 [INFO    ] screenshot_utils.py:60 — Screenshot saved: reports/screenshots/element_not_visible_new UiSelector().textContains(_Continue_)_20260817_151837.png
2026-08-17 15:18:38 [INFO    ] screenshot_utils.py:83 — Page source saved: reports/screenshots/element_not_visible_new UiSelector().textContains(_Continue_)_20260817_151838.xml
2026-08-17 15:18:38 [INFO    ] login_page.py:276 — Entering mobile number: 9876543210
2026-08-17 15:18:39 [INFO    ] base_page.py:136 — Entered text '9876543210' into ('class name', 'android.widget.EditText')
2026-08-17 15:18:41 [INFO    ] login_page.py:290 — Mobile number entered
2026-08-17 15:18:41 [INFO    ] login_page.py:315 — Clicking proceed button
2026-08-17 15:18:52 [ERROR   ] base_page.py:59 — Element not clickable after 10s: ('accessibility id', 'Proceed')
2026-08-17 15:18:52 [INFO    ] screenshot_utils.py:60 — Screenshot saved: reports/screenshots/element_not_clickable_Proceed_20260817_151852.png
2026-08-17 15:18:52 [INFO    ] screenshot_utils.py:83 — Page source saved: reports/screenshots/element_not_clickable_Proceed_20260817_151852.xml
2026-08-17 15:18:52 [ERROR   ] base_page.py:118 — Click failed on attempt 1 for ('accessibility id', 'Proceed'): Message: 
Stacktrace:
NoSuchElementError: An element could not be located on the page using the given search parameters.
    at AndroidUiautomator2Driver.findElOrEls (/Users/vc.rajdeep.kumar/.appium/node_modules/appium-uiautomator2-driver/node_modules/appium-android-driver/build/lib/commands/find.js:62:15)
    at process.processTicksAndRejections (node:internal/process/task_queues:104:5)
    at async AndroidUiautomator2Driver.findElOrElsWithProcessing (/opt/homebrew/lib/node_modules/appium/node_modules/@appium/base-driver/build/lib/basedriver/commands/find.js:12:16)
    at async AndroidUiautomator2Driver.findElement (/opt/homebrew/lib/node_modules/appium/node_modules/@appium/base-driver/build/lib/basedriver/commands/find.js:27:16)
2026-08-17 15:18:52 [WARNING ] base_page.py:262 — Attempting to recover application state...
2026-08-17 15:18:55 [INFO    ] base_page.py:266 — App recovery attempt completed.
2026-08-17 15:19:06 [ERROR   ] base_page.py:59 — Element not clickable after 10s: ('accessibility id', 'Proceed')
2026-08-17 15:19:06 [INFO    ] screenshot_utils.py:60 — Screenshot saved: reports/screenshots/element_not_clickable_Proceed_20260817_151906.png
2026-08-17 15:19:07 [INFO    ] screenshot_utils.py:83 — Page source saved: reports/screenshots/element_not_clickable_Proceed_20260817_151906.xml
2026-08-17 15:19:07 [ERROR   ] base_page.py:118 — Click failed on attempt 2 for ('accessibility id', 'Proceed'): Message: 
Stacktrace:
NoSuchElementError: An element could not be located on the page using the given search parameters.
    at AndroidUiautomator2Driver.findElOrEls (/Users/vc.rajdeep.kumar/.appium/node_modules/appium-uiautomator2-driver/node_modules/appium-android-driver/build/lib/commands/find.js:62:15)
    at process.processTicksAndRejections (node:internal/process/task_queues:104:5)
    at async AndroidUiautomator2Driver.findElOrElsWithProcessing (/opt/homebrew/lib/node_modules/appium/node_modules/@appium/base-driver/build/lib/basedriver/commands/find.js:12:16)
    at async AndroidUiautomator2Driver.findElement (/opt/homebrew/lib/node_modules/appium/node_modules/@appium/base-driver/build/lib/basedriver/commands/find.js:27:16)
2026-08-17 15:19:07 [WARNING ] base_page.py:262 — Attempting to recover application state...
2026-08-17 15:19:10 [INFO    ] base_page.py:266 — App recovery attempt completed.
2026-08-17 15:19:20 [ERROR   ] base_page.py:59 — Element not clickable after 10s: ('accessibility id', 'Proceed')
2026-08-17 15:19:21 [INFO    ] screenshot_utils.py:60 — Screenshot saved: reports/screenshots/element_not_clickable_Proceed_20260817_151920.png
2026-08-17 15:19:21 [INFO    ] screenshot_utils.py:83 — Page source saved: reports/screenshots/element_not_clickable_Proceed_20260817_151921.xml
2026-08-17 15:19:21 [ERROR   ] base_page.py:118 — Click failed on attempt 3 for ('accessibility id', 'Proceed'): Message: 
Stacktrace:
NoSuchElementError: An element could not be located on the page using the given search parameters.
    at AndroidUiautomator2Driver.findElOrEls (/Users/vc.rajdeep.kumar/.appium/node_modules/appium-uiautomator2-driver/node_modules/appium-android-driver/build/lib/commands/find.js:62:15)
    at process.processTicksAndRejections (node:internal/process/task_queues:104:5)
    at async AndroidUiautomator2Driver.findElOrElsWithProcessing (/opt/homebrew/lib/node_modules/appium/node_modules/@appium/base-driver/build/lib/basedriver/commands/find.js:12:16)
    at async AndroidUiautomator2Driver.findElement (/opt/homebrew/lib/node_modules/appium/node_modules/@appium/base-driver/build/lib/basedriver/commands/find.js:27:16)
2026-08-17 15:19:21 [WARNING ] base_page.py:262 — Attempting to recover application state...
2026-08-17 15:19:24 [INFO    ] base_page.py:266 — App recovery attempt completed.
2026-08-17 15:19:24 [INFO    ] screenshot_utils.py:60 — Screenshot saved: reports/screenshots/click_failed_20260817_151924.png
2026-08-17 15:19:25 [INFO    ] screenshot_utils.py:83 — Page source saved: reports/screenshots/click_failed_20260817_151924.xml
2026-08-17 15:19:25 [ERROR   ] login_page.py:333 — Proceed button failed: Unable to click ('accessibility id', 'Proceed') after 3 retries. Last exception: Message: 
Stacktrace:
NoSuchElementError: An element could not be located on the page using the given search parameters.
    at AndroidUiautomator2Driver.findElOrEls (/Users/vc.rajdeep.kumar/.appium/node_modules/appium-uiautomator2-driver/node_modules/appium-android-driver/build/lib/commands/find.js:62:15)
    at process.processTicksAndRejections (node:internal/process/task_queues:104:5)
    at async AndroidUiautomator2Driver.findElOrElsWithProcessing (/opt/homebrew/lib/node_modules/appium/node_modules/@appium/base-driver/build/lib/basedriver/commands/find.js:12:16)
    at async AndroidUiautomator2Driver.findElement (/opt/homebrew/lib/node_modules/appium/node_modules/@appium/base-driver/build/lib/basedriver/commands/find.js:27:16)
2026-08-17 15:19:25 [INFO    ] screenshot_utils.py:60 — Screenshot saved: reports/screenshots/proceed_button_failed_20260817_151925.png
2026-08-17 15:19:25 [INFO    ] screenshot_utils.py:83 — Page source saved: reports/screenshots/proceed_button_failed_20260817_151925.xml
2026-08-17 15:19:25 [ERROR   ] login_page.py:725 — Login flow failed: Unable to click ('accessibility id', 'Proceed') after 3 retries. Last exception: Message: 
Stacktrace:
NoSuchElementError: An element could not be located on the page using the given search parameters.
    at AndroidUiautomator2Driver.findElOrEls (/Users/vc.rajdeep.kumar/.appium/node_modules/appium-uiautomator2-driver/node_modules/appium-android-driver/build/lib/commands/find.js:62:15)
    at process.processTicksAndRejections (node:internal/process/task_queues:104:5)
    at async AndroidUiautomator2Driver.findElOrElsWithProcessing (/opt/homebrew/lib/node_modules/appium/node_modules/@appium/base-driver/build/lib/basedriver/commands/find.js:12:16)
    at async AndroidUiautomator2Driver.findElement (/opt/homebrew/lib/node_modules/appium/node_modules/@appium/base-driver/build/lib/basedriver/commands/find.js:27:16)
2026-08-17 15:19:26 [INFO    ] screenshot_utils.py:60 — Screenshot saved: reports/screenshots/login_failed_20260817_151925.png
2026-08-17 15:19:26 [INFO    ] screenshot_utils.py:83 — Page source saved: reports/screenshots/login_failed_20260817_151926.xml
2026-08-17 15:19:26 [INFO    ] screenshot_utils.py:60 — Screenshot saved: reports/screenshots/test_comment_sheet_input_visible_20260817_151926.png
2026-08-17 15:19:26 [INFO    ] screenshot_utils.py:83 — Page source saved: reports/screenshots/test_comment_sheet_input_visible_20260817_151926.xml
2026-08-17 15:19:26 [ERROR   ] conftest.py:419 — Test FAILED: test_comment_sheet_input_visible
2026-08-17 15:19:26 [INFO    ] conftest.py:326 — Closing driver session.
2026-08-17 15:19:27 [INFO    ] conftest.py:291 — ==================================================
2026-08-17 15:19:27 [INFO    ] conftest.py:292 — DRIVER SETUP START
2026-08-17 15:19:27 [INFO    ] conftest.py:293 — ==================================================
2026-08-17 15:19:27 [INFO    ] conftest.py:158 — Driver creation attempt 1/3
2026-08-17 15:19:28 [INFO    ] driver_factory.py:53 — ========== DRIVER CREATION START ==========
2026-08-17 15:19:28 [INFO    ] driver_factory.py:70 — Device: emulator | Env: qa | Platform: Android
2026-08-17 15:19:28 [INFO    ] driver_factory.py:136 — Device Name: Android Emulator
2026-08-17 15:19:28 [INFO    ] driver_factory.py:137 — UDID: emulator-5554
2026-08-17 15:19:28 [INFO    ] driver_factory.py:151 — App Package: com.zee5.hipi (noReset=true, activity not set)
2026-08-17 15:19:32 [INFO    ] driver_factory.py:112 — App launched by driver. Waiting for stabilization...
2026-08-17 15:19:34 [INFO    ] driver_factory.py:115 — ========== DRIVER CREATED SUCCESSFULLY ==========
2026-08-17 15:19:34 [INFO    ] conftest.py:302 — Driver created successfully.
2026-08-17 15:19:37 [INFO    ] popup_handler.py:122 — Checking for 'Get Started' screen...
2026-08-17 15:19:41 [INFO    ] popup_handler.py:134 — 'Get Started' screen not present — skipping.
2026-08-17 15:19:41 [INFO    ] conftest.py:217 — App readiness probe: HiPi is in foreground (com.zee5.hipi).
2026-08-17 15:19:41 [INFO    ] conftest.py:315 — DRIVER SETUP COMPLETE
2026-08-17 15:19:41 [INFO    ] base_test.py:20 — BaseTest setup completed.
2026-08-17 15:19:41 [INFO    ] base_test.py:58 — login_and_reach_feed: START
2026-08-17 15:19:41 [INFO    ] base_test.py:30 — Logging in as default test user.
2026-08-17 15:19:41 [INFO    ] login_page.py:591 — ========== LOGIN FLOW START ==========
2026-08-17 15:19:42 [INFO    ] login_page.py:43 — Opening profile tab
2026-08-17 15:19:43 [INFO    ] login_page.py:53 — Profile tab open attempt 1/2
2026-08-17 15:19:51 [ERROR   ] base_page.py:59 — Element not clickable after 8s: ('xpath', "//android.view.View[@clickable='true'][.//android.widget.TextView[@text='Profile']]")
2026-08-17 15:19:52 [INFO    ] screenshot_utils.py:60 — Screenshot saved: reports/screenshots/element_not_clickable___android.view.View__clickable=_true___.__android.widget.TextView__text=_Profile____20260817_151951.png
2026-08-17 15:19:52 [INFO    ] screenshot_utils.py:83 — Page source saved: reports/screenshots/element_not_clickable___android.view.View__clickable=_true___.__android.widget.TextView__text=_Profile____20260817_151952.xml
2026-08-17 15:19:52 [ERROR   ] base_page.py:118 — Click failed on attempt 1 for ('xpath', "//android.view.View[@clickable='true'][.//android.widget.TextView[@text='Profile']]"): Message: 
Stacktrace:
NoSuchElementError: An element could not be located on the page using the given search parameters.
    at AndroidUiautomator2Driver.findElOrEls (/Users/vc.rajdeep.kumar/.appium/node_modules/appium-uiautomator2-driver/node_modules/appium-android-driver/build/lib/commands/find.js:62:15)
    at process.processTicksAndRejections (node:internal/process/task_queues:104:5)
    at async AndroidUiautomator2Driver.findElOrElsWithProcessing (/opt/homebrew/lib/node_modules/appium/node_modules/@appium/base-driver/build/lib/basedriver/commands/find.js:12:16)
    at async AndroidUiautomator2Driver.findElement (/opt/homebrew/lib/node_modules/appium/node_modules/@appium/base-driver/build/lib/basedriver/commands/find.js:27:16)
2026-08-17 15:19:52 [WARNING ] base_page.py:262 — Attempting to recover application state...
2026-08-17 15:19:55 [INFO    ] base_page.py:266 — App recovery attempt completed.
2026-08-17 15:19:56 [INFO    ] screenshot_utils.py:60 — Screenshot saved: reports/screenshots/click_failed_20260817_151955.png
2026-08-17 15:19:56 [INFO    ] screenshot_utils.py:83 — Page source saved: reports/screenshots/click_failed_20260817_151956.xml
2026-08-17 15:19:56 [WARNING ] login_page.py:98 — Element-based click failed: Unable to click ('xpath', "//android.view.View[@clickable='true'][.//android.widget.TextView[@text='Profile']]") after 1 retries. Last exception: Message: 
Stacktrace:
NoSuchElementError: An element could not be located on the page using the given search parameters.
    at AndroidUiautomator2Driver.findElOrEls (/Users/vc.rajdeep.kumar/.appium/node_modules/appium-uiautomator2-driver/node_modules/appium-android-driver/build/lib/commands/find.js:62:15)
    at process.processTicksAndRejections (node:internal/process/task_queues:104:5)
    at async AndroidUiautomator2Driver.findElOrElsWithProcessing (/opt/homebrew/lib/node_modules/appium/node_modules/@appium/base-driver/build/lib/basedriver/commands/find.js:12:16)
    at async AndroidUiautomator2Driver.findElement (/opt/homebrew/lib/node_modules/appium/node_modules/@appium/base-driver/build/lib/basedriver/commands/find.js:27:16)
2026-08-17 15:20:04 [ERROR   ] base_page.py:50 — Element not visible after 8s: ('-android uiautomator', 'new UiSelector().text("Edit Profile")')
2026-08-17 15:20:05 [INFO    ] screenshot_utils.py:60 — Screenshot saved: reports/screenshots/element_not_visible_new UiSelector().text(_Edit Profile_)_20260817_152004.png
2026-08-17 15:20:05 [INFO    ] screenshot_utils.py:83 — Page source saved: reports/screenshots/element_not_visible_new UiSelector().text(_Edit Profile_)_20260817_152005.xml
2026-08-17 15:20:08 [ERROR   ] base_page.py:50 — Element not visible after 3s: ('id', 'com.zee5.hipi:id/exo_content_frame')
2026-08-17 15:20:08 [INFO    ] screenshot_utils.py:60 — Screenshot saved: reports/screenshots/element_not_visible_com.zee5.hipi_id_exo_content_frame_20260817_152008.png
2026-08-17 15:20:08 [INFO    ] screenshot_utils.py:83 — Page source saved: reports/screenshots/element_not_visible_com.zee5.hipi_id_exo_content_frame_20260817_152008.xml
2026-08-17 15:20:08 [INFO    ] gestures.py:29 — Tap performed at X:760 Y:2246
2026-08-17 15:20:09 [INFO    ] base_page.py:84 — wait_for_any_visible matched: ('class name', 'android.widget.EditText')
2026-08-17 15:20:09 [INFO    ] login_page.py:147 — Profile tab opened (coordinate tap, verified)
2026-08-17 15:20:14 [ERROR   ] base_page.py:50 — Element not visible after 5s: ('-android uiautomator', 'new UiSelector().textContains("Continue")')
2026-08-17 15:20:15 [INFO    ] screenshot_utils.py:60 — Screenshot saved: reports/screenshots/element_not_visible_new UiSelector().textContains(_Continue_)_20260817_152014.png
2026-08-17 15:20:15 [INFO    ] screenshot_utils.py:83 — Page source saved: reports/screenshots/element_not_visible_new UiSelector().textContains(_Continue_)_20260817_152015.xml
2026-08-17 15:20:15 [INFO    ] login_page.py:276 — Entering mobile number: 9876543210
2026-08-17 15:20:16 [INFO    ] base_page.py:136 — Entered text '9876543210' into ('class name', 'android.widget.EditText')
2026-08-17 15:20:18 [INFO    ] login_page.py:290 — Mobile number entered
2026-08-17 15:20:18 [INFO    ] login_page.py:315 — Clicking proceed button
2026-08-17 15:20:29 [ERROR   ] base_page.py:59 — Element not clickable after 10s: ('accessibility id', 'Proceed')
2026-08-17 15:20:29 [INFO    ] screenshot_utils.py:60 — Screenshot saved: reports/screenshots/element_not_clickable_Proceed_20260817_152029.png
2026-08-17 15:20:29 [INFO    ] screenshot_utils.py:83 — Page source saved: reports/screenshots/element_not_clickable_Proceed_20260817_152029.xml
2026-08-17 15:20:29 [ERROR   ] base_page.py:118 — Click failed on attempt 1 for ('accessibility id', 'Proceed'): Message: 
Stacktrace:
NoSuchElementError: An element could not be located on the page using the given search parameters.
    at AndroidUiautomator2Driver.findElOrEls (/Users/vc.rajdeep.kumar/.appium/node_modules/appium-uiautomator2-driver/node_modules/appium-android-driver/build/lib/commands/find.js:62:15)
    at process.processTicksAndRejections (node:internal/process/task_queues:104:5)
    at async AndroidUiautomator2Driver.findElOrElsWithProcessing (/opt/homebrew/lib/node_modules/appium/node_modules/@appium/base-driver/build/lib/basedriver/commands/find.js:12:16)
    at async AndroidUiautomator2Driver.findElement (/opt/homebrew/lib/node_modules/appium/node_modules/@appium/base-driver/build/lib/basedriver/commands/find.js:27:16)
2026-08-17 15:20:29 [WARNING ] base_page.py:262 — Attempting to recover application state...
2026-08-17 15:20:32 [INFO    ] base_page.py:266 — App recovery attempt completed.
2026-08-17 15:20:43 [ERROR   ] base_page.py:59 — Element not clickable after 10s: ('accessibility id', 'Proceed')
2026-08-17 15:20:43 [INFO    ] screenshot_utils.py:60 — Screenshot saved: reports/screenshots/element_not_clickable_Proceed_20260817_152043.png
2026-08-17 15:20:43 [INFO    ] screenshot_utils.py:83 — Page source saved: reports/screenshots/element_not_clickable_Proceed_20260817_152043.xml
2026-08-17 15:20:43 [ERROR   ] base_page.py:118 — Click failed on attempt 2 for ('accessibility id', 'Proceed'): Message: 
Stacktrace:
NoSuchElementError: An element could not be located on the page using the given search parameters.
    at AndroidUiautomator2Driver.findElOrEls (/Users/vc.rajdeep.kumar/.appium/node_modules/appium-uiautomator2-driver/node_modules/appium-android-driver/build/lib/commands/find.js:62:15)
    at process.processTicksAndRejections (node:internal/process/task_queues:104:5)
    at async AndroidUiautomator2Driver.findElOrElsWithProcessing (/opt/homebrew/lib/node_modules/appium/node_modules/@appium/base-driver/build/lib/basedriver/commands/find.js:12:16)
    at async AndroidUiautomator2Driver.findElement (/opt/homebrew/lib/node_modules/appium/node_modules/@appium/base-driver/build/lib/basedriver/commands/find.js:27:16)
2026-08-17 15:20:43 [WARNING ] base_page.py:262 — Attempting to recover application state...
2026-08-17 15:20:46 [INFO    ] base_page.py:266 — App recovery attempt completed.
2026-08-17 15:20:56 [ERROR   ] base_page.py:59 — Element not clickable after 10s: ('accessibility id', 'Proceed')
2026-08-17 15:20:57 [INFO    ] screenshot_utils.py:60 — Screenshot saved: reports/screenshots/element_not_clickable_Proceed_20260817_152056.png
2026-08-17 15:20:57 [INFO    ] screenshot_utils.py:83 — Page source saved: reports/screenshots/element_not_clickable_Proceed_20260817_152057.xml
2026-08-17 15:20:57 [ERROR   ] base_page.py:118 — Click failed on attempt 3 for ('accessibility id', 'Proceed'): Message: 
Stacktrace:
NoSuchElementError: An element could not be located on the page using the given search parameters.
    at AndroidUiautomator2Driver.findElOrEls (/Users/vc.rajdeep.kumar/.appium/node_modules/appium-uiautomator2-driver/node_modules/appium-android-driver/build/lib/commands/find.js:62:15)
    at process.processTicksAndRejections (node:internal/process/task_queues:104:5)
    at async AndroidUiautomator2Driver.findElOrElsWithProcessing (/opt/homebrew/lib/node_modules/appium/node_modules/@appium/base-driver/build/lib/basedriver/commands/find.js:12:16)
    at async AndroidUiautomator2Driver.findElement (/opt/homebrew/lib/node_modules/appium/node_modules/@appium/base-driver/build/lib/basedriver/commands/find.js:27:16)
2026-08-17 15:20:57 [WARNING ] base_page.py:262 — Attempting to recover application state...
2026-08-17 15:21:00 [INFO    ] base_page.py:266 — App recovery attempt completed.
2026-08-17 15:21:00 [INFO    ] screenshot_utils.py:60 — Screenshot saved: reports/screenshots/click_failed_20260817_152100.png
2026-08-17 15:21:00 [INFO    ] screenshot_utils.py:83 — Page source saved: reports/screenshots/click_failed_20260817_152100.xml
2026-08-17 15:21:00 [ERROR   ] login_page.py:333 — Proceed button failed: Unable to click ('accessibility id', 'Proceed') after 3 retries. Last exception: Message: 
Stacktrace:
NoSuchElementError: An element could not be located on the page using the given search parameters.
    at AndroidUiautomator2Driver.findElOrEls (/Users/vc.rajdeep.kumar/.appium/node_modules/appium-uiautomator2-driver/node_modules/appium-android-driver/build/lib/commands/find.js:62:15)
    at process.processTicksAndRejections (node:internal/process/task_queues:104:5)
    at async AndroidUiautomator2Driver.findElOrElsWithProcessing (/opt/homebrew/lib/node_modules/appium/node_modules/@appium/base-driver/build/lib/basedriver/commands/find.js:12:16)
    at async AndroidUiautomator2Driver.findElement (/opt/homebrew/lib/node_modules/appium/node_modules/@appium/base-driver/build/lib/basedriver/commands/find.js:27:16)
2026-08-17 15:21:01 [INFO    ] screenshot_utils.py:60 — Screenshot saved: reports/screenshots/proceed_button_failed_20260817_152100.png
2026-08-17 15:21:01 [INFO    ] screenshot_utils.py:83 — Page source saved: reports/screenshots/proceed_button_failed_20260817_152101.xml
2026-08-17 15:21:01 [ERROR   ] login_page.py:725 — Login flow failed: Unable to click ('accessibility id', 'Proceed') after 3 retries. Last exception: Message: 
Stacktrace:
NoSuchElementError: An element could not be located on the page using the given search parameters.
    at AndroidUiautomator2Driver.findElOrEls (/Users/vc.rajdeep.kumar/.appium/node_modules/appium-uiautomator2-driver/node_modules/appium-android-driver/build/lib/commands/find.js:62:15)
    at process.processTicksAndRejections (node:internal/process/task_queues:104:5)
    at async AndroidUiautomator2Driver.findElOrElsWithProcessing (/opt/homebrew/lib/node_modules/appium/node_modules/@appium/base-driver/build/lib/basedriver/commands/find.js:12:16)
    at async AndroidUiautomator2Driver.findElement (/opt/homebrew/lib/node_modules/appium/node_modules/@appium/base-driver/build/lib/basedriver/commands/find.js:27:16)
2026-08-17 15:21:01 [INFO    ] screenshot_utils.py:60 — Screenshot saved: reports/screenshots/login_failed_20260817_152101.png
2026-08-17 15:21:01 [INFO    ] screenshot_utils.py:83 — Page source saved: reports/screenshots/login_failed_20260817_152101.xml
2026-08-17 15:21:02 [INFO    ] screenshot_utils.py:60 — Screenshot saved: reports/screenshots/test_three_dots_close_via_cross_20260817_152101.png
2026-08-17 15:21:02 [INFO    ] screenshot_utils.py:83 — Page source saved: reports/screenshots/test_three_dots_close_via_cross_20260817_152102.xml
2026-08-17 15:21:02 [ERROR   ] conftest.py:419 — Test FAILED: test_three_dots_close_via_cross
2026-08-17 15:21:02 [INFO    ] conftest.py:326 — Closing driver session.
2026-08-17 15:21:02 [INFO    ] conftest.py:291 — ==================================================
2026-08-17 15:21:02 [INFO    ] conftest.py:292 — DRIVER SETUP START
2026-08-17 15:21:02 [INFO    ] conftest.py:293 — ==================================================
2026-08-17 15:21:02 [INFO    ] conftest.py:158 — Driver creation attempt 1/3
2026-08-17 15:21:04 [INFO    ] driver_factory.py:53 — ========== DRIVER CREATION START ==========
2026-08-17 15:21:04 [INFO    ] driver_factory.py:70 — Device: emulator | Env: qa | Platform: Android
2026-08-17 15:21:04 [INFO    ] driver_factory.py:136 — Device Name: Android Emulator
2026-08-17 15:21:04 [INFO    ] driver_factory.py:137 — UDID: emulator-5554
2026-08-17 15:21:04 [INFO    ] driver_factory.py:151 — App Package: com.zee5.hipi (noReset=true, activity not set)
2026-08-17 15:21:07 [INFO    ] driver_factory.py:112 — App launched by driver. Waiting for stabilization...
2026-08-17 15:21:09 [INFO    ] driver_factory.py:115 — ========== DRIVER CREATED SUCCESSFULLY ==========
2026-08-17 15:21:09 [INFO    ] conftest.py:302 — Driver created successfully.
2026-08-17 15:21:12 [INFO    ] popup_handler.py:122 — Checking for 'Get Started' screen...
2026-08-17 15:21:15 [INFO    ] popup_handler.py:134 — 'Get Started' screen not present — skipping.
2026-08-17 15:21:15 [INFO    ] conftest.py:217 — App readiness probe: HiPi is in foreground (com.zee5.hipi).
2026-08-17 15:21:15 [INFO    ] conftest.py:315 — DRIVER SETUP COMPLETE
2026-08-17 15:21:15 [INFO    ] base_test.py:20 — BaseTest setup completed.
2026-08-17 15:21:15 [INFO    ] base_test.py:58 — login_and_reach_feed: START
2026-08-17 15:21:15 [INFO    ] base_test.py:30 — Logging in as default test user.
2026-08-17 15:21:15 [INFO    ] login_page.py:591 — ========== LOGIN FLOW START ==========
2026-08-17 15:21:16 [INFO    ] login_page.py:43 — Opening profile tab
2026-08-17 15:21:17 [INFO    ] login_page.py:53 — Profile tab open attempt 1/2
2026-08-17 15:21:26 [ERROR   ] base_page.py:59 — Element not clickable after 8s: ('xpath', "//android.view.View[@clickable='true'][.//android.widget.TextView[@text='Profile']]")
2026-08-17 15:21:27 [INFO    ] screenshot_utils.py:60 — Screenshot saved: reports/screenshots/element_not_clickable___android.view.View__clickable=_true___.__android.widget.TextView__text=_Profile____20260817_152126.png
2026-08-17 15:21:27 [INFO    ] screenshot_utils.py:83 — Page source saved: reports/screenshots/element_not_clickable___android.view.View__clickable=_true___.__android.widget.TextView__text=_Profile____20260817_152127.xml
2026-08-17 15:21:27 [ERROR   ] base_page.py:118 — Click failed on attempt 1 for ('xpath', "//android.view.View[@clickable='true'][.//android.widget.TextView[@text='Profile']]"): Message: 
Stacktrace:
NoSuchElementError: An element could not be located on the page using the given search parameters.
    at AndroidUiautomator2Driver.findElOrEls (/Users/vc.rajdeep.kumar/.appium/node_modules/appium-uiautomator2-driver/node_modules/appium-android-driver/build/lib/commands/find.js:62:15)
    at process.processTicksAndRejections (node:internal/process/task_queues:104:5)
    at async AndroidUiautomator2Driver.findElOrElsWithProcessing (/opt/homebrew/lib/node_modules/appium/node_modules/@appium/base-driver/build/lib/basedriver/commands/find.js:12:16)
    at async AndroidUiautomator2Driver.findElement (/opt/homebrew/lib/node_modules/appium/node_modules/@appium/base-driver/build/lib/basedriver/commands/find.js:27:16)
2026-08-17 15:21:27 [WARNING ] base_page.py:262 — Attempting to recover application state...
2026-08-17 15:21:30 [INFO    ] base_page.py:266 — App recovery attempt completed.
2026-08-17 15:21:30 [INFO    ] screenshot_utils.py:60 — Screenshot saved: reports/screenshots/click_failed_20260817_152130.png
2026-08-17 15:21:30 [INFO    ] screenshot_utils.py:83 — Page source saved: reports/screenshots/click_failed_20260817_152130.xml
2026-08-17 15:21:30 [WARNING ] login_page.py:98 — Element-based click failed: Unable to click ('xpath', "//android.view.View[@clickable='true'][.//android.widget.TextView[@text='Profile']]") after 1 retries. Last exception: Message: 
Stacktrace:
NoSuchElementError: An element could not be located on the page using the given search parameters.
    at AndroidUiautomator2Driver.findElOrEls (/Users/vc.rajdeep.kumar/.appium/node_modules/appium-uiautomator2-driver/node_modules/appium-android-driver/build/lib/commands/find.js:62:15)
    at process.processTicksAndRejections (node:internal/process/task_queues:104:5)
    at async AndroidUiautomator2Driver.findElOrElsWithProcessing (/opt/homebrew/lib/node_modules/appium/node_modules/@appium/base-driver/build/lib/basedriver/commands/find.js:12:16)
    at async AndroidUiautomator2Driver.findElement (/opt/homebrew/lib/node_modules/appium/node_modules/@appium/base-driver/build/lib/basedriver/commands/find.js:27:16)
2026-08-17 15:21:38 [ERROR   ] base_page.py:50 — Element not visible after 8s: ('-android uiautomator', 'new UiSelector().text("Edit Profile")')
2026-08-17 15:21:39 [INFO    ] screenshot_utils.py:60 — Screenshot saved: reports/screenshots/element_not_visible_new UiSelector().text(_Edit Profile_)_20260817_152138.png
2026-08-17 15:21:39 [INFO    ] screenshot_utils.py:83 — Page source saved: reports/screenshots/element_not_visible_new UiSelector().text(_Edit Profile_)_20260817_152139.xml
2026-08-17 15:21:42 [ERROR   ] base_page.py:50 — Element not visible after 3s: ('id', 'com.zee5.hipi:id/exo_content_frame')
2026-08-17 15:21:43 [INFO    ] screenshot_utils.py:60 — Screenshot saved: reports/screenshots/element_not_visible_com.zee5.hipi_id_exo_content_frame_20260817_152142.png
2026-08-17 15:21:43 [INFO    ] screenshot_utils.py:83 — Page source saved: reports/screenshots/element_not_visible_com.zee5.hipi_id_exo_content_frame_20260817_152143.xml
2026-08-17 15:21:43 [INFO    ] gestures.py:29 — Tap performed at X:760 Y:2246
2026-08-17 15:21:44 [INFO    ] base_page.py:84 — wait_for_any_visible matched: ('class name', 'android.widget.EditText')
2026-08-17 15:21:44 [INFO    ] login_page.py:147 — Profile tab opened (coordinate tap, verified)
2026-08-17 15:21:49 [ERROR   ] base_page.py:50 — Element not visible after 5s: ('-android uiautomator', 'new UiSelector().textContains("Continue")')
2026-08-17 15:21:50 [INFO    ] screenshot_utils.py:60 — Screenshot saved: reports/screenshots/element_not_visible_new UiSelector().textContains(_Continue_)_20260817_152149.png
2026-08-17 15:21:51 [INFO    ] screenshot_utils.py:83 — Page source saved: reports/screenshots/element_not_visible_new UiSelector().textContains(_Continue_)_20260817_152150.xml
2026-08-17 15:21:51 [INFO    ] login_page.py:276 — Entering mobile number: 9876543210
2026-08-17 15:21:53 [INFO    ] base_page.py:136 — Entered text '9876543210' into ('class name', 'android.widget.EditText')
2026-08-17 15:21:55 [INFO    ] login_page.py:290 — Mobile number entered
2026-08-17 15:21:55 [INFO    ] login_page.py:315 — Clicking proceed button
2026-08-17 15:37:01 [ERROR   ] base_page.py:118 — Click failed on attempt 1 for ('accessibility id', 'Proceed'): Message: Could not proxy command to the remote server. Original error: timeout of 240000ms exceeded
Stacktrace:
UnknownError: Could not proxy command to the remote server. Original error: timeout of 240000ms exceeded
    at ProxyRequestError.getActualError (/opt/homebrew/lib/node_modules/appium/node_modules/@appium/base-driver/build/lib/protocol/errors.js:692:16)
    at UIA2Proxy.command (/opt/homebrew/lib/node_modules/appium/node_modules/@appium/base-driver/build/lib/jsonwp-proxy/proxy.js:270:27)
    at processTicksAndRejections (node:internal/process/task_queues:104:5)
    at runNextTicks (node:internal/process/task_queues:69:3)
    at process.processTimers (node:internal/timers:538:9)
    at async AndroidUiautomator2Driver.doFindElementOrEls (/Users/vc.rajdeep.kumar/.appium/node_modules/appium-uiautomator2-driver/build/lib/commands/find.js:24:13)
    at async doFind (/Users/vc.rajdeep.kumar/.appium/node_modules/appium-uiautomator2-driver/node_modules/appium-android-driver/build/lib/commands/find.js:24:23)
    at async wrappedCondFn (/opt/homebrew/lib/node_modules/appium/node_modules/@appium/base-driver/build/lib/basedriver/commands/timeout.js:97:20)
    at async spin (/opt/homebrew/lib/node_modules/appium/node_modules/asyncbox/build/lib/asyncbox.js:174:24)
    at async waitForCondition (/opt/homebrew/lib/node_modules/appium/node_modules/asyncbox/build/lib/asyncbox.js:192:12)
    at async AndroidUiautomator2Driver.implicitWaitForCondition (/opt/homebrew/lib/node_modules/appium/node_modules/@appium/base-driver/build/lib/basedriver/commands/timeout.js:99:16)
    at async AndroidUiautomator2Driver.findElOrEls (/Users/vc.rajdeep.kumar/.appium/node_modules/appium-uiautomator2-driver/node_modules/appium-android-driver/build/lib/commands/find.js:45:9)
    at async AndroidUiautomator2Driver.findElOrElsWithProcessing (/opt/homebrew/lib/node_modules/appium/node_modules/@appium/base-driver/build/lib/basedriver/commands/find.js:12:16)
    at async AndroidUiautomator2Driver.findElement (/opt/homebrew/lib/node_modules/appium/node_modules/@appium/base-driver/build/lib/basedriver/commands/find.js:27:16)
2026-08-17 15:37:01 [WARNING ] base_page.py:262 — Attempting to recover application state...
2026-08-17 15:37:04 [INFO    ] base_page.py:266 — App recovery attempt completed.
2026-08-17 15:37:24 [ERROR   ] base_page.py:59 — Element not clickable after 10s: ('accessibility id', 'Proceed')
2026-08-17 15:37:25 [INFO    ] screenshot_utils.py:60 — Screenshot saved: reports/screenshots/element_not_clickable_Proceed_20260817_153724.png
2026-08-17 15:37:26 [INFO    ] screenshot_utils.py:83 — Page source saved: reports/screenshots/element_not_clickable_Proceed_20260817_153725.xml
2026-08-17 15:37:26 [ERROR   ] base_page.py:118 — Click failed on attempt 2 for ('accessibility id', 'Proceed'): Message: 
Stacktrace:
NoSuchElementError: An element could not be located on the page using the given search parameters.
    at AndroidUiautomator2Driver.findElOrEls (/Users/vc.rajdeep.kumar/.appium/node_modules/appium-uiautomator2-driver/node_modules/appium-android-driver/build/lib/commands/find.js:62:15)
    at process.processTicksAndRejections (node:internal/process/task_queues:104:5)
    at async AndroidUiautomator2Driver.findElOrElsWithProcessing (/opt/homebrew/lib/node_modules/appium/node_modules/@appium/base-driver/build/lib/basedriver/commands/find.js:12:16)
    at async AndroidUiautomator2Driver.findElement (/opt/homebrew/lib/node_modules/appium/node_modules/@appium/base-driver/build/lib/basedriver/commands/find.js:27:16)
2026-08-17 15:37:26 [WARNING ] base_page.py:262 — Attempting to recover application state...
2026-08-17 15:37:29 [INFO    ] base_page.py:266 — App recovery attempt completed.
2026-08-17 15:37:39 [ERROR   ] base_page.py:59 — Element not clickable after 10s: ('accessibility id', 'Proceed')
2026-08-17 15:37:39 [INFO    ] screenshot_utils.py:60 — Screenshot saved: reports/screenshots/element_not_clickable_Proceed_20260817_153739.png
2026-08-17 15:37:40 [INFO    ] screenshot_utils.py:83 — Page source saved: reports/screenshots/element_not_clickable_Proceed_20260817_153739.xml
2026-08-17 15:37:40 [ERROR   ] base_page.py:118 — Click failed on attempt 3 for ('accessibility id', 'Proceed'): Message: 
Stacktrace:
NoSuchElementError: An element could not be located on the page using the given search parameters.
    at AndroidUiautomator2Driver.findElOrEls (/Users/vc.rajdeep.kumar/.appium/node_modules/appium-uiautomator2-driver/node_modules/appium-android-driver/build/lib/commands/find.js:62:15)
    at process.processTicksAndRejections (node:internal/process/task_queues:104:5)
    at async AndroidUiautomator2Driver.findElOrElsWithProcessing (/opt/homebrew/lib/node_modules/appium/node_modules/@appium/base-driver/build/lib/basedriver/commands/find.js:12:16)
    at async AndroidUiautomator2Driver.findElement (/opt/homebrew/lib/node_modules/appium/node_modules/@appium/base-driver/build/lib/basedriver/commands/find.js:27:16)
2026-08-17 15:37:40 [WARNING ] base_page.py:262 — Attempting to recover application state...
2026-08-17 15:37:43 [INFO    ] base_page.py:266 — App recovery attempt completed.
2026-08-17 15:37:43 [INFO    ] screenshot_utils.py:60 — Screenshot saved: reports/screenshots/click_failed_20260817_153743.png
2026-08-17 15:37:43 [INFO    ] screenshot_utils.py:83 — Page source saved: reports/screenshots/click_failed_20260817_153743.xml
2026-08-17 15:37:43 [ERROR   ] login_page.py:333 — Proceed button failed: Unable to click ('accessibility id', 'Proceed') after 3 retries. Last exception: Message: 
Stacktrace:
NoSuchElementError: An element could not be located on the page using the given search parameters.
    at AndroidUiautomator2Driver.findElOrEls (/Users/vc.rajdeep.kumar/.appium/node_modules/appium-uiautomator2-driver/node_modules/appium-android-driver/build/lib/commands/find.js:62:15)
    at process.processTicksAndRejections (node:internal/process/task_queues:104:5)
    at async AndroidUiautomator2Driver.findElOrElsWithProcessing (/opt/homebrew/lib/node_modules/appium/node_modules/@appium/base-driver/build/lib/basedriver/commands/find.js:12:16)
    at async AndroidUiautomator2Driver.findElement (/opt/homebrew/lib/node_modules/appium/node_modules/@appium/base-driver/build/lib/basedriver/commands/find.js:27:16)
2026-08-17 15:37:43 [INFO    ] screenshot_utils.py:60 — Screenshot saved: reports/screenshots/proceed_button_failed_20260817_153743.png
2026-08-17 15:37:43 [INFO    ] screenshot_utils.py:83 — Page source saved: reports/screenshots/proceed_button_failed_20260817_153743.xml
2026-08-17 15:37:43 [ERROR   ] login_page.py:725 — Login flow failed: Unable to click ('accessibility id', 'Proceed') after 3 retries. Last exception: Message: 
Stacktrace:
NoSuchElementError: An element could not be located on the page using the given search parameters.
    at AndroidUiautomator2Driver.findElOrEls (/Users/vc.rajdeep.kumar/.appium/node_modules/appium-uiautomator2-driver/node_modules/appium-android-driver/build/lib/commands/find.js:62:15)
    at process.processTicksAndRejections (node:internal/process/task_queues:104:5)
    at async AndroidUiautomator2Driver.findElOrElsWithProcessing (/opt/homebrew/lib/node_modules/appium/node_modules/@appium/base-driver/build/lib/basedriver/commands/find.js:12:16)
    at async AndroidUiautomator2Driver.findElement (/opt/homebrew/lib/node_modules/appium/node_modules/@appium/base-driver/build/lib/basedriver/commands/find.js:27:16)
2026-08-17 15:37:44 [INFO    ] screenshot_utils.py:60 — Screenshot saved: reports/screenshots/login_failed_20260817_153743.png
2026-08-17 15:37:44 [INFO    ] screenshot_utils.py:83 — Page source saved: reports/screenshots/login_failed_20260817_153744.xml
2026-08-17 15:37:44 [INFO    ] screenshot_utils.py:60 — Screenshot saved: reports/screenshots/test_three_dots_close_via_cancel_20260817_153744.png
2026-08-17 15:37:44 [INFO    ] screenshot_utils.py:83 — Page source saved: reports/screenshots/test_three_dots_close_via_cancel_20260817_153744.xml
2026-08-17 15:37:44 [ERROR   ] conftest.py:419 — Test FAILED: test_three_dots_close_via_cancel
2026-08-17 15:37:44 [INFO    ] conftest.py:326 — Closing driver session.
2026-08-17 15:37:45 [INFO    ] conftest.py:291 — ==================================================
2026-08-17 15:37:45 [INFO    ] conftest.py:292 — DRIVER SETUP START
2026-08-17 15:37:45 [INFO    ] conftest.py:293 — ==================================================
2026-08-17 15:37:45 [INFO    ] conftest.py:158 — Driver creation attempt 1/3
2026-08-17 15:37:46 [INFO    ] driver_factory.py:53 — ========== DRIVER CREATION START ==========
2026-08-17 15:37:46 [INFO    ] driver_factory.py:70 — Device: emulator | Env: qa | Platform: Android
2026-08-17 15:37:46 [INFO    ] driver_factory.py:136 — Device Name: Android Emulator
2026-08-17 15:37:46 [INFO    ] driver_factory.py:137 — UDID: emulator-5554
2026-08-17 15:37:46 [INFO    ] driver_factory.py:151 — App Package: com.zee5.hipi (noReset=true, activity not set)
2026-08-17 15:37:49 [INFO    ] driver_factory.py:112 — App launched by driver. Waiting for stabilization...
2026-08-17 15:37:51 [INFO    ] driver_factory.py:115 — ========== DRIVER CREATED SUCCESSFULLY ==========
2026-08-17 15:37:51 [INFO    ] conftest.py:302 — Driver created successfully.
2026-08-17 15:37:55 [INFO    ] popup_handler.py:122 — Checking for 'Get Started' screen...
2026-08-17 15:37:58 [INFO    ] popup_handler.py:134 — 'Get Started' screen not present — skipping.
2026-08-17 15:37:58 [INFO    ] conftest.py:217 — App readiness probe: HiPi is in foreground (com.zee5.hipi).
2026-08-17 15:37:58 [INFO    ] conftest.py:315 — DRIVER SETUP COMPLETE
2026-08-17 15:37:58 [INFO    ] base_test.py:20 — BaseTest setup completed.
2026-08-17 15:37:58 [INFO    ] base_test.py:58 — login_and_reach_feed: START
2026-08-17 15:37:58 [INFO    ] base_test.py:30 — Logging in as default test user.
2026-08-17 15:37:58 [INFO    ] login_page.py:591 — ========== LOGIN FLOW START ==========
2026-08-17 15:37:59 [INFO    ] login_page.py:43 — Opening profile tab
2026-08-17 15:38:00 [INFO    ] login_page.py:53 — Profile tab open attempt 1/2
2026-08-17 15:40:34 [ERROR   ] base_page.py:118 — Click failed on attempt 1 for ('xpath', "//android.view.View[@clickable='true'][.//android.widget.TextView[@text='Profile']]"): Message: A session is either terminated or not started
Stacktrace:
NoSuchDriverError: A session is either terminated or not started
    at asyncHandler (/opt/homebrew/lib/node_modules/appium/node_modules/@appium/base-driver/build/lib/protocol/protocol.js:293:23)
    at /opt/homebrew/lib/node_modules/appium/node_modules/@appium/base-driver/build/lib/protocol/protocol.js:447:36
    at Layer.handleRequest (/opt/homebrew/lib/node_modules/appium/node_modules/router/lib/layer.js:152:17)
    at next (/opt/homebrew/lib/node_modules/appium/node_modules/router/lib/route.js:157:13)
    at Route.dispatch (/opt/homebrew/lib/node_modules/appium/node_modules/router/lib/route.js:117:3)
    at handle (/opt/homebrew/lib/node_modules/appium/node_modules/router/index.js:435:11)
    at Layer.handleRequest (/opt/homebrew/lib/node_modules/appium/node_modules/router/lib/layer.js:152:17)
    at /opt/homebrew/lib/node_modules/appium/node_modules/router/index.js:295:15
    at param (/opt/homebrew/lib/node_modules/appium/node_modules/router/index.js:600:14)
    at param (/opt/homebrew/lib/node_modules/appium/node_modules/router/index.js:610:14)
    at processParams (/opt/homebrew/lib/node_modules/appium/node_modules/router/index.js:664:3)
    at next (/opt/homebrew/lib/node_modules/appium/node_modules/router/index.js:291:5)
    at logger (/opt/homebrew/lib/node_modules/appium/node_modules/morgan/index.js:144:5)
    at Layer.handleRequest (/opt/homebrew/lib/node_modules/appium/node_modules/router/lib/layer.js:152:17)
    at trimPrefix (/opt/homebrew/lib/node_modules/appium/node_modules/router/index.js:342:13)
    at /opt/homebrew/lib/node_modules/appium/node_modules/router/index.js:297:9
    at processParams (/opt/homebrew/lib/node_modules/appium/node_modules/router/index.js:582:12)
    at next (/opt/homebrew/lib/node_modules/appium/node_modules/router/index.js:291:5)
    at /opt/homebrew/lib/node_modules/appium/node_modules/body-parser/lib/read.js:171:5
    at AsyncResource.runInAsyncScope (node:async_hooks:226:14)
    at invokeCallback (/opt/homebrew/lib/node_modules/appium/node_modules/raw-body/index.js:238:16)
    at done (/opt/homebrew/lib/node_modules/appium/node_modules/raw-body/index.js:227:7)
2026-08-17 15:40:34 [WARNING ] base_page.py:262 — Attempting to recover application state...
2026-08-17 15:40:34 [ERROR   ] base_page.py:257 — Failed to ensure app is in foreground: Message: A session is either terminated or not started
Stacktrace:
NoSuchDriverError: A session is either terminated or not started
    at asyncHandler (/opt/homebrew/lib/node_modules/appium/node_modules/@appium/base-driver/build/lib/protocol/protocol.js:293:23)
    at /opt/homebrew/lib/node_modules/appium/node_modules/@appium/base-driver/build/lib/protocol/protocol.js:447:36
    at Layer.handleRequest (/opt/homebrew/lib/node_modules/appium/node_modules/router/lib/layer.js:152:17)
    at next (/opt/homebrew/lib/node_modules/appium/node_modules/router/lib/route.js:157:13)
    at Route.dispatch (/opt/homebrew/lib/node_modules/appium/node_modules/router/lib/route.js:117:3)
    at handle (/opt/homebrew/lib/node_modules/appium/node_modules/router/index.js:435:11)
    at Layer.handleRequest (/opt/homebrew/lib/node_modules/appium/node_modules/router/lib/layer.js:152:17)
    at /opt/homebrew/lib/node_modules/appium/node_modules/router/index.js:295:15
    at param (/opt/homebrew/lib/node_modules/appium/node_modules/router/index.js:600:14)
    at param (/opt/homebrew/lib/node_modules/appium/node_modules/router/index.js:610:14)
    at processParams (/opt/homebrew/lib/node_modules/appium/node_modules/router/index.js:664:3)
    at next (/opt/homebrew/lib/node_modules/appium/node_modules/router/index.js:291:5)
    at logger (/opt/homebrew/lib/node_modules/appium/node_modules/morgan/index.js:144:5)
    at Layer.handleRequest (/opt/homebrew/lib/node_modules/appium/node_modules/router/lib/layer.js:152:17)
    at trimPrefix (/opt/homebrew/lib/node_modules/appium/node_modules/router/index.js:342:13)
    at /opt/homebrew/lib/node_modules/appium/node_modules/router/index.js:297:9
    at processParams (/opt/homebrew/lib/node_modules/appium/node_modules/router/index.js:582:12)
    at next (/opt/homebrew/lib/node_modules/appium/node_modules/router/index.js:291:5)
    at /opt/homebrew/lib/node_modules/appium/node_modules/body-parser/lib/read.js:171:5
    at AsyncResource.runInAsyncScope (node:async_hooks:226:14)
    at invokeCallback (/opt/homebrew/lib/node_modules/appium/node_modules/raw-body/index.js:238:16)
    at done (/opt/homebrew/lib/node_modules/appium/node_modules/raw-body/index.js:227:7)
2026-08-17 15:40:34 [ERROR   ] screenshot_utils.py:64 — Screenshot capture failed: Message: A session is either terminated or not started
Stacktrace:
NoSuchDriverError: A session is either terminated or not started
    at asyncHandler (/opt/homebrew/lib/node_modules/appium/node_modules/@appium/base-driver/build/lib/protocol/protocol.js:293:23)
    at /opt/homebrew/lib/node_modules/appium/node_modules/@appium/base-driver/build/lib/protocol/protocol.js:447:36
    at Layer.handleRequest (/opt/homebrew/lib/node_modules/appium/node_modules/router/lib/layer.js:152:17)
    at next (/opt/homebrew/lib/node_modules/appium/node_modules/router/lib/route.js:157:13)
    at Route.dispatch (/opt/homebrew/lib/node_modules/appium/node_modules/router/lib/route.js:117:3)
    at handle (/opt/homebrew/lib/node_modules/appium/node_modules/router/index.js:435:11)
    at Layer.handleRequest (/opt/homebrew/lib/node_modules/appium/node_modules/router/lib/layer.js:152:17)
    at /opt/homebrew/lib/node_modules/appium/node_modules/router/index.js:295:15
    at param (/opt/homebrew/lib/node_modules/appium/node_modules/router/index.js:600:14)
    at param (/opt/homebrew/lib/node_modules/appium/node_modules/router/index.js:610:14)
    at processParams (/opt/homebrew/lib/node_modules/appium/node_modules/router/index.js:664:3)
    at next (/opt/homebrew/lib/node_modules/appium/node_modules/router/index.js:291:5)
    at logger (/opt/homebrew/lib/node_modules/appium/node_modules/morgan/index.js:144:5)
    at Layer.handleRequest (/opt/homebrew/lib/node_modules/appium/node_modules/router/lib/layer.js:152:17)
    at trimPrefix (/opt/homebrew/lib/node_modules/appium/node_modules/router/index.js:342:13)
    at /opt/homebrew/lib/node_modules/appium/node_modules/router/index.js:297:9
    at processParams (/opt/homebrew/lib/node_modules/appium/node_modules/router/index.js:582:12)
    at next (/opt/homebrew/lib/node_modules/appium/node_modules/router/index.js:291:5)
    at read (/opt/homebrew/lib/node_modules/appium/node_modules/body-parser/lib/read.js:53:5)
    at jsonParser (/opt/homebrew/lib/node_modules/appium/node_modules/body-parser/lib/types/json.js:88:5)
    at Layer.handleRequest (/opt/homebrew/lib/node_modules/appium/node_modules/router/lib/layer.js:152:17)
    at trimPrefix (/opt/homebrew/lib/node_modules/appium/node_modules/router/index.js:342:13)
2026-08-17 15:40:34 [ERROR   ] screenshot_utils.py:87 — Page source save failed: Message: A session is either terminated or not started
Stacktrace:
NoSuchDriverError: A session is either terminated or not started
    at asyncHandler (/opt/homebrew/lib/node_modules/appium/node_modules/@appium/base-driver/build/lib/protocol/protocol.js:293:23)
    at /opt/homebrew/lib/node_modules/appium/node_modules/@appium/base-driver/build/lib/protocol/protocol.js:447:36
    at Layer.handleRequest (/opt/homebrew/lib/node_modules/appium/node_modules/router/lib/layer.js:152:17)
    at next (/opt/homebrew/lib/node_modules/appium/node_modules/router/lib/route.js:157:13)
    at Route.dispatch (/opt/homebrew/lib/node_modules/appium/node_modules/router/lib/route.js:117:3)
    at handle (/opt/homebrew/lib/node_modules/appium/node_modules/router/index.js:435:11)
    at Layer.handleRequest (/opt/homebrew/lib/node_modules/appium/node_modules/router/lib/layer.js:152:17)
    at /opt/homebrew/lib/node_modules/appium/node_modules/router/index.js:295:15
    at param (/opt/homebrew/lib/node_modules/appium/node_modules/router/index.js:600:14)
    at param (/opt/homebrew/lib/node_modules/appium/node_modules/router/index.js:610:14)
    at processParams (/opt/homebrew/lib/node_modules/appium/node_modules/router/index.js:664:3)
    at next (/opt/homebrew/lib/node_modules/appium/node_modules/router/index.js:291:5)
    at logger (/opt/homebrew/lib/node_modules/appium/node_modules/morgan/index.js:144:5)
    at Layer.handleRequest (/opt/homebrew/lib/node_modules/appium/node_modules/router/lib/layer.js:152:17)
    at trimPrefix (/opt/homebrew/lib/node_modules/appium/node_modules/router/index.js:342:13)
    at /opt/homebrew/lib/node_modules/appium/node_modules/router/index.js:297:9
    at processParams (/opt/homebrew/lib/node_modules/appium/node_modules/router/index.js:582:12)
    at next (/opt/homebrew/lib/node_modules/appium/node_modules/router/index.js:291:5)
    at read (/opt/homebrew/lib/node_modules/appium/node_modules/body-parser/lib/read.js:53:5)
    at jsonParser (/opt/homebrew/lib/node_modules/appium/node_modules/body-parser/lib/types/json.js:88:5)
    at Layer.handleRequest (/opt/homebrew/lib/node_modules/appium/node_modules/router/lib/layer.js:152:17)
    at trimPrefix (/opt/homebrew/lib/node_modules/appium/node_modules/router/index.js:342:13)
2026-08-17 15:40:37 [INFO    ] base_page.py:266 — App recovery attempt completed.
2026-08-17 15:40:37 [ERROR   ] screenshot_utils.py:64 — Screenshot capture failed: Message: A session is either terminated or not started
Stacktrace:
NoSuchDriverError: A session is either terminated or not started
    at asyncHandler (/opt/homebrew/lib/node_modules/appium/node_modules/@appium/base-driver/build/lib/protocol/protocol.js:293:23)
    at /opt/homebrew/lib/node_modules/appium/node_modules/@appium/base-driver/build/lib/protocol/protocol.js:447:36
    at Layer.handleRequest (/opt/homebrew/lib/node_modules/appium/node_modules/router/lib/layer.js:152:17)
    at next (/opt/homebrew/lib/node_modules/appium/node_modules/router/lib/route.js:157:13)
    at Route.dispatch (/opt/homebrew/lib/node_modules/appium/node_modules/router/lib/route.js:117:3)
    at handle (/opt/homebrew/lib/node_modules/appium/node_modules/router/index.js:435:11)
    at Layer.handleRequest (/opt/homebrew/lib/node_modules/appium/node_modules/router/lib/layer.js:152:17)
    at /opt/homebrew/lib/node_modules/appium/node_modules/router/index.js:295:15
    at param (/opt/homebrew/lib/node_modules/appium/node_modules/router/index.js:600:14)
    at param (/opt/homebrew/lib/node_modules/appium/node_modules/router/index.js:610:14)
    at processParams (/opt/homebrew/lib/node_modules/appium/node_modules/router/index.js:664:3)
    at next (/opt/homebrew/lib/node_modules/appium/node_modules/router/index.js:291:5)
    at logger (/opt/homebrew/lib/node_modules/appium/node_modules/morgan/index.js:144:5)
    at Layer.handleRequest (/opt/homebrew/lib/node_modules/appium/node_modules/router/lib/layer.js:152:17)
    at trimPrefix (/opt/homebrew/lib/node_modules/appium/node_modules/router/index.js:342:13)
    at /opt/homebrew/lib/node_modules/appium/node_modules/router/index.js:297:9
    at processParams (/opt/homebrew/lib/node_modules/appium/node_modules/router/index.js:582:12)
    at next (/opt/homebrew/lib/node_modules/appium/node_modules/router/index.js:291:5)
    at read (/opt/homebrew/lib/node_modules/appium/node_modules/body-parser/lib/read.js:53:5)
    at jsonParser (/opt/homebrew/lib/node_modules/appium/node_modules/body-parser/lib/types/json.js:88:5)
    at Layer.handleRequest (/opt/homebrew/lib/node_modules/appium/node_modules/router/lib/layer.js:152:17)
    at trimPrefix (/opt/homebrew/lib/node_modules/appium/node_modules/router/index.js:342:13)
2026-08-17 15:40:37 [ERROR   ] screenshot_utils.py:87 — Page source save failed: Message: A session is either terminated or not started
Stacktrace:
NoSuchDriverError: A session is either terminated or not started
    at asyncHandler (/opt/homebrew/lib/node_modules/appium/node_modules/@appium/base-driver/build/lib/protocol/protocol.js:293:23)
    at /opt/homebrew/lib/node_modules/appium/node_modules/@appium/base-driver/build/lib/protocol/protocol.js:447:36
    at Layer.handleRequest (/opt/homebrew/lib/node_modules/appium/node_modules/router/lib/layer.js:152:17)
    at next (/opt/homebrew/lib/node_modules/appium/node_modules/router/lib/route.js:157:13)
    at Route.dispatch (/opt/homebrew/lib/node_modules/appium/node_modules/router/lib/route.js:117:3)
    at handle (/opt/homebrew/lib/node_modules/appium/node_modules/router/index.js:435:11)
    at Layer.handleRequest (/opt/homebrew/lib/node_modules/appium/node_modules/router/lib/layer.js:152:17)
    at /opt/homebrew/lib/node_modules/appium/node_modules/router/index.js:295:15
    at param (/opt/homebrew/lib/node_modules/appium/node_modules/router/index.js:600:14)
    at param (/opt/homebrew/lib/node_modules/appium/node_modules/router/index.js:610:14)
    at processParams (/opt/homebrew/lib/node_modules/appium/node_modules/router/index.js:664:3)
    at next (/opt/homebrew/lib/node_modules/appium/node_modules/router/index.js:291:5)
    at logger (/opt/homebrew/lib/node_modules/appium/node_modules/morgan/index.js:144:5)
    at Layer.handleRequest (/opt/homebrew/lib/node_modules/appium/node_modules/router/lib/layer.js:152:17)
    at trimPrefix (/opt/homebrew/lib/node_modules/appium/node_modules/router/index.js:342:13)
    at /opt/homebrew/lib/node_modules/appium/node_modules/router/index.js:297:9
    at processParams (/opt/homebrew/lib/node_modules/appium/node_modules/router/index.js:582:12)
    at next (/opt/homebrew/lib/node_modules/appium/node_modules/router/index.js:291:5)
    at read (/opt/homebrew/lib/node_modules/appium/node_modules/body-parser/lib/read.js:53:5)
    at jsonParser (/opt/homebrew/lib/node_modules/appium/node_modules/body-parser/lib/types/json.js:88:5)
    at Layer.handleRequest (/opt/homebrew/lib/node_modules/appium/node_modules/router/lib/layer.js:152:17)
    at trimPrefix (/opt/homebrew/lib/node_modules/appium/node_modules/router/index.js:342:13)
2026-08-17 15:40:37 [WARNING ] login_page.py:98 — Element-based click failed: Unable to click ('xpath', "//android.view.View[@clickable='true'][.//android.widget.TextView[@text='Profile']]") after 1 retries. Last exception: Message: A session is either terminated or not started
Stacktrace:
NoSuchDriverError: A session is either terminated or not started
    at asyncHandler (/opt/homebrew/lib/node_modules/appium/node_modules/@appium/base-driver/build/lib/protocol/protocol.js:293:23)
    at /opt/homebrew/lib/node_modules/appium/node_modules/@appium/base-driver/build/lib/protocol/protocol.js:447:36
    at Layer.handleRequest (/opt/homebrew/lib/node_modules/appium/node_modules/router/lib/layer.js:152:17)
    at next (/opt/homebrew/lib/node_modules/appium/node_modules/router/lib/route.js:157:13)
    at Route.dispatch (/opt/homebrew/lib/node_modules/appium/node_modules/router/lib/route.js:117:3)
    at handle (/opt/homebrew/lib/node_modules/appium/node_modules/router/index.js:435:11)
    at Layer.handleRequest (/opt/homebrew/lib/node_modules/appium/node_modules/router/lib/layer.js:152:17)
    at /opt/homebrew/lib/node_modules/appium/node_modules/router/index.js:295:15
    at param (/opt/homebrew/lib/node_modules/appium/node_modules/router/index.js:600:14)
    at param (/opt/homebrew/lib/node_modules/appium/node_modules/router/index.js:610:14)
    at processParams (/opt/homebrew/lib/node_modules/appium/node_modules/router/index.js:664:3)
    at next (/opt/homebrew/lib/node_modules/appium/node_modules/router/index.js:291:5)
    at logger (/opt/homebrew/lib/node_modules/appium/node_modules/morgan/index.js:144:5)
    at Layer.handleRequest (/opt/homebrew/lib/node_modules/appium/node_modules/router/lib/layer.js:152:17)
    at trimPrefix (/opt/homebrew/lib/node_modules/appium/node_modules/router/index.js:342:13)
    at /opt/homebrew/lib/node_modules/appium/node_modules/router/index.js:297:9
    at processParams (/opt/homebrew/lib/node_modules/appium/node_modules/router/index.js:582:12)
    at next (/opt/homebrew/lib/node_modules/appium/node_modules/router/index.js:291:5)
    at /opt/homebrew/lib/node_modules/appium/node_modules/body-parser/lib/read.js:171:5
    at AsyncResource.runInAsyncScope (node:async_hooks:226:14)
    at invokeCallback (/opt/homebrew/lib/node_modules/appium/node_modules/raw-body/index.js:238:16)
    at done (/opt/homebrew/lib/node_modules/appium/node_modules/raw-body/index.js:227:7)
2026-08-17 15:40:37 [WARNING ] base_page.py:172 — Error checking display status for ('-android uiautomator', 'new UiSelector().text("Edit Profile")'): Message: A session is either terminated or not started
Stacktrace:
NoSuchDriverError: A session is either terminated or not started
    at asyncHandler (/opt/homebrew/lib/node_modules/appium/node_modules/@appium/base-driver/build/lib/protocol/protocol.js:293:23)
    at /opt/homebrew/lib/node_modules/appium/node_modules/@appium/base-driver/build/lib/protocol/protocol.js:447:36
    at Layer.handleRequest (/opt/homebrew/lib/node_modules/appium/node_modules/router/lib/layer.js:152:17)
    at next (/opt/homebrew/lib/node_modules/appium/node_modules/router/lib/route.js:157:13)
    at Route.dispatch (/opt/homebrew/lib/node_modules/appium/node_modules/router/lib/route.js:117:3)
    at handle (/opt/homebrew/lib/node_modules/appium/node_modules/router/index.js:435:11)
    at Layer.handleRequest (/opt/homebrew/lib/node_modules/appium/node_modules/router/lib/layer.js:152:17)
    at /opt/homebrew/lib/node_modules/appium/node_modules/router/index.js:295:15
    at param (/opt/homebrew/lib/node_modules/appium/node_modules/router/index.js:600:14)
    at param (/opt/homebrew/lib/node_modules/appium/node_modules/router/index.js:610:14)
    at processParams (/opt/homebrew/lib/node_modules/appium/node_modules/router/index.js:664:3)
    at next (/opt/homebrew/lib/node_modules/appium/node_modules/router/index.js:291:5)
    at logger (/opt/homebrew/lib/node_modules/appium/node_modules/morgan/index.js:144:5)
    at Layer.handleRequest (/opt/homebrew/lib/node_modules/appium/node_modules/router/lib/layer.js:152:17)
    at trimPrefix (/opt/homebrew/lib/node_modules/appium/node_modules/router/index.js:342:13)
    at /opt/homebrew/lib/node_modules/appium/node_modules/router/index.js:297:9
    at processParams (/opt/homebrew/lib/node_modules/appium/node_modules/router/index.js:582:12)
    at next (/opt/homebrew/lib/node_modules/appium/node_modules/router/index.js:291:5)
    at /opt/homebrew/lib/node_modules/appium/node_modules/body-parser/lib/read.js:171:5
    at AsyncResource.runInAsyncScope (node:async_hooks:226:14)
    at invokeCallback (/opt/homebrew/lib/node_modules/appium/node_modules/raw-body/index.js:238:16)
    at done (/opt/homebrew/lib/node_modules/appium/node_modules/raw-body/index.js:227:7)
2026-08-17 15:40:37 [WARNING ] base_page.py:172 — Error checking display status for ('id', 'com.zee5.hipi:id/exo_content_frame'): Message: A session is either terminated or not started
Stacktrace:
NoSuchDriverError: A session is either terminated or not started
    at asyncHandler (/opt/homebrew/lib/node_modules/appium/node_modules/@appium/base-driver/build/lib/protocol/protocol.js:293:23)
    at /opt/homebrew/lib/node_modules/appium/node_modules/@appium/base-driver/build/lib/protocol/protocol.js:447:36
    at Layer.handleRequest (/opt/homebrew/lib/node_modules/appium/node_modules/router/lib/layer.js:152:17)
    at next (/opt/homebrew/lib/node_modules/appium/node_modules/router/lib/route.js:157:13)
    at Route.dispatch (/opt/homebrew/lib/node_modules/appium/node_modules/router/lib/route.js:117:3)
    at handle (/opt/homebrew/lib/node_modules/appium/node_modules/router/index.js:435:11)
    at Layer.handleRequest (/opt/homebrew/lib/node_modules/appium/node_modules/router/lib/layer.js:152:17)
    at /opt/homebrew/lib/node_modules/appium/node_modules/router/index.js:295:15
    at param (/opt/homebrew/lib/node_modules/appium/node_modules/router/index.js:600:14)
    at param (/opt/homebrew/lib/node_modules/appium/node_modules/router/index.js:610:14)
    at processParams (/opt/homebrew/lib/node_modules/appium/node_modules/router/index.js:664:3)
    at next (/opt/homebrew/lib/node_modules/appium/node_modules/router/index.js:291:5)
    at logger (/opt/homebrew/lib/node_modules/appium/node_modules/morgan/index.js:144:5)
    at Layer.handleRequest (/opt/homebrew/lib/node_modules/appium/node_modules/router/lib/layer.js:152:17)
    at trimPrefix (/opt/homebrew/lib/node_modules/appium/node_modules/router/index.js:342:13)
    at /opt/homebrew/lib/node_modules/appium/node_modules/router/index.js:297:9
    at processParams (/opt/homebrew/lib/node_modules/appium/node_modules/router/index.js:582:12)
    at next (/opt/homebrew/lib/node_modules/appium/node_modules/router/index.js:291:5)
    at /opt/homebrew/lib/node_modules/appium/node_modules/body-parser/lib/read.js:171:5
    at AsyncResource.runInAsyncScope (node:async_hooks:226:14)
    at invokeCallback (/opt/homebrew/lib/node_modules/appium/node_modules/raw-body/index.js:238:16)
    at done (/opt/homebrew/lib/node_modules/appium/node_modules/raw-body/index.js:227:7)
2026-08-17 15:40:37 [ERROR   ] base_page.py:257 — Failed to ensure app is in foreground: Message: A session is either terminated or not started
Stacktrace:
NoSuchDriverError: A session is either terminated or not started
    at asyncHandler (/opt/homebrew/lib/node_modules/appium/node_modules/@appium/base-driver/build/lib/protocol/protocol.js:293:23)
    at /opt/homebrew/lib/node_modules/appium/node_modules/@appium/base-driver/build/lib/protocol/protocol.js:447:36
    at Layer.handleRequest (/opt/homebrew/lib/node_modules/appium/node_modules/router/lib/layer.js:152:17)
    at next (/opt/homebrew/lib/node_modules/appium/node_modules/router/lib/route.js:157:13)
    at Route.dispatch (/opt/homebrew/lib/node_modules/appium/node_modules/router/lib/route.js:117:3)
    at handle (/opt/homebrew/lib/node_modules/appium/node_modules/router/index.js:435:11)
    at Layer.handleRequest (/opt/homebrew/lib/node_modules/appium/node_modules/router/lib/layer.js:152:17)
    at /opt/homebrew/lib/node_modules/appium/node_modules/router/index.js:295:15
    at param (/opt/homebrew/lib/node_modules/appium/node_modules/router/index.js:600:14)
    at param (/opt/homebrew/lib/node_modules/appium/node_modules/router/index.js:610:14)
    at processParams (/opt/homebrew/lib/node_modules/appium/node_modules/router/index.js:664:3)
    at next (/opt/homebrew/lib/node_modules/appium/node_modules/router/index.js:291:5)
    at logger (/opt/homebrew/lib/node_modules/appium/node_modules/morgan/index.js:144:5)
    at Layer.handleRequest (/opt/homebrew/lib/node_modules/appium/node_modules/router/lib/layer.js:152:17)
    at trimPrefix (/opt/homebrew/lib/node_modules/appium/node_modules/router/index.js:342:13)
    at /opt/homebrew/lib/node_modules/appium/node_modules/router/index.js:297:9
    at processParams (/opt/homebrew/lib/node_modules/appium/node_modules/router/index.js:582:12)
    at next (/opt/homebrew/lib/node_modules/appium/node_modules/router/index.js:291:5)
    at /opt/homebrew/lib/node_modules/appium/node_modules/body-parser/lib/read.js:171:5
    at AsyncResource.runInAsyncScope (node:async_hooks:226:14)
    at invokeCallback (/opt/homebrew/lib/node_modules/appium/node_modules/raw-body/index.js:238:16)
    at done (/opt/homebrew/lib/node_modules/appium/node_modules/raw-body/index.js:227:7)
2026-08-17 15:40:37 [ERROR   ] screenshot_utils.py:64 — Screenshot capture failed: Message: A session is either terminated or not started
Stacktrace:
NoSuchDriverError: A session is either terminated or not started
    at asyncHandler (/opt/homebrew/lib/node_modules/appium/node_modules/@appium/base-driver/build/lib/protocol/protocol.js:293:23)
    at /opt/homebrew/lib/node_modules/appium/node_modules/@appium/base-driver/build/lib/protocol/protocol.js:447:36
    at Layer.handleRequest (/opt/homebrew/lib/node_modules/appium/node_modules/router/lib/layer.js:152:17)
    at next (/opt/homebrew/lib/node_modules/appium/node_modules/router/lib/route.js:157:13)
    at Route.dispatch (/opt/homebrew/lib/node_modules/appium/node_modules/router/lib/route.js:117:3)
    at handle (/opt/homebrew/lib/node_modules/appium/node_modules/router/index.js:435:11)
    at Layer.handleRequest (/opt/homebrew/lib/node_modules/appium/node_modules/router/lib/layer.js:152:17)
    at /opt/homebrew/lib/node_modules/appium/node_modules/router/index.js:295:15
    at param (/opt/homebrew/lib/node_modules/appium/node_modules/router/index.js:600:14)
    at param (/opt/homebrew/lib/node_modules/appium/node_modules/router/index.js:610:14)
    at processParams (/opt/homebrew/lib/node_modules/appium/node_modules/router/index.js:664:3)
    at next (/opt/homebrew/lib/node_modules/appium/node_modules/router/index.js:291:5)
    at logger (/opt/homebrew/lib/node_modules/appium/node_modules/morgan/index.js:144:5)
    at Layer.handleRequest (/opt/homebrew/lib/node_modules/appium/node_modules/router/lib/layer.js:152:17)
    at trimPrefix (/opt/homebrew/lib/node_modules/appium/node_modules/router/index.js:342:13)
    at /opt/homebrew/lib/node_modules/appium/node_modules/router/index.js:297:9
    at processParams (/opt/homebrew/lib/node_modules/appium/node_modules/router/index.js:582:12)
    at next (/opt/homebrew/lib/node_modules/appium/node_modules/router/index.js:291:5)
    at read (/opt/homebrew/lib/node_modules/appium/node_modules/body-parser/lib/read.js:53:5)
    at jsonParser (/opt/homebrew/lib/node_modules/appium/node_modules/body-parser/lib/types/json.js:88:5)
    at Layer.handleRequest (/opt/homebrew/lib/node_modules/appium/node_modules/router/lib/layer.js:152:17)
    at trimPrefix (/opt/homebrew/lib/node_modules/appium/node_modules/router/index.js:342:13)
2026-08-17 15:40:37 [ERROR   ] screenshot_utils.py:87 — Page source save failed: Message: A session is either terminated or not started
Stacktrace:
NoSuchDriverError: A session is either terminated or not started
    at asyncHandler (/opt/homebrew/lib/node_modules/appium/node_modules/@appium/base-driver/build/lib/protocol/protocol.js:293:23)
    at /opt/homebrew/lib/node_modules/appium/node_modules/@appium/base-driver/build/lib/protocol/protocol.js:447:36
    at Layer.handleRequest (/opt/homebrew/lib/node_modules/appium/node_modules/router/lib/layer.js:152:17)
    at next (/opt/homebrew/lib/node_modules/appium/node_modules/router/lib/route.js:157:13)
    at Route.dispatch (/opt/homebrew/lib/node_modules/appium/node_modules/router/lib/route.js:117:3)
    at handle (/opt/homebrew/lib/node_modules/appium/node_modules/router/index.js:435:11)
    at Layer.handleRequest (/opt/homebrew/lib/node_modules/appium/node_modules/router/lib/layer.js:152:17)
    at /opt/homebrew/lib/node_modules/appium/node_modules/router/index.js:295:15
    at param (/opt/homebrew/lib/node_modules/appium/node_modules/router/index.js:600:14)
    at param (/opt/homebrew/lib/node_modules/appium/node_modules/router/index.js:610:14)
    at processParams (/opt/homebrew/lib/node_modules/appium/node_modules/router/index.js:664:3)
    at next (/opt/homebrew/lib/node_modules/appium/node_modules/router/index.js:291:5)
    at logger (/opt/homebrew/lib/node_modules/appium/node_modules/morgan/index.js:144:5)
    at Layer.handleRequest (/opt/homebrew/lib/node_modules/appium/node_modules/router/lib/layer.js:152:17)
    at trimPrefix (/opt/homebrew/lib/node_modules/appium/node_modules/router/index.js:342:13)
    at /opt/homebrew/lib/node_modules/appium/node_modules/router/index.js:297:9
    at processParams (/opt/homebrew/lib/node_modules/appium/node_modules/router/index.js:582:12)
    at next (/opt/homebrew/lib/node_modules/appium/node_modules/router/index.js:291:5)
    at read (/opt/homebrew/lib/node_modules/appium/node_modules/body-parser/lib/read.js:53:5)
    at jsonParser (/opt/homebrew/lib/node_modules/appium/node_modules/body-parser/lib/types/json.js:88:5)
    at Layer.handleRequest (/opt/homebrew/lib/node_modules/appium/node_modules/router/lib/layer.js:152:17)
    at trimPrefix (/opt/homebrew/lib/node_modules/appium/node_modules/router/index.js:342:13)
2026-08-17 15:40:37 [WARNING ] login_page.py:135 — Coordinate tap failed: Message: A session is either terminated or not started
Stacktrace:
NoSuchDriverError: A session is either terminated or not started
    at asyncHandler (/opt/homebrew/lib/node_modules/appium/node_modules/@appium/base-driver/build/lib/protocol/protocol.js:293:23)
    at /opt/homebrew/lib/node_modules/appium/node_modules/@appium/base-driver/build/lib/protocol/protocol.js:447:36
    at Layer.handleRequest (/opt/homebrew/lib/node_modules/appium/node_modules/router/lib/layer.js:152:17)
    at next (/opt/homebrew/lib/node_modules/appium/node_modules/router/lib/route.js:157:13)
    at Route.dispatch (/opt/homebrew/lib/node_modules/appium/node_modules/router/lib/route.js:117:3)
    at handle (/opt/homebrew/lib/node_modules/appium/node_modules/router/index.js:435:11)
    at Layer.handleRequest (/opt/homebrew/lib/node_modules/appium/node_modules/router/lib/layer.js:152:17)
    at /opt/homebrew/lib/node_modules/appium/node_modules/router/index.js:295:15
    at param (/opt/homebrew/lib/node_modules/appium/node_modules/router/index.js:600:14)
    at param (/opt/homebrew/lib/node_modules/appium/node_modules/router/index.js:610:14)
    at processParams (/opt/homebrew/lib/node_modules/appium/node_modules/router/index.js:664:3)
    at next (/opt/homebrew/lib/node_modules/appium/node_modules/router/index.js:291:5)
    at logger (/opt/homebrew/lib/node_modules/appium/node_modules/morgan/index.js:144:5)
    at Layer.handleRequest (/opt/homebrew/lib/node_modules/appium/node_modules/router/lib/layer.js:152:17)
    at trimPrefix (/opt/homebrew/lib/node_modules/appium/node_modules/router/index.js:342:13)
    at /opt/homebrew/lib/node_modules/appium/node_modules/router/index.js:297:9
    at processParams (/opt/homebrew/lib/node_modules/appium/node_modules/router/index.js:582:12)
    at next (/opt/homebrew/lib/node_modules/appium/node_modules/router/index.js:291:5)
    at read (/opt/homebrew/lib/node_modules/appium/node_modules/body-parser/lib/read.js:53:5)
    at jsonParser (/opt/homebrew/lib/node_modules/appium/node_modules/body-parser/lib/types/json.js:88:5)
    at Layer.handleRequest (/opt/homebrew/lib/node_modules/appium/node_modules/router/lib/layer.js:152:17)
    at trimPrefix (/opt/homebrew/lib/node_modules/appium/node_modules/router/index.js:342:13)
2026-08-17 15:40:43 [ERROR   ] base_page.py:92 — None of the candidate locators became visible within 6s. Candidates: [('-android uiautomator', 'new UiSelector().textContains("Continue")'), ('class name', 'android.widget.EditText')]. Last error: Message: A session is either terminated or not started
Stacktrace:
NoSuchDriverError: A session is either terminated or not started
    at asyncHandler (/opt/homebrew/lib/node_modules/appium/node_modules/@appium/base-driver/build/lib/protocol/protocol.js:293:23)
    at /opt/homebrew/lib/node_modules/appium/node_modules/@appium/base-driver/build/lib/protocol/protocol.js:447:36
    at Layer.handleRequest (/opt/homebrew/lib/node_modules/appium/node_modules/router/lib/layer.js:152:17)
    at next (/opt/homebrew/lib/node_modules/appium/node_modules/router/lib/route.js:157:13)
    at Route.dispatch (/opt/homebrew/lib/node_modules/appium/node_modules/router/lib/route.js:117:3)
    at handle (/opt/homebrew/lib/node_modules/appium/node_modules/router/index.js:435:11)
    at Layer.handleRequest (/opt/homebrew/lib/node_modules/appium/node_modules/router/lib/layer.js:152:17)
    at /opt/homebrew/lib/node_modules/appium/node_modules/router/index.js:295:15
    at param (/opt/homebrew/lib/node_modules/appium/node_modules/router/index.js:600:14)
    at param (/opt/homebrew/lib/node_modules/appium/node_modules/router/index.js:610:14)
    at processParams (/opt/homebrew/lib/node_modules/appium/node_modules/router/index.js:664:3)
    at next (/opt/homebrew/lib/node_modules/appium/node_modules/router/index.js:291:5)
    at logger (/opt/homebrew/lib/node_modules/appium/node_modules/morgan/index.js:144:5)
    at Layer.handleRequest (/opt/homebrew/lib/node_modules/appium/node_modules/router/lib/layer.js:152:17)
    at trimPrefix (/opt/homebrew/lib/node_modules/appium/node_modules/router/index.js:342:13)
    at /opt/homebrew/lib/node_modules/appium/node_modules/router/index.js:297:9
    at processParams (/opt/homebrew/lib/node_modules/appium/node_modules/router/index.js:582:12)
    at next (/opt/homebrew/lib/node_modules/appium/node_modules/router/index.js:291:5)
    at /opt/homebrew/lib/node_modules/appium/node_modules/body-parser/lib/read.js:171:5
    at AsyncResource.runInAsyncScope (node:async_hooks:226:14)
    at invokeCallback (/opt/homebrew/lib/node_modules/appium/node_modules/raw-body/index.js:238:16)
    at done (/opt/homebrew/lib/node_modules/appium/node_modules/raw-body/index.js:227:7)
2026-08-17 15:40:43 [ERROR   ] screenshot_utils.py:64 — Screenshot capture failed: Message: A session is either terminated or not started
Stacktrace:
NoSuchDriverError: A session is either terminated or not started
    at asyncHandler (/opt/homebrew/lib/node_modules/appium/node_modules/@appium/base-driver/build/lib/protocol/protocol.js:293:23)
    at /opt/homebrew/lib/node_modules/appium/node_modules/@appium/base-driver/build/lib/protocol/protocol.js:447:36
    at Layer.handleRequest (/opt/homebrew/lib/node_modules/appium/node_modules/router/lib/layer.js:152:17)
    at next (/opt/homebrew/lib/node_modules/appium/node_modules/router/lib/route.js:157:13)
    at Route.dispatch (/opt/homebrew/lib/node_modules/appium/node_modules/router/lib/route.js:117:3)
    at handle (/opt/homebrew/lib/node_modules/appium/node_modules/router/index.js:435:11)
    at Layer.handleRequest (/opt/homebrew/lib/node_modules/appium/node_modules/router/lib/layer.js:152:17)
    at /opt/homebrew/lib/node_modules/appium/node_modules/router/index.js:295:15
    at param (/opt/homebrew/lib/node_modules/appium/node_modules/router/index.js:600:14)
    at param (/opt/homebrew/lib/node_modules/appium/node_modules/router/index.js:610:14)
    at processParams (/opt/homebrew/lib/node_modules/appium/node_modules/router/index.js:664:3)
    at next (/opt/homebrew/lib/node_modules/appium/node_modules/router/index.js:291:5)
    at logger (/opt/homebrew/lib/node_modules/appium/node_modules/morgan/index.js:144:5)
    at Layer.handleRequest (/opt/homebrew/lib/node_modules/appium/node_modules/router/lib/layer.js:152:17)
    at trimPrefix (/opt/homebrew/lib/node_modules/appium/node_modules/router/index.js:342:13)
    at /opt/homebrew/lib/node_modules/appium/node_modules/router/index.js:297:9
    at processParams (/opt/homebrew/lib/node_modules/appium/node_modules/router/index.js:582:12)
    at next (/opt/homebrew/lib/node_modules/appium/node_modules/router/index.js:291:5)
    at read (/opt/homebrew/lib/node_modules/appium/node_modules/body-parser/lib/read.js:53:5)
    at jsonParser (/opt/homebrew/lib/node_modules/appium/node_modules/body-parser/lib/types/json.js:88:5)
    at Layer.handleRequest (/opt/homebrew/lib/node_modules/appium/node_modules/router/lib/layer.js:152:17)
    at trimPrefix (/opt/homebrew/lib/node_modules/appium/node_modules/router/index.js:342:13)
2026-08-17 15:40:43 [ERROR   ] screenshot_utils.py:87 — Page source save failed: Message: A session is either terminated or not started
Stacktrace:
NoSuchDriverError: A session is either terminated or not started
    at asyncHandler (/opt/homebrew/lib/node_modules/appium/node_modules/@appium/base-driver/build/lib/protocol/protocol.js:293:23)
    at /opt/homebrew/lib/node_modules/appium/node_modules/@appium/base-driver/build/lib/protocol/protocol.js:447:36
    at Layer.handleRequest (/opt/homebrew/lib/node_modules/appium/node_modules/router/lib/layer.js:152:17)
    at next (/opt/homebrew/lib/node_modules/appium/node_modules/router/lib/route.js:157:13)
    at Route.dispatch (/opt/homebrew/lib/node_modules/appium/node_modules/router/lib/route.js:117:3)
    at handle (/opt/homebrew/lib/node_modules/appium/node_modules/router/index.js:435:11)
    at Layer.handleRequest (/opt/homebrew/lib/node_modules/appium/node_modules/router/lib/layer.js:152:17)
    at /opt/homebrew/lib/node_modules/appium/node_modules/router/index.js:295:15
    at param (/opt/homebrew/lib/node_modules/appium/node_modules/router/index.js:600:14)
    at param (/opt/homebrew/lib/node_modules/appium/node_modules/router/index.js:610:14)
    at processParams (/opt/homebrew/lib/node_modules/appium/node_modules/router/index.js:664:3)
    at next (/opt/homebrew/lib/node_modules/appium/node_modules/router/index.js:291:5)
    at logger (/opt/homebrew/lib/node_modules/appium/node_modules/morgan/index.js:144:5)
    at Layer.handleRequest (/opt/homebrew/lib/node_modules/appium/node_modules/router/lib/layer.js:152:17)
    at trimPrefix (/opt/homebrew/lib/node_modules/appium/node_modules/router/index.js:342:13)
    at /opt/homebrew/lib/node_modules/appium/node_modules/router/index.js:297:9
    at processParams (/opt/homebrew/lib/node_modules/appium/node_modules/router/index.js:582:12)
    at next (/opt/homebrew/lib/node_modules/appium/node_modules/router/index.js:291:5)
    at read (/opt/homebrew/lib/node_modules/appium/node_modules/body-parser/lib/read.js:53:5)
    at jsonParser (/opt/homebrew/lib/node_modules/appium/node_modules/body-parser/lib/types/json.js:88:5)
    at Layer.handleRequest (/opt/homebrew/lib/node_modules/appium/node_modules/router/lib/layer.js:152:17)
    at trimPrefix (/opt/homebrew/lib/node_modules/appium/node_modules/router/index.js:342:13)
2026-08-17 15:40:43 [WARNING ] login_page.py:158 — Attempt 1 did not reach the login sheet, recovering and retrying...
2026-08-17 15:40:43 [WARNING ] base_page.py:262 — Attempting to recover application state...
2026-08-17 15:40:43 [ERROR   ] base_page.py:257 — Failed to ensure app is in foreground: Message: A session is either terminated or not started
Stacktrace:
NoSuchDriverError: A session is either terminated or not started
    at asyncHandler (/opt/homebrew/lib/node_modules/appium/node_modules/@appium/base-driver/build/lib/protocol/protocol.js:293:23)
    at /opt/homebrew/lib/node_modules/appium/node_modules/@appium/base-driver/build/lib/protocol/protocol.js:447:36
    at Layer.handleRequest (/opt/homebrew/lib/node_modules/appium/node_modules/router/lib/layer.js:152:17)
    at next (/opt/homebrew/lib/node_modules/appium/node_modules/router/lib/route.js:157:13)
    at Route.dispatch (/opt/homebrew/lib/node_modules/appium/node_modules/router/lib/route.js:117:3)
    at handle (/opt/homebrew/lib/node_modules/appium/node_modules/router/index.js:435:11)
    at Layer.handleRequest (/opt/homebrew/lib/node_modules/appium/node_modules/router/lib/layer.js:152:17)
    at /opt/homebrew/lib/node_modules/appium/node_modules/router/index.js:295:15
    at param (/opt/homebrew/lib/node_modules/appium/node_modules/router/index.js:600:14)
    at param (/opt/homebrew/lib/node_modules/appium/node_modules/router/index.js:610:14)
    at processParams (/opt/homebrew/lib/node_modules/appium/node_modules/router/index.js:664:3)
    at next (/opt/homebrew/lib/node_modules/appium/node_modules/router/index.js:291:5)
    at logger (/opt/homebrew/lib/node_modules/appium/node_modules/morgan/index.js:144:5)
    at Layer.handleRequest (/opt/homebrew/lib/node_modules/appium/node_modules/router/lib/layer.js:152:17)
    at trimPrefix (/opt/homebrew/lib/node_modules/appium/node_modules/router/index.js:342:13)
    at /opt/homebrew/lib/node_modules/appium/node_modules/router/index.js:297:9
    at processParams (/opt/homebrew/lib/node_modules/appium/node_modules/router/index.js:582:12)
    at next (/opt/homebrew/lib/node_modules/appium/node_modules/router/index.js:291:5)
    at /opt/homebrew/lib/node_modules/appium/node_modules/body-parser/lib/read.js:171:5
    at AsyncResource.runInAsyncScope (node:async_hooks:226:14)
    at invokeCallback (/opt/homebrew/lib/node_modules/appium/node_modules/raw-body/index.js:238:16)
    at done (/opt/homebrew/lib/node_modules/appium/node_modules/raw-body/index.js:227:7)
2026-08-17 15:40:43 [ERROR   ] screenshot_utils.py:64 — Screenshot capture failed: Message: A session is either terminated or not started
Stacktrace:
NoSuchDriverError: A session is either terminated or not started
    at asyncHandler (/opt/homebrew/lib/node_modules/appium/node_modules/@appium/base-driver/build/lib/protocol/protocol.js:293:23)
    at /opt/homebrew/lib/node_modules/appium/node_modules/@appium/base-driver/build/lib/protocol/protocol.js:447:36
    at Layer.handleRequest (/opt/homebrew/lib/node_modules/appium/node_modules/router/lib/layer.js:152:17)
    at next (/opt/homebrew/lib/node_modules/appium/node_modules/router/lib/route.js:157:13)
    at Route.dispatch (/opt/homebrew/lib/node_modules/appium/node_modules/router/lib/route.js:117:3)
    at handle (/opt/homebrew/lib/node_modules/appium/node_modules/router/index.js:435:11)
    at Layer.handleRequest (/opt/homebrew/lib/node_modules/appium/node_modules/router/lib/layer.js:152:17)
    at /opt/homebrew/lib/node_modules/appium/node_modules/router/index.js:295:15
    at param (/opt/homebrew/lib/node_modules/appium/node_modules/router/index.js:600:14)
    at param (/opt/homebrew/lib/node_modules/appium/node_modules/router/index.js:610:14)
    at processParams (/opt/homebrew/lib/node_modules/appium/node_modules/router/index.js:664:3)
    at next (/opt/homebrew/lib/node_modules/appium/node_modules/router/index.js:291:5)
    at logger (/opt/homebrew/lib/node_modules/appium/node_modules/morgan/index.js:144:5)
    at Layer.handleRequest (/opt/homebrew/lib/node_modules/appium/node_modules/router/lib/layer.js:152:17)
    at trimPrefix (/opt/homebrew/lib/node_modules/appium/node_modules/router/index.js:342:13)
    at /opt/homebrew/lib/node_modules/appium/node_modules/router/index.js:297:9
    at processParams (/opt/homebrew/lib/node_modules/appium/node_modules/router/index.js:582:12)
    at next (/opt/homebrew/lib/node_modules/appium/node_modules/router/index.js:291:5)
    at read (/opt/homebrew/lib/node_modules/appium/node_modules/body-parser/lib/read.js:53:5)
    at jsonParser (/opt/homebrew/lib/node_modules/appium/node_modules/body-parser/lib/types/json.js:88:5)
    at Layer.handleRequest (/opt/homebrew/lib/node_modules/appium/node_modules/router/lib/layer.js:152:17)
    at trimPrefix (/opt/homebrew/lib/node_modules/appium/node_modules/router/index.js:342:13)
2026-08-17 15:40:43 [ERROR   ] screenshot_utils.py:87 — Page source save failed: Message: A session is either terminated or not started
Stacktrace:
NoSuchDriverError: A session is either terminated or not started
    at asyncHandler (/opt/homebrew/lib/node_modules/appium/node_modules/@appium/base-driver/build/lib/protocol/protocol.js:293:23)
    at /opt/homebrew/lib/node_modules/appium/node_modules/@appium/base-driver/build/lib/protocol/protocol.js:447:36
    at Layer.handleRequest (/opt/homebrew/lib/node_modules/appium/node_modules/router/lib/layer.js:152:17)
    at next (/opt/homebrew/lib/node_modules/appium/node_modules/router/lib/route.js:157:13)
    at Route.dispatch (/opt/homebrew/lib/node_modules/appium/node_modules/router/lib/route.js:117:3)
    at handle (/opt/homebrew/lib/node_modules/appium/node_modules/router/index.js:435:11)
    at Layer.handleRequest (/opt/homebrew/lib/node_modules/appium/node_modules/router/lib/layer.js:152:17)
    at /opt/homebrew/lib/node_modules/appium/node_modules/router/index.js:295:15
    at param (/opt/homebrew/lib/node_modules/appium/node_modules/router/index.js:600:14)
    at param (/opt/homebrew/lib/node_modules/appium/node_modules/router/index.js:610:14)
    at processParams (/opt/homebrew/lib/node_modules/appium/node_modules/router/index.js:664:3)
    at next (/opt/homebrew/lib/node_modules/appium/node_modules/router/index.js:291:5)
    at logger (/opt/homebrew/lib/node_modules/appium/node_modules/morgan/index.js:144:5)
    at Layer.handleRequest (/opt/homebrew/lib/node_modules/appium/node_modules/router/lib/layer.js:152:17)
    at trimPrefix (/opt/homebrew/lib/node_modules/appium/node_modules/router/index.js:342:13)
    at /opt/homebrew/lib/node_modules/appium/node_modules/router/index.js:297:9
    at processParams (/opt/homebrew/lib/node_modules/appium/node_modules/router/index.js:582:12)
    at next (/opt/homebrew/lib/node_modules/appium/node_modules/router/index.js:291:5)
    at read (/opt/homebrew/lib/node_modules/appium/node_modules/body-parser/lib/read.js:53:5)
    at jsonParser (/opt/homebrew/lib/node_modules/appium/node_modules/body-parser/lib/types/json.js:88:5)
    at Layer.handleRequest (/opt/homebrew/lib/node_modules/appium/node_modules/router/lib/layer.js:152:17)
    at trimPrefix (/opt/homebrew/lib/node_modules/appium/node_modules/router/index.js:342:13)
2026-08-17 15:40:46 [INFO    ] base_page.py:266 — App recovery attempt completed.
2026-08-17 15:40:48 [INFO    ] login_page.py:53 — Profile tab open attempt 2/2
2026-08-17 15:40:48 [ERROR   ] base_page.py:257 — Failed to ensure app is in foreground: Message: A session is either terminated or not started
Stacktrace:
NoSuchDriverError: A session is either terminated or not started
    at asyncHandler (/opt/homebrew/lib/node_modules/appium/node_modules/@appium/base-driver/build/lib/protocol/protocol.js:293:23)
    at /opt/homebrew/lib/node_modules/appium/node_modules/@appium/base-driver/build/lib/protocol/protocol.js:447:36
    at Layer.handleRequest (/opt/homebrew/lib/node_modules/appium/node_modules/router/lib/layer.js:152:17)
    at next (/opt/homebrew/lib/node_modules/appium/node_modules/router/lib/route.js:157:13)
    at Route.dispatch (/opt/homebrew/lib/node_modules/appium/node_modules/router/lib/route.js:117:3)
    at handle (/opt/homebrew/lib/node_modules/appium/node_modules/router/index.js:435:11)
    at Layer.handleRequest (/opt/homebrew/lib/node_modules/appium/node_modules/router/lib/layer.js:152:17)
    at /opt/homebrew/lib/node_modules/appium/node_modules/router/index.js:295:15
    at param (/opt/homebrew/lib/node_modules/appium/node_modules/router/index.js:600:14)
    at param (/opt/homebrew/lib/node_modules/appium/node_modules/router/index.js:610:14)
    at processParams (/opt/homebrew/lib/node_modules/appium/node_modules/router/index.js:664:3)
    at next (/opt/homebrew/lib/node_modules/appium/node_modules/router/index.js:291:5)
    at logger (/opt/homebrew/lib/node_modules/appium/node_modules/morgan/index.js:144:5)
    at Layer.handleRequest (/opt/homebrew/lib/node_modules/appium/node_modules/router/lib/layer.js:152:17)
    at trimPrefix (/opt/homebrew/lib/node_modules/appium/node_modules/router/index.js:342:13)
    at /opt/homebrew/lib/node_modules/appium/node_modules/router/index.js:297:9
    at processParams (/opt/homebrew/lib/node_modules/appium/node_modules/router/index.js:582:12)
    at next (/opt/homebrew/lib/node_modules/appium/node_modules/router/index.js:291:5)
    at /opt/homebrew/lib/node_modules/appium/node_modules/body-parser/lib/read.js:171:5
    at AsyncResource.runInAsyncScope (node:async_hooks:226:14)
    at invokeCallback (/opt/homebrew/lib/node_modules/appium/node_modules/raw-body/index.js:238:16)
    at done (/opt/homebrew/lib/node_modules/appium/node_modules/raw-body/index.js:227:7)
2026-08-17 15:40:48 [ERROR   ] screenshot_utils.py:64 — Screenshot capture failed: Message: A session is either terminated or not started
Stacktrace:
NoSuchDriverError: A session is either terminated or not started
    at asyncHandler (/opt/homebrew/lib/node_modules/appium/node_modules/@appium/base-driver/build/lib/protocol/protocol.js:293:23)
    at /opt/homebrew/lib/node_modules/appium/node_modules/@appium/base-driver/build/lib/protocol/protocol.js:447:36
    at Layer.handleRequest (/opt/homebrew/lib/node_modules/appium/node_modules/router/lib/layer.js:152:17)
    at next (/opt/homebrew/lib/node_modules/appium/node_modules/router/lib/route.js:157:13)
    at Route.dispatch (/opt/homebrew/lib/node_modules/appium/node_modules/router/lib/route.js:117:3)
    at handle (/opt/homebrew/lib/node_modules/appium/node_modules/router/index.js:435:11)
    at Layer.handleRequest (/opt/homebrew/lib/node_modules/appium/node_modules/router/lib/layer.js:152:17)
    at /opt/homebrew/lib/node_modules/appium/node_modules/router/index.js:295:15
    at param (/opt/homebrew/lib/node_modules/appium/node_modules/router/index.js:600:14)
    at param (/opt/homebrew/lib/node_modules/appium/node_modules/router/index.js:610:14)
    at processParams (/opt/homebrew/lib/node_modules/appium/node_modules/router/index.js:664:3)
    at next (/opt/homebrew/lib/node_modules/appium/node_modules/router/index.js:291:5)
    at logger (/opt/homebrew/lib/node_modules/appium/node_modules/morgan/index.js:144:5)
    at Layer.handleRequest (/opt/homebrew/lib/node_modules/appium/node_modules/router/lib/layer.js:152:17)
    at trimPrefix (/opt/homebrew/lib/node_modules/appium/node_modules/router/index.js:342:13)
    at /opt/homebrew/lib/node_modules/appium/node_modules/router/index.js:297:9
    at processParams (/opt/homebrew/lib/node_modules/appium/node_modules/router/index.js:582:12)
    at next (/opt/homebrew/lib/node_modules/appium/node_modules/router/index.js:291:5)
    at read (/opt/homebrew/lib/node_modules/appium/node_modules/body-parser/lib/read.js:53:5)
    at jsonParser (/opt/homebrew/lib/node_modules/appium/node_modules/body-parser/lib/types/json.js:88:5)
    at Layer.handleRequest (/opt/homebrew/lib/node_modules/appium/node_modules/router/lib/layer.js:152:17)
    at trimPrefix (/opt/homebrew/lib/node_modules/appium/node_modules/router/index.js:342:13)
2026-08-17 15:40:48 [ERROR   ] screenshot_utils.py:87 — Page source save failed: Message: A session is either terminated or not started
Stacktrace:
NoSuchDriverError: A session is either terminated or not started
    at asyncHandler (/opt/homebrew/lib/node_modules/appium/node_modules/@appium/base-driver/build/lib/protocol/protocol.js:293:23)
    at /opt/homebrew/lib/node_modules/appium/node_modules/@appium/base-driver/build/lib/protocol/protocol.js:447:36
    at Layer.handleRequest (/opt/homebrew/lib/node_modules/appium/node_modules/router/lib/layer.js:152:17)
    at next (/opt/homebrew/lib/node_modules/appium/node_modules/router/lib/route.js:157:13)
    at Route.dispatch (/opt/homebrew/lib/node_modules/appium/node_modules/router/lib/route.js:117:3)
    at handle (/opt/homebrew/lib/node_modules/appium/node_modules/router/index.js:435:11)
    at Layer.handleRequest (/opt/homebrew/lib/node_modules/appium/node_modules/router/lib/layer.js:152:17)
    at /opt/homebrew/lib/node_modules/appium/node_modules/router/index.js:295:15
    at param (/opt/homebrew/lib/node_modules/appium/node_modules/router/index.js:600:14)
    at param (/opt/homebrew/lib/node_modules/appium/node_modules/router/index.js:610:14)
    at processParams (/opt/homebrew/lib/node_modules/appium/node_modules/router/index.js:664:3)
    at next (/opt/homebrew/lib/node_modules/appium/node_modules/router/index.js:291:5)
    at logger (/opt/homebrew/lib/node_modules/appium/node_modules/morgan/index.js:144:5)
    at Layer.handleRequest (/opt/homebrew/lib/node_modules/appium/node_modules/router/lib/layer.js:152:17)
    at trimPrefix (/opt/homebrew/lib/node_modules/appium/node_modules/router/index.js:342:13)
    at /opt/homebrew/lib/node_modules/appium/node_modules/router/index.js:297:9
    at processParams (/opt/homebrew/lib/node_modules/appium/node_modules/router/index.js:582:12)
    at next (/opt/homebrew/lib/node_modules/appium/node_modules/router/index.js:291:5)
    at read (/opt/homebrew/lib/node_modules/appium/node_modules/body-parser/lib/read.js:53:5)
    at jsonParser (/opt/homebrew/lib/node_modules/appium/node_modules/body-parser/lib/types/json.js:88:5)
    at Layer.handleRequest (/opt/homebrew/lib/node_modules/appium/node_modules/router/lib/layer.js:152:17)
    at trimPrefix (/opt/homebrew/lib/node_modules/appium/node_modules/router/index.js:342:13)
2026-08-17 15:40:48 [ERROR   ] base_page.py:118 — Click failed on attempt 1 for ('xpath', "//android.view.View[@clickable='true'][.//android.widget.TextView[@text='Profile']]"): Message: A session is either terminated or not started
Stacktrace:
NoSuchDriverError: A session is either terminated or not started
    at asyncHandler (/opt/homebrew/lib/node_modules/appium/node_modules/@appium/base-driver/build/lib/protocol/protocol.js:293:23)
    at /opt/homebrew/lib/node_modules/appium/node_modules/@appium/base-driver/build/lib/protocol/protocol.js:447:36
    at Layer.handleRequest (/opt/homebrew/lib/node_modules/appium/node_modules/router/lib/layer.js:152:17)
    at next (/opt/homebrew/lib/node_modules/appium/node_modules/router/lib/route.js:157:13)
    at Route.dispatch (/opt/homebrew/lib/node_modules/appium/node_modules/router/lib/route.js:117:3)
    at handle (/opt/homebrew/lib/node_modules/appium/node_modules/router/index.js:435:11)
    at Layer.handleRequest (/opt/homebrew/lib/node_modules/appium/node_modules/router/lib/layer.js:152:17)
    at /opt/homebrew/lib/node_modules/appium/node_modules/router/index.js:295:15
    at param (/opt/homebrew/lib/node_modules/appium/node_modules/router/index.js:600:14)
    at param (/opt/homebrew/lib/node_modules/appium/node_modules/router/index.js:610:14)
    at processParams (/opt/homebrew/lib/node_modules/appium/node_modules/router/index.js:664:3)
    at next (/opt/homebrew/lib/node_modules/appium/node_modules/router/index.js:291:5)
    at logger (/opt/homebrew/lib/node_modules/appium/node_modules/morgan/index.js:144:5)
    at Layer.handleRequest (/opt/homebrew/lib/node_modules/appium/node_modules/router/lib/layer.js:152:17)
    at trimPrefix (/opt/homebrew/lib/node_modules/appium/node_modules/router/index.js:342:13)
    at /opt/homebrew/lib/node_modules/appium/node_modules/router/index.js:297:9
    at processParams (/opt/homebrew/lib/node_modules/appium/node_modules/router/index.js:582:12)
    at next (/opt/homebrew/lib/node_modules/appium/node_modules/router/index.js:291:5)
    at /opt/homebrew/lib/node_modules/appium/node_modules/body-parser/lib/read.js:171:5
    at AsyncResource.runInAsyncScope (node:async_hooks:226:14)
    at invokeCallback (/opt/homebrew/lib/node_modules/appium/node_modules/raw-body/index.js:238:16)
    at done (/opt/homebrew/lib/node_modules/appium/node_modules/raw-body/index.js:227:7)
2026-08-17 15:40:48 [WARNING ] base_page.py:262 — Attempting to recover application state...
2026-08-17 15:40:48 [ERROR   ] base_page.py:257 — Failed to ensure app is in foreground: Message: A session is either terminated or not started
Stacktrace:
NoSuchDriverError: A session is either terminated or not started
    at asyncHandler (/opt/homebrew/lib/node_modules/appium/node_modules/@appium/base-driver/build/lib/protocol/protocol.js:293:23)
    at /opt/homebrew/lib/node_modules/appium/node_modules/@appium/base-driver/build/lib/protocol/protocol.js:447:36
    at Layer.handleRequest (/opt/homebrew/lib/node_modules/appium/node_modules/router/lib/layer.js:152:17)
    at next (/opt/homebrew/lib/node_modules/appium/node_modules/router/lib/route.js:157:13)
    at Route.dispatch (/opt/homebrew/lib/node_modules/appium/node_modules/router/lib/route.js:117:3)
    at handle (/opt/homebrew/lib/node_modules/appium/node_modules/router/index.js:435:11)
    at Layer.handleRequest (/opt/homebrew/lib/node_modules/appium/node_modules/router/lib/layer.js:152:17)
    at /opt/homebrew/lib/node_modules/appium/node_modules/router/index.js:295:15
    at param (/opt/homebrew/lib/node_modules/appium/node_modules/router/index.js:600:14)
    at param (/opt/homebrew/lib/node_modules/appium/node_modules/router/index.js:610:14)
    at processParams (/opt/homebrew/lib/node_modules/appium/node_modules/router/index.js:664:3)
    at next (/opt/homebrew/lib/node_modules/appium/node_modules/router/index.js:291:5)
    at logger (/opt/homebrew/lib/node_modules/appium/node_modules/morgan/index.js:144:5)
    at Layer.handleRequest (/opt/homebrew/lib/node_modules/appium/node_modules/router/lib/layer.js:152:17)
    at trimPrefix (/opt/homebrew/lib/node_modules/appium/node_modules/router/index.js:342:13)
    at /opt/homebrew/lib/node_modules/appium/node_modules/router/index.js:297:9
    at processParams (/opt/homebrew/lib/node_modules/appium/node_modules/router/index.js:582:12)
    at next (/opt/homebrew/lib/node_modules/appium/node_modules/router/index.js:291:5)
    at /opt/homebrew/lib/node_modules/appium/node_modules/body-parser/lib/read.js:171:5
    at AsyncResource.runInAsyncScope (node:async_hooks:226:14)
    at invokeCallback (/opt/homebrew/lib/node_modules/appium/node_modules/raw-body/index.js:238:16)
    at done (/opt/homebrew/lib/node_modules/appium/node_modules/raw-body/index.js:227:7)
2026-08-17 15:40:48 [ERROR   ] screenshot_utils.py:64 — Screenshot capture failed: Message: A session is either terminated or not started
Stacktrace:
NoSuchDriverError: A session is either terminated or not started
    at asyncHandler (/opt/homebrew/lib/node_modules/appium/node_modules/@appium/base-driver/build/lib/protocol/protocol.js:293:23)
    at /opt/homebrew/lib/node_modules/appium/node_modules/@appium/base-driver/build/lib/protocol/protocol.js:447:36
    at Layer.handleRequest (/opt/homebrew/lib/node_modules/appium/node_modules/router/lib/layer.js:152:17)
    at next (/opt/homebrew/lib/node_modules/appium/node_modules/router/lib/route.js:157:13)
    at Route.dispatch (/opt/homebrew/lib/node_modules/appium/node_modules/router/lib/route.js:117:3)
    at handle (/opt/homebrew/lib/node_modules/appium/node_modules/router/index.js:435:11)
    at Layer.handleRequest (/opt/homebrew/lib/node_modules/appium/node_modules/router/lib/layer.js:152:17)
    at /opt/homebrew/lib/node_modules/appium/node_modules/router/index.js:295:15
    at param (/opt/homebrew/lib/node_modules/appium/node_modules/router/index.js:600:14)
    at param (/opt/homebrew/lib/node_modules/appium/node_modules/router/index.js:610:14)
    at processParams (/opt/homebrew/lib/node_modules/appium/node_modules/router/index.js:664:3)
    at next (/opt/homebrew/lib/node_modules/appium/node_modules/router/index.js:291:5)
    at logger (/opt/homebrew/lib/node_modules/appium/node_modules/morgan/index.js:144:5)
    at Layer.handleRequest (/opt/homebrew/lib/node_modules/appium/node_modules/router/lib/layer.js:152:17)
    at trimPrefix (/opt/homebrew/lib/node_modules/appium/node_modules/router/index.js:342:13)
    at /opt/homebrew/lib/node_modules/appium/node_modules/router/index.js:297:9
    at processParams (/opt/homebrew/lib/node_modules/appium/node_modules/router/index.js:582:12)
    at next (/opt/homebrew/lib/node_modules/appium/node_modules/router/index.js:291:5)
    at read (/opt/homebrew/lib/node_modules/appium/node_modules/body-parser/lib/read.js:53:5)
    at jsonParser (/opt/homebrew/lib/node_modules/appium/node_modules/body-parser/lib/types/json.js:88:5)
    at Layer.handleRequest (/opt/homebrew/lib/node_modules/appium/node_modules/router/lib/layer.js:152:17)
    at trimPrefix (/opt/homebrew/lib/node_modules/appium/node_modules/router/index.js:342:13)
2026-08-17 15:40:48 [ERROR   ] screenshot_utils.py:87 — Page source save failed: Message: A session is either terminated or not started
Stacktrace:
NoSuchDriverError: A session is either terminated or not started
    at asyncHandler (/opt/homebrew/lib/node_modules/appium/node_modules/@appium/base-driver/build/lib/protocol/protocol.js:293:23)
    at /opt/homebrew/lib/node_modules/appium/node_modules/@appium/base-driver/build/lib/protocol/protocol.js:447:36
    at Layer.handleRequest (/opt/homebrew/lib/node_modules/appium/node_modules/router/lib/layer.js:152:17)
    at next (/opt/homebrew/lib/node_modules/appium/node_modules/router/lib/route.js:157:13)
    at Route.dispatch (/opt/homebrew/lib/node_modules/appium/node_modules/router/lib/route.js:117:3)
    at handle (/opt/homebrew/lib/node_modules/appium/node_modules/router/index.js:435:11)
    at Layer.handleRequest (/opt/homebrew/lib/node_modules/appium/node_modules/router/lib/layer.js:152:17)
    at /opt/homebrew/lib/node_modules/appium/node_modules/router/index.js:295:15
    at param (/opt/homebrew/lib/node_modules/appium/node_modules/router/index.js:600:14)
    at param (/opt/homebrew/lib/node_modules/appium/node_modules/router/index.js:610:14)
    at processParams (/opt/homebrew/lib/node_modules/appium/node_modules/router/index.js:664:3)
    at next (/opt/homebrew/lib/node_modules/appium/node_modules/router/index.js:291:5)
    at logger (/opt/homebrew/lib/node_modules/appium/node_modules/morgan/index.js:144:5)
    at Layer.handleRequest (/opt/homebrew/lib/node_modules/appium/node_modules/router/lib/layer.js:152:17)
    at trimPrefix (/opt/homebrew/lib/node_modules/appium/node_modules/router/index.js:342:13)
    at /opt/homebrew/lib/node_modules/appium/node_modules/router/index.js:297:9
    at processParams (/opt/homebrew/lib/node_modules/appium/node_modules/router/index.js:582:12)
    at next (/opt/homebrew/lib/node_modules/appium/node_modules/router/index.js:291:5)
    at read (/opt/homebrew/lib/node_modules/appium/node_modules/body-parser/lib/read.js:53:5)
    at jsonParser (/opt/homebrew/lib/node_modules/appium/node_modules/body-parser/lib/types/json.js:88:5)
    at Layer.handleRequest (/opt/homebrew/lib/node_modules/appium/node_modules/router/lib/layer.js:152:17)
    at trimPrefix (/opt/homebrew/lib/node_modules/appium/node_modules/router/index.js:342:13)
2026-08-17 15:40:51 [INFO    ] base_page.py:266 — App recovery attempt completed.
2026-08-17 15:40:51 [ERROR   ] screenshot_utils.py:64 — Screenshot capture failed: Message: A session is either terminated or not started
Stacktrace:
NoSuchDriverError: A session is either terminated or not started
    at asyncHandler (/opt/homebrew/lib/node_modules/appium/node_modules/@appium/base-driver/build/lib/protocol/protocol.js:293:23)
    at /opt/homebrew/lib/node_modules/appium/node_modules/@appium/base-driver/build/lib/protocol/protocol.js:447:36
    at Layer.handleRequest (/opt/homebrew/lib/node_modules/appium/node_modules/router/lib/layer.js:152:17)
    at next (/opt/homebrew/lib/node_modules/appium/node_modules/router/lib/route.js:157:13)
    at Route.dispatch (/opt/homebrew/lib/node_modules/appium/node_modules/router/lib/route.js:117:3)
    at handle (/opt/homebrew/lib/node_modules/appium/node_modules/router/index.js:435:11)
    at Layer.handleRequest (/opt/homebrew/lib/node_modules/appium/node_modules/router/lib/layer.js:152:17)
    at /opt/homebrew/lib/node_modules/appium/node_modules/router/index.js:295:15
    at param (/opt/homebrew/lib/node_modules/appium/node_modules/router/index.js:600:14)
    at param (/opt/homebrew/lib/node_modules/appium/node_modules/router/index.js:610:14)
    at processParams (/opt/homebrew/lib/node_modules/appium/node_modules/router/index.js:664:3)
    at next (/opt/homebrew/lib/node_modules/appium/node_modules/router/index.js:291:5)
    at logger (/opt/homebrew/lib/node_modules/appium/node_modules/morgan/index.js:144:5)
    at Layer.handleRequest (/opt/homebrew/lib/node_modules/appium/node_modules/router/lib/layer.js:152:17)
    at trimPrefix (/opt/homebrew/lib/node_modules/appium/node_modules/router/index.js:342:13)
    at /opt/homebrew/lib/node_modules/appium/node_modules/router/index.js:297:9
    at processParams (/opt/homebrew/lib/node_modules/appium/node_modules/router/index.js:582:12)
    at next (/opt/homebrew/lib/node_modules/appium/node_modules/router/index.js:291:5)
    at read (/opt/homebrew/lib/node_modules/appium/node_modules/body-parser/lib/read.js:53:5)
    at jsonParser (/opt/homebrew/lib/node_modules/appium/node_modules/body-parser/lib/types/json.js:88:5)
    at Layer.handleRequest (/opt/homebrew/lib/node_modules/appium/node_modules/router/lib/layer.js:152:17)
    at trimPrefix (/opt/homebrew/lib/node_modules/appium/node_modules/router/index.js:342:13)
2026-08-17 15:40:51 [ERROR   ] screenshot_utils.py:87 — Page source save failed: Message: A session is either terminated or not started
Stacktrace:
NoSuchDriverError: A session is either terminated or not started
    at asyncHandler (/opt/homebrew/lib/node_modules/appium/node_modules/@appium/base-driver/build/lib/protocol/protocol.js:293:23)
    at /opt/homebrew/lib/node_modules/appium/node_modules/@appium/base-driver/build/lib/protocol/protocol.js:447:36
    at Layer.handleRequest (/opt/homebrew/lib/node_modules/appium/node_modules/router/lib/layer.js:152:17)
    at next (/opt/homebrew/lib/node_modules/appium/node_modules/router/lib/route.js:157:13)
    at Route.dispatch (/opt/homebrew/lib/node_modules/appium/node_modules/router/lib/route.js:117:3)
    at handle (/opt/homebrew/lib/node_modules/appium/node_modules/router/index.js:435:11)
    at Layer.handleRequest (/opt/homebrew/lib/node_modules/appium/node_modules/router/lib/layer.js:152:17)
    at /opt/homebrew/lib/node_modules/appium/node_modules/router/index.js:295:15
    at param (/opt/homebrew/lib/node_modules/appium/node_modules/router/index.js:600:14)
    at param (/opt/homebrew/lib/node_modules/appium/node_modules/router/index.js:610:14)
    at processParams (/opt/homebrew/lib/node_modules/appium/node_modules/router/index.js:664:3)
    at next (/opt/homebrew/lib/node_modules/appium/node_modules/router/index.js:291:5)
    at logger (/opt/homebrew/lib/node_modules/appium/node_modules/morgan/index.js:144:5)
    at Layer.handleRequest (/opt/homebrew/lib/node_modules/appium/node_modules/router/lib/layer.js:152:17)
    at trimPrefix (/opt/homebrew/lib/node_modules/appium/node_modules/router/index.js:342:13)
    at /opt/homebrew/lib/node_modules/appium/node_modules/router/index.js:297:9
    at processParams (/opt/homebrew/lib/node_modules/appium/node_modules/router/index.js:582:12)
    at next (/opt/homebrew/lib/node_modules/appium/node_modules/router/index.js:291:5)
    at read (/opt/homebrew/lib/node_modules/appium/node_modules/body-parser/lib/read.js:53:5)
    at jsonParser (/opt/homebrew/lib/node_modules/appium/node_modules/body-parser/lib/types/json.js:88:5)
    at Layer.handleRequest (/opt/homebrew/lib/node_modules/appium/node_modules/router/lib/layer.js:152:17)
    at trimPrefix (/opt/homebrew/lib/node_modules/appium/node_modules/router/index.js:342:13)
2026-08-17 15:40:51 [WARNING ] login_page.py:98 — Element-based click failed: Unable to click ('xpath', "//android.view.View[@clickable='true'][.//android.widget.TextView[@text='Profile']]") after 1 retries. Last exception: Message: A session is either terminated or not started
Stacktrace:
NoSuchDriverError: A session is either terminated or not started
    at asyncHandler (/opt/homebrew/lib/node_modules/appium/node_modules/@appium/base-driver/build/lib/protocol/protocol.js:293:23)
    at /opt/homebrew/lib/node_modules/appium/node_modules/@appium/base-driver/build/lib/protocol/protocol.js:447:36
    at Layer.handleRequest (/opt/homebrew/lib/node_modules/appium/node_modules/router/lib/layer.js:152:17)
    at next (/opt/homebrew/lib/node_modules/appium/node_modules/router/lib/route.js:157:13)
    at Route.dispatch (/opt/homebrew/lib/node_modules/appium/node_modules/router/lib/route.js:117:3)
    at handle (/opt/homebrew/lib/node_modules/appium/node_modules/router/index.js:435:11)
    at Layer.handleRequest (/opt/homebrew/lib/node_modules/appium/node_modules/router/lib/layer.js:152:17)
    at /opt/homebrew/lib/node_modules/appium/node_modules/router/index.js:295:15
    at param (/opt/homebrew/lib/node_modules/appium/node_modules/router/index.js:600:14)
    at param (/opt/homebrew/lib/node_modules/appium/node_modules/router/index.js:610:14)
    at processParams (/opt/homebrew/lib/node_modules/appium/node_modules/router/index.js:664:3)
    at next (/opt/homebrew/lib/node_modules/appium/node_modules/router/index.js:291:5)
    at logger (/opt/homebrew/lib/node_modules/appium/node_modules/morgan/index.js:144:5)
    at Layer.handleRequest (/opt/homebrew/lib/node_modules/appium/node_modules/router/lib/layer.js:152:17)
    at trimPrefix (/opt/homebrew/lib/node_modules/appium/node_modules/router/index.js:342:13)
    at /opt/homebrew/lib/node_modules/appium/node_modules/router/index.js:297:9
    at processParams (/opt/homebrew/lib/node_modules/appium/node_modules/router/index.js:582:12)
    at next (/opt/homebrew/lib/node_modules/appium/node_modules/router/index.js:291:5)
    at /opt/homebrew/lib/node_modules/appium/node_modules/body-parser/lib/read.js:171:5
    at AsyncResource.runInAsyncScope (node:async_hooks:226:14)
    at invokeCallback (/opt/homebrew/lib/node_modules/appium/node_modules/raw-body/index.js:238:16)
    at done (/opt/homebrew/lib/node_modules/appium/node_modules/raw-body/index.js:227:7)
2026-08-17 15:40:51 [WARNING ] base_page.py:172 — Error checking display status for ('-android uiautomator', 'new UiSelector().text("Edit Profile")'): Message: A session is either terminated or not started
Stacktrace:
NoSuchDriverError: A session is either terminated or not started
    at asyncHandler (/opt/homebrew/lib/node_modules/appium/node_modules/@appium/base-driver/build/lib/protocol/protocol.js:293:23)
    at /opt/homebrew/lib/node_modules/appium/node_modules/@appium/base-driver/build/lib/protocol/protocol.js:447:36
    at Layer.handleRequest (/opt/homebrew/lib/node_modules/appium/node_modules/router/lib/layer.js:152:17)
    at next (/opt/homebrew/lib/node_modules/appium/node_modules/router/lib/route.js:157:13)
    at Route.dispatch (/opt/homebrew/lib/node_modules/appium/node_modules/router/lib/route.js:117:3)
    at handle (/opt/homebrew/lib/node_modules/appium/node_modules/router/index.js:435:11)
    at Layer.handleRequest (/opt/homebrew/lib/node_modules/appium/node_modules/router/lib/layer.js:152:17)
    at /opt/homebrew/lib/node_modules/appium/node_modules/router/index.js:295:15
    at param (/opt/homebrew/lib/node_modules/appium/node_modules/router/index.js:600:14)
    at param (/opt/homebrew/lib/node_modules/appium/node_modules/router/index.js:610:14)
    at processParams (/opt/homebrew/lib/node_modules/appium/node_modules/router/index.js:664:3)
    at next (/opt/homebrew/lib/node_modules/appium/node_modules/router/index.js:291:5)
    at logger (/opt/homebrew/lib/node_modules/appium/node_modules/morgan/index.js:144:5)
    at Layer.handleRequest (/opt/homebrew/lib/node_modules/appium/node_modules/router/lib/layer.js:152:17)
    at trimPrefix (/opt/homebrew/lib/node_modules/appium/node_modules/router/index.js:342:13)
    at /opt/homebrew/lib/node_modules/appium/node_modules/router/index.js:297:9
    at processParams (/opt/homebrew/lib/node_modules/appium/node_modules/router/index.js:582:12)
    at next (/opt/homebrew/lib/node_modules/appium/node_modules/router/index.js:291:5)
    at /opt/homebrew/lib/node_modules/appium/node_modules/body-parser/lib/read.js:171:5
    at AsyncResource.runInAsyncScope (node:async_hooks:226:14)
    at invokeCallback (/opt/homebrew/lib/node_modules/appium/node_modules/raw-body/index.js:238:16)
    at done (/opt/homebrew/lib/node_modules/appium/node_modules/raw-body/index.js:227:7)
2026-08-17 15:40:51 [WARNING ] base_page.py:172 — Error checking display status for ('id', 'com.zee5.hipi:id/exo_content_frame'): Message: A session is either terminated or not started
Stacktrace:
NoSuchDriverError: A session is either terminated or not started
    at asyncHandler (/opt/homebrew/lib/node_modules/appium/node_modules/@appium/base-driver/build/lib/protocol/protocol.js:293:23)
    at /opt/homebrew/lib/node_modules/appium/node_modules/@appium/base-driver/build/lib/protocol/protocol.js:447:36
    at Layer.handleRequest (/opt/homebrew/lib/node_modules/appium/node_modules/router/lib/layer.js:152:17)
    at next (/opt/homebrew/lib/node_modules/appium/node_modules/router/lib/route.js:157:13)
    at Route.dispatch (/opt/homebrew/lib/node_modules/appium/node_modules/router/lib/route.js:117:3)
    at handle (/opt/homebrew/lib/node_modules/appium/node_modules/router/index.js:435:11)
    at Layer.handleRequest (/opt/homebrew/lib/node_modules/appium/node_modules/router/lib/layer.js:152:17)
    at /opt/homebrew/lib/node_modules/appium/node_modules/router/index.js:295:15
    at param (/opt/homebrew/lib/node_modules/appium/node_modules/router/index.js:600:14)
    at param (/opt/homebrew/lib/node_modules/appium/node_modules/router/index.js:610:14)
    at processParams (/opt/homebrew/lib/node_modules/appium/node_modules/router/index.js:664:3)
    at next (/opt/homebrew/lib/node_modules/appium/node_modules/router/index.js:291:5)
    at logger (/opt/homebrew/lib/node_modules/appium/node_modules/morgan/index.js:144:5)
    at Layer.handleRequest (/opt/homebrew/lib/node_modules/appium/node_modules/router/lib/layer.js:152:17)
    at trimPrefix (/opt/homebrew/lib/node_modules/appium/node_modules/router/index.js:342:13)
    at /opt/homebrew/lib/node_modules/appium/node_modules/router/index.js:297:9
    at processParams (/opt/homebrew/lib/node_modules/appium/node_modules/router/index.js:582:12)
    at next (/opt/homebrew/lib/node_modules/appium/node_modules/router/index.js:291:5)
    at /opt/homebrew/lib/node_modules/appium/node_modules/body-parser/lib/read.js:171:5
    at AsyncResource.runInAsyncScope (node:async_hooks:226:14)
    at invokeCallback (/opt/homebrew/lib/node_modules/appium/node_modules/raw-body/index.js:238:16)
    at done (/opt/homebrew/lib/node_modules/appium/node_modules/raw-body/index.js:227:7)
2026-08-17 15:40:51 [ERROR   ] base_page.py:257 — Failed to ensure app is in foreground: Message: A session is either terminated or not started
Stacktrace:
NoSuchDriverError: A session is either terminated or not started
    at asyncHandler (/opt/homebrew/lib/node_modules/appium/node_modules/@appium/base-driver/build/lib/protocol/protocol.js:293:23)
    at /opt/homebrew/lib/node_modules/appium/node_modules/@appium/base-driver/build/lib/protocol/protocol.js:447:36
    at Layer.handleRequest (/opt/homebrew/lib/node_modules/appium/node_modules/router/lib/layer.js:152:17)
    at next (/opt/homebrew/lib/node_modules/appium/node_modules/router/lib/route.js:157:13)
    at Route.dispatch (/opt/homebrew/lib/node_modules/appium/node_modules/router/lib/route.js:117:3)
    at handle (/opt/homebrew/lib/node_modules/appium/node_modules/router/index.js:435:11)
    at Layer.handleRequest (/opt/homebrew/lib/node_modules/appium/node_modules/router/lib/layer.js:152:17)
    at /opt/homebrew/lib/node_modules/appium/node_modules/router/index.js:295:15
    at param (/opt/homebrew/lib/node_modules/appium/node_modules/router/index.js:600:14)
    at param (/opt/homebrew/lib/node_modules/appium/node_modules/router/index.js:610:14)
    at processParams (/opt/homebrew/lib/node_modules/appium/node_modules/router/index.js:664:3)
    at next (/opt/homebrew/lib/node_modules/appium/node_modules/router/index.js:291:5)
    at logger (/opt/homebrew/lib/node_modules/appium/node_modules/morgan/index.js:144:5)
    at Layer.handleRequest (/opt/homebrew/lib/node_modules/appium/node_modules/router/lib/layer.js:152:17)
    at trimPrefix (/opt/homebrew/lib/node_modules/appium/node_modules/router/index.js:342:13)
    at /opt/homebrew/lib/node_modules/appium/node_modules/router/index.js:297:9
    at processParams (/opt/homebrew/lib/node_modules/appium/node_modules/router/index.js:582:12)
    at next (/opt/homebrew/lib/node_modules/appium/node_modules/router/index.js:291:5)
    at /opt/homebrew/lib/node_modules/appium/node_modules/body-parser/lib/read.js:171:5
    at AsyncResource.runInAsyncScope (node:async_hooks:226:14)
    at invokeCallback (/opt/homebrew/lib/node_modules/appium/node_modules/raw-body/index.js:238:16)
    at done (/opt/homebrew/lib/node_modules/appium/node_modules/raw-body/index.js:227:7)
2026-08-17 15:40:51 [ERROR   ] screenshot_utils.py:64 — Screenshot capture failed: Message: A session is either terminated or not started
Stacktrace:
NoSuchDriverError: A session is either terminated or not started
    at asyncHandler (/opt/homebrew/lib/node_modules/appium/node_modules/@appium/base-driver/build/lib/protocol/protocol.js:293:23)
    at /opt/homebrew/lib/node_modules/appium/node_modules/@appium/base-driver/build/lib/protocol/protocol.js:447:36
    at Layer.handleRequest (/opt/homebrew/lib/node_modules/appium/node_modules/router/lib/layer.js:152:17)
    at next (/opt/homebrew/lib/node_modules/appium/node_modules/router/lib/route.js:157:13)
    at Route.dispatch (/opt/homebrew/lib/node_modules/appium/node_modules/router/lib/route.js:117:3)
    at handle (/opt/homebrew/lib/node_modules/appium/node_modules/router/index.js:435:11)
    at Layer.handleRequest (/opt/homebrew/lib/node_modules/appium/node_modules/router/lib/layer.js:152:17)
    at /opt/homebrew/lib/node_modules/appium/node_modules/router/index.js:295:15
    at param (/opt/homebrew/lib/node_modules/appium/node_modules/router/index.js:600:14)
    at param (/opt/homebrew/lib/node_modules/appium/node_modules/router/index.js:610:14)
    at processParams (/opt/homebrew/lib/node_modules/appium/node_modules/router/index.js:664:3)
    at next (/opt/homebrew/lib/node_modules/appium/node_modules/router/index.js:291:5)
    at logger (/opt/homebrew/lib/node_modules/appium/node_modules/morgan/index.js:144:5)
    at Layer.handleRequest (/opt/homebrew/lib/node_modules/appium/node_modules/router/lib/layer.js:152:17)
    at trimPrefix (/opt/homebrew/lib/node_modules/appium/node_modules/router/index.js:342:13)
    at /opt/homebrew/lib/node_modules/appium/node_modules/router/index.js:297:9
    at processParams (/opt/homebrew/lib/node_modules/appium/node_modules/router/index.js:582:12)
    at next (/opt/homebrew/lib/node_modules/appium/node_modules/router/index.js:291:5)
    at read (/opt/homebrew/lib/node_modules/appium/node_modules/body-parser/lib/read.js:53:5)
    at jsonParser (/opt/homebrew/lib/node_modules/appium/node_modules/body-parser/lib/types/json.js:88:5)
    at Layer.handleRequest (/opt/homebrew/lib/node_modules/appium/node_modules/router/lib/layer.js:152:17)
    at trimPrefix (/opt/homebrew/lib/node_modules/appium/node_modules/router/index.js:342:13)
2026-08-17 15:40:51 [ERROR   ] screenshot_utils.py:87 — Page source save failed: Message: A session is either terminated or not started
Stacktrace:
NoSuchDriverError: A session is either terminated or not started
    at asyncHandler (/opt/homebrew/lib/node_modules/appium/node_modules/@appium/base-driver/build/lib/protocol/protocol.js:293:23)
    at /opt/homebrew/lib/node_modules/appium/node_modules/@appium/base-driver/build/lib/protocol/protocol.js:447:36
    at Layer.handleRequest (/opt/homebrew/lib/node_modules/appium/node_modules/router/lib/layer.js:152:17)
    at next (/opt/homebrew/lib/node_modules/appium/node_modules/router/lib/route.js:157:13)
    at Route.dispatch (/opt/homebrew/lib/node_modules/appium/node_modules/router/lib/route.js:117:3)
    at handle (/opt/homebrew/lib/node_modules/appium/node_modules/router/index.js:435:11)
    at Layer.handleRequest (/opt/homebrew/lib/node_modules/appium/node_modules/router/lib/layer.js:152:17)
    at /opt/homebrew/lib/node_modules/appium/node_modules/router/index.js:295:15
    at param (/opt/homebrew/lib/node_modules/appium/node_modules/router/index.js:600:14)
    at param (/opt/homebrew/lib/node_modules/appium/node_modules/router/index.js:610:14)
    at processParams (/opt/homebrew/lib/node_modules/appium/node_modules/router/index.js:664:3)
    at next (/opt/homebrew/lib/node_modules/appium/node_modules/router/index.js:291:5)
    at logger (/opt/homebrew/lib/node_modules/appium/node_modules/morgan/index.js:144:5)
    at Layer.handleRequest (/opt/homebrew/lib/node_modules/appium/node_modules/router/lib/layer.js:152:17)
    at trimPrefix (/opt/homebrew/lib/node_modules/appium/node_modules/router/index.js:342:13)
    at /opt/homebrew/lib/node_modules/appium/node_modules/router/index.js:297:9
    at processParams (/opt/homebrew/lib/node_modules/appium/node_modules/router/index.js:582:12)
    at next (/opt/homebrew/lib/node_modules/appium/node_modules/router/index.js:291:5)
    at read (/opt/homebrew/lib/node_modules/appium/node_modules/body-parser/lib/read.js:53:5)
    at jsonParser (/opt/homebrew/lib/node_modules/appium/node_modules/body-parser/lib/types/json.js:88:5)
    at Layer.handleRequest (/opt/homebrew/lib/node_modules/appium/node_modules/router/lib/layer.js:152:17)
    at trimPrefix (/opt/homebrew/lib/node_modules/appium/node_modules/router/index.js:342:13)
2026-08-17 15:40:51 [WARNING ] login_page.py:135 — Coordinate tap failed: Message: A session is either terminated or not started
Stacktrace:
NoSuchDriverError: A session is either terminated or not started
    at asyncHandler (/opt/homebrew/lib/node_modules/appium/node_modules/@appium/base-driver/build/lib/protocol/protocol.js:293:23)
    at /opt/homebrew/lib/node_modules/appium/node_modules/@appium/base-driver/build/lib/protocol/protocol.js:447:36
    at Layer.handleRequest (/opt/homebrew/lib/node_modules/appium/node_modules/router/lib/layer.js:152:17)
    at next (/opt/homebrew/lib/node_modules/appium/node_modules/router/lib/route.js:157:13)
    at Route.dispatch (/opt/homebrew/lib/node_modules/appium/node_modules/router/lib/route.js:117:3)
    at handle (/opt/homebrew/lib/node_modules/appium/node_modules/router/index.js:435:11)
    at Layer.handleRequest (/opt/homebrew/lib/node_modules/appium/node_modules/router/lib/layer.js:152:17)
    at /opt/homebrew/lib/node_modules/appium/node_modules/router/index.js:295:15
    at param (/opt/homebrew/lib/node_modules/appium/node_modules/router/index.js:600:14)
    at param (/opt/homebrew/lib/node_modules/appium/node_modules/router/index.js:610:14)
    at processParams (/opt/homebrew/lib/node_modules/appium/node_modules/router/index.js:664:3)
    at next (/opt/homebrew/lib/node_modules/appium/node_modules/router/index.js:291:5)
    at logger (/opt/homebrew/lib/node_modules/appium/node_modules/morgan/index.js:144:5)
    at Layer.handleRequest (/opt/homebrew/lib/node_modules/appium/node_modules/router/lib/layer.js:152:17)
    at trimPrefix (/opt/homebrew/lib/node_modules/appium/node_modules/router/index.js:342:13)
    at /opt/homebrew/lib/node_modules/appium/node_modules/router/index.js:297:9
    at processParams (/opt/homebrew/lib/node_modules/appium/node_modules/router/index.js:582:12)
    at next (/opt/homebrew/lib/node_modules/appium/node_modules/router/index.js:291:5)
    at read (/opt/homebrew/lib/node_modules/appium/node_modules/body-parser/lib/read.js:53:5)
    at jsonParser (/opt/homebrew/lib/node_modules/appium/node_modules/body-parser/lib/types/json.js:88:5)
    at Layer.handleRequest (/opt/homebrew/lib/node_modules/appium/node_modules/router/lib/layer.js:152:17)
    at trimPrefix (/opt/homebrew/lib/node_modules/appium/node_modules/router/index.js:342:13)
2026-08-17 15:40:57 [ERROR   ] base_page.py:92 — None of the candidate locators became visible within 6s. Candidates: [('-android uiautomator', 'new UiSelector().textContains("Continue")'), ('class name', 'android.widget.EditText')]. Last error: Message: A session is either terminated or not started
Stacktrace:
NoSuchDriverError: A session is either terminated or not started
    at asyncHandler (/opt/homebrew/lib/node_modules/appium/node_modules/@appium/base-driver/build/lib/protocol/protocol.js:293:23)
    at /opt/homebrew/lib/node_modules/appium/node_modules/@appium/base-driver/build/lib/protocol/protocol.js:447:36
    at Layer.handleRequest (/opt/homebrew/lib/node_modules/appium/node_modules/router/lib/layer.js:152:17)
    at next (/opt/homebrew/lib/node_modules/appium/node_modules/router/lib/route.js:157:13)
    at Route.dispatch (/opt/homebrew/lib/node_modules/appium/node_modules/router/lib/route.js:117:3)
    at handle (/opt/homebrew/lib/node_modules/appium/node_modules/router/index.js:435:11)
    at Layer.handleRequest (/opt/homebrew/lib/node_modules/appium/node_modules/router/lib/layer.js:152:17)
    at /opt/homebrew/lib/node_modules/appium/node_modules/router/index.js:295:15
    at param (/opt/homebrew/lib/node_modules/appium/node_modules/router/index.js:600:14)
    at param (/opt/homebrew/lib/node_modules/appium/node_modules/router/index.js:610:14)
    at processParams (/opt/homebrew/lib/node_modules/appium/node_modules/router/index.js:664:3)
    at next (/opt/homebrew/lib/node_modules/appium/node_modules/router/index.js:291:5)
    at logger (/opt/homebrew/lib/node_modules/appium/node_modules/morgan/index.js:144:5)
    at Layer.handleRequest (/opt/homebrew/lib/node_modules/appium/node_modules/router/lib/layer.js:152:17)
    at trimPrefix (/opt/homebrew/lib/node_modules/appium/node_modules/router/index.js:342:13)
    at /opt/homebrew/lib/node_modules/appium/node_modules/router/index.js:297:9
    at processParams (/opt/homebrew/lib/node_modules/appium/node_modules/router/index.js:582:12)
    at next (/opt/homebrew/lib/node_modules/appium/node_modules/router/index.js:291:5)
    at /opt/homebrew/lib/node_modules/appium/node_modules/body-parser/lib/read.js:171:5
    at AsyncResource.runInAsyncScope (node:async_hooks:226:14)
    at invokeCallback (/opt/homebrew/lib/node_modules/appium/node_modules/raw-body/index.js:238:16)
    at done (/opt/homebrew/lib/node_modules/appium/node_modules/raw-body/index.js:227:7)
2026-08-17 15:40:57 [ERROR   ] screenshot_utils.py:64 — Screenshot capture failed: Message: A session is either terminated or not started
Stacktrace:
NoSuchDriverError: A session is either terminated or not started
    at asyncHandler (/opt/homebrew/lib/node_modules/appium/node_modules/@appium/base-driver/build/lib/protocol/protocol.js:293:23)
    at /opt/homebrew/lib/node_modules/appium/node_modules/@appium/base-driver/build/lib/protocol/protocol.js:447:36
    at Layer.handleRequest (/opt/homebrew/lib/node_modules/appium/node_modules/router/lib/layer.js:152:17)
    at next (/opt/homebrew/lib/node_modules/appium/node_modules/router/lib/route.js:157:13)
    at Route.dispatch (/opt/homebrew/lib/node_modules/appium/node_modules/router/lib/route.js:117:3)
    at handle (/opt/homebrew/lib/node_modules/appium/node_modules/router/index.js:435:11)
    at Layer.handleRequest (/opt/homebrew/lib/node_modules/appium/node_modules/router/lib/layer.js:152:17)
    at /opt/homebrew/lib/node_modules/appium/node_modules/router/index.js:295:15
    at param (/opt/homebrew/lib/node_modules/appium/node_modules/router/index.js:600:14)
    at param (/opt/homebrew/lib/node_modules/appium/node_modules/router/index.js:610:14)
    at processParams (/opt/homebrew/lib/node_modules/appium/node_modules/router/index.js:664:3)
    at next (/opt/homebrew/lib/node_modules/appium/node_modules/router/index.js:291:5)
    at logger (/opt/homebrew/lib/node_modules/appium/node_modules/morgan/index.js:144:5)
    at Layer.handleRequest (/opt/homebrew/lib/node_modules/appium/node_modules/router/lib/layer.js:152:17)
    at trimPrefix (/opt/homebrew/lib/node_modules/appium/node_modules/router/index.js:342:13)
    at /opt/homebrew/lib/node_modules/appium/node_modules/router/index.js:297:9
    at processParams (/opt/homebrew/lib/node_modules/appium/node_modules/router/index.js:582:12)
    at next (/opt/homebrew/lib/node_modules/appium/node_modules/router/index.js:291:5)
    at read (/opt/homebrew/lib/node_modules/appium/node_modules/body-parser/lib/read.js:53:5)
    at jsonParser (/opt/homebrew/lib/node_modules/appium/node_modules/body-parser/lib/types/json.js:88:5)
    at Layer.handleRequest (/opt/homebrew/lib/node_modules/appium/node_modules/router/lib/layer.js:152:17)
    at trimPrefix (/opt/homebrew/lib/node_modules/appium/node_modules/router/index.js:342:13)
2026-08-17 15:40:57 [ERROR   ] screenshot_utils.py:87 — Page source save failed: Message: A session is either terminated or not started
Stacktrace:
NoSuchDriverError: A session is either terminated or not started
    at asyncHandler (/opt/homebrew/lib/node_modules/appium/node_modules/@appium/base-driver/build/lib/protocol/protocol.js:293:23)
    at /opt/homebrew/lib/node_modules/appium/node_modules/@appium/base-driver/build/lib/protocol/protocol.js:447:36
    at Layer.handleRequest (/opt/homebrew/lib/node_modules/appium/node_modules/router/lib/layer.js:152:17)
    at next (/opt/homebrew/lib/node_modules/appium/node_modules/router/lib/route.js:157:13)
    at Route.dispatch (/opt/homebrew/lib/node_modules/appium/node_modules/router/lib/route.js:117:3)
    at handle (/opt/homebrew/lib/node_modules/appium/node_modules/router/index.js:435:11)
    at Layer.handleRequest (/opt/homebrew/lib/node_modules/appium/node_modules/router/lib/layer.js:152:17)
    at /opt/homebrew/lib/node_modules/appium/node_modules/router/index.js:295:15
    at param (/opt/homebrew/lib/node_modules/appium/node_modules/router/index.js:600:14)
    at param (/opt/homebrew/lib/node_modules/appium/node_modules/router/index.js:610:14)
    at processParams (/opt/homebrew/lib/node_modules/appium/node_modules/router/index.js:664:3)
    at next (/opt/homebrew/lib/node_modules/appium/node_modules/router/index.js:291:5)
    at logger (/opt/homebrew/lib/node_modules/appium/node_modules/morgan/index.js:144:5)
    at Layer.handleRequest (/opt/homebrew/lib/node_modules/appium/node_modules/router/lib/layer.js:152:17)
    at trimPrefix (/opt/homebrew/lib/node_modules/appium/node_modules/router/index.js:342:13)
    at /opt/homebrew/lib/node_modules/appium/node_modules/router/index.js:297:9
    at processParams (/opt/homebrew/lib/node_modules/appium/node_modules/router/index.js:582:12)
    at next (/opt/homebrew/lib/node_modules/appium/node_modules/router/index.js:291:5)
    at read (/opt/homebrew/lib/node_modules/appium/node_modules/body-parser/lib/read.js:53:5)
    at jsonParser (/opt/homebrew/lib/node_modules/appium/node_modules/body-parser/lib/types/json.js:88:5)
    at Layer.handleRequest (/opt/homebrew/lib/node_modules/appium/node_modules/router/lib/layer.js:152:17)
    at trimPrefix (/opt/homebrew/lib/node_modules/appium/node_modules/router/index.js:342:13)
2026-08-17 15:40:57 [WARNING ] login_page.py:158 — Attempt 2 did not reach the login sheet, recovering and retrying...
2026-08-17 15:40:57 [WARNING ] base_page.py:262 — Attempting to recover application state...
2026-08-17 15:40:57 [ERROR   ] base_page.py:257 — Failed to ensure app is in foreground: Message: A session is either terminated or not started
Stacktrace:
NoSuchDriverError: A session is either terminated or not started
    at asyncHandler (/opt/homebrew/lib/node_modules/appium/node_modules/@appium/base-driver/build/lib/protocol/protocol.js:293:23)
    at /opt/homebrew/lib/node_modules/appium/node_modules/@appium/base-driver/build/lib/protocol/protocol.js:447:36
    at Layer.handleRequest (/opt/homebrew/lib/node_modules/appium/node_modules/router/lib/layer.js:152:17)
    at next (/opt/homebrew/lib/node_modules/appium/node_modules/router/lib/route.js:157:13)
    at Route.dispatch (/opt/homebrew/lib/node_modules/appium/node_modules/router/lib/route.js:117:3)
    at handle (/opt/homebrew/lib/node_modules/appium/node_modules/router/index.js:435:11)
    at Layer.handleRequest (/opt/homebrew/lib/node_modules/appium/node_modules/router/lib/layer.js:152:17)
    at /opt/homebrew/lib/node_modules/appium/node_modules/router/index.js:295:15
    at param (/opt/homebrew/lib/node_modules/appium/node_modules/router/index.js:600:14)
    at param (/opt/homebrew/lib/node_modules/appium/node_modules/router/index.js:610:14)
    at processParams (/opt/homebrew/lib/node_modules/appium/node_modules/router/index.js:664:3)
    at next (/opt/homebrew/lib/node_modules/appium/node_modules/router/index.js:291:5)
    at logger (/opt/homebrew/lib/node_modules/appium/node_modules/morgan/index.js:144:5)
    at Layer.handleRequest (/opt/homebrew/lib/node_modules/appium/node_modules/router/lib/layer.js:152:17)
    at trimPrefix (/opt/homebrew/lib/node_modules/appium/node_modules/router/index.js:342:13)
    at /opt/homebrew/lib/node_modules/appium/node_modules/router/index.js:297:9
    at processParams (/opt/homebrew/lib/node_modules/appium/node_modules/router/index.js:582:12)
    at next (/opt/homebrew/lib/node_modules/appium/node_modules/router/index.js:291:5)
    at /opt/homebrew/lib/node_modules/appium/node_modules/body-parser/lib/read.js:171:5
    at AsyncResource.runInAsyncScope (node:async_hooks:226:14)
    at invokeCallback (/opt/homebrew/lib/node_modules/appium/node_modules/raw-body/index.js:238:16)
    at done (/opt/homebrew/lib/node_modules/appium/node_modules/raw-body/index.js:227:7)
2026-08-17 15:40:57 [ERROR   ] screenshot_utils.py:64 — Screenshot capture failed: Message: A session is either terminated or not started
Stacktrace:
NoSuchDriverError: A session is either terminated or not started
    at asyncHandler (/opt/homebrew/lib/node_modules/appium/node_modules/@appium/base-driver/build/lib/protocol/protocol.js:293:23)
    at /opt/homebrew/lib/node_modules/appium/node_modules/@appium/base-driver/build/lib/protocol/protocol.js:447:36
    at Layer.handleRequest (/opt/homebrew/lib/node_modules/appium/node_modules/router/lib/layer.js:152:17)
    at next (/opt/homebrew/lib/node_modules/appium/node_modules/router/lib/route.js:157:13)
    at Route.dispatch (/opt/homebrew/lib/node_modules/appium/node_modules/router/lib/route.js:117:3)
    at handle (/opt/homebrew/lib/node_modules/appium/node_modules/router/index.js:435:11)
    at Layer.handleRequest (/opt/homebrew/lib/node_modules/appium/node_modules/router/lib/layer.js:152:17)
    at /opt/homebrew/lib/node_modules/appium/node_modules/router/index.js:295:15
    at param (/opt/homebrew/lib/node_modules/appium/node_modules/router/index.js:600:14)
    at param (/opt/homebrew/lib/node_modules/appium/node_modules/router/index.js:610:14)
    at processParams (/opt/homebrew/lib/node_modules/appium/node_modules/router/index.js:664:3)
    at next (/opt/homebrew/lib/node_modules/appium/node_modules/router/index.js:291:5)
    at logger (/opt/homebrew/lib/node_modules/appium/node_modules/morgan/index.js:144:5)
    at Layer.handleRequest (/opt/homebrew/lib/node_modules/appium/node_modules/router/lib/layer.js:152:17)
    at trimPrefix (/opt/homebrew/lib/node_modules/appium/node_modules/router/index.js:342:13)
    at /opt/homebrew/lib/node_modules/appium/node_modules/router/index.js:297:9
    at processParams (/opt/homebrew/lib/node_modules/appium/node_modules/router/index.js:582:12)
    at next (/opt/homebrew/lib/node_modules/appium/node_modules/router/index.js:291:5)
    at read (/opt/homebrew/lib/node_modules/appium/node_modules/body-parser/lib/read.js:53:5)
    at jsonParser (/opt/homebrew/lib/node_modules/appium/node_modules/body-parser/lib/types/json.js:88:5)
    at Layer.handleRequest (/opt/homebrew/lib/node_modules/appium/node_modules/router/lib/layer.js:152:17)
    at trimPrefix (/opt/homebrew/lib/node_modules/appium/node_modules/router/index.js:342:13)
2026-08-17 15:40:57 [ERROR   ] screenshot_utils.py:87 — Page source save failed: Message: A session is either terminated or not started
Stacktrace:
NoSuchDriverError: A session is either terminated or not started
    at asyncHandler (/opt/homebrew/lib/node_modules/appium/node_modules/@appium/base-driver/build/lib/protocol/protocol.js:293:23)
    at /opt/homebrew/lib/node_modules/appium/node_modules/@appium/base-driver/build/lib/protocol/protocol.js:447:36
    at Layer.handleRequest (/opt/homebrew/lib/node_modules/appium/node_modules/router/lib/layer.js:152:17)
    at next (/opt/homebrew/lib/node_modules/appium/node_modules/router/lib/route.js:157:13)
    at Route.dispatch (/opt/homebrew/lib/node_modules/appium/node_modules/router/lib/route.js:117:3)
    at handle (/opt/homebrew/lib/node_modules/appium/node_modules/router/index.js:435:11)
    at Layer.handleRequest (/opt/homebrew/lib/node_modules/appium/node_modules/router/lib/layer.js:152:17)
    at /opt/homebrew/lib/node_modules/appium/node_modules/router/index.js:295:15
    at param (/opt/homebrew/lib/node_modules/appium/node_modules/router/index.js:600:14)
    at param (/opt/homebrew/lib/node_modules/appium/node_modules/router/index.js:610:14)
    at processParams (/opt/homebrew/lib/node_modules/appium/node_modules/router/index.js:664:3)
    at next (/opt/homebrew/lib/node_modules/appium/node_modules/router/index.js:291:5)
    at logger (/opt/homebrew/lib/node_modules/appium/node_modules/morgan/index.js:144:5)
    at Layer.handleRequest (/opt/homebrew/lib/node_modules/appium/node_modules/router/lib/layer.js:152:17)
    at trimPrefix (/opt/homebrew/lib/node_modules/appium/node_modules/router/index.js:342:13)
    at /opt/homebrew/lib/node_modules/appium/node_modules/router/index.js:297:9
    at processParams (/opt/homebrew/lib/node_modules/appium/node_modules/router/index.js:582:12)
    at next (/opt/homebrew/lib/node_modules/appium/node_modules/router/index.js:291:5)
    at read (/opt/homebrew/lib/node_modules/appium/node_modules/body-parser/lib/read.js:53:5)
    at jsonParser (/opt/homebrew/lib/node_modules/appium/node_modules/body-parser/lib/types/json.js:88:5)
    at Layer.handleRequest (/opt/homebrew/lib/node_modules/appium/node_modules/router/lib/layer.js:152:17)
    at trimPrefix (/opt/homebrew/lib/node_modules/appium/node_modules/router/index.js:342:13)
2026-08-17 15:41:00 [INFO    ] base_page.py:266 — App recovery attempt completed.
2026-08-17 15:41:02 [ERROR   ] login_page.py:171 — Unable to open profile tab / reach login sheet after 2 attempts
2026-08-17 15:41:02 [ERROR   ] screenshot_utils.py:64 — Screenshot capture failed: Message: A session is either terminated or not started
Stacktrace:
NoSuchDriverError: A session is either terminated or not started
    at asyncHandler (/opt/homebrew/lib/node_modules/appium/node_modules/@appium/base-driver/build/lib/protocol/protocol.js:293:23)
    at /opt/homebrew/lib/node_modules/appium/node_modules/@appium/base-driver/build/lib/protocol/protocol.js:447:36
    at Layer.handleRequest (/opt/homebrew/lib/node_modules/appium/node_modules/router/lib/layer.js:152:17)
    at next (/opt/homebrew/lib/node_modules/appium/node_modules/router/lib/route.js:157:13)
    at Route.dispatch (/opt/homebrew/lib/node_modules/appium/node_modules/router/lib/route.js:117:3)
    at handle (/opt/homebrew/lib/node_modules/appium/node_modules/router/index.js:435:11)
    at Layer.handleRequest (/opt/homebrew/lib/node_modules/appium/node_modules/router/lib/layer.js:152:17)
    at /opt/homebrew/lib/node_modules/appium/node_modules/router/index.js:295:15
    at param (/opt/homebrew/lib/node_modules/appium/node_modules/router/index.js:600:14)
    at param (/opt/homebrew/lib/node_modules/appium/node_modules/router/index.js:610:14)
    at processParams (/opt/homebrew/lib/node_modules/appium/node_modules/router/index.js:664:3)
    at next (/opt/homebrew/lib/node_modules/appium/node_modules/router/index.js:291:5)
    at logger (/opt/homebrew/lib/node_modules/appium/node_modules/morgan/index.js:144:5)
    at Layer.handleRequest (/opt/homebrew/lib/node_modules/appium/node_modules/router/lib/layer.js:152:17)
    at trimPrefix (/opt/homebrew/lib/node_modules/appium/node_modules/router/index.js:342:13)
    at /opt/homebrew/lib/node_modules/appium/node_modules/router/index.js:297:9
    at processParams (/opt/homebrew/lib/node_modules/appium/node_modules/router/index.js:582:12)
    at next (/opt/homebrew/lib/node_modules/appium/node_modules/router/index.js:291:5)
    at read (/opt/homebrew/lib/node_modules/appium/node_modules/body-parser/lib/read.js:53:5)
    at jsonParser (/opt/homebrew/lib/node_modules/appium/node_modules/body-parser/lib/types/json.js:88:5)
    at Layer.handleRequest (/opt/homebrew/lib/node_modules/appium/node_modules/router/lib/layer.js:152:17)
    at trimPrefix (/opt/homebrew/lib/node_modules/appium/node_modules/router/index.js:342:13)
2026-08-17 15:41:02 [ERROR   ] screenshot_utils.py:87 — Page source save failed: Message: A session is either terminated or not started
Stacktrace:
NoSuchDriverError: A session is either terminated or not started
    at asyncHandler (/opt/homebrew/lib/node_modules/appium/node_modules/@appium/base-driver/build/lib/protocol/protocol.js:293:23)
    at /opt/homebrew/lib/node_modules/appium/node_modules/@appium/base-driver/build/lib/protocol/protocol.js:447:36
    at Layer.handleRequest (/opt/homebrew/lib/node_modules/appium/node_modules/router/lib/layer.js:152:17)
    at next (/opt/homebrew/lib/node_modules/appium/node_modules/router/lib/route.js:157:13)
    at Route.dispatch (/opt/homebrew/lib/node_modules/appium/node_modules/router/lib/route.js:117:3)
    at handle (/opt/homebrew/lib/node_modules/appium/node_modules/router/index.js:435:11)
    at Layer.handleRequest (/opt/homebrew/lib/node_modules/appium/node_modules/router/lib/layer.js:152:17)
    at /opt/homebrew/lib/node_modules/appium/node_modules/router/index.js:295:15
    at param (/opt/homebrew/lib/node_modules/appium/node_modules/router/index.js:600:14)
    at param (/opt/homebrew/lib/node_modules/appium/node_modules/router/index.js:610:14)
    at processParams (/opt/homebrew/lib/node_modules/appium/node_modules/router/index.js:664:3)
    at next (/opt/homebrew/lib/node_modules/appium/node_modules/router/index.js:291:5)
    at logger (/opt/homebrew/lib/node_modules/appium/node_modules/morgan/index.js:144:5)
    at Layer.handleRequest (/opt/homebrew/lib/node_modules/appium/node_modules/router/lib/layer.js:152:17)
    at trimPrefix (/opt/homebrew/lib/node_modules/appium/node_modules/router/index.js:342:13)
    at /opt/homebrew/lib/node_modules/appium/node_modules/router/index.js:297:9
    at processParams (/opt/homebrew/lib/node_modules/appium/node_modules/router/index.js:582:12)
    at next (/opt/homebrew/lib/node_modules/appium/node_modules/router/index.js:291:5)
    at read (/opt/homebrew/lib/node_modules/appium/node_modules/body-parser/lib/read.js:53:5)
    at jsonParser (/opt/homebrew/lib/node_modules/appium/node_modules/body-parser/lib/types/json.js:88:5)
    at Layer.handleRequest (/opt/homebrew/lib/node_modules/appium/node_modules/router/lib/layer.js:152:17)
    at trimPrefix (/opt/homebrew/lib/node_modules/appium/node_modules/router/index.js:342:13)
2026-08-17 15:41:02 [WARNING ] base_page.py:172 — Error checking display status for ('-android uiautomator', 'new UiSelector().text("Edit Profile")'): Message: A session is either terminated or not started
Stacktrace:
NoSuchDriverError: A session is either terminated or not started
    at asyncHandler (/opt/homebrew/lib/node_modules/appium/node_modules/@appium/base-driver/build/lib/protocol/protocol.js:293:23)
    at /opt/homebrew/lib/node_modules/appium/node_modules/@appium/base-driver/build/lib/protocol/protocol.js:447:36
    at Layer.handleRequest (/opt/homebrew/lib/node_modules/appium/node_modules/router/lib/layer.js:152:17)
    at next (/opt/homebrew/lib/node_modules/appium/node_modules/router/lib/route.js:157:13)
    at Route.dispatch (/opt/homebrew/lib/node_modules/appium/node_modules/router/lib/route.js:117:3)
    at handle (/opt/homebrew/lib/node_modules/appium/node_modules/router/index.js:435:11)
    at Layer.handleRequest (/opt/homebrew/lib/node_modules/appium/node_modules/router/lib/layer.js:152:17)
    at /opt/homebrew/lib/node_modules/appium/node_modules/router/index.js:295:15
    at param (/opt/homebrew/lib/node_modules/appium/node_modules/router/index.js:600:14)
    at param (/opt/homebrew/lib/node_modules/appium/node_modules/router/index.js:610:14)
    at processParams (/opt/homebrew/lib/node_modules/appium/node_modules/router/index.js:664:3)
    at next (/opt/homebrew/lib/node_modules/appium/node_modules/router/index.js:291:5)
    at logger (/opt/homebrew/lib/node_modules/appium/node_modules/morgan/index.js:144:5)
    at Layer.handleRequest (/opt/homebrew/lib/node_modules/appium/node_modules/router/lib/layer.js:152:17)
    at trimPrefix (/opt/homebrew/lib/node_modules/appium/node_modules/router/index.js:342:13)
    at /opt/homebrew/lib/node_modules/appium/node_modules/router/index.js:297:9
    at processParams (/opt/homebrew/lib/node_modules/appium/node_modules/router/index.js:582:12)
    at next (/opt/homebrew/lib/node_modules/appium/node_modules/router/index.js:291:5)
    at /opt/homebrew/lib/node_modules/appium/node_modules/body-parser/lib/read.js:171:5
    at AsyncResource.runInAsyncScope (node:async_hooks:226:14)
    at invokeCallback (/opt/homebrew/lib/node_modules/appium/node_modules/raw-body/index.js:238:16)
    at done (/opt/homebrew/lib/node_modules/appium/node_modules/raw-body/index.js:227:7)
2026-08-17 15:41:02 [WARNING ] base_page.py:172 — Error checking display status for ('id', 'com.zee5.hipi:id/exo_content_frame'): Message: A session is either terminated or not started
Stacktrace:
NoSuchDriverError: A session is either terminated or not started
    at asyncHandler (/opt/homebrew/lib/node_modules/appium/node_modules/@appium/base-driver/build/lib/protocol/protocol.js:293:23)
    at /opt/homebrew/lib/node_modules/appium/node_modules/@appium/base-driver/build/lib/protocol/protocol.js:447:36
    at Layer.handleRequest (/opt/homebrew/lib/node_modules/appium/node_modules/router/lib/layer.js:152:17)
    at next (/opt/homebrew/lib/node_modules/appium/node_modules/router/lib/route.js:157:13)
    at Route.dispatch (/opt/homebrew/lib/node_modules/appium/node_modules/router/lib/route.js:117:3)
    at handle (/opt/homebrew/lib/node_modules/appium/node_modules/router/index.js:435:11)
    at Layer.handleRequest (/opt/homebrew/lib/node_modules/appium/node_modules/router/lib/layer.js:152:17)
    at /opt/homebrew/lib/node_modules/appium/node_modules/router/index.js:295:15
    at param (/opt/homebrew/lib/node_modules/appium/node_modules/router/index.js:600:14)
    at param (/opt/homebrew/lib/node_modules/appium/node_modules/router/index.js:610:14)
    at processParams (/opt/homebrew/lib/node_modules/appium/node_modules/router/index.js:664:3)
    at next (/opt/homebrew/lib/node_modules/appium/node_modules/router/index.js:291:5)
    at logger (/opt/homebrew/lib/node_modules/appium/node_modules/morgan/index.js:144:5)
    at Layer.handleRequest (/opt/homebrew/lib/node_modules/appium/node_modules/router/lib/layer.js:152:17)
    at trimPrefix (/opt/homebrew/lib/node_modules/appium/node_modules/router/index.js:342:13)
    at /opt/homebrew/lib/node_modules/appium/node_modules/router/index.js:297:9
    at processParams (/opt/homebrew/lib/node_modules/appium/node_modules/router/index.js:582:12)
    at next (/opt/homebrew/lib/node_modules/appium/node_modules/router/index.js:291:5)
    at /opt/homebrew/lib/node_modules/appium/node_modules/body-parser/lib/read.js:171:5
    at AsyncResource.runInAsyncScope (node:async_hooks:226:14)
    at invokeCallback (/opt/homebrew/lib/node_modules/appium/node_modules/raw-body/index.js:238:16)
    at done (/opt/homebrew/lib/node_modules/appium/node_modules/raw-body/index.js:227:7)
2026-08-17 15:41:02 [ERROR   ] login_page.py:725 — Login flow failed: Unable to open profile tab / reach login sheet after 2 attempts
2026-08-17 15:41:02 [ERROR   ] screenshot_utils.py:64 — Screenshot capture failed: Message: A session is either terminated or not started
Stacktrace:
NoSuchDriverError: A session is either terminated or not started
    at asyncHandler (/opt/homebrew/lib/node_modules/appium/node_modules/@appium/base-driver/build/lib/protocol/protocol.js:293:23)
    at /opt/homebrew/lib/node_modules/appium/node_modules/@appium/base-driver/build/lib/protocol/protocol.js:447:36
    at Layer.handleRequest (/opt/homebrew/lib/node_modules/appium/node_modules/router/lib/layer.js:152:17)
    at next (/opt/homebrew/lib/node_modules/appium/node_modules/router/lib/route.js:157:13)
    at Route.dispatch (/opt/homebrew/lib/node_modules/appium/node_modules/router/lib/route.js:117:3)
    at handle (/opt/homebrew/lib/node_modules/appium/node_modules/router/index.js:435:11)
    at Layer.handleRequest (/opt/homebrew/lib/node_modules/appium/node_modules/router/lib/layer.js:152:17)
    at /opt/homebrew/lib/node_modules/appium/node_modules/router/index.js:295:15
    at param (/opt/homebrew/lib/node_modules/appium/node_modules/router/index.js:600:14)
    at param (/opt/homebrew/lib/node_modules/appium/node_modules/router/index.js:610:14)
    at processParams (/opt/homebrew/lib/node_modules/appium/node_modules/router/index.js:664:3)
    at next (/opt/homebrew/lib/node_modules/appium/node_modules/router/index.js:291:5)
    at logger (/opt/homebrew/lib/node_modules/appium/node_modules/morgan/index.js:144:5)
    at Layer.handleRequest (/opt/homebrew/lib/node_modules/appium/node_modules/router/lib/layer.js:152:17)
    at trimPrefix (/opt/homebrew/lib/node_modules/appium/node_modules/router/index.js:342:13)
    at /opt/homebrew/lib/node_modules/appium/node_modules/router/index.js:297:9
    at processParams (/opt/homebrew/lib/node_modules/appium/node_modules/router/index.js:582:12)
    at next (/opt/homebrew/lib/node_modules/appium/node_modules/router/index.js:291:5)
    at read (/opt/homebrew/lib/node_modules/appium/node_modules/body-parser/lib/read.js:53:5)
    at jsonParser (/opt/homebrew/lib/node_modules/appium/node_modules/body-parser/lib/types/json.js:88:5)
    at Layer.handleRequest (/opt/homebrew/lib/node_modules/appium/node_modules/router/lib/layer.js:152:17)
    at trimPrefix (/opt/homebrew/lib/node_modules/appium/node_modules/router/index.js:342:13)
2026-08-17 15:41:02 [ERROR   ] screenshot_utils.py:87 — Page source save failed: Message: A session is either terminated or not started
Stacktrace:
NoSuchDriverError: A session is either terminated or not started
    at asyncHandler (/opt/homebrew/lib/node_modules/appium/node_modules/@appium/base-driver/build/lib/protocol/protocol.js:293:23)
    at /opt/homebrew/lib/node_modules/appium/node_modules/@appium/base-driver/build/lib/protocol/protocol.js:447:36
    at Layer.handleRequest (/opt/homebrew/lib/node_modules/appium/node_modules/router/lib/layer.js:152:17)
    at next (/opt/homebrew/lib/node_modules/appium/node_modules/router/lib/route.js:157:13)
    at Route.dispatch (/opt/homebrew/lib/node_modules/appium/node_modules/router/lib/route.js:117:3)
    at handle (/opt/homebrew/lib/node_modules/appium/node_modules/router/index.js:435:11)
    at Layer.handleRequest (/opt/homebrew/lib/node_modules/appium/node_modules/router/lib/layer.js:152:17)
    at /opt/homebrew/lib/node_modules/appium/node_modules/router/index.js:295:15
    at param (/opt/homebrew/lib/node_modules/appium/node_modules/router/index.js:600:14)
    at param (/opt/homebrew/lib/node_modules/appium/node_modules/router/index.js:610:14)
    at processParams (/opt/homebrew/lib/node_modules/appium/node_modules/router/index.js:664:3)
    at next (/opt/homebrew/lib/node_modules/appium/node_modules/router/index.js:291:5)
    at logger (/opt/homebrew/lib/node_modules/appium/node_modules/morgan/index.js:144:5)
    at Layer.handleRequest (/opt/homebrew/lib/node_modules/appium/node_modules/router/lib/layer.js:152:17)
    at trimPrefix (/opt/homebrew/lib/node_modules/appium/node_modules/router/index.js:342:13)
    at /opt/homebrew/lib/node_modules/appium/node_modules/router/index.js:297:9
    at processParams (/opt/homebrew/lib/node_modules/appium/node_modules/router/index.js:582:12)
    at next (/opt/homebrew/lib/node_modules/appium/node_modules/router/index.js:291:5)
    at read (/opt/homebrew/lib/node_modules/appium/node_modules/body-parser/lib/read.js:53:5)
    at jsonParser (/opt/homebrew/lib/node_modules/appium/node_modules/body-parser/lib/types/json.js:88:5)
    at Layer.handleRequest (/opt/homebrew/lib/node_modules/appium/node_modules/router/lib/layer.js:152:17)
    at trimPrefix (/opt/homebrew/lib/node_modules/appium/node_modules/router/index.js:342:13)
2026-08-17 15:41:02 [ERROR   ] screenshot_utils.py:64 — Screenshot capture failed: Message: A session is either terminated or not started
Stacktrace:
NoSuchDriverError: A session is either terminated or not started
    at asyncHandler (/opt/homebrew/lib/node_modules/appium/node_modules/@appium/base-driver/build/lib/protocol/protocol.js:293:23)
    at /opt/homebrew/lib/node_modules/appium/node_modules/@appium/base-driver/build/lib/protocol/protocol.js:447:36
    at Layer.handleRequest (/opt/homebrew/lib/node_modules/appium/node_modules/router/lib/layer.js:152:17)
    at next (/opt/homebrew/lib/node_modules/appium/node_modules/router/lib/route.js:157:13)
    at Route.dispatch (/opt/homebrew/lib/node_modules/appium/node_modules/router/lib/route.js:117:3)
    at handle (/opt/homebrew/lib/node_modules/appium/node_modules/router/index.js:435:11)
    at Layer.handleRequest (/opt/homebrew/lib/node_modules/appium/node_modules/router/lib/layer.js:152:17)
    at /opt/homebrew/lib/node_modules/appium/node_modules/router/index.js:295:15
    at param (/opt/homebrew/lib/node_modules/appium/node_modules/router/index.js:600:14)
    at param (/opt/homebrew/lib/node_modules/appium/node_modules/router/index.js:610:14)
    at processParams (/opt/homebrew/lib/node_modules/appium/node_modules/router/index.js:664:3)
    at next (/opt/homebrew/lib/node_modules/appium/node_modules/router/index.js:291:5)
    at logger (/opt/homebrew/lib/node_modules/appium/node_modules/morgan/index.js:144:5)
    at Layer.handleRequest (/opt/homebrew/lib/node_modules/appium/node_modules/router/lib/layer.js:152:17)
    at trimPrefix (/opt/homebrew/lib/node_modules/appium/node_modules/router/index.js:342:13)
    at /opt/homebrew/lib/node_modules/appium/node_modules/router/index.js:297:9
    at processParams (/opt/homebrew/lib/node_modules/appium/node_modules/router/index.js:582:12)
    at next (/opt/homebrew/lib/node_modules/appium/node_modules/router/index.js:291:5)
    at read (/opt/homebrew/lib/node_modules/appium/node_modules/body-parser/lib/read.js:53:5)
    at jsonParser (/opt/homebrew/lib/node_modules/appium/node_modules/body-parser/lib/types/json.js:88:5)
    at Layer.handleRequest (/opt/homebrew/lib/node_modules/appium/node_modules/router/lib/layer.js:152:17)
    at trimPrefix (/opt/homebrew/lib/node_modules/appium/node_modules/router/index.js:342:13)
2026-08-17 15:41:02 [ERROR   ] screenshot_utils.py:87 — Page source save failed: Message: A session is either terminated or not started
Stacktrace:
NoSuchDriverError: A session is either terminated or not started
    at asyncHandler (/opt/homebrew/lib/node_modules/appium/node_modules/@appium/base-driver/build/lib/protocol/protocol.js:293:23)
    at /opt/homebrew/lib/node_modules/appium/node_modules/@appium/base-driver/build/lib/protocol/protocol.js:447:36
    at Layer.handleRequest (/opt/homebrew/lib/node_modules/appium/node_modules/router/lib/layer.js:152:17)
    at next (/opt/homebrew/lib/node_modules/appium/node_modules/router/lib/route.js:157:13)
    at Route.dispatch (/opt/homebrew/lib/node_modules/appium/node_modules/router/lib/route.js:117:3)
    at handle (/opt/homebrew/lib/node_modules/appium/node_modules/router/index.js:435:11)
    at Layer.handleRequest (/opt/homebrew/lib/node_modules/appium/node_modules/router/lib/layer.js:152:17)
    at /opt/homebrew/lib/node_modules/appium/node_modules/router/index.js:295:15
    at param (/opt/homebrew/lib/node_modules/appium/node_modules/router/index.js:600:14)
    at param (/opt/homebrew/lib/node_modules/appium/node_modules/router/index.js:610:14)
    at processParams (/opt/homebrew/lib/node_modules/appium/node_modules/router/index.js:664:3)
    at next (/opt/homebrew/lib/node_modules/appium/node_modules/router/index.js:291:5)
    at logger (/opt/homebrew/lib/node_modules/appium/node_modules/morgan/index.js:144:5)
    at Layer.handleRequest (/opt/homebrew/lib/node_modules/appium/node_modules/router/lib/layer.js:152:17)
    at trimPrefix (/opt/homebrew/lib/node_modules/appium/node_modules/router/index.js:342:13)
    at /opt/homebrew/lib/node_modules/appium/node_modules/router/index.js:297:9
    at processParams (/opt/homebrew/lib/node_modules/appium/node_modules/router/index.js:582:12)
    at next (/opt/homebrew/lib/node_modules/appium/node_modules/router/index.js:291:5)
    at read (/opt/homebrew/lib/node_modules/appium/node_modules/body-parser/lib/read.js:53:5)
    at jsonParser (/opt/homebrew/lib/node_modules/appium/node_modules/body-parser/lib/types/json.js:88:5)
    at Layer.handleRequest (/opt/homebrew/lib/node_modules/appium/node_modules/router/lib/layer.js:152:17)
    at trimPrefix (/opt/homebrew/lib/node_modules/appium/node_modules/router/index.js:342:13)
2026-08-17 15:41:02 [ERROR   ] conftest.py:419 — Test FAILED: test_navigate_home_tab
2026-08-17 15:41:02 [INFO    ] conftest.py:326 — Closing driver session.
2026-08-17 15:41:02 [ERROR   ] conftest.py:330 — Driver quit failed: Message: A session is either terminated or not started
Stacktrace:
NoSuchDriverError: A session is either terminated or not started
    at asyncHandler (/opt/homebrew/lib/node_modules/appium/node_modules/@appium/base-driver/build/lib/protocol/protocol.js:293:23)
    at /opt/homebrew/lib/node_modules/appium/node_modules/@appium/base-driver/build/lib/protocol/protocol.js:447:36
    at Layer.handleRequest (/opt/homebrew/lib/node_modules/appium/node_modules/router/lib/layer.js:152:17)
    at next (/opt/homebrew/lib/node_modules/appium/node_modules/router/lib/route.js:157:13)
    at Route.dispatch (/opt/homebrew/lib/node_modules/appium/node_modules/router/lib/route.js:117:3)
    at handle (/opt/homebrew/lib/node_modules/appium/node_modules/router/index.js:435:11)
    at Layer.handleRequest (/opt/homebrew/lib/node_modules/appium/node_modules/router/lib/layer.js:152:17)
    at /opt/homebrew/lib/node_modules/appium/node_modules/router/index.js:295:15
    at param (/opt/homebrew/lib/node_modules/appium/node_modules/router/index.js:600:14)
    at param (/opt/homebrew/lib/node_modules/appium/node_modules/router/index.js:610:14)
    at processParams (/opt/homebrew/lib/node_modules/appium/node_modules/router/index.js:664:3)
    at next (/opt/homebrew/lib/node_modules/appium/node_modules/router/index.js:291:5)
    at logger (/opt/homebrew/lib/node_modules/appium/node_modules/morgan/index.js:144:5)
    at Layer.handleRequest (/opt/homebrew/lib/node_modules/appium/node_modules/router/lib/layer.js:152:17)
    at trimPrefix (/opt/homebrew/lib/node_modules/appium/node_modules/router/index.js:342:13)
    at /opt/homebrew/lib/node_modules/appium/node_modules/router/index.js:297:9
    at processParams (/opt/homebrew/lib/node_modules/appium/node_modules/router/index.js:582:12)
    at next (/opt/homebrew/lib/node_modules/appium/node_modules/router/index.js:291:5)
    at read (/opt/homebrew/lib/node_modules/appium/node_modules/body-parser/lib/read.js:53:5)
    at jsonParser (/opt/homebrew/lib/node_modules/appium/node_modules/body-parser/lib/types/json.js:88:5)
    at Layer.handleRequest (/opt/homebrew/lib/node_modules/appium/node_modules/router/lib/layer.js:152:17)
    at trimPrefix (/opt/homebrew/lib/node_modules/appium/node_modules/router/index.js:342:13)
2026-08-17 15:41:02 [INFO    ] conftest.py:291 — ==================================================
2026-08-17 15:41:02 [INFO    ] conftest.py:292 — DRIVER SETUP START
2026-08-17 15:41:02 [INFO    ] conftest.py:293 — ==================================================
2026-08-17 15:41:02 [INFO    ] conftest.py:158 — Driver creation attempt 1/3
2026-08-17 15:41:04 [INFO    ] driver_factory.py:53 — ========== DRIVER CREATION START ==========
2026-08-17 15:41:04 [INFO    ] driver_factory.py:70 — Device: emulator | Env: qa | Platform: Android
2026-08-17 15:41:04 [INFO    ] driver_factory.py:136 — Device Name: Android Emulator
2026-08-17 15:41:04 [INFO    ] driver_factory.py:137 — UDID: emulator-5554
2026-08-17 15:41:04 [INFO    ] driver_factory.py:151 — App Package: com.zee5.hipi (noReset=true, activity not set)
2026-08-17 15:41:08 [INFO    ] driver_factory.py:112 — App launched by driver. Waiting for stabilization...
2026-08-17 15:41:10 [INFO    ] driver_factory.py:115 — ========== DRIVER CREATED SUCCESSFULLY ==========
2026-08-17 15:41:10 [INFO    ] conftest.py:302 — Driver created successfully.
2026-08-17 15:41:13 [INFO    ] popup_handler.py:122 — Checking for 'Get Started' screen...
2026-08-17 15:41:17 [INFO    ] popup_handler.py:134 — 'Get Started' screen not present — skipping.
2026-08-17 15:41:17 [INFO    ] conftest.py:217 — App readiness probe: HiPi is in foreground (com.zee5.hipi).
2026-08-17 15:41:17 [INFO    ] conftest.py:315 — DRIVER SETUP COMPLETE
2026-08-17 15:41:17 [INFO    ] base_test.py:20 — BaseTest setup completed.
2026-08-17 15:41:17 [INFO    ] base_test.py:58 — login_and_reach_feed: START
2026-08-17 15:41:17 [INFO    ] base_test.py:30 — Logging in as default test user.
2026-08-17 15:41:17 [INFO    ] login_page.py:591 — ========== LOGIN FLOW START ==========
2026-08-17 15:41:18 [INFO    ] login_page.py:43 — Opening profile tab
2026-08-17 15:41:19 [INFO    ] login_page.py:53 — Profile tab open attempt 1/2
2026-08-17 15:41:27 [ERROR   ] base_page.py:59 — Element not clickable after 8s: ('xpath', "//android.view.View[@clickable='true'][.//android.widget.TextView[@text='Profile']]")
2026-08-17 15:41:28 [INFO    ] screenshot_utils.py:60 — Screenshot saved: reports/screenshots/element_not_clickable___android.view.View__clickable=_true___.__android.widget.TextView__text=_Profile____20260817_154127.png
2026-08-17 15:41:28 [INFO    ] screenshot_utils.py:83 — Page source saved: reports/screenshots/element_not_clickable___android.view.View__clickable=_true___.__android.widget.TextView__text=_Profile____20260817_154128.xml
2026-08-17 15:41:28 [ERROR   ] base_page.py:118 — Click failed on attempt 1 for ('xpath', "//android.view.View[@clickable='true'][.//android.widget.TextView[@text='Profile']]"): Message: 
Stacktrace:
NoSuchElementError: An element could not be located on the page using the given search parameters.
    at AndroidUiautomator2Driver.findElOrEls (/Users/vc.rajdeep.kumar/.appium/node_modules/appium-uiautomator2-driver/node_modules/appium-android-driver/build/lib/commands/find.js:62:15)
    at process.processTicksAndRejections (node:internal/process/task_queues:104:5)
    at async AndroidUiautomator2Driver.findElOrElsWithProcessing (/opt/homebrew/lib/node_modules/appium/node_modules/@appium/base-driver/build/lib/basedriver/commands/find.js:12:16)
    at async AndroidUiautomator2Driver.findElement (/opt/homebrew/lib/node_modules/appium/node_modules/@appium/base-driver/build/lib/basedriver/commands/find.js:27:16)
2026-08-17 15:41:28 [WARNING ] base_page.py:262 — Attempting to recover application state...
2026-08-17 15:41:31 [INFO    ] base_page.py:266 — App recovery attempt completed.
2026-08-17 15:41:31 [INFO    ] screenshot_utils.py:60 — Screenshot saved: reports/screenshots/click_failed_20260817_154131.png
2026-08-17 15:41:32 [INFO    ] screenshot_utils.py:83 — Page source saved: reports/screenshots/click_failed_20260817_154131.xml
2026-08-17 15:41:32 [WARNING ] login_page.py:98 — Element-based click failed: Unable to click ('xpath', "//android.view.View[@clickable='true'][.//android.widget.TextView[@text='Profile']]") after 1 retries. Last exception: Message: 
Stacktrace:
NoSuchElementError: An element could not be located on the page using the given search parameters.
    at AndroidUiautomator2Driver.findElOrEls (/Users/vc.rajdeep.kumar/.appium/node_modules/appium-uiautomator2-driver/node_modules/appium-android-driver/build/lib/commands/find.js:62:15)
    at process.processTicksAndRejections (node:internal/process/task_queues:104:5)
    at async AndroidUiautomator2Driver.findElOrElsWithProcessing (/opt/homebrew/lib/node_modules/appium/node_modules/@appium/base-driver/build/lib/basedriver/commands/find.js:12:16)
    at async AndroidUiautomator2Driver.findElement (/opt/homebrew/lib/node_modules/appium/node_modules/@appium/base-driver/build/lib/basedriver/commands/find.js:27:16)
2026-08-17 15:41:40 [ERROR   ] base_page.py:50 — Element not visible after 8s: ('-android uiautomator', 'new UiSelector().text("Edit Profile")')
2026-08-17 15:41:40 [INFO    ] screenshot_utils.py:60 — Screenshot saved: reports/screenshots/element_not_visible_new UiSelector().text(_Edit Profile_)_20260817_154140.png
2026-08-17 15:41:40 [INFO    ] screenshot_utils.py:83 — Page source saved: reports/screenshots/element_not_visible_new UiSelector().text(_Edit Profile_)_20260817_154140.xml
2026-08-17 15:41:44 [ERROR   ] base_page.py:50 — Element not visible after 3s: ('id', 'com.zee5.hipi:id/exo_content_frame')
2026-08-17 15:41:44 [INFO    ] screenshot_utils.py:60 — Screenshot saved: reports/screenshots/element_not_visible_com.zee5.hipi_id_exo_content_frame_20260817_154144.png
2026-08-17 15:41:44 [INFO    ] screenshot_utils.py:83 — Page source saved: reports/screenshots/element_not_visible_com.zee5.hipi_id_exo_content_frame_20260817_154144.xml
2026-08-17 15:41:45 [INFO    ] gestures.py:29 — Tap performed at X:760 Y:2246
2026-08-17 15:41:46 [INFO    ] base_page.py:84 — wait_for_any_visible matched: ('class name', 'android.widget.EditText')
2026-08-17 15:41:46 [INFO    ] login_page.py:147 — Profile tab opened (coordinate tap, verified)
2026-08-17 15:41:51 [ERROR   ] base_page.py:50 — Element not visible after 5s: ('-android uiautomator', 'new UiSelector().textContains("Continue")')
2026-08-17 15:41:51 [INFO    ] screenshot_utils.py:60 — Screenshot saved: reports/screenshots/element_not_visible_new UiSelector().textContains(_Continue_)_20260817_154151.png
2026-08-17 15:41:51 [INFO    ] screenshot_utils.py:83 — Page source saved: reports/screenshots/element_not_visible_new UiSelector().textContains(_Continue_)_20260817_154151.xml
2026-08-17 15:41:51 [INFO    ] login_page.py:276 — Entering mobile number: 9876543210
2026-08-17 15:41:52 [INFO    ] base_page.py:136 — Entered text '9876543210' into ('class name', 'android.widget.EditText')
2026-08-17 15:41:54 [INFO    ] login_page.py:290 — Mobile number entered
2026-08-17 15:41:54 [INFO    ] login_page.py:315 — Clicking proceed button
2026-08-17 15:42:05 [ERROR   ] base_page.py:59 — Element not clickable after 10s: ('accessibility id', 'Proceed')
2026-08-17 15:42:05 [INFO    ] screenshot_utils.py:60 — Screenshot saved: reports/screenshots/element_not_clickable_Proceed_20260817_154205.png
2026-08-17 15:42:05 [INFO    ] screenshot_utils.py:83 — Page source saved: reports/screenshots/element_not_clickable_Proceed_20260817_154205.xml
2026-08-17 15:42:05 [ERROR   ] base_page.py:118 — Click failed on attempt 1 for ('accessibility id', 'Proceed'): Message: 
Stacktrace:
NoSuchElementError: An element could not be located on the page using the given search parameters.
    at AndroidUiautomator2Driver.findElOrEls (/Users/vc.rajdeep.kumar/.appium/node_modules/appium-uiautomator2-driver/node_modules/appium-android-driver/build/lib/commands/find.js:62:15)
    at process.processTicksAndRejections (node:internal/process/task_queues:104:5)
    at async AndroidUiautomator2Driver.findElOrElsWithProcessing (/opt/homebrew/lib/node_modules/appium/node_modules/@appium/base-driver/build/lib/basedriver/commands/find.js:12:16)
    at async AndroidUiautomator2Driver.findElement (/opt/homebrew/lib/node_modules/appium/node_modules/@appium/base-driver/build/lib/basedriver/commands/find.js:27:16)
2026-08-17 15:42:05 [WARNING ] base_page.py:262 — Attempting to recover application state...
2026-08-17 15:42:08 [INFO    ] base_page.py:266 — App recovery attempt completed.
2026-08-17 15:42:18 [ERROR   ] base_page.py:59 — Element not clickable after 10s: ('accessibility id', 'Proceed')
2026-08-17 15:42:19 [INFO    ] screenshot_utils.py:60 — Screenshot saved: reports/screenshots/element_not_clickable_Proceed_20260817_154218.png
2026-08-17 15:42:19 [INFO    ] screenshot_utils.py:83 — Page source saved: reports/screenshots/element_not_clickable_Proceed_20260817_154219.xml
2026-08-17 15:42:19 [ERROR   ] base_page.py:118 — Click failed on attempt 2 for ('accessibility id', 'Proceed'): Message: 
Stacktrace:
NoSuchElementError: An element could not be located on the page using the given search parameters.
    at AndroidUiautomator2Driver.findElOrEls (/Users/vc.rajdeep.kumar/.appium/node_modules/appium-uiautomator2-driver/node_modules/appium-android-driver/build/lib/commands/find.js:62:15)
    at process.processTicksAndRejections (node:internal/process/task_queues:104:5)
    at async AndroidUiautomator2Driver.findElOrElsWithProcessing (/opt/homebrew/lib/node_modules/appium/node_modules/@appium/base-driver/build/lib/basedriver/commands/find.js:12:16)
    at async AndroidUiautomator2Driver.findElement (/opt/homebrew/lib/node_modules/appium/node_modules/@appium/base-driver/build/lib/basedriver/commands/find.js:27:16)
2026-08-17 15:42:19 [WARNING ] base_page.py:262 — Attempting to recover application state...
2026-08-17 15:42:22 [INFO    ] base_page.py:266 — App recovery attempt completed.
2026-08-17 15:42:32 [ERROR   ] base_page.py:59 — Element not clickable after 10s: ('accessibility id', 'Proceed')
2026-08-17 15:42:32 [INFO    ] screenshot_utils.py:60 — Screenshot saved: reports/screenshots/element_not_clickable_Proceed_20260817_154232.png
2026-08-17 15:42:33 [INFO    ] screenshot_utils.py:83 — Page source saved: reports/screenshots/element_not_clickable_Proceed_20260817_154232.xml
2026-08-17 15:42:33 [ERROR   ] base_page.py:118 — Click failed on attempt 3 for ('accessibility id', 'Proceed'): Message: 
Stacktrace:
NoSuchElementError: An element could not be located on the page using the given search parameters.
    at AndroidUiautomator2Driver.findElOrEls (/Users/vc.rajdeep.kumar/.appium/node_modules/appium-uiautomator2-driver/node_modules/appium-android-driver/build/lib/commands/find.js:62:15)
    at process.processTicksAndRejections (node:internal/process/task_queues:104:5)
    at async AndroidUiautomator2Driver.findElOrElsWithProcessing (/opt/homebrew/lib/node_modules/appium/node_modules/@appium/base-driver/build/lib/basedriver/commands/find.js:12:16)
    at async AndroidUiautomator2Driver.findElement (/opt/homebrew/lib/node_modules/appium/node_modules/@appium/base-driver/build/lib/basedriver/commands/find.js:27:16)
2026-08-17 15:42:33 [WARNING ] base_page.py:262 — Attempting to recover application state...
2026-08-17 15:42:36 [INFO    ] base_page.py:266 — App recovery attempt completed.
2026-08-17 15:42:36 [INFO    ] screenshot_utils.py:60 — Screenshot saved: reports/screenshots/click_failed_20260817_154236.png
2026-08-17 15:42:36 [INFO    ] screenshot_utils.py:83 — Page source saved: reports/screenshots/click_failed_20260817_154236.xml
2026-08-17 15:42:36 [ERROR   ] login_page.py:333 — Proceed button failed: Unable to click ('accessibility id', 'Proceed') after 3 retries. Last exception: Message: 
Stacktrace:
NoSuchElementError: An element could not be located on the page using the given search parameters.
    at AndroidUiautomator2Driver.findElOrEls (/Users/vc.rajdeep.kumar/.appium/node_modules/appium-uiautomator2-driver/node_modules/appium-android-driver/build/lib/commands/find.js:62:15)
    at process.processTicksAndRejections (node:internal/process/task_queues:104:5)
    at async AndroidUiautomator2Driver.findElOrElsWithProcessing (/opt/homebrew/lib/node_modules/appium/node_modules/@appium/base-driver/build/lib/basedriver/commands/find.js:12:16)
    at async AndroidUiautomator2Driver.findElement (/opt/homebrew/lib/node_modules/appium/node_modules/@appium/base-driver/build/lib/basedriver/commands/find.js:27:16)
2026-08-17 15:42:36 [INFO    ] screenshot_utils.py:60 — Screenshot saved: reports/screenshots/proceed_button_failed_20260817_154236.png
2026-08-17 15:42:37 [INFO    ] screenshot_utils.py:83 — Page source saved: reports/screenshots/proceed_button_failed_20260817_154236.xml
2026-08-17 15:42:37 [ERROR   ] login_page.py:725 — Login flow failed: Unable to click ('accessibility id', 'Proceed') after 3 retries. Last exception: Message: 
Stacktrace:
NoSuchElementError: An element could not be located on the page using the given search parameters.
    at AndroidUiautomator2Driver.findElOrEls (/Users/vc.rajdeep.kumar/.appium/node_modules/appium-uiautomator2-driver/node_modules/appium-android-driver/build/lib/commands/find.js:62:15)
    at process.processTicksAndRejections (node:internal/process/task_queues:104:5)
    at async AndroidUiautomator2Driver.findElOrElsWithProcessing (/opt/homebrew/lib/node_modules/appium/node_modules/@appium/base-driver/build/lib/basedriver/commands/find.js:12:16)
    at async AndroidUiautomator2Driver.findElement (/opt/homebrew/lib/node_modules/appium/node_modules/@appium/base-driver/build/lib/basedriver/commands/find.js:27:16)
2026-08-17 15:42:37 [INFO    ] screenshot_utils.py:60 — Screenshot saved: reports/screenshots/login_failed_20260817_154237.png
2026-08-17 15:42:37 [INFO    ] screenshot_utils.py:83 — Page source saved: reports/screenshots/login_failed_20260817_154237.xml
2026-08-17 15:42:37 [INFO    ] screenshot_utils.py:60 — Screenshot saved: reports/screenshots/test_navigate_discover_tab_20260817_154237.png
2026-08-17 15:42:38 [INFO    ] screenshot_utils.py:83 — Page source saved: reports/screenshots/test_navigate_discover_tab_20260817_154237.xml
2026-08-17 15:42:38 [ERROR   ] conftest.py:419 — Test FAILED: test_navigate_discover_tab
2026-08-17 15:42:38 [INFO    ] conftest.py:326 — Closing driver session.
2026-08-17 15:42:38 [INFO    ] conftest.py:291 — ==================================================
2026-08-17 15:42:38 [INFO    ] conftest.py:292 — DRIVER SETUP START
2026-08-17 15:42:38 [INFO    ] conftest.py:293 — ==================================================
2026-08-17 15:42:38 [INFO    ] conftest.py:158 — Driver creation attempt 1/3
2026-08-17 15:42:39 [INFO    ] driver_factory.py:53 — ========== DRIVER CREATION START ==========
2026-08-17 15:42:39 [INFO    ] driver_factory.py:70 — Device: emulator | Env: qa | Platform: Android
2026-08-17 15:42:39 [INFO    ] driver_factory.py:136 — Device Name: Android Emulator
2026-08-17 15:42:39 [INFO    ] driver_factory.py:137 — UDID: emulator-5554
2026-08-17 15:42:39 [INFO    ] driver_factory.py:151 — App Package: com.zee5.hipi (noReset=true, activity not set)
2026-08-17 15:42:43 [INFO    ] driver_factory.py:112 — App launched by driver. Waiting for stabilization...
2026-08-17 15:42:45 [INFO    ] driver_factory.py:115 — ========== DRIVER CREATED SUCCESSFULLY ==========
2026-08-17 15:42:45 [INFO    ] conftest.py:302 — Driver created successfully.
2026-08-17 15:42:48 [INFO    ] popup_handler.py:122 — Checking for 'Get Started' screen...
2026-08-17 15:42:51 [INFO    ] popup_handler.py:134 — 'Get Started' screen not present — skipping.
2026-08-17 15:42:51 [INFO    ] conftest.py:217 — App readiness probe: HiPi is in foreground (com.zee5.hipi).
2026-08-17 15:42:51 [INFO    ] conftest.py:315 — DRIVER SETUP COMPLETE
2026-08-17 15:42:51 [INFO    ] base_test.py:20 — BaseTest setup completed.
2026-08-17 15:42:51 [INFO    ] base_test.py:58 — login_and_reach_feed: START
2026-08-17 15:42:51 [INFO    ] base_test.py:30 — Logging in as default test user.
2026-08-17 15:42:51 [INFO    ] login_page.py:591 — ========== LOGIN FLOW START ==========
2026-08-17 15:42:52 [INFO    ] login_page.py:43 — Opening profile tab
2026-08-17 15:42:53 [INFO    ] login_page.py:53 — Profile tab open attempt 1/2
2026-08-17 15:43:02 [ERROR   ] base_page.py:59 — Element not clickable after 8s: ('xpath', "//android.view.View[@clickable='true'][.//android.widget.TextView[@text='Profile']]")
2026-08-17 15:43:03 [INFO    ] screenshot_utils.py:60 — Screenshot saved: reports/screenshots/element_not_clickable___android.view.View__clickable=_true___.__android.widget.TextView__text=_Profile____20260817_154302.png
2026-08-17 15:43:03 [INFO    ] screenshot_utils.py:83 — Page source saved: reports/screenshots/element_not_clickable___android.view.View__clickable=_true___.__android.widget.TextView__text=_Profile____20260817_154303.xml
2026-08-17 15:43:03 [ERROR   ] base_page.py:118 — Click failed on attempt 1 for ('xpath', "//android.view.View[@clickable='true'][.//android.widget.TextView[@text='Profile']]"): Message: 
Stacktrace:
NoSuchElementError: An element could not be located on the page using the given search parameters.
    at AndroidUiautomator2Driver.findElOrEls (/Users/vc.rajdeep.kumar/.appium/node_modules/appium-uiautomator2-driver/node_modules/appium-android-driver/build/lib/commands/find.js:62:15)
    at process.processTicksAndRejections (node:internal/process/task_queues:104:5)
    at async AndroidUiautomator2Driver.findElOrElsWithProcessing (/opt/homebrew/lib/node_modules/appium/node_modules/@appium/base-driver/build/lib/basedriver/commands/find.js:12:16)
    at async AndroidUiautomator2Driver.findElement (/opt/homebrew/lib/node_modules/appium/node_modules/@appium/base-driver/build/lib/basedriver/commands/find.js:27:16)
2026-08-17 15:43:03 [WARNING ] base_page.py:262 — Attempting to recover application state...
2026-08-17 15:43:06 [INFO    ] base_page.py:266 — App recovery attempt completed.
2026-08-17 15:43:07 [INFO    ] screenshot_utils.py:60 — Screenshot saved: reports/screenshots/click_failed_20260817_154306.png
2026-08-17 15:43:07 [INFO    ] screenshot_utils.py:83 — Page source saved: reports/screenshots/click_failed_20260817_154307.xml
2026-08-17 15:43:07 [WARNING ] login_page.py:98 — Element-based click failed: Unable to click ('xpath', "//android.view.View[@clickable='true'][.//android.widget.TextView[@text='Profile']]") after 1 retries. Last exception: Message: 
Stacktrace:
NoSuchElementError: An element could not be located on the page using the given search parameters.
    at AndroidUiautomator2Driver.findElOrEls (/Users/vc.rajdeep.kumar/.appium/node_modules/appium-uiautomator2-driver/node_modules/appium-android-driver/build/lib/commands/find.js:62:15)
    at process.processTicksAndRejections (node:internal/process/task_queues:104:5)
    at async AndroidUiautomator2Driver.findElOrElsWithProcessing (/opt/homebrew/lib/node_modules/appium/node_modules/@appium/base-driver/build/lib/basedriver/commands/find.js:12:16)
    at async AndroidUiautomator2Driver.findElement (/opt/homebrew/lib/node_modules/appium/node_modules/@appium/base-driver/build/lib/basedriver/commands/find.js:27:16)
2026-08-17 15:43:15 [ERROR   ] base_page.py:50 — Element not visible after 8s: ('-android uiautomator', 'new UiSelector().text("Edit Profile")')
2026-08-17 15:43:15 [INFO    ] screenshot_utils.py:60 — Screenshot saved: reports/screenshots/element_not_visible_new UiSelector().text(_Edit Profile_)_20260817_154315.png
2026-08-17 15:43:16 [INFO    ] screenshot_utils.py:83 — Page source saved: reports/screenshots/element_not_visible_new UiSelector().text(_Edit Profile_)_20260817_154315.xml
2026-08-17 15:43:19 [ERROR   ] base_page.py:50 — Element not visible after 3s: ('id', 'com.zee5.hipi:id/exo_content_frame')
2026-08-17 15:43:19 [INFO    ] screenshot_utils.py:60 — Screenshot saved: reports/screenshots/element_not_visible_com.zee5.hipi_id_exo_content_frame_20260817_154319.png
2026-08-17 15:43:19 [INFO    ] screenshot_utils.py:83 — Page source saved: reports/screenshots/element_not_visible_com.zee5.hipi_id_exo_content_frame_20260817_154319.xml
2026-08-17 15:43:19 [INFO    ] gestures.py:29 — Tap performed at X:760 Y:2246
2026-08-17 15:43:20 [INFO    ] base_page.py:84 — wait_for_any_visible matched: ('class name', 'android.widget.EditText')
2026-08-17 15:43:20 [INFO    ] login_page.py:147 — Profile tab opened (coordinate tap, verified)
2026-08-17 15:43:26 [ERROR   ] base_page.py:50 — Element not visible after 5s: ('-android uiautomator', 'new UiSelector().textContains("Continue")')
2026-08-17 15:43:26 [INFO    ] screenshot_utils.py:60 — Screenshot saved: reports/screenshots/element_not_visible_new UiSelector().textContains(_Continue_)_20260817_154326.png
2026-08-17 15:43:26 [INFO    ] screenshot_utils.py:83 — Page source saved: reports/screenshots/element_not_visible_new UiSelector().textContains(_Continue_)_20260817_154326.xml
2026-08-17 15:43:26 [INFO    ] login_page.py:276 — Entering mobile number: 9876543210
2026-08-17 15:43:27 [INFO    ] base_page.py:136 — Entered text '9876543210' into ('class name', 'android.widget.EditText')
2026-08-17 15:43:30 [INFO    ] login_page.py:290 — Mobile number entered
2026-08-17 15:43:30 [INFO    ] login_page.py:315 — Clicking proceed button
2026-08-17 15:43:40 [ERROR   ] base_page.py:59 — Element not clickable after 10s: ('accessibility id', 'Proceed')
2026-08-17 15:43:40 [INFO    ] screenshot_utils.py:60 — Screenshot saved: reports/screenshots/element_not_clickable_Proceed_20260817_154340.png
2026-08-17 15:43:40 [INFO    ] screenshot_utils.py:83 — Page source saved: reports/screenshots/element_not_clickable_Proceed_20260817_154340.xml
2026-08-17 15:43:40 [ERROR   ] base_page.py:118 — Click failed on attempt 1 for ('accessibility id', 'Proceed'): Message: 
Stacktrace:
NoSuchElementError: An element could not be located on the page using the given search parameters.
    at AndroidUiautomator2Driver.findElOrEls (/Users/vc.rajdeep.kumar/.appium/node_modules/appium-uiautomator2-driver/node_modules/appium-android-driver/build/lib/commands/find.js:62:15)
    at process.processTicksAndRejections (node:internal/process/task_queues:104:5)
    at async AndroidUiautomator2Driver.findElOrElsWithProcessing (/opt/homebrew/lib/node_modules/appium/node_modules/@appium/base-driver/build/lib/basedriver/commands/find.js:12:16)
    at async AndroidUiautomator2Driver.findElement (/opt/homebrew/lib/node_modules/appium/node_modules/@appium/base-driver/build/lib/basedriver/commands/find.js:27:16)
2026-08-17 15:43:40 [WARNING ] base_page.py:262 — Attempting to recover application state...
2026-08-17 15:43:44 [INFO    ] base_page.py:266 — App recovery attempt completed.
2026-08-17 15:43:54 [ERROR   ] base_page.py:59 — Element not clickable after 10s: ('accessibility id', 'Proceed')
2026-08-17 15:43:54 [INFO    ] screenshot_utils.py:60 — Screenshot saved: reports/screenshots/element_not_clickable_Proceed_20260817_154354.png
2026-08-17 15:43:54 [INFO    ] screenshot_utils.py:83 — Page source saved: reports/screenshots/element_not_clickable_Proceed_20260817_154354.xml
2026-08-17 15:43:54 [ERROR   ] base_page.py:118 — Click failed on attempt 2 for ('accessibility id', 'Proceed'): Message: 
Stacktrace:
NoSuchElementError: An element could not be located on the page using the given search parameters.
    at AndroidUiautomator2Driver.findElOrEls (/Users/vc.rajdeep.kumar/.appium/node_modules/appium-uiautomator2-driver/node_modules/appium-android-driver/build/lib/commands/find.js:62:15)
    at process.processTicksAndRejections (node:internal/process/task_queues:104:5)
    at async AndroidUiautomator2Driver.findElOrElsWithProcessing (/opt/homebrew/lib/node_modules/appium/node_modules/@appium/base-driver/build/lib/basedriver/commands/find.js:12:16)
    at async AndroidUiautomator2Driver.findElement (/opt/homebrew/lib/node_modules/appium/node_modules/@appium/base-driver/build/lib/basedriver/commands/find.js:27:16)
2026-08-17 15:43:54 [WARNING ] base_page.py:262 — Attempting to recover application state...
2026-08-17 15:43:57 [INFO    ] base_page.py:266 — App recovery attempt completed.
2026-08-17 15:44:07 [ERROR   ] base_page.py:59 — Element not clickable after 10s: ('accessibility id', 'Proceed')
2026-08-17 15:44:08 [INFO    ] screenshot_utils.py:60 — Screenshot saved: reports/screenshots/element_not_clickable_Proceed_20260817_154407.png
2026-08-17 15:44:08 [INFO    ] screenshot_utils.py:83 — Page source saved: reports/screenshots/element_not_clickable_Proceed_20260817_154408.xml
2026-08-17 15:44:08 [ERROR   ] base_page.py:118 — Click failed on attempt 3 for ('accessibility id', 'Proceed'): Message: 
Stacktrace:
NoSuchElementError: An element could not be located on the page using the given search parameters.
    at AndroidUiautomator2Driver.findElOrEls (/Users/vc.rajdeep.kumar/.appium/node_modules/appium-uiautomator2-driver/node_modules/appium-android-driver/build/lib/commands/find.js:62:15)
    at process.processTicksAndRejections (node:internal/process/task_queues:104:5)
    at async AndroidUiautomator2Driver.findElOrElsWithProcessing (/opt/homebrew/lib/node_modules/appium/node_modules/@appium/base-driver/build/lib/basedriver/commands/find.js:12:16)
    at async AndroidUiautomator2Driver.findElement (/opt/homebrew/lib/node_modules/appium/node_modules/@appium/base-driver/build/lib/basedriver/commands/find.js:27:16)
2026-08-17 15:44:08 [WARNING ] base_page.py:262 — Attempting to recover application state...
2026-08-17 15:44:11 [INFO    ] base_page.py:266 — App recovery attempt completed.
2026-08-17 15:44:11 [INFO    ] screenshot_utils.py:60 — Screenshot saved: reports/screenshots/click_failed_20260817_154411.png
2026-08-17 15:44:12 [INFO    ] screenshot_utils.py:83 — Page source saved: reports/screenshots/click_failed_20260817_154411.xml
2026-08-17 15:44:12 [ERROR   ] login_page.py:333 — Proceed button failed: Unable to click ('accessibility id', 'Proceed') after 3 retries. Last exception: Message: 
Stacktrace:
NoSuchElementError: An element could not be located on the page using the given search parameters.
    at AndroidUiautomator2Driver.findElOrEls (/Users/vc.rajdeep.kumar/.appium/node_modules/appium-uiautomator2-driver/node_modules/appium-android-driver/build/lib/commands/find.js:62:15)
    at process.processTicksAndRejections (node:internal/process/task_queues:104:5)
    at async AndroidUiautomator2Driver.findElOrElsWithProcessing (/opt/homebrew/lib/node_modules/appium/node_modules/@appium/base-driver/build/lib/basedriver/commands/find.js:12:16)
    at async AndroidUiautomator2Driver.findElement (/opt/homebrew/lib/node_modules/appium/node_modules/@appium/base-driver/build/lib/basedriver/commands/find.js:27:16)
2026-08-17 15:44:12 [INFO    ] screenshot_utils.py:60 — Screenshot saved: reports/screenshots/proceed_button_failed_20260817_154412.png
2026-08-17 15:44:12 [INFO    ] screenshot_utils.py:83 — Page source saved: reports/screenshots/proceed_button_failed_20260817_154412.xml
2026-08-17 15:44:12 [ERROR   ] login_page.py:725 — Login flow failed: Unable to click ('accessibility id', 'Proceed') after 3 retries. Last exception: Message: 
Stacktrace:
NoSuchElementError: An element could not be located on the page using the given search parameters.
    at AndroidUiautomator2Driver.findElOrEls (/Users/vc.rajdeep.kumar/.appium/node_modules/appium-uiautomator2-driver/node_modules/appium-android-driver/build/lib/commands/find.js:62:15)
    at process.processTicksAndRejections (node:internal/process/task_queues:104:5)
    at async AndroidUiautomator2Driver.findElOrElsWithProcessing (/opt/homebrew/lib/node_modules/appium/node_modules/@appium/base-driver/build/lib/basedriver/commands/find.js:12:16)
    at async AndroidUiautomator2Driver.findElement (/opt/homebrew/lib/node_modules/appium/node_modules/@appium/base-driver/build/lib/basedriver/commands/find.js:27:16)
2026-08-17 15:44:12 [INFO    ] screenshot_utils.py:60 — Screenshot saved: reports/screenshots/login_failed_20260817_154412.png
2026-08-17 15:44:12 [INFO    ] screenshot_utils.py:83 — Page source saved: reports/screenshots/login_failed_20260817_154412.xml
2026-08-17 15:44:13 [INFO    ] screenshot_utils.py:60 — Screenshot saved: reports/screenshots/test_continuous_feed_flow_20260817_154412.png
2026-08-17 15:44:13 [INFO    ] screenshot_utils.py:83 — Page source saved: reports/screenshots/test_continuous_feed_flow_20260817_154413.xml
2026-08-17 15:44:13 [ERROR   ] conftest.py:419 — Test FAILED: test_continuous_feed_flow
2026-08-17 15:44:13 [INFO    ] conftest.py:326 — Closing driver session.
2026-08-17 15:44:14 [INFO    ] conftest.py:433 — ==================================================
2026-08-17 15:44:14 [INFO    ] conftest.py:434 — PYTEST SESSION END | Exit status: 1
2026-08-17 15:44:14 [INFO    ] conftest.py:435 — ==================================================
